feature,lead_hour,distance_bin,bearing_source_to_target,edges,median_cross_r,median_partial_r,q25_partial_r,q75_partial_r
temperature,3,<50,N,16,0.9229566211855891,0.002102607968576877,-0.014687727578870187,0.04541376918426229
temperature,3,<50,NE,11,0.9230961043227875,0.059131004537137294,0.027181108164680237,0.08649148662225864
temperature,3,<50,E,12,0.9233260762446592,0.06885024038615557,0.02738183074570285,0.08759522814851836
temperature,3,<50,SE,11,0.9304782510662125,0.12922845238171643,0.0893300656606013,0.145057687615668
temperature,3,<50,S,16,0.9278284582334151,0.1149487238604602,0.08805518905011026,0.1429889033487282
temperature,3,<50,SW,11,0.9272678504215438,0.09094521491812842,0.06862151295382811,0.1237940209973545
temperature,3,<50,W,12,0.923847833615096,0.09110509090680313,0.05053094755349897,0.13899311403781023
temperature,3,<50,NW,11,0.9202031477880933,0.025797602327279318,-0.021951626304016824,0.09432653110726988
temperature,3,50-100,N,51,0.8988249520051007,0.024945368748801,-0.011223356667199116,0.05447130306796499
temperature,3,50-100,NE,53,0.9083276665010649,0.047148603341909574,0.01308867489899927,0.10682799047810686
temperature,3,50-100,E,49,0.9149744552653362,0.11383095470176648,0.08087122507584128,0.14596553818026525
temperature,3,50-100,SE,58,0.9136762109851131,0.15901404823216758,0.13368315025025343,0.18292355457939258
temperature,3,50-100,S,51,0.9126550872486233,0.18052172520855464,0.1352129731798849,0.20605656456370497
temperature,3,50-100,SW,53,0.9153176977496936,0.13496433614701536,0.10582032010614051,0.17935209132873195
temperature,3,50-100,W,49,0.9085864980390946,0.08453296843792998,0.04290599769627853,0.14551724895974819
temperature,3,50-100,NW,58,0.8980270513877446,0.03421992684309505,0.01240113156310824,0.06543742861359247
temperature,3,100-200,N,189,0.8486352504211543,0.026552310956859088,-0.019190487730695822,0.06278452154558857
temperature,3,100-200,NE,176,0.8733600833303553,0.06423105081194663,0.01808391403709025,0.10977812581274485
temperature,3,100-200,E,178,0.8824768962217063,0.14084422858810713,0.09006044660938325,0.17132327136904874
temperature,3,100-200,SE,167,0.8741333355197538,0.17270029068581866,0.14027656310072284,0.19930104930319337
temperature,3,100-200,S,189,0.8704974358071855,0.18698894806120644,0.15451017143244997,0.23116980707654694
temperature,3,100-200,SW,176,0.8843448107244939,0.15543304076298692,0.11526485260309295,0.19728627857459075
temperature,3,100-200,W,178,0.8713836269915016,0.07154088035716487,0.04043756119790229,0.1179569641234821
temperature,3,100-200,NW,167,0.8520790066007479,0.03292890115724325,0.003726132838737193,0.07034429051911498
temperature,3,200-400,N,528,0.7427534596428473,0.007809701155342092,-0.029506300787245383,0.038930402182457635
temperature,3,200-400,NE,525,0.7904080806595477,0.028511648717612366,-0.006345627556685479,0.07107630510642704
temperature,3,200-400,E,536,0.8149482375030311,0.1242258604955161,0.08555263183727184,0.15598315627273446
temperature,3,200-400,SE,526,0.7787206656275785,0.15289127833131236,0.12792302688336635,0.17580551546144424
temperature,3,200-400,S,528,0.7747631952442768,0.16889271068701878,0.1422164170936403,0.19757282203385396
temperature,3,200-400,SW,525,0.8132820752354398,0.16360619714848293,0.12856811603615353,0.18915092452812712
temperature,3,200-400,W,536,0.8054211846071397,0.06973098743160638,0.030807921029985013,0.112982164044496
temperature,3,200-400,NW,526,0.7512159714281592,0.022401545535935406,-0.005726931843241521,0.05351077570957905
temperature,3,400-800,N,1616,0.5733489147762781,-0.0018528295827467758,-0.0196807103180688,0.01752360952900895
temperature,3,400-800,NE,1311,0.6481143194266334,0.019932643373746606,-0.0010942057657177355,0.03989701971615295
temperature,3,400-800,E,1564,0.6758743701688392,0.08242213588149416,0.05481650246248619,0.11062530391922085
temperature,3,400-800,SE,1493,0.6177832593154147,0.11550077894680971,0.09465865179612239,0.13936059152984787
temperature,3,400-800,S,1616,0.6149452820598161,0.1471243437024745,0.1217675455748079,0.16362057112382852
temperature,3,400-800,SW,1311,0.6738731381760212,0.1385458571943994,0.11379976882611292,0.15820762022925283
temperature,3,400-800,W,1564,0.6719895216796488,0.07814353813827044,0.04386055839955856,0.11186328553998136
temperature,3,400-800,NW,1493,0.5880688300018337,0.01800425199003062,0.0008216877743839762,0.046800512465447947
temperature,3,800-1600,N,1293,0.41909984557723295,-0.0004095610593108205,-0.01443448706698749,0.014977176616591679
temperature,3,800-1600,NE,1807,0.41152297574863084,0.01534207017632083,0.004134794524277894,0.02539611206509192
temperature,3,800-1600,E,2485,0.5005230548719387,0.06582823644500428,0.04764652106994693,0.0820399702111509
temperature,3,800-1600,SE,1777,0.4814569833477369,0.10233808404016054,0.08690824000234776,0.11527176212347935
temperature,3,800-1600,S,1293,0.4559749078432898,0.11302831794166451,0.10045856628232842,0.12579555425235234
temperature,3,800-1600,SW,1807,0.43648755797025096,0.10116839464156745,0.07907634331351876,0.13262906123712348
temperature,3,800-1600,W,2485,0.4997742708215381,0.08586120614786515,0.06638740940117208,0.10337618527474637
temperature,3,800-1600,NW,1777,0.4531564973616268,0.016819121530885797,-0.001140932603295296,0.035992165120508436
temperature,3,>=1600,NE,227,0.3201858768245797,0.013975188383886845,0.0027883574343646506,0.02612327234390053
temperature,3,>=1600,E,91,0.4591142796257622,0.056332893123778864,0.04890912427031824,0.06245887633584034
temperature,3,>=1600,SE,86,0.37069485366989896,0.09096966338308458,0.06947532971010685,0.10118327283729782
temperature,3,>=1600,SW,227,0.34474065138850607,0.08277512527652882,0.07433824821470648,0.0946032448454141
temperature,3,>=1600,W,91,0.4678279815658185,0.09891573467462184,0.06012469614534323,0.11006375467496618
temperature,3,>=1600,NW,86,0.34230880675175,-0.001873069988879707,-0.017284489818792943,0.021639410430155468
temperature,6,<50,N,16,0.813055091222207,0.00291974675124012,-0.045206090432210605,0.12424024534695106
temperature,6,<50,NE,11,0.8103884580029265,0.0446212957147061,0.018862233667382308,0.0900282750283577
temperature,6,<50,E,12,0.823718155413582,0.04237825116766772,-0.033445081245277834,0.08268566991390866
temperature,6,<50,SE,11,0.8210336835253159,0.07581550150701005,0.02171379285970221,0.10833944706119954
temperature,6,<50,S,16,0.8235510974480577,0.09415625572838258,-0.005505713427544957,0.14188886424743502
temperature,6,<50,SW,11,0.8167337926952221,0.06364450357298508,0.053178092433089734,0.11183616882247881
temperature,6,<50,W,12,0.8217350729968826,0.09171563661555013,0.0304185496700764,0.16595668906819888
temperature,6,<50,NW,11,0.8124258161612822,0.05451803391004754,-0.018361139690246404,0.13235516266437639
temperature,6,50-100,N,51,0.7955661097282011,0.01804518679283809,-0.020912940127037316,0.08344770455062846
temperature,6,50-100,NE,53,0.8035154414455569,0.04045683919306394,-0.013280840829128409,0.09652682919194443
temperature,6,50-100,E,49,0.8128692258040975,0.08942892479914931,0.042951521112994405,0.12709775982254184
temperature,6,50-100,SE,58,0.814446167907191,0.13609211612046543,0.09772141281258967,0.19575288905314736
temperature,6,50-100,S,51,0.8163489345456929,0.17156889727859992,0.11171794359462267,0.23215878755073083
temperature,6,50-100,SW,53,0.8147377491039227,0.14907411937242834,0.09451077497879762,0.184361926731464
temperature,6,50-100,W,49,0.8051389676431548,0.09210806006670982,0.03956144911391889,0.1602253596147951
temperature,6,50-100,NW,58,0.7950257279679269,0.0452487737254475,0.006188749198256203,0.11906599136827706
temperature,6,100-200,N,189,0.7552790055816442,0.02200918894492271,-0.01858278842080796,0.08475943879829942
temperature,6,100-200,NE,176,0.7758191070950076,0.05409862736694425,0.006241631055621384,0.10352112019797058
temperature,6,100-200,E,178,0.7915256946918483,0.12044959259046392,0.08242942212401308,0.16975535511716947
temperature,6,100-200,SE,167,0.790506052541299,0.17324735501385705,0.13651960503349425,0.21255743752280223
temperature,6,100-200,S,189,0.7924101479617134,0.2014304594420259,0.16265391410441882,0.25477381789047693
temperature,6,100-200,SW,176,0.7951437235728576,0.17036486739740742,0.11569780049717622,0.22473822700349147
temperature,6,100-200,W,178,0.7793957568696506,0.08721317653560498,0.04323309056147688,0.1407602214400069
temperature,6,100-200,NW,167,0.7548988030770845,0.044315749808387594,0.0022007066856288794,0.10248347458264576
temperature,6,200-400,N,528,0.663503608229264,0.013251019908383739,-0.014410093052512816,0.05142065543070951
temperature,6,200-400,NE,525,0.7086644970235139,0.03730539053149463,0.0010325079860955154,0.07723546917820892
temperature,6,200-400,E,536,0.7420242258608777,0.14272350646372925,0.08386335395864906,0.17738599777060673
temperature,6,200-400,SE,526,0.7178327339900981,0.18860645583453078,0.15472686544556022,0.2088105095826664
temperature,6,200-400,S,528,0.7215742887731705,0.20722872003302373,0.1691586094850655,0.24081537018781093
temperature,6,200-400,SW,525,0.746127603210875,0.19200005552087998,0.14784959689388863,0.2240090075346216
temperature,6,200-400,W,536,0.7216812494945748,0.09121516773731358,0.04015243337444602,0.14601671292468368
temperature,6,200-400,NW,526,0.6686449199761961,0.0341826307862175,0.0019970031842282314,0.07658823457288819
temperature,6,400-800,N,1616,0.5170222643314265,0.010884542831449146,-0.010493157207263322,0.03668067156560806
temperature,6,400-800,NE,1311,0.5861859549536159,0.03314847119709533,0.009426416289409946,0.05922033674528866
temperature,6,400-800,E,1564,0.6273321288495792,0.11065059076484278,0.07241643765103167,0.14642291261643436
temperature,6,400-800,SE,1493,0.5852995069402019,0.15749816910437262,0.1293817087545145,0.18731005488874997
temperature,6,400-800,S,1616,0.5916798705976312,0.20051173997890104,0.16122241515641103,0.2246515854369997
temperature,6,400-800,SW,1311,0.6372352095636211,0.1839205849651065,0.144933911229062,0.21177436665860927
temperature,6,400-800,W,1564,0.6139254364292637,0.10536322949596688,0.06292182342109498,0.15305107905480758
temperature,6,400-800,NW,1493,0.5287802784024904,0.03215121774296471,0.009313309599432018,0.07317803796012029
temperature,6,800-1600,N,1293,0.3826532615260747,0.01357315451841112,-0.0025412971505736656,0.032764234099792
temperature,6,800-1600,NE,1807,0.37973262534630325,0.03287821057178998,0.019290067961794517,0.047538543463184944
temperature,6,800-1600,E,2485,0.4763369011423693,0.10546505999293306,0.07976113845475644,0.1263479800655461
temperature,6,800-1600,SE,1777,0.4706099558289172,0.1507260767445672,0.1281815870007311,0.17141069302510525
temperature,6,800-1600,S,1293,0.4525052186686256,0.16592160877001483,0.14706237466838423,0.18373863662667422
temperature,6,800-1600,SW,1807,0.4252751154785338,0.15042701632764666,0.11887709997414093,0.191420173914644
temperature,6,800-1600,W,2485,0.4740534133912169,0.12723031240325952,0.10061335942236155,0.15541349474226254
temperature,6,800-1600,NW,1777,0.4119434585682653,0.03330073879993835,0.008180764716558857,0.06032591236539683
temperature,6,>=1600,NE,227,0.3015395916703743,0.03532085882344791,0.017919437336142437,0.0522655920106017
temperature,6,>=1600,E,91,0.43775966534124716,0.09630198633633179,0.08699358768018711,0.1071592739127374
temperature,6,>=1600,SE,86,0.36982781444104296,0.14183911620282919,0.10927028406407441,0.15397057649510404
temperature,6,>=1600,SW,227,0.3459698900025679,0.12823215452372203,0.11650825650761967,0.14695333899495547
temperature,6,>=1600,W,91,0.453999857230544,0.14953131255245758,0.09475051224283201,0.1634903605630379
temperature,6,>=1600,NW,86,0.31388555837189525,0.0024472733794295353,-0.01621722552460075,0.035532448610246264
temperature,12,<50,N,16,0.6588951078496081,0.004666962233309909,-0.0768737354222529,0.19728620999750818
temperature,12,<50,NE,11,0.660122534785431,0.04067718175989954,0.006482440398586764,0.11022788988624946
temperature,12,<50,E,12,0.6756908898841383,0.04528876136455576,-0.0314196753875405,0.06909729889542149
temperature,12,<50,SE,11,0.6760414413975427,0.0793404093202189,0.0070167567795995645,0.1303734798416516
temperature,12,<50,S,16,0.6723833393420757,0.05914615658874975,-0.10138092583967524,0.15233103811306775
temperature,12,<50,SW,11,0.6656519883277866,0.05812734455107842,-0.004345895511090799,0.08362997662294175
temperature,12,<50,W,12,0.6748104162165994,0.0630540296015972,0.01900228981903989,0.14218281899694257
temperature,12,<50,NW,11,0.6613948895545237,0.04301941181971986,-0.03272676057732751,0.09718548280799139
temperature,12,50-100,N,51,0.6485712516618903,0.012351851116684498,-0.0400894037947393,0.09705980053309382
temperature,12,50-100,NE,53,0.659438636244849,0.019425055174115555,-0.023568323244555954,0.08813967378885124
temperature,12,50-100,E,49,0.6671695357012767,0.07690145412836095,0.005383502152311596,0.11183129081305933
temperature,12,50-100,SE,58,0.6732602622462808,0.12025183342992132,0.03655209857353173,0.18732423829297157
temperature,12,50-100,S,51,0.6746092236413602,0.14818401508141807,0.07069399914169758,0.220948103043057
temperature,12,50-100,SW,53,0.669692150799506,0.13193934875687446,0.07912825061898933,0.18335677232228964
temperature,12,50-100,W,49,0.6545861896355657,0.07938899682349049,0.021873079731214974,0.16971525645936303
temperature,12,50-100,NW,58,0.6471027213699652,0.036638042264338824,-0.019854518872103988,0.13417731459261487
temperature,12,100-200,N,189,0.6152245957830997,0.025582953934437064,-0.02961919162587754,0.08105191288723013
temperature,12,100-200,NE,176,0.6379542997503469,0.045872654808206556,-0.006183404385899412,0.09833399579703148
temperature,12,100-200,E,178,0.6597475873414782,0.1148623571322614,0.06210895150901165,0.17082097610764194
temperature,12,100-200,SE,167,0.6633438487739272,0.16604608445976057,0.1101671669971796,0.21099381222218053
temperature,12,100-200,S,189,0.663198023656998,0.19469297767517715,0.13839215717341474,0.24529737242789715
temperature,12,100-200,SW,176,0.6580317477639104,0.15495029061474935,0.10201436196208093,0.2233964896450099
temperature,12,100-200,W,178,0.6362576749810509,0.07888830650326686,0.023074537200567975,0.147538406246065
temperature,12,100-200,NW,167,0.615676288585322,0.04174366290779145,-0.010425146710238385,0.10217886792541989
temperature,12,200-400,N,528,0.5466380926499004,0.018837692285673384,-0.014254524736769853,0.05355382548221698
temperature,12,200-400,NE,525,0.5922744794878833,0.04071437036121176,0.0036050879785354934,0.08763969168962114
temperature,12,200-400,E,536,0.6321266513557311,0.1475338923052989,0.0785609028966815,0.19368558941632769
temperature,12,200-400,SE,526,0.6271101132529224,0.21255431882473697,0.16664025033203647,0.24229306740150464
temperature,12,200-400,S,528,0.6308514421811102,0.234352357659731,0.18850333133122682,0.2642295721069558
temperature,12,200-400,SW,525,0.6357733059836869,0.19574476151633521,0.14509437529731375,0.2468981410067761
temperature,12,200-400,W,536,0.5943689105083696,0.09271792969116457,0.03509894434317161,0.16563145493327414
temperature,12,200-400,NW,526,0.5482857533163024,0.03268901738833458,-0.0002928560815117795,0.09230929704635467
temperature,12,400-800,N,1616,0.4326273033444361,0.014861073144241576,-0.009450382198228146,0.04508481952591491
temperature,12,400-800,NE,1311,0.5011900760576723,0.042373082509487334,0.015186388836426035,0.07474638854965658
temperature,12,400-800,E,1564,0.5597732294678821,0.14623741456824063,0.08813439245543193,0.19581028787833904
temperature,12,400-800,SE,1493,0.5459915584968887,0.21924439765538162,0.1833448694132554,0.2536319618523323
temperature,12,400-800,S,1616,0.5621008558466732,0.2588893437336526,0.2156945023469242,0.29809844402210556
temperature,12,400-800,SW,1311,0.5779479411465601,0.2193822282387475,0.16772140014958406,0.26266806407252474
temperature,12,400-800,W,1564,0.5231160771574244,0.12184433394536753,0.06825316492000347,0.18208158420673184
temperature,12,400-800,NW,1493,0.4394475164288796,0.03450156927576405,0.005602193505164703,0.08129107035859472
temperature,12,800-1600,N,1293,0.32519160988094453,0.01805242410413309,-0.0014653237384077329,0.037661048120740434
temperature,12,800-1600,NE,1807,0.3303855231779798,0.04378890416957245,0.026407131748380976,0.06490660428360454
temperature,12,800-1600,E,2485,0.44569747031902435,0.14963018827793784,0.11712900377715738,0.1851886983203529
temperature,12,800-1600,SE,1777,0.4681502874133297,0.2222303591874632,0.19152456411292934,0.2519672530420975
temperature,12,800-1600,S,1293,0.4569925362219903,0.23975579689107648,0.2116318998710037,0.26021892993812556
temperature,12,800-1600,SW,1807,0.41518003041269036,0.20619213281121704,0.1671906841049582,0.25523644402876244
temperature,12,800-1600,W,2485,0.4378886096737802,0.16165536153383994,0.12624761671538431,0.1991721276136042
temperature,12,800-1600,NW,1777,0.3472211997539934,0.035661290352377355,0.006943364295958387,0.06884929027783653
temperature,12,>=1600,NE,227,0.2680677300146817,0.04453895291083652,0.022325215375659686,0.06678044382113207
temperature,12,>=1600,E,91,0.4114364207632075,0.1481944185996033,0.13090068994010456,0.16239562482481268
temperature,12,>=1600,SE,86,0.3808532022055157,0.2135585966055442,0.17579967629969717,0.22880424686467324
temperature,12,>=1600,SW,227,0.34860810029308226,0.18152579790693996,0.16390461644533863,0.20752860793660716
temperature,12,>=1600,W,91,0.43090404027801466,0.19013909981859345,0.12256191752668541,0.2090166069663365
temperature,12,>=1600,NW,86,0.2640945473892363,-0.0008008138254012864,-0.019343935902107954,0.03530759832145576
temperature,24,<50,N,16,0.6473813706475734,-0.02110432968402237,-0.04733086745211024,0.06964724742290487
temperature,24,<50,NE,11,0.6573461035975974,0.08693164606225443,0.06085839426366261,0.09198951420827399
temperature,24,<50,E,12,0.6530387353171114,0.12065981750998063,0.04674156158499699,0.14987364726610106
temperature,24,<50,SE,11,0.667793218086581,0.10218424303825603,0.06524068379550996,0.174465378170999
temperature,24,<50,S,16,0.6659377249632167,0.10240210833291155,-0.00438079932285673,0.13353464121109304
temperature,24,<50,SW,11,0.65704887296083,0.0244572810290879,-0.009906761296411085,0.045523808544163935
temperature,24,<50,W,12,0.630543313093659,-0.028526504262723316,-0.05391311729232319,0.034215052659989365
temperature,24,<50,NW,11,0.6411619601178437,-0.028280151247969978,-0.0867886233802448,0.020958436002382095
temperature,24,50-100,N,51,0.6218668404911603,-0.0061432900428997845,-0.05600283110056208,0.03985540033635086
temperature,24,50-100,NE,53,0.6399312549378018,0.06007141243394219,-0.0006216346181073314,0.10688936258190951
temperature,24,50-100,E,49,0.656291140469409,0.13846847588112232,0.0714558263785701,0.19363358694836783
temperature,24,50-100,SE,58,0.6697033598219195,0.19202671242820835,0.11901899652956209,0.2370588363386903
temperature,24,50-100,S,51,0.6614409414088921,0.16908081039525621,0.10327503509599978,0.20981016817044024
temperature,24,50-100,SW,53,0.6497790328000863,0.08502514726143352,0.04241015437369221,0.13912033006595942
temperature,24,50-100,W,49,0.6321359752629051,0.006372830606954088,-0.05736792096538211,0.06745198015575886
temperature,24,50-100,NW,58,0.6259682264345514,-0.03899464991705766,-0.07754369478677478,0.05532696579676313
temperature,24,100-200,N,189,0.5874182654665775,0.006366036186803772,-0.03203028951913775,0.04556228149156812
temperature,24,100-200,NE,176,0.6175963332293155,0.07807065805677424,0.03438643854759907,0.13469032603878897
temperature,24,100-200,E,178,0.6621862891465367,0.21123793647881903,0.156137741599267,0.2476612490913747
temperature,24,100-200,SE,167,0.6754081986551986,0.25163720511748666,0.18982286622825872,0.30462210640892673
temperature,24,100-200,S,189,0.662820027467696,0.21930934342280714,0.16834498430944092,0.25951637999661364
temperature,24,100-200,SW,176,0.6378406102897757,0.13496108465099643,0.07585695806191883,0.16868642560184818
temperature,24,100-200,W,178,0.6085944646124524,-0.007472993962269183,-0.051685191021459055,0.07188947402394306
temperature,24,100-200,NW,167,0.5884231355539875,-0.02964621498040559,-0.07183214949106928,0.03559120904719559
temperature,24,200-400,N,528,0.5065006468555406,0.002266836368617236,-0.03791161793000955,0.03577655454378142
temperature,24,200-400,NE,525,0.5689210608647094,0.08125982687568842,0.04018578552118202,0.13797442186107
temperature,24,200-400,E,536,0.6489573964485271,0.2542419671130466,0.17473099948675933,0.3166472617798773
temperature,24,200-400,SE,526,0.6710220667547535,0.32587688479046223,0.2518629346564111,0.36651858027998335
temperature,24,200-400,S,528,0.6563164393253831,0.2895814501633067,0.23755733693301237,0.33038875763255354
temperature,24,200-400,SW,525,0.6215425302233802,0.18122844781596642,0.12750981407786394,0.22657077515226035
temperature,24,200-400,W,536,0.5603221510663569,0.02663952220542242,-0.03752664219512113,0.09040389217290273
temperature,24,200-400,NW,526,0.5120832262839848,-0.02835615676419593,-0.06416941785452003,0.04146043436824941
temperature,24,400-800,N,1616,0.38556212379305543,-0.004881101291462062,-0.03180130907447983,0.02719895899808705
temperature,24,400-800,NE,1311,0.4754319661013266,0.0763561075922037,0.03573075115609216,0.13401914680422072
temperature,24,400-800,E,1564,0.5952938953365657,0.27329820019222795,0.18400082726631967,0.35071664522703583
temperature,24,400-800,SE,1493,0.6226166778652303,0.37086830749736016,0.3327419910117045,0.39597308030779665
temperature,24,400-800,S,1616,0.604618955045274,0.337148412614932,0.2998769128373062,0.37024107127640965
temperature,24,400-800,SW,1311,0.5654258423411594,0.21729187119044827,0.1694346797578763,0.25591796911093645
temperature,24,400-800,W,1564,0.48824189446061683,0.07330924641023899,0.01011122989269048,0.12728396986237894
temperature,24,400-800,NW,1493,0.40003412760717855,-0.019502924126368146,-0.039058919525154584,0.021137699902825186
temperature,24,800-1600,N,1293,0.2703700582463041,-0.016646213371906717,-0.03822466061402924,0.005660857063048118
temperature,24,800-1600,NE,1807,0.30838810475586487,0.045042572609236484,0.020345672723288168,0.07579436709715176
temperature,24,800-1600,E,2485,0.49081552207279794,0.2333043398877236,0.17106793968813092,0.3182370772755927
temperature,24,800-1600,SE,1777,0.5598752595970736,0.36804016946315177,0.3415671936599229,0.3884482907053467
temperature,24,800-1600,S,1293,0.5123300065133678,0.3144427650366471,0.2902601924180074,0.34473389529173953
temperature,24,800-1600,SW,1807,0.43799634014062666,0.2181406059882484,0.18688469320837808,0.2598906803206088
temperature,24,800-1600,W,2485,0.42505923043526583,0.1315296928627484,0.07468073293673395,0.17470335802115025
temperature,24,800-1600,NW,1777,0.30440959453619487,-0.007922071243245852,-0.02661294199322841,0.015125713695017761
temperature,24,>=1600,NE,227,0.2239565833617739,0.016715732017402406,-0.0007044726236492087,0.05134649443992727
temperature,24,>=1600,E,91,0.45712185427792956,0.20368665189956386,0.1750638239724746,0.2872212808761379
temperature,24,>=1600,SE,86,0.4799341289717224,0.3483614652949827,0.32122700555645345,0.37050492491034426
temperature,24,>=1600,SW,227,0.3582361413983861,0.18928779180072022,0.1704278659942433,0.2105734856426152
temperature,24,>=1600,W,91,0.4411885291393056,0.19808092833040428,0.09388124041187879,0.20896596773478213
temperature,24,>=1600,NW,86,0.22965972065092077,-0.02327969613070877,-0.03148700074977224,0.012589038650592323
temperature,0,<50,all,50,0.9880543840169345,,,
temperature,0,50-100,all,211,0.9638731578923974,,,
temperature,0,100-200,all,710,0.918787565990586,,,
temperature,0,200-400,all,2115,0.8236513809720957,,,
temperature,0,400-800,all,5984,0.6565255622657697,,,
temperature,0,800-1600,all,7362,0.48435996423201155,,,
temperature,0,>=1600,all,404,0.3612095326547028,,,
pressure,3,<50,N,16,0.9841067922923474,-0.1335348122306637,-0.27647132284815834,-0.04346101481353512
pressure,3,<50,NE,11,0.985251376255341,0.20245817861560592,0.06973763837773214,0.2360098814887791
pressure,3,<50,E,12,0.9863239552487623,0.32444731696339524,0.15918698521955923,0.38400762951043216
pressure,3,<50,SE,11,0.9870277285473174,0.38354782625194833,0.31737771617453614,0.390216109436369
pressure,3,<50,S,16,0.9861422713270023,0.17287538732367108,0.06724049800004096,0.31870062964463974
pressure,3,<50,SW,11,0.9837873930947315,-0.13465146858673943,-0.19177994479675953,-0.031086247100984517
pressure,3,<50,W,12,0.9820454566260696,-0.28766253451700224,-0.35339476646671525,-0.10725883900197386
pressure,3,<50,NW,11,0.98077529273132,-0.31670261518621745,-0.354848924824375,-0.27727937659861546
pressure,3,50-100,N,51,0.97870294611514,-0.20953429538228918,-0.3166372183152101,-0.03670533907839639
pressure,3,50-100,NE,53,0.9836388008272625,0.05990789692019544,-0.11267587346463195,0.2357425467348775
pressure,3,50-100,E,49,0.9864759559812235,0.36217386602279705,0.2296300425342469,0.40440214880573067
pressure,3,50-100,SE,58,0.9871530191954185,0.4096949410485883,0.3399859460048292,0.43529028491797206
pressure,3,50-100,S,51,0.9854284928664142,0.28950000461221986,0.12163992469534195,0.39219157287825623
pressure,3,50-100,SW,53,0.9819086422252582,-0.001999232180689172,-0.1596590544235629,0.18677157301908542
pressure,3,50-100,W,49,0.9772510947398126,-0.31060127204240584,-0.3425883972691077,-0.15043297335010694
pressure,3,50-100,NW,58,0.9752871815554021,-0.3359440169791222,-0.3649739502284665,-0.26391954287715236
pressure,3,100-200,N,189,0.9610121091774735,-0.22289021476880763,-0.32504881161743016,-0.13367929074225407
pressure,3,100-200,NE,176,0.9741456756538016,0.0637508786186472,-0.12028312139253551,0.18549271536344783
pressure,3,100-200,E,178,0.9801159170037452,0.3867930085757257,0.2530721133576223,0.4302911427133682
pressure,3,100-200,SE,167,0.9810385323295251,0.42189259230151877,0.37470732282824815,0.45452125452709147
pressure,3,100-200,S,189,0.9781498526544038,0.3297418155760431,0.24027278135511265,0.43504518565591044
pressure,3,100-200,SW,176,0.9735679923954723,0.03351030405588864,-0.10319045387430306,0.1950206740748509
pressure,3,100-200,W,178,0.9606844167563382,-0.29342051187174567,-0.34575087506020163,-0.15513127923027883
pressure,3,100-200,NW,167,0.9563949620961452,-0.32459035058424274,-0.3565642077022363,-0.2717490078345839
pressure,3,200-400,N,528,0.9053861706307411,-0.2597930155878089,-0.32659258811100605,-0.16712755327749637
pressure,3,200-400,NE,525,0.938869579565469,-0.007985982973388487,-0.1460115736938977,0.11590767701299372
pressure,3,200-400,E,536,0.9556082807180457,0.35404217729563436,0.24392324220980033,0.4196589718014623
pressure,3,200-400,SE,526,0.9453177550478681,0.4247283778667511,0.3832467633538462,0.45708500006441244
pressure,3,200-400,S,528,0.9436638612371478,0.3613364953651488,0.26540112822522344,0.45104701077997955
pressure,3,200-400,SW,525,0.9459807036180534,0.09863717925189498,-0.01705730555059463,0.24761537589086882
pressure,3,200-400,W,536,0.9248635838393376,-0.24412511589825,-0.3138537878658013,-0.13410871911351185
pressure,3,200-400,NW,526,0.9010067434042142,-0.31816480083242626,-0.34589857509080735,-0.27561982447497585
pressure,3,400-800,N,1616,0.7693227388361945,-0.2501990602429417,-0.3052754623446578,-0.16156034400361924
pressure,3,400-800,NE,1311,0.8359377969710017,-0.07008170590837116,-0.18699827397607494,0.03719226966392197
pressure,3,400-800,E,1564,0.8653681158374873,0.2769025883866355,0.1920377049453283,0.3491971159051157
pressure,3,400-800,SE,1493,0.8298136692421872,0.39142263710529135,0.36510662603169713,0.4326273972095178
pressure,3,400-800,S,1616,0.8272242504392768,0.3443369909465787,0.2391946041024808,0.4410654472763635
pressure,3,400-800,SW,1311,0.8576131499987617,0.1531600702596787,0.042756042595827784,0.28318589905355274
pressure,3,400-800,W,1564,0.8286553490742503,-0.17077683400567603,-0.2454889486609602,-0.09110468322259385
pressure,3,400-800,NW,1493,0.7563331706716254,-0.2859792540538353,-0.30327556899839153,-0.26717372268798384
pressure,3,800-1600,N,1293,0.567768839048003,-0.2280362194638069,-0.26132012276710126,-0.18119124836330125
pressure,3,800-1600,NE,1807,0.5904778481679676,-0.10339756409614177,-0.15847709643275365,-0.054914962234646494
pressure,3,800-1600,E,2485,0.6493929831499629,0.1571498079548819,0.09412566981585703,0.22256915221629983
pressure,3,800-1600,SE,1777,0.6255804341626968,0.336483152233998,0.2985466640134212,0.3719409412020926
pressure,3,800-1600,S,1293,0.6453765632476137,0.3153530503508631,0.25081297677719583,0.3882574876054759
pressure,3,800-1600,SW,1807,0.6284040938567138,0.1652110659968115,0.11603696237229422,0.23279361628236012
pressure,3,800-1600,W,2485,0.6220780807885811,-0.06510655943552596,-0.11383736692094638,-0.01859663116216891
pressure,3,800-1600,NW,1777,0.5451952705248644,-0.2274331457589698,-0.25567728518848876,-0.18564184093257927
pressure,3,>=1600,NE,227,0.3744184224600538,-0.09264595659761891,-0.1363753040991234,-0.050943928312935136
pressure,3,>=1600,E,91,0.5705132028397488,0.1269630493245455,0.09479226162434118,0.15211827143648948
pressure,3,>=1600,SE,86,0.3752485279918487,0.19894201666202593,0.1477855090877966,0.2401510833873785
pressure,3,>=1600,SW,227,0.41054137671973234,0.13391761558040907,0.09894486294210071,0.1762379053613265
pressure,3,>=1600,W,91,0.5424273866535815,-0.03727618747269128,-0.05577277819182705,-0.02061087447881644
pressure,3,>=1600,NW,86,0.32751669617707124,-0.12276307708914544,-0.16496011433348567,-0.06178682473162516
pressure,6,<50,N,16,0.9537227936699266,-0.13391998774402514,-0.28240731684643705,-0.03366844618759595
pressure,6,<50,NE,11,0.9579669659642459,0.18792015462570666,0.09142375856955724,0.2272138341887885
pressure,6,<50,E,12,0.9579616454183735,0.31837072091670815,0.15235295759099188,0.4111443673006439
pressure,6,<50,SE,11,0.9598277192518528,0.38765567433513437,0.3269293518592344,0.41695726382324894
pressure,6,<50,S,16,0.9572493007819218,0.16764447968906437,0.054003478186607626,0.32252873470284543
pressure,6,<50,SW,11,0.9513069615626194,-0.1323334688059969,-0.1838555550805806,-0.054023268870345934
pressure,6,<50,W,12,0.9494917418263475,-0.2833462831274673,-0.38574071290946693,-0.10987839557952768
pressure,6,<50,NW,11,0.9481638848869379,-0.3392145562464386,-0.38705814183717524,-0.2943415158417637
pressure,6,50-100,N,51,0.9451697244338708,-0.21500754997821966,-0.31235320428546,-0.03999204388444258
pressure,6,50-100,NE,53,0.9556827830830681,0.06807877599674225,-0.11803052604124714,0.2504046644143685
pressure,6,50-100,E,49,0.9615438367627462,0.39876447021388745,0.24937528499325837,0.43926408717375987
pressure,6,50-100,SE,58,0.9627377049231967,0.4289884570017535,0.3545556572259632,0.4477442898849025
pressure,6,50-100,S,51,0.9580769297836238,0.283772489860283,0.12130094870897919,0.3991058173402211
pressure,6,50-100,SW,53,0.9509076279129138,-0.007023588210678147,-0.18077524273587478,0.18635823233920176
pressure,6,50-100,W,49,0.9426465403639986,-0.3419311848349205,-0.37284398956903336,-0.1840339308171329
pressure,6,50-100,NW,58,0.9411027825394678,-0.35348519944411794,-0.38378634637221504,-0.28899035413573765
pressure,6,100-200,N,189,0.9243134683000418,-0.2388550133969872,-0.3272964355180194,-0.14020088633745087
pressure,6,100-200,NE,176,0.9448569641679685,0.06222811679764625,-0.11734282098418258,0.20867303243479507
pressure,6,100-200,E,178,0.9606768746197676,0.4082253062735698,0.25494558899925823,0.46371128985161547
pressure,6,100-200,SE,167,0.9629155408130496,0.44769037012080753,0.38886439501704556,0.47944278459420003
pressure,6,100-200,S,189,0.9567894586701482,0.34511782147247705,0.2443700581751292,0.45015983875880966
pressure,6,100-200,SW,176,0.9439788646337879,0.03168067072100755,-0.12586328022044294,0.1929311557615521
pressure,6,100-200,W,178,0.9247071808905407,-0.3103585476605959,-0.36527473394297216,-0.1508280652842777
pressure,6,100-200,NW,167,0.9187417070523601,-0.3439610294907192,-0.37462088480016587,-0.2936630431640098
pressure,6,200-400,N,528,0.8630692175327338,-0.26091733960556995,-0.32619612709919854,-0.17331998852329566
pressure,6,200-400,NE,525,0.9090359719647955,-0.0036281184147679197,-0.14726309857015657,0.13015589699575383
pressure,6,200-400,E,536,0.9440423015742789,0.38463683728227116,0.26061208329536667,0.4632918782555022
pressure,6,200-400,SE,526,0.9402275113027125,0.466264303959409,0.42243641875612226,0.4991912018689741
pressure,6,200-400,S,528,0.9351408897057333,0.397316779044425,0.2914782904777162,0.49020620971544265
pressure,6,200-400,SW,525,0.922767396189111,0.11163737314276491,-0.020763345413594075,0.26730864396286436
pressure,6,200-400,W,536,0.8860924339515253,-0.25430120458140115,-0.32975978238350817,-0.13487710268731024
pressure,6,200-400,NW,526,0.8563582844481967,-0.32680034027076343,-0.35199872648470276,-0.2845771733347048
pressure,6,400-800,N,1616,0.7243408899371175,-0.24799086312561047,-0.2947079378211237,-0.16236876889903035
pressure,6,400-800,NE,1311,0.8019027058902171,-0.06347879445471984,-0.18200946402793616,0.056639619418257986
pressure,6,400-800,E,1564,0.8650069938977585,0.31990358289333554,0.21852421235089337,0.4059378472965731
pressure,6,400-800,SE,1493,0.8471281636129512,0.45052723648381315,0.4234086646446952,0.4914849510400187
pressure,6,400-800,S,1616,0.8360397608087335,0.39394848659454407,0.27367354767465757,0.4979452597669084
pressure,6,400-800,SW,1311,0.8472973354998721,0.1773848589465157,0.05660766951093209,0.3169579023373891
pressure,6,400-800,W,1564,0.7939918907122209,-0.16403229008633308,-0.2512178879049474,-0.07123527976857125
pressure,6,400-800,NW,1493,0.706852841571717,-0.28502639621436027,-0.3043464792418896,-0.26448756204946655
pressure,6,800-1600,N,1293,0.5185205876809661,-0.22368803058194567,-0.2555459987275729,-0.17479515026658846
pressure,6,800-1600,NE,1807,0.5611045240580274,-0.09832385076621496,-0.1557694807876231,-0.042114764558381826
pressure,6,800-1600,E,2485,0.6565017995323782,0.20241482642559977,0.12164836272090514,0.27448798230807697
pressure,6,800-1600,SE,1777,0.6592746466353464,0.4052479544784141,0.36355043420000555,0.44488956990353673
pressure,6,800-1600,S,1293,0.6696003301937393,0.3703457755122067,0.29666410533152554,0.45498482747689256
pressure,6,800-1600,SW,1807,0.6346671295677169,0.19619908630907443,0.144324496846806,0.2692719371904766
pressure,6,800-1600,W,2485,0.6019122891130277,-0.03898526694400578,-0.0932168927758739,0.008837659716468015
pressure,6,800-1600,NW,1777,0.5010233440040973,-0.21804491040568866,-0.24831866212951906,-0.16597138122708166
pressure,6,>=1600,NE,227,0.34019275540884353,-0.08484659539924846,-0.13416077512349484,-0.03813717587758826
pressure,6,>=1600,E,91,0.5790531103614069,0.1750357293149011,0.13104913357795736,0.20832596947836188
pressure,6,>=1600,SE,86,0.40263667781480783,0.2546370511753667,0.1941901034242415,0.3043625292222504
pressure,6,>=1600,SW,227,0.42332451474566474,0.16380650325013166,0.1311447833921902,0.20793703399152308
pressure,6,>=1600,W,91,0.5289662217882644,-0.009195040823511358,-0.026499466945889182,0.004160855013305761
pressure,6,>=1600,NW,86,0.3046020743729073,-0.10612583180747022,-0.14980648661879709,-0.03860774265580846
pressure,12,<50,N,16,0.8624413696609629,-0.11589705674148082,-0.25301951604585116,-0.016405698508126607
pressure,12,<50,NE,11,0.8720503378732556,0.15980392177403446,0.12729680053579195,0.1921165385488171
pressure,12,<50,E,12,0.865755272278713,0.2732808595382833,0.1380333980096631,0.41934562303612494
pressure,12,<50,SE,11,0.8708265460727244,0.3373534464814915,0.3093575571229847,0.4165612183959538
pressure,12,<50,S,16,0.867879454569235,0.143095792297294,0.03290635603035645,0.2859985088350507
pressure,12,<50,SW,11,0.8590587560557834,-0.12174860409434832,-0.15670540032501284,-0.09086858380923829
pressure,12,<50,W,12,0.851057314783199,-0.24373758804855428,-0.39409565464362745,-0.10627707710195393
pressure,12,<50,NW,11,0.8534217780425197,-0.30734391768674313,-0.39083455336703665,-0.26753278009852133
pressure,12,50-100,N,51,0.845652619960441,-0.20342239280254565,-0.2877243925368188,-0.03689217220727314
pressure,12,50-100,NE,53,0.8671646807667667,0.0759299693075052,-0.10791637065126894,0.276190777879145
pressure,12,50-100,E,49,0.8774271454296274,0.37150048770026883,0.20202036531423334,0.4425606966913636
pressure,12,50-100,SE,58,0.8778886921313518,0.39847996287357124,0.33683026223917034,0.42705124809776446
pressure,12,50-100,S,51,0.8664400607054786,0.25673690135013527,0.09323499257386422,0.35466013668098173
pressure,12,50-100,SW,53,0.8553521489952894,-0.01971353873053838,-0.21998028648861465,0.16711456326011104
pressure,12,50-100,W,49,0.8444391491514971,-0.2872330928644044,-0.3789635300143706,-0.14364250046496435
pressure,12,50-100,NW,58,0.8433855034742288,-0.3223839011677323,-0.36546916461471535,-0.2729459313196434
pressure,12,100-200,N,189,0.8250586466357934,-0.22322649548753618,-0.2906264164598965,-0.1249233561443828
pressure,12,100-200,NE,176,0.854682980770525,0.05376452381910406,-0.10833089083420017,0.21226187500611893
pressure,12,100-200,E,178,0.8846963936822514,0.3910431914665908,0.23037910746250573,0.4643165963002316
pressure,12,100-200,SE,167,0.8892876993811911,0.42855834275127963,0.37322616456273383,0.46242110286201776
pressure,12,100-200,S,189,0.8762519269366743,0.3239190417249537,0.22373895065792213,0.40976054882490703
pressure,12,100-200,SW,176,0.850396227664538,0.035365183615694504,-0.12932879705994899,0.17203726508630524
pressure,12,100-200,W,178,0.8224182158301141,-0.2886736823379179,-0.3640090679242589,-0.13982729779360428
pressure,12,100-200,NW,167,0.8188818421094644,-0.321354234973548,-0.3516000024530972,-0.26848304019730185
pressure,12,200-400,N,528,0.7557718803594933,-0.2300724651919752,-0.28329601723087283,-0.15289311431315794
pressure,12,200-400,NE,525,0.8187052020068553,0.012821272464673787,-0.13016844461210036,0.14508653363293145
pressure,12,200-400,E,536,0.8780453226702731,0.3821233078701433,0.25311232857143795,0.4664632657647433
pressure,12,200-400,SE,526,0.8876445080142843,0.4666533750004743,0.41371179427746785,0.4966688345233743
pressure,12,200-400,S,528,0.8764336119353748,0.38859710832599764,0.28339694008300326,0.4695100603631441
pressure,12,200-400,SW,525,0.8434837914483975,0.10627561240070157,-0.019042156153106213,0.2672376249155979
pressure,12,200-400,W,536,0.7868370490739043,-0.22470373524259823,-0.30961791617175694,-0.10684279991104961
pressure,12,200-400,NW,526,0.7446008470826155,-0.29055035222260917,-0.3190565139327483,-0.24601157160380005
pressure,12,400-800,N,1616,0.6168506846531774,-0.2157087632049596,-0.25076556160563956,-0.13984498055763445
pressure,12,400-800,NE,1311,0.7084757277438576,-0.04510688520422013,-0.1589378731089266,0.07864191586444155
pressure,12,400-800,E,1564,0.8284391648506444,0.34307699951642834,0.230255111795059,0.4451460584395181
pressure,12,400-800,SE,1493,0.8446879060334822,0.48357318255110077,0.4596632301710897,0.5190799369101775
pressure,12,400-800,S,1616,0.8173519073721385,0.4147336426695013,0.2868288722911851,0.5105482033365196
pressure,12,400-800,SW,1311,0.7959133013471236,0.19482939136113514,0.07326590690807948,0.32334713922276825
pressure,12,400-800,W,1564,0.7045813288194431,-0.1208917739578996,-0.21808487155418785,-0.021752436161850186
pressure,12,400-800,NW,1493,0.5986429778242985,-0.24676853074988314,-0.2677249663193682,-0.2215705047642674
pressure,12,800-1600,N,1293,0.418010065276466,-0.1964065266293925,-0.22154226797057408,-0.14574643612205587
pressure,12,800-1600,NE,1807,0.48488677967216526,-0.08083605030609589,-0.1379683873121217,-0.01811047915937853
pressure,12,800-1600,E,2485,0.6525885230464555,0.2615929272818273,0.15853528306800363,0.3391145331146849
pressure,12,800-1600,SE,1777,0.70319233241219,0.47383246748488644,0.4292047087230315,0.5142405457902007
pressure,12,800-1600,S,1293,0.6882795960649806,0.4151177270718463,0.3327625026141081,0.5023097943205858
pressure,12,800-1600,SW,1807,0.630275946590105,0.2296464634097599,0.18213421757157877,0.30096243318273197
pressure,12,800-1600,W,2485,0.5596621010581128,0.01854653951619889,-0.0397391290513661,0.06496127989988484
pressure,12,800-1600,NW,1777,0.41441720495981466,-0.1706126869660587,-0.2059411965278422,-0.10954250115268763
pressure,12,>=1600,NE,227,0.2789870869579233,-0.059642248926955355,-0.1222659134654483,-0.009222425734314539
pressure,12,>=1600,E,91,0.5970656920172592,0.2540997176803471,0.19282056006005477,0.2954164792005709
pressure,12,>=1600,SE,86,0.45491800021561635,0.3386285854856935,0.26777291754366783,0.3972441478775508
pressure,12,>=1600,SW,227,0.44022400457789973,0.20523312652446374,0.17986651531241465,0.24411723027611404
pressure,12,>=1600,W,91,0.4974611300545339,0.04185301561275631,0.03087782535022827,0.054243387059342035
pressure,12,>=1600,NW,86,0.25786592919376605,-0.06558887676490868,-0.10909144993095468,-9.714037067939942e-05
pressure,24,<50,N,16,0.6327361073868223,-0.08820824064694956,-0.18242128559734733,-0.011579346653444348
pressure,24,<50,NE,11,0.6453434241696845,0.11566227728526596,0.09004947283729715,0.1301544507145468
pressure,24,<50,E,12,0.6270061771367585,0.1984305686699545,0.08303738653097181,0.3484114665959937
pressure,24,<50,SE,11,0.6409795752956915,0.2642512020586982,0.1774157732392121,0.35284426866133756
pressure,24,<50,S,16,0.6408022988623168,0.10377654396759037,0.01987025593562088,0.20854372055143655
pressure,24,<50,SW,11,0.6312083921202781,-0.09134151670417442,-0.1062897685866007,-0.06453826579992057
pressure,24,<50,W,12,0.6114057946460254,-0.1789830869676886,-0.3238399865932595,-0.0633997693046786
pressure,24,<50,NW,11,0.6212964173992234,-0.24262859688242128,-0.32597597596303673,-0.14569569447080377
pressure,24,50-100,N,51,0.6172609735445624,-0.16299128714626984,-0.22519812315371063,-0.03291052438626102
pressure,24,50-100,NE,53,0.6375362204054327,0.04817312467179122,-0.10029450774706193,0.23835234950770165
pressure,24,50-100,E,49,0.6531036829545944,0.25983414673388744,0.1261474694187362,0.37294557940209055
pressure,24,50-100,SE,58,0.6552706352240503,0.28204242639540544,0.24505278026535074,0.3462506720537982
pressure,24,50-100,S,51,0.6403642932539793,0.19414676098365619,0.0659642714672791,0.26387733172576266
pressure,24,50-100,SW,53,0.6256447954341152,-0.014744945673708957,-0.17097936022082882,0.13018957445816035
pressure,24,50-100,W,49,0.6113894117606232,-0.21558151239081225,-0.3164998671292507,-0.09146866694771673
pressure,24,50-100,NW,58,0.6098787892011791,-0.2303805816806493,-0.30041782243000503,-0.208900253970083
pressure,24,100-200,N,189,0.5888173397587086,-0.16538846161222098,-0.20828158606854763,-0.09689221840078857
pressure,24,100-200,NE,176,0.6144503194640256,0.024023329490016673,-0.10020698855111085,0.1646591747734109
pressure,24,100-200,E,178,0.6637502635734005,0.28925574715647784,0.1447743805979165,0.3891528362430094
pressure,24,100-200,SE,167,0.6733856878804116,0.32353319538386954,0.28330614378804536,0.3657738450904857
pressure,24,100-200,S,189,0.6518132836272388,0.2396503459298701,0.15499460877179363,0.3074990325424664
pressure,24,100-200,SW,176,0.6209437409753806,0.04087152401947525,-0.09137612405502847,0.1536676576506555
pressure,24,100-200,W,178,0.590347286052026,-0.1974921837512063,-0.29048645236818893,-0.08138659398743436
pressure,24,100-200,NW,167,0.5857780346335553,-0.23899847484568248,-0.28498697277240054,-0.20138150323311263
pressure,24,200-400,N,528,0.5197652272251809,-0.16499666785775063,-0.20365793191764242,-0.1146185578717963
pressure,24,200-400,NE,525,0.5848133851996884,-0.0029798784867684836,-0.11388297597870643,0.11241159309064931
pressure,24,200-400,E,536,0.6614038921782891,0.2795854377449816,0.14655720101485434,0.384908552838516
pressure,24,200-400,SE,526,0.6872371498065589,0.3632768328760416,0.30598930219949044,0.4032348200596164
pressure,24,200-400,S,528,0.6734139998823492,0.2993721450886342,0.22062602899935238,0.3596694998075031
pressure,24,200-400,SW,525,0.6341020122380161,0.10343909556440672,0.0004239438791140141,0.21422444364810891
pressure,24,200-400,W,536,0.5610797167815946,-0.1351575588084457,-0.22888186125683685,-0.025182492990812252
pressure,24,200-400,NW,526,0.5144685932450068,-0.20422363055157494,-0.2506596989955823,-0.1498257719609418
pressure,24,400-800,N,1616,0.39891370686735733,-0.14614025208451353,-0.17452064385912258,-0.09614673023149856
pressure,24,400-800,NE,1311,0.479933811843789,-0.04101747221073588,-0.13686414853917658,0.0693587618553856
pressure,24,400-800,E,1564,0.6368115711627498,0.27136156806478473,0.1575936553185653,0.3963707843707749
pressure,24,400-800,SE,1493,0.7059124982940007,0.4247528943137371,0.3918564133265172,0.45161017558488814
pressure,24,400-800,S,1616,0.6830568543078315,0.3640868135279949,0.2587530279393227,0.4212834949389097
pressure,24,400-800,SW,1311,0.6280991710668088,0.19543730090651842,0.09671620937412972,0.292091572039458
pressure,24,400-800,W,1564,0.5122819978408407,-0.028766011379613314,-0.1284719924074832,0.06191769361687781
pressure,24,400-800,NW,1493,0.3948122204885609,-0.16403418686656204,-0.19232457589136562,-0.11145759177155164
pressure,24,800-1600,N,1293,0.24198016934049377,-0.1391411480436523,-0.15822640158875603,-0.10175700620998203
pressure,24,800-1600,NE,1807,0.31350452946054425,-0.0794334347401881,-0.11856634569491599,-0.0050438521776136665
pressure,24,800-1600,E,2485,0.5738545011883087,0.2773517329429407,0.15251166044690923,0.3786167832500721
pressure,24,800-1600,SE,1777,0.6844451095121912,0.4906132024962667,0.44874842428645395,0.5246972652508021
pressure,24,800-1600,S,1293,0.6430706078741206,0.40425457145219806,0.33076510311876806,0.47356398969849545
pressure,24,800-1600,SW,1807,0.5636241282405143,0.2613361934435354,0.22434193019790993,0.3058996069200308
pressure,24,800-1600,W,2485,0.46695387375490593,0.09843394110866686,0.044347767751398176,0.1415714545048404
pressure,24,800-1600,NW,1777,0.27466030252508955,-0.08078612097178807,-0.12001808488578906,-0.019014010765961823
pressure,24,>=1600,NE,227,0.17980744300924364,-0.03134568085019274,-0.1114060006473499,0.023939713403300287
pressure,24,>=1600,E,91,0.573081006175724,0.33215190029194136,0.2957378767628487,0.37424384664045207
pressure,24,>=1600,SE,86,0.5432829361380677,0.44958227783553983,0.37551050304094835,0.5060726133481515
pressure,24,>=1600,SW,227,0.4352940964547058,0.25038232326654086,0.2366853433414089,0.2752235319499946
pressure,24,>=1600,W,91,0.43877630691931846,0.10357435387459744,0.08925361711200164,0.12482676156715873
pressure,24,>=1600,NW,86,0.18033170071605054,-0.0072541029301975545,-0.042593094989066035,0.049376292823011744
pressure,0,<50,all,50,0.9988051643816664,,,
pressure,0,50-100,all,211,0.9957252622333883,,,
pressure,0,100-200,all,710,0.9830835847162913,,,
pressure,0,200-400,all,2115,0.9426679081689341,,,
pressure,0,400-800,all,5984,0.8285017497790583,,,
pressure,0,800-1600,all,7362,0.6155742850897423,,,
pressure,0,>=1600,all,404,0.37496479896064566,,,
rh950,3,<50,N,16,0.9096177139486573,0.06332691271469447,0.030639830169340125,0.07934077467227771
rh950,3,<50,NE,11,0.9042760141708676,0.07168491301552717,0.0438546777633077,0.15078725195836878
rh950,3,<50,E,12,0.9212612309845448,0.15781491435653927,0.12126674395484632,0.17812107869299143
rh950,3,<50,SE,11,0.9184830273215178,0.15068759702136433,0.10199790259029229,0.17183305317882797
rh950,3,<50,S,16,0.9222015708076325,0.15774523332730622,0.11471505283224509,0.18321305573837027
rh950,3,<50,SW,11,0.9055495865526247,0.11363017239375231,0.056392070586851514,0.1766165374371796
rh950,3,<50,W,12,0.9203853867641874,0.0836869888671509,0.050578838853595626,0.11907578859224997
rh950,3,<50,NW,11,0.9091079398735894,0.0869712441595768,0.02958564357818743,0.13920831094047026
rh950,3,50-100,N,51,0.8716886535088497,0.09746879216326439,0.0565438489178301,0.12689344915669615
rh950,3,50-100,NE,53,0.8801323857234064,0.1233260275976536,0.1019344392578788,0.16411479544963783
rh950,3,50-100,E,49,0.8866574941328815,0.1962403921168517,0.13952597503515293,0.21784636307191488
rh950,3,50-100,SE,58,0.8923400114195948,0.23281197136711318,0.19587566311268162,0.26011864608917595
rh950,3,50-100,S,51,0.895418176603334,0.23191311313044294,0.18450445367321447,0.2544844166749721
rh950,3,50-100,SW,53,0.8994651340617448,0.18970263213778982,0.15005067297703614,0.2272468944201948
rh950,3,50-100,W,49,0.8858413750008655,0.15199643080215966,0.04701761821371487,0.1975460792419336
rh950,3,50-100,NW,58,0.8682811891773887,0.10225494733336313,0.04411969861452193,0.13562703201312176
rh950,3,100-200,N,189,0.7827081234506852,0.10282117762156498,0.06023437247687883,0.13804018675565005
rh950,3,100-200,NE,176,0.8091922262301887,0.15872433509027983,0.12771670307986882,0.19892803980211204
rh950,3,100-200,E,178,0.8238698481273159,0.2251661977388731,0.1904989249399536,0.25367951877698214
rh950,3,100-200,SE,167,0.8216238686391429,0.24584505417917366,0.21655529751205316,0.2689253055804919
rh950,3,100-200,S,189,0.8106417130413985,0.23559971552405296,0.19555186332432337,0.26168952556053143
rh950,3,100-200,SW,176,0.8137106432720977,0.17831782427609016,0.10620581946575418,0.21005708500217113
rh950,3,100-200,W,178,0.8040599859994975,0.10677327150725158,0.046509807144159136,0.1523066687617966
rh950,3,100-200,NW,167,0.7901784539633918,0.08369880104852244,0.04655157411291803,0.12732268454262896
rh950,3,200-400,N,528,0.623699606157123,0.07655848259061411,0.0455140591863187,0.09977900399077255
rh950,3,200-400,NE,525,0.6892600713256333,0.1530939267079081,0.11624958284758724,0.18262853428749212
rh950,3,200-400,E,536,0.705334202696662,0.21795289052563993,0.1913660549624145,0.23921254940544212
rh950,3,200-400,SE,526,0.659655240431644,0.20825287106263185,0.18160816492235954,0.22803094011383898
rh950,3,200-400,S,528,0.6536541592858299,0.17684259033390962,0.14740053617306878,0.19917402524796185
rh950,3,200-400,SW,525,0.6814756518076448,0.1029799964941257,0.05768240500662782,0.1421417244554508
rh950,3,200-400,W,536,0.6604669769584748,0.03707798816258481,-0.0010120526718976376,0.08010725721341325
rh950,3,200-400,NW,526,0.6218816108313003,0.0472753208904097,0.00902881652315025,0.07602957412451386
rh950,3,400-800,N,1616,0.37828479716620556,0.03755147133439914,0.017503355443949063,0.05867732024736291
rh950,3,400-800,NE,1311,0.45993811346201485,0.11170908988197754,0.07904738738686523,0.14602623871647014
rh950,3,400-800,E,1564,0.47006783872482405,0.16530558825182762,0.1345285096915593,0.187562174906155
rh950,3,400-800,SE,1493,0.4277794905701126,0.1487283197540663,0.12501972975025008,0.16868459262122448
rh950,3,400-800,S,1616,0.40508474996442684,0.10551691496453744,0.07878998378932049,0.12838580105991498
rh950,3,400-800,SW,1311,0.4424446088951663,0.04124761255671507,0.00489233157832146,0.07519635278667913
rh950,3,400-800,W,1564,0.418591626984827,-0.0023198794162857432,-0.024231083526656524,0.02653167017950827
rh950,3,400-800,NW,1493,0.38125021373786483,-0.004220526363336853,-0.020968356650262907,0.019205205568892533
rh950,3,800-1600,N,1293,0.17407870923255658,0.010113228817501199,-0.0014628158151911107,0.027797381154411924
rh950,3,800-1600,NE,1807,0.19986101661126923,0.06103766229535061,0.041549941022207396,0.08370589161881586
rh950,3,800-1600,E,2485,0.17884719731101084,0.07182273502985577,0.04601685711118595,0.10375091939735043
rh950,3,800-1600,SE,1777,0.2338146667984347,0.07201430282917329,0.05445510373407228,0.09892354979095155
rh950,3,800-1600,S,1293,0.18981777538060862,0.047262292110458674,0.02861341824256723,0.06961713020078059
rh950,3,800-1600,SW,1807,0.1746902831736003,-0.0009976130447878935,-0.02329802791205445,0.024471740830666996
rh950,3,800-1600,W,2485,0.15506714192866514,0.0011593803283636696,-0.017648672942342694,0.017109190927964375
rh950,3,800-1600,NW,1777,0.210926037084969,0.004863969888208895,-0.005535639251019465,0.018616833840270193
rh950,3,>=1600,NE,227,0.0430353022903519,0.03565620677286152,0.024171688836647595,0.04826351880508427
rh950,3,>=1600,E,91,0.14772404352102272,0.04789112227478107,0.03870486433128941,0.06124109361751662
rh950,3,>=1600,SE,86,0.198324276708427,0.04012702914572903,0.03356046465776284,0.04922362343763939
rh950,3,>=1600,SW,227,0.015262576031433031,-0.026564304672343903,-0.0339574795746754,-0.014065630451988474
rh950,3,>=1600,W,91,0.1288581690968993,0.009589186495557551,-0.0025575102894999898,0.045724635840895325
rh950,3,>=1600,NW,86,0.19301206190374753,0.022523363931126403,0.01637613177883052,0.03301414518240696
rh950,6,<50,N,16,0.8294641565507341,0.09179306170803132,0.05090232485234707,0.1073783946401174
rh950,6,<50,NE,11,0.823877799083069,0.11170993404158018,0.08154422026626432,0.16058660732222887
rh950,6,<50,E,12,0.8394116122959501,0.18339743795650437,0.16045153622087038,0.21412700333666876
rh950,6,<50,SE,11,0.8374431922914309,0.14746924355213362,0.1400866078327246,0.18490191683147356
rh950,6,<50,S,16,0.8421236086160462,0.1273477025530203,0.07139045092268415,0.15768111417026276
rh950,6,<50,SW,11,0.8292509395702151,0.11518173386419027,0.07217814776441273,0.12842420884184633
rh950,6,<50,W,12,0.8387763103991148,0.05555843034538528,0.013093907657503626,0.07290687493982526
rh950,6,<50,NW,11,0.8280441330315805,0.0798533146860886,0.04936664960836075,0.11272004710123877
rh950,6,50-100,N,51,0.8003168223379378,0.12183481144110406,0.08329723009331505,0.16232212929081047
rh950,6,50-100,NE,53,0.8116299088432847,0.17544485919946345,0.14340881302454564,0.2088894098585762
rh950,6,50-100,E,49,0.8265693227272221,0.22695831102370576,0.2000545994175035,0.26117744928336983
rh950,6,50-100,SE,58,0.8293835182158129,0.2559050066975259,0.21591714705840276,0.27606938976572326
rh950,6,50-100,S,51,0.8329137710774088,0.22886721235276522,0.1879551210614389,0.2560329410858312
rh950,6,50-100,SW,53,0.8335558627926402,0.1841945776796206,0.14118468492328992,0.20786702098191193
rh950,6,50-100,W,49,0.814558817619682,0.14765666799300292,0.0673928308275083,0.18642639086105325
rh950,6,50-100,NW,58,0.800435369365256,0.11992081410228674,0.06606383421856088,0.14923240415472502
rh950,6,100-200,N,189,0.7351890593480441,0.1488096353995095,0.09969043701028733,0.1802981275362895
rh950,6,100-200,NE,176,0.7606588008832004,0.21992683855639583,0.174966051199106,0.25886481170196024
rh950,6,100-200,E,178,0.7830134555609678,0.2884712089298033,0.2451277604050117,0.31732552629459004
rh950,6,100-200,SE,167,0.7915656034762328,0.30577838590703466,0.26838066543886374,0.3293480197851909
rh950,6,100-200,S,189,0.7802011736964385,0.2761354748911463,0.21494778122188463,0.3040739887888447
rh950,6,100-200,SW,176,0.776639287770198,0.20286932442931468,0.1251066998123413,0.24464541938276743
rh950,6,100-200,W,178,0.754902913224042,0.12886776688518148,0.07867101977992697,0.17422219979231507
rh950,6,100-200,NW,167,0.7427629258706766,0.11964787385377698,0.07928263899644031,0.16130762367922247
rh950,6,200-400,N,528,0.5961409764355479,0.12171940296610281,0.08205219594201105,0.1492121050574925
rh950,6,200-400,NE,525,0.6698896459033183,0.21360337893483147,0.1617729217953684,0.2548913247247908
rh950,6,200-400,E,536,0.6932626539789772,0.29484797317559414,0.2580486292646776,0.3249736831364871
rh950,6,200-400,SE,526,0.6616146235049755,0.28826885785266854,0.25074218138974447,0.3166268431251267
rh950,6,200-400,S,528,0.6485887665196479,0.24263486919018093,0.19953054104898485,0.27234329499785626
rh950,6,200-400,SW,525,0.6541876035362265,0.1464599860385749,0.08770735052964787,0.19099710596983788
rh950,6,200-400,W,536,0.615447102065009,0.06714782528982158,0.019491028050436655,0.11480284947665927
rh950,6,200-400,NW,526,0.5886461019525073,0.08144355760543556,0.03471973701517629,0.11668429558382419
rh950,6,400-800,N,1616,0.357693964004007,0.06605134865898032,0.040570251226678046,0.094149101226517
rh950,6,400-800,NE,1311,0.4564621704968871,0.1588105797932623,0.11678587397093869,0.20799443450515898
rh950,6,400-800,E,1564,0.48679116341658646,0.2314067284231402,0.18733531440053827,0.2653796813214654
rh950,6,400-800,SE,1493,0.44577522976848166,0.21046824795854294,0.17757658835779255,0.23562574513694298
rh950,6,400-800,S,1616,0.4095516623371129,0.14603661890603775,0.10851880608434016,0.17894537495448606
rh950,6,400-800,SW,1311,0.4183426991900469,0.06269158387803848,0.02002542011264094,0.10689074705922672
rh950,6,400-800,W,1564,0.389522010391012,0.018494106491008747,-0.010352592123244686,0.05411156987570731
rh950,6,400-800,NW,1493,0.35568459241815276,0.01460187041730979,-0.006615537106066947,0.04549040582786898
rh950,6,800-1600,N,1293,0.16487643707666635,0.02129100283948068,0.004302053381931988,0.04600071650494038
rh950,6,800-1600,NE,1807,0.20636768355535495,0.08804259497761652,0.06115397572772623,0.11579959141422753
rh950,6,800-1600,E,2485,0.1937528753716424,0.10555685802065883,0.07206949442897373,0.1457196030304533
rh950,6,800-1600,SE,1777,0.24523846631316656,0.10498180255597934,0.08011266644340743,0.1436263319291578
rh950,6,800-1600,S,1293,0.19401595631758872,0.06671449238015219,0.04085664545671545,0.09719921009386731
rh950,6,800-1600,SW,1807,0.159272498225469,0.003675169911222423,-0.02226529007325556,0.03616343428167338
rh950,6,800-1600,W,2485,0.1443395319295724,0.014625468692983038,-0.00809198051322157,0.036926562179398444
rh950,6,800-1600,NW,1777,0.20035270994976861,0.019532125679970258,0.007956750715959506,0.036114335925370104
rh950,6,>=1600,NE,227,0.055806584639454225,0.04999203741433715,0.03041265407854877,0.06524531114959008
rh950,6,>=1600,E,91,0.15708083327843345,0.07212998324188695,0.0588329849020149,0.09141231363204955
rh950,6,>=1600,SE,86,0.19942814155388472,0.06149154337473066,0.0519959263369096,0.07195301452588264
rh950,6,>=1600,SW,227,0.0020492287884181525,-0.03113411869499713,-0.03973245685174363,-0.014973880563466609
rh950,6,>=1600,W,91,0.12162877993182963,0.02309316454337744,0.007345368134683326,0.07349913158515384
rh950,6,>=1600,NW,86,0.19083786347069143,0.03818493502516811,0.02811882991463654,0.05860037797706061
rh950,12,<50,N,16,0.6986437900859696,0.07341328505318212,0.03689461697663615,0.09913210730717162
rh950,12,<50,NE,11,0.6968382804014386,0.1108715253793673,0.07827042274245696,0.14527465976488105
rh950,12,<50,E,12,0.7121464350462587,0.1835269367115696,0.15666456819349087,0.22803558269197569
rh950,12,<50,SE,11,0.7130986507999083,0.15292784920359523,0.12801819073645296,0.17081900967126
rh950,12,<50,S,16,0.7161962449723968,0.09481909188884458,0.041500016413645986,0.13531720409005565
rh950,12,<50,SW,11,0.6869970425046216,0.0684303914099095,0.03835269310206576,0.08570080771562852
rh950,12,<50,W,12,0.7060961096595461,-0.013132590945550535,-0.03490427777324806,0.014799904446510439
rh950,12,<50,NW,11,0.6930266121943631,0.05097957517587647,0.006305291352375944,0.08828696166514402
rh950,12,50-100,N,51,0.6815040362493743,0.10154543500406282,0.07166646045375749,0.15024668030823096
rh950,12,50-100,NE,53,0.6976491319140612,0.18360408560343083,0.15079651048302403,0.20347148888095662
rh950,12,50-100,E,49,0.7122878590449764,0.22043924919564725,0.19524261531863296,0.2631597651289221
rh950,12,50-100,SE,58,0.7140914821159758,0.2289572550519434,0.18884073034837512,0.25784217309450497
rh950,12,50-100,S,51,0.7174823252973699,0.1794632598966122,0.1357111926757813,0.2043646031478212
rh950,12,50-100,SW,53,0.7081716547055603,0.1194462522810205,0.06499693078233428,0.1518249489642583
rh950,12,50-100,W,49,0.6916898305761561,0.06643136120470432,0.04124554682693778,0.10823435877048036
rh950,12,50-100,NW,58,0.6714436712559002,0.0732632220327199,0.03936506561533147,0.11934783262393316
rh950,12,100-200,N,189,0.6342715674372563,0.1490628969101201,0.11869281042354836,0.18474047524954418
rh950,12,100-200,NE,176,0.6579836371620577,0.2317436239438102,0.18213831908482842,0.26852347483084277
rh950,12,100-200,E,178,0.6901923530831153,0.29014516191296785,0.2328502698269171,0.3245439170476291
rh950,12,100-200,SE,167,0.7023193430739886,0.2967097528973562,0.23226811634071548,0.3344778212176854
rh950,12,100-200,S,189,0.687856518169271,0.24028451993068178,0.1807274524845555,0.2859546083094684
rh950,12,100-200,SW,176,0.6622163111050554,0.15814011726343755,0.07825744303666587,0.19866526054457864
rh950,12,100-200,W,178,0.6458303609367471,0.09396179902196829,0.05646222081807213,0.13047075576159334
rh950,12,100-200,NW,167,0.6448144891064383,0.1052705488347241,0.07081740996840623,0.14734903881320704
rh950,12,200-400,N,528,0.5244530922836868,0.13971291258395266,0.09185618582332034,0.17420736453636035
rh950,12,200-400,NE,525,0.6089355626125259,0.2413603338196609,0.1887013149090555,0.29822235153130994
rh950,12,200-400,E,536,0.6443512098960051,0.34159133408272996,0.28001193798098034,0.38599673978507043
rh950,12,200-400,SE,526,0.6264749333516652,0.33683740040061655,0.2793776457518721,0.37752544844481667
rh950,12,200-400,S,528,0.6112103655820789,0.2659678180784486,0.20028918074336705,0.314691021793991
rh950,12,200-400,SW,525,0.584320251081746,0.14704818426426614,0.07472997523675663,0.2037520086990973
rh950,12,200-400,W,536,0.5341049936826721,0.05915686365501692,0.023548633864892067,0.1071601482434302
rh950,12,200-400,NW,526,0.5118784806084917,0.07863454080425256,0.04004644271583258,0.12701927573351118
rh950,12,400-800,N,1616,0.3152077412791886,0.08736222140978285,0.05527919442703249,0.12135692258428946
rh950,12,400-800,NE,1311,0.44038670828996085,0.2012573115642533,0.14646211932874098,0.2682398894974737
rh950,12,400-800,E,1564,0.5031651166785437,0.30315160829374477,0.2460276012722808,0.34930900377741964
rh950,12,400-800,SE,1493,0.4726832309700117,0.28194565163766117,0.241211024439986,0.3156322944588498
rh950,12,400-800,S,1616,0.40704723896193096,0.18553965233948683,0.13207878103062096,0.22815884909665884
rh950,12,400-800,SW,1311,0.3698808068238409,0.07219879544905593,0.023117818364892545,0.12369500792839856
rh950,12,400-800,W,1564,0.3323236922160332,0.025663074765401174,-0.011417842720293432,0.0689077378535534
rh950,12,400-800,NW,1493,0.3073097353138116,0.0244342223754844,-0.0008380334960436341,0.0570216743490054
rh950,12,800-1600,N,1293,0.14086936595890484,0.026297559938047763,0.0056839854665456544,0.05855575087471096
rh950,12,800-1600,NE,1807,0.2152861511423492,0.12055382905877787,0.08440002945489883,0.15679503994143587
rh950,12,800-1600,E,2485,0.22421731584871296,0.1567888964932658,0.1150773793274555,0.2095713097965133
rh950,12,800-1600,SE,1777,0.26569644017980193,0.1498573908056105,0.11467571456611175,0.20495906341080744
rh950,12,800-1600,S,1293,0.1932714935313129,0.08489048519327608,0.05070718393905986,0.12837732939750257
rh950,12,800-1600,SW,1807,0.13119612497733935,0.0010601998148797554,-0.023702116593214133,0.03769368959349742
rh950,12,800-1600,W,2485,0.13098285016403102,0.027197612190309427,-0.0020086561795599565,0.056367285907295867
rh950,12,800-1600,NW,1777,0.1768335019858341,0.028673540937049782,0.015279622818477041,0.05040224998859308
rh950,12,>=1600,NE,227,0.0774633225185914,0.06999724342376806,0.039600129367895025,0.09723944400869168
rh950,12,>=1600,E,91,0.18209847173368324,0.11564941106675844,0.0896525671835821,0.14017565130718845
rh950,12,>=1600,SE,86,0.19954502279500635,0.08720147374189993,0.07526279010446119,0.10231781621352799
rh950,12,>=1600,SW,227,-0.012347315288886994,-0.03205162982692215,-0.04628804579738373,-0.01984919176144613
rh950,12,>=1600,W,91,0.11362519827084416,0.042216167574320805,0.017778940136937902,0.10533862434105373
rh950,12,>=1600,NW,86,0.1832278607111091,0.050028087209179395,0.0378279985814563,0.09288878795544334
rh950,24,<50,N,16,0.5098877763001846,0.06102245237226335,0.04812953384291587,0.06809773914648443
rh950,24,<50,NE,11,0.5050613969327656,0.09195887235411368,0.07510377263444493,0.1253700086879076
rh950,24,<50,E,12,0.520585212080185,0.13203885895193576,0.11668271114504283,0.1838367979503397
rh950,24,<50,SE,11,0.5231218138623855,0.09941069015790056,0.07026277091663292,0.12687361425121063
rh950,24,<50,S,16,0.5213344315704638,0.04189645462496802,0.004825782375950063,0.06105906565843022
rh950,24,<50,SW,11,0.4857976395033224,0.0158917340244444,-0.0063537064697573925,0.03962947870691384
rh950,24,<50,W,12,0.511896070028263,-0.04170745385182145,-0.07611153506912899,-0.02902021598866766
rh950,24,<50,NW,11,0.5107678459377375,0.017643026163995455,0.0013204784153699484,0.0463972121808284
rh950,24,50-100,N,51,0.5008158927019075,0.0761895754503833,0.03273816265243161,0.10623680253631285
rh950,24,50-100,NE,53,0.5110829827692822,0.14198705689702706,0.10218195807398887,0.1665014540857258
rh950,24,50-100,E,49,0.5246977713054307,0.16837198000844347,0.13674378560753034,0.1925113907163521
rh950,24,50-100,SE,58,0.5164503011969419,0.16001318130561237,0.11423314141406074,0.17757674616863944
rh950,24,50-100,S,51,0.5266453569469864,0.10666815042199464,0.07954316644122911,0.1318945516960663
rh950,24,50-100,SW,53,0.5144243401914786,0.04677540613763658,0.005370898062190967,0.09649305071688909
rh950,24,50-100,W,49,0.5057749086804577,0.010342831719736259,-0.014623800601475686,0.05185872594143073
rh950,24,50-100,NW,58,0.4844099925851542,0.0425732847354421,0.0030615699374633137,0.08106514152324895
rh950,24,100-200,N,189,0.4712137466519194,0.10854440852418185,0.07407026952626927,0.1501752815651436
rh950,24,100-200,NE,176,0.49092380395159074,0.17387103190168154,0.12964189127102183,0.20937276250279632
rh950,24,100-200,E,178,0.5087886146615181,0.21975291117910978,0.16631684155070242,0.2537472340765411
rh950,24,100-200,SE,167,0.5270827695507058,0.2120958646817901,0.15706324841033753,0.25733651389239787
rh950,24,100-200,S,189,0.5099234043556004,0.1508162326132348,0.10348137986837468,0.19640668342028375
rh950,24,100-200,SW,176,0.48749961262502517,0.07490501487748828,0.011715683437256782,0.13064733282569993
rh950,24,100-200,W,178,0.46596888136891956,0.03429778629171053,0.002534066885123389,0.07293606782660292
rh950,24,100-200,NW,167,0.474006372762643,0.06383655898861641,0.02932492963960852,0.09978487643715099
rh950,24,200-400,N,528,0.39200606840614466,0.10415657954759235,0.05746772950512627,0.13891271522739979
rh950,24,200-400,NE,525,0.47000326658261005,0.19648448003920488,0.15583835587423334,0.25591404770015697
rh950,24,200-400,E,536,0.5130817488860898,0.29585762617365907,0.22096230584474374,0.3446013596563394
rh950,24,200-400,SE,526,0.5048967101479178,0.2841069559615226,0.21723816594267636,0.33697861923631567
rh950,24,200-400,S,528,0.47678318495806804,0.20727040768034516,0.13411777230279154,0.25343703848770627
rh950,24,200-400,SW,525,0.43936540984690514,0.09709663314742929,0.02385022705977856,0.14823732001811193
rh950,24,200-400,W,536,0.40166853015825693,0.020671617814510653,-0.008536938845336527,0.05969144670422606
rh950,24,200-400,NW,526,0.37434858906457635,0.04278434538697424,0.011333178188297661,0.08804120925895137
rh950,24,400-800,N,1616,0.23172046794013862,0.07272105220287636,0.03834604520204146,0.10784529428159595
rh950,24,400-800,NE,1311,0.368804630744861,0.19488325570267853,0.130882763304036,0.27649979321124796
rh950,24,400-800,E,1564,0.4519573180302381,0.32300249765745914,0.2567707032882489,0.37569177554632827
rh950,24,400-800,SE,1493,0.4527746220655622,0.3018899534769034,0.2513621651542469,0.3414090558007331
rh950,24,400-800,S,1616,0.3418565277754219,0.16477864270589743,0.10650855267960674,0.22215916667575558
rh950,24,400-800,SW,1311,0.2883786602039566,0.05315500811151245,0.01296289233263858,0.10095079132338686
rh950,24,400-800,W,1564,0.25481714799320004,0.00952572275469359,-0.023586022142066915,0.04297859180583162
rh950,24,400-800,NW,1493,0.22068871745114138,0.009023251636806786,-0.012626114604935346,0.03462241752269599
rh950,24,800-1600,N,1293,0.09242203656200502,0.01136982374492929,-0.00931194229164009,0.047731258802172306
rh950,24,800-1600,NE,1807,0.19765004830441976,0.1301624148831596,0.08435087496715254,0.17651226356448949
rh950,24,800-1600,E,2485,0.2672367471635979,0.22292165553294463,0.17162264466139882,0.2819646340771726
rh950,24,800-1600,SE,1777,0.27383060744813764,0.1890796468814223,0.14380629799325026,0.25999987942101155
rh950,24,800-1600,S,1293,0.17773421478969492,0.08518778728152862,0.04733512550845396,0.1406767652788358
rh950,24,800-1600,SW,1807,0.09379490029301474,0.0017764449405466944,-0.023491780178383076,0.0312604766606589
rh950,24,800-1600,W,2485,0.11599502823447339,0.03292432941720157,0.00873770138511985,0.06374639663413859
rh950,24,800-1600,NW,1777,0.13256327298282242,0.013714600481964274,-0.00582766872401307,0.04147257581464378
rh950,24,>=1600,NE,227,0.09699313601375512,0.08364131032012168,0.04748511122672282,0.12874247320230225
rh950,24,>=1600,E,91,0.2165798167028328,0.17128418753854668,0.12696599297934155,0.206417210591527
rh950,24,>=1600,SE,86,0.20280879627938986,0.11994376426846248,0.09434031627570429,0.1357678358263832
rh950,24,>=1600,SW,227,0.0003360810048242789,-0.01653378148691335,-0.034503689061706075,0.0015585245948222326
rh950,24,>=1600,W,91,0.11132759450993208,0.06541980364433327,0.03780729879207449,0.10618285071251463
rh950,24,>=1600,NW,86,0.1615547290174329,0.05539253619498048,0.03659618440989666,0.09760329327805907
rh950,0,<50,all,50,0.9754224332249717,,,
rh950,0,50-100,all,211,0.9217552310821071,,,
rh950,0,100-200,all,710,0.8273983051295213,,,
rh950,0,200-400,all,2115,0.6683425444963179,,,
rh950,0,400-800,all,5984,0.42266550505866063,,,
rh950,0,800-1600,all,7362,0.1932000419022014,,,
rh950,0,>=1600,all,404,0.07412231439880664,,,
wind_speed,3,<50,N,16,0.8181383921087273,0.059207568797757265,0.030621405324487202,0.10983659154924666
wind_speed,3,<50,NE,11,0.8095664582567174,0.13775067603176142,0.1072925243810492,0.1630552220382715
wind_speed,3,<50,E,12,0.8296397585820686,0.16602465499357943,0.12656606428355316,0.1949619850339961
wind_speed,3,<50,SE,11,0.8419467827558472,0.18815706218792733,0.11913507453349476,0.2264539593627342
wind_speed,3,<50,S,16,0.8243066275307218,0.12741449400226132,0.06941440499241937,0.1605374948378353
wind_speed,3,<50,SW,11,0.7911097489623659,0.0627860639409803,0.03399015496680311,0.1177525765168476
wind_speed,3,<50,W,12,0.7913899716108699,0.038547296276766556,-0.008198307059266935,0.07137868694218827
wind_speed,3,<50,NW,11,0.7962496331916606,0.024211960884746853,-0.010305527402200254,0.06690007006105599
wind_speed,3,50-100,N,51,0.7033345028017948,0.09354248763840638,0.03481022877703787,0.1334154681334181
wind_speed,3,50-100,NE,53,0.7498949657486195,0.12990407335075785,0.09828224319161642,0.1770165110992272
wind_speed,3,50-100,E,49,0.759536375387691,0.2241325827719399,0.17571916079757724,0.2676800721894597
wind_speed,3,50-100,SE,58,0.7895412544009762,0.2668113097422883,0.23383494361662155,0.30649901151824016
wind_speed,3,50-100,S,51,0.7663582500716922,0.21626366510899492,0.16545661556404695,0.26635973132148894
wind_speed,3,50-100,SW,53,0.7369036535145933,0.13221085604933439,0.08130131183789997,0.19065639811952412
wind_speed,3,50-100,W,49,0.706507648273373,0.04968121900718937,0.021910452932649593,0.09649784587793862
wind_speed,3,50-100,NW,58,0.7048828736203036,0.05226055786180829,0.023002332646437043,0.0890676517159704
wind_speed,3,100-200,N,189,0.5736545903364634,0.08249918726000492,0.025924760933414576,0.13258084073170348
wind_speed,3,100-200,NE,176,0.6339948755313778,0.13986918969585538,0.09901893767771118,0.19875049463215547
wind_speed,3,100-200,E,178,0.6607827987644517,0.24464777772411206,0.17638364069238566,0.2828699639845613
wind_speed,3,100-200,SE,167,0.6536243188981805,0.2637060168532287,0.21303082611293456,0.2994519058350775
wind_speed,3,100-200,S,189,0.6429245008485496,0.2360010923468257,0.18443033953876434,0.27791979186299054
wind_speed,3,100-200,SW,176,0.6186989743881055,0.13064076675214636,0.08119809442940086,0.19233219287294262
wind_speed,3,100-200,W,178,0.5872411699632711,0.05396535807856505,0.030039554517635954,0.08707697945613461
wind_speed,3,100-200,NW,167,0.5666703052187092,0.047995409270460074,0.016593318692898637,0.08283498449834235
wind_speed,3,200-400,N,528,0.3688557170881086,0.040901675927556884,0.006267490328626814,0.07388116901642625
wind_speed,3,200-400,NE,525,0.45205568963794673,0.102483957481304,0.06581102579228412,0.13964571397772396
wind_speed,3,200-400,E,536,0.49342586374984443,0.2029041816739322,0.13477839031572436,0.245810344061789
wind_speed,3,200-400,SE,526,0.44609291748257596,0.20171192892573794,0.16727089234756354,0.23806389024141025
wind_speed,3,200-400,S,528,0.44802051185300407,0.1786071570388017,0.14506872103019486,0.21564629757112536
wind_speed,3,200-400,SW,525,0.4559108507552216,0.12049759218644769,0.08522262148620012,0.15566597783188335
wind_speed,3,200-400,W,536,0.40968570056684217,0.03307316623138118,0.010790929131268332,0.06531228663388156
wind_speed,3,200-400,NW,526,0.3404463948997757,0.02158382424323215,-0.0017182527915861616,0.04989135093081361
wind_speed,3,400-800,N,1616,0.1457245187678512,0.009567817936613196,-0.011253959795880187,0.02915312678726701
wind_speed,3,400-800,NE,1311,0.24223509344528626,0.0512794632526049,0.02006724076138265,0.09225318396783563
wind_speed,3,400-800,E,1564,0.2899744186757881,0.12714231877363547,0.0882997674309204,0.16023862373868247
wind_speed,3,400-800,SE,1493,0.2002890470382205,0.1076676970943363,0.08094716930647493,0.13590372773595344
wind_speed,3,400-800,S,1616,0.1922441329904156,0.07879143625689508,0.054613223527512626,0.10670062974631708
wind_speed,3,400-800,SW,1311,0.25694441640991966,0.07642231473993173,0.044149484646263434,0.10650606778787647
wind_speed,3,400-800,W,1564,0.2181523922435818,0.01685919297693584,-0.0057104234976386725,0.05264348723068234
wind_speed,3,400-800,NW,1493,0.13254461164421985,-0.0070988688493815255,-0.0215932388019013,0.011988789394778338
wind_speed,3,800-1600,N,1293,0.03150084140788805,0.0006552483250766796,-0.012920107584774722,0.010647047615695678
wind_speed,3,800-1600,NE,1807,0.05873959379336817,0.013752193241739407,-0.005363181037666292,0.0320057051195805
wind_speed,3,800-1600,E,2485,0.09891222122108681,0.03679838848440545,0.021297504494103826,0.060953655898069954
wind_speed,3,800-1600,SE,1777,0.06408219193798759,0.03161787751365376,0.015192829289508845,0.05939690825264697
wind_speed,3,800-1600,S,1293,0.05088890695617026,0.027914855332385313,0.012732030639487805,0.04373375492572861
wind_speed,3,800-1600,SW,1807,0.059170965299876525,0.020750502898138862,0.004021884174566092,0.048314054073691874
wind_speed,3,800-1600,W,2485,0.08407893119601494,0.019487860533810103,-0.0010858636585510428,0.038815629983427115
wind_speed,3,800-1600,NW,1777,0.04523266480590682,0.002353912007420628,-0.006447204332091698,0.011675444680072663
wind_speed,3,>=1600,NE,227,0.037970979738826245,0.017452132047463348,0.008219535835803777,0.026407638018992673
wind_speed,3,>=1600,E,91,0.03890145033723821,0.023994434174771796,0.018134923324751744,0.030423680003152112
wind_speed,3,>=1600,SE,86,0.012921685485348685,0.003936051789385603,-0.002524825291595074,0.01101185999100536
wind_speed,3,>=1600,SW,227,0.02813800028636096,0.0038381060011191495,-0.001930057090680362,0.009588252002761158
wind_speed,3,>=1600,W,91,0.02254536864545264,0.004772612271257339,-0.002301694735470171,0.021331959273646794
wind_speed,3,>=1600,NW,86,0.006464086183502964,0.0004063187252931095,-0.006098350027413962,0.005323103145605452
wind_speed,6,<50,N,16,0.655217665012681,0.0762748123888419,0.05166272962091344,0.12119660790470084
wind_speed,6,<50,NE,11,0.626137356643942,0.11719106308326378,0.08647627987640596,0.15918789931125554
wind_speed,6,<50,E,12,0.6528559128641055,0.15213030996432336,0.09178259003814704,0.1843857358933486
wind_speed,6,<50,SE,11,0.6710375081338239,0.13446924945997207,0.11511707529957159,0.19241823387838142
wind_speed,6,<50,S,16,0.6578445751793682,0.07769841797640996,0.027357535525147907,0.11970892741022715
wind_speed,6,<50,SW,11,0.6190858399050894,0.05565540593703882,0.01840955578321113,0.08576160998312707
wind_speed,6,<50,W,12,0.6137099896547036,0.020613814318308853,-0.016141504348091095,0.08134992296093399
wind_speed,6,<50,NW,11,0.6298053094019443,0.02911939813960708,-0.009792682642017225,0.07148637605496089
wind_speed,6,50-100,N,51,0.553125715212099,0.10220555355293386,0.034136272819063965,0.13957453709695142
wind_speed,6,50-100,NE,53,0.6017629062860612,0.13963636743763078,0.0962372658745118,0.18393314017357068
wind_speed,6,50-100,E,49,0.6135683912902512,0.21308799883409,0.1744831787342644,0.2497008451601096
wind_speed,6,50-100,SE,58,0.6484780478186529,0.2335299997571193,0.20871902877115614,0.26757056202940166
wind_speed,6,50-100,S,51,0.6132280680922075,0.18210878663159893,0.13936471744559345,0.21283120347239048
wind_speed,6,50-100,SW,53,0.5954878593532128,0.11592184890898781,0.057807175490920806,0.15311650601810628
wind_speed,6,50-100,W,49,0.5637714856006183,0.041142989209427445,0.017064833276688892,0.0872569164109243
wind_speed,6,50-100,NW,58,0.558625023318295,0.057646323332509075,0.02417119716758762,0.08467255561602476
wind_speed,6,100-200,N,189,0.48339503740099576,0.09611597631940808,0.03209676416761697,0.14768426144548494
wind_speed,6,100-200,NE,176,0.5287444264814279,0.1541255306224592,0.1002646493491233,0.21089379101760697
wind_speed,6,100-200,E,178,0.576446752741278,0.2513405110190192,0.19261504997984275,0.2868367602285502
wind_speed,6,100-200,SE,167,0.5779689054982835,0.266367558892383,0.22147924126406432,0.3028317465805893
wind_speed,6,100-200,S,189,0.5569134286194063,0.2303648625248911,0.18397720304844323,0.28525434264365285
wind_speed,6,100-200,SW,176,0.5080116922593956,0.12744167890920957,0.07941060922265997,0.18850334191510953
wind_speed,6,100-200,W,178,0.4681880110784946,0.05629592619701947,0.03431821553608344,0.09463191966509338
wind_speed,6,100-200,NW,167,0.4452393752279574,0.056460339164483155,0.02555484432360497,0.08779516854972508
wind_speed,6,200-400,N,528,0.30345044834069945,0.057521759506925986,0.017604434201798462,0.08802020800371
wind_speed,6,200-400,NE,525,0.39155726965547083,0.12097438608056484,0.07966477269624316,0.15935798679035343
wind_speed,6,200-400,E,536,0.4742400347465309,0.2426493241059096,0.16198106515319574,0.29179329911301655
wind_speed,6,200-400,SE,526,0.4457871554835451,0.2545445236225681,0.21549603427557484,0.29049557352715577
wind_speed,6,200-400,S,528,0.42780917597266344,0.21675183262864356,0.17602474598633475,0.25813388792934083
wind_speed,6,200-400,SW,525,0.40004849126951925,0.13858667621446258,0.09925507974656254,0.18016242350724712
wind_speed,6,200-400,W,536,0.33075477507859785,0.043134650575461134,0.019047409119127088,0.07582114628946401
wind_speed,6,200-400,NW,526,0.2709684357030746,0.03459761661674079,0.011176116345139086,0.06272484766174882
wind_speed,6,400-800,N,1616,0.11412144182364364,0.015728198461700094,-0.012462556699083322,0.04143110321539681
wind_speed,6,400-800,NE,1311,0.21133868977211445,0.06524924290549819,0.026816493059675883,0.1155222949748752
wind_speed,6,400-800,E,1564,0.2990503027349514,0.17049094879373894,0.1213717517922732,0.2122203375901946
wind_speed,6,400-800,SE,1493,0.2254867147707311,0.15271557985493822,0.11406027247244319,0.1865591248348844
wind_speed,6,400-800,S,1616,0.19900236890915146,0.10460179234198946,0.07417316385411715,0.14178164528325216
wind_speed,6,400-800,SW,1311,0.24214915515884786,0.09985593751983976,0.05897929154625108,0.13803955705577436
wind_speed,6,400-800,W,1564,0.1768831020986102,0.027053947000283803,0.0007443460109392399,0.07015113172885494
wind_speed,6,400-800,NW,1493,0.10303666733869844,-0.0014522507304214397,-0.01839309571824677,0.02230079974902693
wind_speed,6,800-1600,N,1293,0.026067605682091894,0.003967170573705031,-0.015600798284961056,0.018775214831849702
wind_speed,6,800-1600,NE,1807,0.05333980927558853,0.01919538857597277,-0.00652189230376406,0.039718646846166446
wind_speed,6,800-1600,E,2485,0.102435581322372,0.05365132539808055,0.03265662723612579,0.09003799444172195
wind_speed,6,800-1600,SE,1777,0.07557377478614319,0.05073363506539111,0.026454993560241242,0.08792036217354644
wind_speed,6,800-1600,S,1293,0.061078363147216395,0.04213266243808487,0.020017387818782862,0.061818920345094175
wind_speed,6,800-1600,SW,1807,0.05611736045623232,0.029410121239615946,0.005065674969189009,0.06780232846568737
wind_speed,6,800-1600,W,2485,0.07356985925505173,0.030281189798131502,0.002661165863467437,0.05443972386327838
wind_speed,6,800-1600,NW,1777,0.037988110127016035,0.005693448373528368,-0.00438785043654796,0.018395780715171367
wind_speed,6,>=1600,NE,227,0.03730004038097749,0.020688121810291497,0.0102920178071989,0.031046231582725292
wind_speed,6,>=1600,E,91,0.04325996039923897,0.03159548517113027,0.022911761628688864,0.04209847235805204
wind_speed,6,>=1600,SE,86,0.011908160249891962,0.007463128682085788,-0.00379154844577826,0.015622812828136224
wind_speed,6,>=1600,SW,227,0.02056136357622997,0.0036022086271497943,-0.002105858996630115,0.011366498781139291
wind_speed,6,>=1600,W,91,0.014772970391969393,0.005128387506029592,-0.0012581847729381686,0.03115196028557149
wind_speed,6,>=1600,NW,86,0.003156710147269855,-0.0026689589436285142,-0.008226619986469178,0.002928897034458604
wind_speed,12,<50,N,16,0.43943674879399963,0.051705911344722424,0.03300610186130356,0.08169087336655347
wind_speed,12,<50,NE,11,0.40182211706869125,0.07475080199797607,0.019087295671178957,0.11769098561772383
wind_speed,12,<50,E,12,0.4344691082945107,0.12083529932261917,0.10298917876073922,0.14003530653106103
wind_speed,12,<50,SE,11,0.4467676975660038,0.12073687688108974,0.07404842342796074,0.12449193347205985
wind_speed,12,<50,S,16,0.4328443993860286,0.029517290020072362,0.013453994732625608,0.050980331710591076
wind_speed,12,<50,SW,11,0.40826909861308514,0.0486194863563133,0.01088935497150121,0.0763136584597667
wind_speed,12,<50,W,12,0.3937468523715782,-0.004462714819005164,-0.036614205312089886,0.03138276393177444
wind_speed,12,<50,NW,11,0.4207986631198,0.006241323162340666,-0.002256152111726217,0.03348324168439451
wind_speed,12,50-100,N,51,0.3509955724633102,0.06622744708989911,0.03357863813127801,0.09196035910330093
wind_speed,12,50-100,NE,53,0.3853511010918173,0.10151817469057106,0.06392596640868528,0.13876835822967756
wind_speed,12,50-100,E,49,0.41039593799305224,0.14514071298872347,0.10991164332290108,0.18664013546963512
wind_speed,12,50-100,SE,58,0.4307403963088748,0.16895397633104597,0.1385108810913714,0.18391179387989232
wind_speed,12,50-100,S,51,0.4014402842039835,0.10920047964323354,0.08385157333600136,0.1483391845801298
wind_speed,12,50-100,SW,53,0.38381397163223935,0.060771149305747944,0.028879223648380452,0.0910152489359586
wind_speed,12,50-100,W,49,0.3540833836565394,0.021689443564892285,0.00010051346721691493,0.05663162035243086
wind_speed,12,50-100,NW,58,0.350757698956648,0.029628250964031343,0.010307440293982291,0.055156485686428516
wind_speed,12,100-200,N,189,0.32552036467672824,0.07520736689901103,0.04088416490456834,0.11809437643190507
wind_speed,12,100-200,NE,176,0.35609034683613194,0.1259735608255937,0.0748055301589115,0.16652007059462642
wind_speed,12,100-200,E,178,0.41308593683378775,0.1990666223183632,0.14889663873256698,0.23427889466831248
wind_speed,12,100-200,SE,167,0.4258112430331857,0.20373209493076447,0.15957084062519122,0.23136169380580665
wind_speed,12,100-200,S,189,0.38831314848564985,0.1680369538442126,0.13637726204652054,0.2000190667131384
wind_speed,12,100-200,SW,176,0.34076516511558025,0.0866555557809495,0.05278109424445243,0.13634956098794282
wind_speed,12,100-200,W,178,0.2954948258124412,0.033664078399787425,0.013202274891717016,0.06642383361038207
wind_speed,12,100-200,NW,167,0.29301522647128597,0.03956357694324642,0.022082586712348064,0.058881812470283956
wind_speed,12,200-400,N,528,0.19913097449248068,0.05707108418981205,0.021426478573474995,0.08144928041052088
wind_speed,12,200-400,NE,525,0.27945480526697103,0.11224131840629649,0.05795071215081928,0.14560888131973918
wind_speed,12,200-400,E,536,0.3701045091977677,0.2187046849229847,0.1425518771384323,0.27007698126383617
wind_speed,12,200-400,SE,526,0.3665363267203105,0.23446435095656615,0.19450210593936904,0.27035466177028994
wind_speed,12,200-400,S,528,0.32931173536628666,0.18253299842489884,0.14560779432553356,0.21493280185009064
wind_speed,12,200-400,SW,525,0.2905332732738578,0.1158385132137746,0.07312631907569685,0.1528202633001726
wind_speed,12,200-400,W,536,0.21910502100650003,0.03712414255733665,0.012196831605928039,0.0709626347280316
wind_speed,12,200-400,NW,526,0.17571800228821882,0.03369503314828331,0.008484415671148042,0.0589600397854137
wind_speed,12,400-800,N,1616,0.07415559280359951,0.01542375422821785,-0.016325336527735535,0.04485499077358096
wind_speed,12,400-800,NE,1311,0.1521387340802827,0.059241364388489655,0.013653242821849498,0.10684806452564193
wind_speed,12,400-800,E,1564,0.2796377036880042,0.1876250660422507,0.13091962148759784,0.23353900099751074
wind_speed,12,400-800,SE,1493,0.23703270736354898,0.1842167956613604,0.14320431645702963,0.22497612801373573
wind_speed,12,400-800,S,1616,0.18335672080646115,0.12111382565591314,0.08632435837455464,0.16198738733807277
wind_speed,12,400-800,SW,1311,0.19260700728035338,0.10325598388822534,0.05538246907094381,0.1487469736227619
wind_speed,12,400-800,W,1564,0.12215424642531605,0.03065350335785556,0.005597320002502947,0.072289062478103
wind_speed,12,400-800,NW,1493,0.06375254964682585,0.0030076852839650476,-0.014535756569308682,0.024964394465339167
wind_speed,12,800-1600,N,1293,0.018643158867072476,0.006200409785227718,-0.015880681025498472,0.027018215297102327
wind_speed,12,800-1600,NE,1807,0.03709428242663216,0.013328415825079584,-0.014304108606184918,0.040363366682371254
wind_speed,12,800-1600,E,2485,0.10865189393090617,0.07788006232041778,0.04561902231079887,0.12132371034913701
wind_speed,12,800-1600,SE,1777,0.10159280712764723,0.08508033595177039,0.05330538583619833,0.1272727977499225
wind_speed,12,800-1600,S,1293,0.07435161636403896,0.05918564954153468,0.0318199540779941,0.08334822549513765
wind_speed,12,800-1600,SW,1807,0.05230807624708185,0.038790742288137295,0.005770963894525138,0.08743542639617688
wind_speed,12,800-1600,W,2485,0.06209101188448665,0.036712635945769845,0.004563255097559563,0.06290938219319964
wind_speed,12,800-1600,NW,1777,0.0271069820783405,0.008645857044349921,-0.004156869266025847,0.020541508801518324
wind_speed,12,>=1600,NE,227,0.028478820608917155,0.017748458472980556,0.004501635803569137,0.02947216798969665
wind_speed,12,>=1600,E,91,0.04779225804591416,0.03932920871631675,0.026052702924744243,0.04810562411693682
wind_speed,12,>=1600,SE,86,0.024311848530258008,0.02153520263704305,0.003663076334245118,0.03218515216104112
wind_speed,12,>=1600,SW,227,0.00961935714680709,0.0022819607317616478,-0.005130679276609339,0.012125943456087456
wind_speed,12,>=1600,W,91,0.007178641777460761,0.0035228333872589124,-0.004689535162269572,0.038112840269588416
wind_speed,12,>=1600,NW,86,-0.005432905284264858,-0.009304275079404225,-0.015447408132592915,0.00015081484876436766
wind_speed,24,<50,N,16,0.270552797906071,0.03459575179792756,0.026072209621692426,0.043137628316311676
wind_speed,24,<50,NE,11,0.2375745063960287,0.04161045245006132,0.012525614959761426,0.04791865227233659
wind_speed,24,<50,E,12,0.2548489386188006,0.04150237624519377,0.02997652797013743,0.06427491439923735
wind_speed,24,<50,SE,11,0.27259584828541217,0.051402666692096186,0.03178262329871431,0.0628203864603768
wind_speed,24,<50,S,16,0.25988475465626226,0.018985890743354373,0.0027288571281221287,0.026016212116814645
wind_speed,24,<50,SW,11,0.2123260919551699,0.02076763557679387,0.0037646782645388323,0.0357991358806143
wind_speed,24,<50,W,12,0.21965502392706052,1.704153282300314e-05,-0.01406492115338406,0.016536182320217745
wind_speed,24,<50,NW,11,0.2555738647776728,-0.0012842532015115064,-0.012179469333132565,0.013861914578084548
wind_speed,24,50-100,N,51,0.20618700080659771,0.03608028568192421,0.010026358572486072,0.05665080521957054
wind_speed,24,50-100,NE,53,0.22139071124467827,0.052439635816646644,0.029468336294842756,0.07212553711628955
wind_speed,24,50-100,E,49,0.22739959259974046,0.06664140124811858,0.037463455553724816,0.08600810347105498
wind_speed,24,50-100,SE,58,0.23699996737640922,0.06995729418134072,0.04733314237120241,0.08790717399143905
wind_speed,24,50-100,S,51,0.20360411243202953,0.05230359856376642,0.03029338092103795,0.08252277547817827
wind_speed,24,50-100,SW,53,0.21388968611701503,0.032331481521906,0.015230917888281603,0.057741619176182576
wind_speed,24,50-100,W,49,0.1975043248211742,0.016215547587037856,0.00015887960202238088,0.03415368854106975
wind_speed,24,50-100,NW,58,0.20401770557333798,0.022192570267469833,0.006152035294707241,0.03358584385676835
wind_speed,24,100-200,N,189,0.18571914990438626,0.04464385222270227,0.017256383408594395,0.07068138798203913
wind_speed,24,100-200,NE,176,0.20743000456813354,0.06774946420196667,0.019899605678181824,0.09356159751349147
wind_speed,24,100-200,E,178,0.2285618028928273,0.09237009672754423,0.05764175978757016,0.11640292699265926
wind_speed,24,100-200,SE,167,0.2231533362144671,0.0939375838895418,0.06758798527845303,0.11696948165266019
wind_speed,24,100-200,S,189,0.21601129967184085,0.08319698016259888,0.05554329473270029,0.10388240386278348
wind_speed,24,100-200,SW,176,0.1708842552012123,0.04970603232476613,0.017305207320665112,0.07611451715102864
wind_speed,24,100-200,W,178,0.1589421591602529,0.028193451181038356,0.008853110171843783,0.04587179181183748
wind_speed,24,100-200,NW,167,0.15992875948558904,0.027708017805338516,0.006541674436031899,0.04119207620855109
wind_speed,24,200-400,N,528,0.11059818646089858,0.03628936992648384,0.010711837618336249,0.06304321759379454
wind_speed,24,200-400,NE,525,0.1572952082132006,0.05729917199147477,0.01859658681388149,0.09340284973411608
wind_speed,24,200-400,E,536,0.20343767786293138,0.10742023537620449,0.06061511106329552,0.13818930264464496
wind_speed,24,200-400,SE,526,0.20252581786423512,0.11750556830778758,0.08517554122331228,0.14784436569900364
wind_speed,24,200-400,S,528,0.18016675597892096,0.09372688624579456,0.07098519117237678,0.11910605954258172
wind_speed,24,200-400,SW,525,0.15991829870837743,0.07051355584595558,0.027464419268044615,0.0995194781651597
wind_speed,24,200-400,W,536,0.12303885117890781,0.03188795645744654,0.014150156085802374,0.052352810341926945
wind_speed,24,200-400,NW,526,0.09405007336545254,0.024699812699814132,0.00805153812506172,0.043073357691221795
wind_speed,24,400-800,N,1616,0.045166300905007555,0.01478740103673693,-0.011913666098046626,0.04264174167253628
wind_speed,24,400-800,NE,1311,0.0860298132670784,0.03787290639340122,-0.0027529390069740323,0.07135539319454003
wind_speed,24,400-800,E,1564,0.17235539316348977,0.110529068835055,0.0671425862707465,0.14679272434298507
wind_speed,24,400-800,SE,1493,0.15982941424498068,0.12562573984952027,0.09616803213128808,0.15440478389164716
wind_speed,24,400-800,S,1616,0.12268138453059385,0.088462043268102,0.049465106464644235,0.12116786805782125
wind_speed,24,400-800,SW,1311,0.1163958410481094,0.07008239102735621,0.03229653376785606,0.11597999759538583
wind_speed,24,400-800,W,1564,0.07493032660046131,0.027431583442071965,0.0086066270352189,0.05443892480612556
wind_speed,24,400-800,NW,1493,0.037749214714035445,0.007182217294651456,-0.006375719970015141,0.019495621810011562
wind_speed,24,800-1600,N,1293,0.014339272773180046,0.008817819687264687,-0.012028143269212472,0.0327525585421649
wind_speed,24,800-1600,NE,1807,0.025137726840289382,0.011805416150956427,-0.012971339924642725,0.040055038018149886
wind_speed,24,800-1600,E,2485,0.09886823033901602,0.07774508577017566,0.04077503037662351,0.11770661488508723
wind_speed,24,800-1600,SE,1777,0.11382217420408974,0.10015049801636729,0.0672387819231645,0.12696037561903406
wind_speed,24,800-1600,S,1293,0.06840878623545321,0.05898159870304902,0.03971033754453349,0.0831997062432078
wind_speed,24,800-1600,SW,1807,0.05270881930820742,0.04417475271365879,0.009167291867798032,0.07484846891783115
wind_speed,24,800-1600,W,2485,0.03555529721198636,0.019768634243271445,-0.0034283007450845344,0.05532827866377885
wind_speed,24,800-1600,NW,1777,0.011111179513655717,0.0025003958225300934,-0.012117989274857102,0.015966590249527644
wind_speed,24,>=1600,NE,227,0.02237124498119739,0.01750178324281571,-0.000772725441031746,0.03736064564256398
wind_speed,24,>=1600,E,91,0.06360279010946408,0.05623596218447397,0.019850659732870604,0.06895714361076177
wind_speed,24,>=1600,SE,86,0.0607394136710874,0.06265996330211349,0.032660718609619305,0.08276920547527433
wind_speed,24,>=1600,SW,227,0.008963653260857875,0.005151870075603796,-0.003644495993609758,0.017322429879388278
wind_speed,24,>=1600,W,91,0.013847805752319878,0.011072989043004161,-0.000768784371100017,0.03994774365720965
wind_speed,24,>=1600,NW,86,-0.00341119530773055,-0.005551954806393684,-0.017690042744707174,0.0033113861852579187
wind_speed,0,<50,all,50,0.9500489881797106,,,
wind_speed,0,50-100,all,211,0.8403996335185754,,,
wind_speed,0,100-200,all,710,0.669436423800976,,,
wind_speed,0,200-400,all,2115,0.449020042281319,,,
wind_speed,0,400-800,all,5984,0.21186228016975273,,,
wind_speed,0,800-1600,all,7362,0.06326743706720353,,,
wind_speed,0,>=1600,all,404,0.028541123677725287,,,
wind_u,3,<50,N,16,0.9110817393027614,0.05407548237651248,0.013494431378804916,0.10151470916687029
wind_u,3,<50,NE,11,0.8675274310856675,0.10372504369636215,0.08505438752062743,0.1972300245368153
wind_u,3,<50,E,12,0.8868812663780428,0.18525184206883757,0.13222418904135153,0.22673374086738157
wind_u,3,<50,SE,11,0.9231724513835202,0.1459012438578342,0.10149808245763325,0.22526979198886454
wind_u,3,<50,S,16,0.9105177797917372,0.09113727506173286,0.014810399746815344,0.14002196003663903
wind_u,3,<50,SW,11,0.8564758744703688,0.07199296517992773,0.003796385550958726,0.08144884798326568
wind_u,3,<50,W,12,0.8684556530067431,-0.005593125835377098,-0.0414841497411957,0.060564562741297186
wind_u,3,<50,NW,11,0.9109855220900164,0.01616713271708906,-0.01811770658796476,0.07061915894385085
wind_u,3,50-100,N,51,0.8184541935105917,0.07962273225712975,0.040421578619905606,0.13913433607683606
wind_u,3,50-100,NE,53,0.8235955910386351,0.14217095676787245,0.0862549107111752,0.20362725960945638
wind_u,3,50-100,E,49,0.8507437623961921,0.22484912673831078,0.1554150955763728,0.28261698881006303
wind_u,3,50-100,SE,58,0.8783275345408327,0.24076528450559376,0.18253847428055803,0.28223001422635463
wind_u,3,50-100,S,51,0.8499777919332627,0.16464733134727597,0.1027539691562249,0.20821954501134685
wind_u,3,50-100,SW,53,0.8384506342156991,0.12013528595443565,0.047888727890562324,0.17432124071272975
wind_u,3,50-100,W,49,0.8323695378028405,0.07542296359859389,0.03959626094370964,0.12373120205149238
wind_u,3,50-100,NW,58,0.8283304473170943,0.04863989881885995,0.015620593905724334,0.07212465036398094
wind_u,3,100-200,N,189,0.717616142004692,0.09696627521478438,0.034590629964886724,0.15018245311869374
wind_u,3,100-200,NE,176,0.7309766291514991,0.16927453256647912,0.12027106456167118,0.2193344319468323
wind_u,3,100-200,E,178,0.783248534929825,0.2578720178355529,0.20010760167325037,0.3237030786075258
wind_u,3,100-200,SE,167,0.7968988794236125,0.26334794923956717,0.19500050530194463,0.3054241835089231
wind_u,3,100-200,S,189,0.7468784860707113,0.1849136721529741,0.12727301833063792,0.2530206038100187
wind_u,3,100-200,SW,176,0.7066875550119733,0.11734030066556042,0.05626912278139429,0.1768321416696195
wind_u,3,100-200,W,178,0.7380930140714179,0.07064829778482884,0.019541208597049112,0.12395485060073759
wind_u,3,100-200,NW,167,0.7377977647522969,0.06688724524337009,0.03954663870186337,0.10504599584895954
wind_u,3,200-400,N,528,0.5555078281371496,0.08225912495069301,0.034656438423981056,0.12149795965658723
wind_u,3,200-400,NE,525,0.5709259240722568,0.14425224512992676,0.08794224452535244,0.18546423376694174
wind_u,3,200-400,E,536,0.6287633568539672,0.22576021845325767,0.1675345043497337,0.2773147297382368
wind_u,3,200-400,SE,526,0.6536659961455101,0.22350190900488914,0.18404804253164955,0.2640876765913155
wind_u,3,200-400,S,528,0.5893973118176594,0.15423587141705136,0.10841838633145352,0.21435222399140608
wind_u,3,200-400,SW,525,0.5439447505600508,0.09808807661178585,0.047523724736052236,0.15623264906652165
wind_u,3,200-400,W,536,0.5770192128817502,0.04920225918280484,0.01382050280118688,0.08681300303642034
wind_u,3,200-400,NW,526,0.5787836585641226,0.05200654619446692,0.023622320626788502,0.08489077008581819
wind_u,3,400-800,N,1616,0.3230027553763555,0.05233971890315306,0.020393286555834188,0.08989958011005807
wind_u,3,400-800,NE,1311,0.33681507432363655,0.08008561700696726,0.02965351277374983,0.1223145519860093
wind_u,3,400-800,E,1564,0.44117043621255775,0.16476861360876424,0.10205360719266653,0.20930997481319202
wind_u,3,400-800,SE,1493,0.4620093319868974,0.17929523778179526,0.1357504581866172,0.21449708362774234
wind_u,3,400-800,S,1616,0.34003808296416094,0.08864126288906751,0.04239194840325807,0.13202421094748462
wind_u,3,400-800,SW,1311,0.3367091058588762,0.0803266280078589,0.03366979581315534,0.12321469161275435
wind_u,3,400-800,W,1564,0.37455805990191,0.02852009111857067,-0.0012207539702645952,0.06162563078139805
wind_u,3,400-800,NW,1493,0.39212085685401515,0.024567488948396447,-0.0016232289975032287,0.047470754639405505
wind_u,3,800-1600,N,1293,0.1407678287567302,0.025937435303650117,0.004386244299310112,0.051819817919913386
wind_u,3,800-1600,NE,1807,0.08678765254018703,0.011679599521492657,-0.006706712125329868,0.034031855147310365
wind_u,3,800-1600,E,2485,0.15273120502760115,0.05864947004874961,0.03431285151318276,0.09619059447972335
wind_u,3,800-1600,SE,1777,0.2664373449055939,0.13003737785144223,0.09752536961664568,0.16294614165633223
wind_u,3,800-1600,S,1293,0.1465883780271876,0.04386795897396188,0.00585407645837484,0.07938565977449734
wind_u,3,800-1600,SW,1807,0.09996543201797069,0.03717002964419458,0.004143878108164998,0.07012801855689639
wind_u,3,800-1600,W,2485,0.13083746935574272,0.012708106434929315,-0.017758964000340622,0.04047876674826602
wind_u,3,800-1600,NW,1777,0.20890985450985725,-0.005227173616354761,-0.03067751859916152,0.01739406414076713
wind_u,3,>=1600,NE,227,-0.006756393673824208,0.007956041528701751,-0.00356456121497703,0.023349447709392415
wind_u,3,>=1600,E,91,0.057195510816951234,0.05022472268161916,0.010984960281153755,0.06554816551272336
wind_u,3,>=1600,SE,86,0.08687583361002249,0.06298929834313066,0.043265116848966875,0.07344350788011063
wind_u,3,>=1600,SW,227,-0.013472688883863548,-0.004930691053955875,-0.018098903567723226,0.007258995896364585
wind_u,3,>=1600,W,91,0.051292584599013126,0.011653219962459911,-0.014564785692003217,0.020049859375423737
wind_u,3,>=1600,NW,86,0.0538722530495801,-0.01718364591213807,-0.027019295440055414,-0.006297259714738997
wind_u,6,<50,N,16,0.8144967713701661,0.090510053316378,0.053797105903570626,0.13624178102859597
wind_u,6,<50,NE,11,0.7441575451516876,0.15581848328661557,0.092277466639922,0.21637250127920088
wind_u,6,<50,E,12,0.7769406859828784,0.17089256480805964,0.1369575862976618,0.21603576503847632
wind_u,6,<50,SE,11,0.8267309877432618,0.11825543931108655,0.0972028526736477,0.20171833361007907
wind_u,6,<50,S,16,0.8055099793173774,0.04282322830633858,-0.011796296263736919,0.08825661985628425
wind_u,6,<50,SW,11,0.7468877765656488,0.02043781772705992,-0.0057425007259896705,0.07755650897420147
wind_u,6,<50,W,12,0.7396933863697635,-0.009890264654873136,-0.06215706175205243,0.05035162461419242
wind_u,6,<50,NW,11,0.8107787354931786,0.029951618554704226,-0.01726121891658673,0.07351989553745668
wind_u,6,50-100,N,51,0.7032016142893313,0.11669779582128743,0.05898974133287202,0.19103773872687757
wind_u,6,50-100,NE,53,0.7455446785686292,0.1852644595681876,0.1167437107906819,0.24533564323059984
wind_u,6,50-100,E,49,0.7639563507617577,0.230240193884119,0.15816633201868294,0.2909243919816225
wind_u,6,50-100,SE,58,0.7731144519920949,0.21528442766331835,0.14584087404392285,0.26769676420035615
wind_u,6,50-100,S,51,0.7394837197421088,0.14041801208316895,0.06772114970696844,0.17711391496506565
wind_u,6,50-100,SW,53,0.7198369134247313,0.09470745181397384,0.01747965620955314,0.15022072400845907
wind_u,6,50-100,W,49,0.7276847711305837,0.0640703466330482,6.472962986612216e-05,0.10575386713596505
wind_u,6,50-100,NW,58,0.7076219048510277,0.05654626826658946,0.015587011189489196,0.08732033398710035
wind_u,6,100-200,N,189,0.6376050639052403,0.13311451517946885,0.05922212561666725,0.18815665879439153
wind_u,6,100-200,NE,176,0.663112715179105,0.20167574647559153,0.14434644649737952,0.26519946215940543
wind_u,6,100-200,E,178,0.7262539150282517,0.27758662940116086,0.20315987652766127,0.33613805517586526
wind_u,6,100-200,SE,167,0.7314043860274781,0.2671642640006503,0.20659529452689612,0.30919117912754557
wind_u,6,100-200,S,189,0.6829190787569385,0.19207015391092389,0.12591630113909366,0.26774640717352155
wind_u,6,100-200,SW,176,0.6295676168672905,0.12955179324919447,0.05784031415792681,0.19374977066630783
wind_u,6,100-200,W,178,0.6433135810840569,0.08009144576624264,0.009884829924655125,0.1256824482002875
wind_u,6,100-200,NW,167,0.6493122655028312,0.0826161653808866,0.04610794887315359,0.12487040906108714
wind_u,6,200-400,N,528,0.5115998534712458,0.1072305496075372,0.05456194819478115,0.16551776362222706
wind_u,6,200-400,NE,525,0.5379628090145891,0.18392809095488177,0.10795358230806003,0.23411834474663998
wind_u,6,200-400,E,536,0.6018098811717019,0.26930899800874575,0.19068442443489456,0.32170120783623785
wind_u,6,200-400,SE,526,0.6366723370018847,0.2712039797672074,0.22088517540365588,0.3144548459503288
wind_u,6,200-400,S,528,0.56195228493551,0.19312921275448966,0.12917021982504454,0.26367676881545005
wind_u,6,200-400,SW,525,0.49775472491001793,0.12229555221968187,0.05761765386564626,0.19174050387741196
wind_u,6,200-400,W,536,0.5035640991124954,0.06209748788124821,0.017422767439845693,0.10425014514377555
wind_u,6,200-400,NW,526,0.5070217505160531,0.07094185326148282,0.04013775842138802,0.10853098200735317
wind_u,6,400-800,N,1616,0.30010729626266475,0.07577163852628216,0.0367980792695314,0.12490154679258084
wind_u,6,400-800,NE,1311,0.32243916340111256,0.10732387785233814,0.044661152251478854,0.1662835138170195
wind_u,6,400-800,E,1564,0.44832600814221374,0.21831315865036338,0.13839213085293794,0.2733289207291805
wind_u,6,400-800,SE,1493,0.4768482664978923,0.2371714454683849,0.18290904533225477,0.2834911040934222
wind_u,6,400-800,S,1616,0.3302890279905991,0.12000632595974706,0.05467162016166571,0.177865827689214
wind_u,6,400-800,SW,1311,0.31995776991402414,0.11146881546516606,0.04794483299584115,0.16741138362949906
wind_u,6,400-800,W,1564,0.3246770038726382,0.04002050751068696,0.0027517666967992404,0.07955779171285961
wind_u,6,400-800,NW,1493,0.34360946562624467,0.043497144063244585,0.00943842664567305,0.06776618723765779
wind_u,6,800-1600,N,1293,0.1284567316721013,0.038510164323211526,0.010200850106373248,0.07365512799972782
wind_u,6,800-1600,NE,1807,0.0806495998844558,0.019327989998047777,-0.0014890524212586164,0.048305604359323406
wind_u,6,800-1600,E,2485,0.15876245915901657,0.08147120843013551,0.04903530461812739,0.13978689703411415
wind_u,6,800-1600,SE,1777,0.2935600055168334,0.18437017517512289,0.13961504070359074,0.22679696552832526
wind_u,6,800-1600,S,1293,0.14926883708222674,0.06339178998029801,0.009198592421625339,0.11525007644012719
wind_u,6,800-1600,SW,1807,0.10403765933584733,0.05484637632562189,0.007338446933728851,0.10103932787739152
wind_u,6,800-1600,W,2485,0.11444439649686318,0.018513372345750265,-0.02045674101010627,0.0553538927031764
wind_u,6,800-1600,NW,1777,0.1829284367386026,0.0031713495032651058,-0.0269126408755318,0.030220502539315394
wind_u,6,>=1600,NE,227,-0.0014667487933971626,0.010331610447378892,0.00038992509606790564,0.028954629287204242
wind_u,6,>=1600,E,91,0.07391699138493833,0.06101855813651235,0.017929065715777008,0.08570187105457888
wind_u,6,>=1600,SE,86,0.10887367590142141,0.09351080148383308,0.06989537627451897,0.11377266820885693
wind_u,6,>=1600,SW,227,-0.009997868665027877,-0.005221667581492589,-0.025145121480822954,0.011314920223508572
wind_u,6,>=1600,W,91,0.0413883785156812,0.017014694411348886,-0.015632014395786514,0.028941687638710578
wind_u,6,>=1600,NW,86,0.04332688048246453,-0.015800927429593097,-0.026557165685215496,-0.0004033462102365669
wind_u,12,<50,N,16,0.6216804539713434,0.08384320343917866,0.05760682462796636,0.11311923132665555
wind_u,12,<50,NE,11,0.5291700769322283,0.13624671742852681,0.07650539300509063,0.18486257507499826
wind_u,12,<50,E,12,0.5864522861215157,0.16082203043617654,0.09111366477377984,0.18883135225472164
wind_u,12,<50,SE,11,0.6305048387313271,0.10680451610574171,0.07357525450907468,0.16165465106660448
wind_u,12,<50,S,16,0.6053820395055373,0.020678603981760205,-0.032474254081548574,0.03588913025624954
wind_u,12,<50,SW,11,0.5549746473320699,0.03438011401523407,-0.05557941716432076,0.03962551109825793
wind_u,12,<50,W,12,0.5536708000901368,-0.04126669058136748,-0.09309308140578848,0.022063827823292644
wind_u,12,<50,NW,11,0.6128813661287138,0.01978414140714775,-0.0182880195403569,0.033138795132115935
wind_u,12,50-100,N,51,0.5346157159011692,0.1063659109928193,0.050767348000447396,0.18246407226729572
wind_u,12,50-100,NE,53,0.5718739529999146,0.15880126738077036,0.12152449844726443,0.2343724406833304
wind_u,12,50-100,E,49,0.5975866128520101,0.19396378414203908,0.13582549626156987,0.2549707944839385
wind_u,12,50-100,SE,58,0.5837715124546152,0.15943561869629758,0.10715767033859018,0.20110868803354445
wind_u,12,50-100,S,51,0.5384735228936831,0.09372447108399003,0.02345649248285336,0.12742940254393365
wind_u,12,50-100,SW,53,0.5230620869029977,0.021728978279904936,-0.024695827639971746,0.08953542654730162
wind_u,12,50-100,W,49,0.5235323684597801,0.016408271305179658,-0.05902029854801851,0.06513161968124712
wind_u,12,50-100,NW,58,0.5204579033895338,0.02709201848165639,-0.0037542684008608114,0.07339935987845636
wind_u,12,100-200,N,189,0.478968234041905,0.12321737718154795,0.04485977980544255,0.18402451172614026
wind_u,12,100-200,NE,176,0.5210075977545798,0.18571844573116356,0.11759351536295568,0.26357464105088824
wind_u,12,100-200,E,178,0.5698042295671568,0.2417299184191235,0.16461540242416328,0.2969473136543187
wind_u,12,100-200,SE,167,0.5771697539010632,0.21207713474219833,0.16123738431638995,0.24973752788985748
wind_u,12,100-200,S,189,0.5227500312788588,0.14583337387829076,0.07303655279522188,0.20918849240394155
wind_u,12,100-200,SW,176,0.46430846066968107,0.07750002114692321,0.01124894865582754,0.13444494429379117
wind_u,12,100-200,W,178,0.4705917458567267,0.0367726396860088,-0.03448032498302756,0.08860870863281323
wind_u,12,100-200,NW,167,0.4807749063230548,0.055634282399529715,0.021686880083480995,0.10068718780525873
wind_u,12,200-400,N,528,0.4122181758991764,0.10631235119977059,0.05918619949160574,0.18216189669820967
wind_u,12,200-400,NE,525,0.45229888939569934,0.19483288913881988,0.10636267176098302,0.26178050307406625
wind_u,12,200-400,E,536,0.5176247879298068,0.26564915429040237,0.1821356623922083,0.32565594294613864
wind_u,12,200-400,SE,526,0.5314908449354546,0.24826895343198968,0.19718292121157222,0.2964736483575443
wind_u,12,200-400,S,528,0.45669623770483475,0.17766542125324264,0.09974347987291625,0.245842133326091
wind_u,12,200-400,SW,525,0.37905054956285356,0.10015018349655769,0.022892209793798354,0.17448064117458878
wind_u,12,200-400,W,536,0.36436635403437767,0.04435695853674897,-0.006989503926859708,0.086963526012621
wind_u,12,200-400,NW,526,0.3795224992038035,0.06379274779541055,0.022013735250388765,0.0984570046600784
wind_u,12,400-800,N,1616,0.2577032636161719,0.08951163656993852,0.042754280918406926,0.15245920654462677
wind_u,12,400-800,NE,1311,0.2855830855022807,0.1274048241925006,0.050178818397087877,0.2036493662488682
wind_u,12,400-800,E,1564,0.42956276672887883,0.2514992732961475,0.16514689376453526,0.3198003168942891
wind_u,12,400-800,SE,1493,0.45402291392127264,0.26574647334205703,0.21365485048983163,0.3171290563290828
wind_u,12,400-800,S,1616,0.29093321617731005,0.13620834487440486,0.04590069113500994,0.20749398894328536
wind_u,12,400-800,SW,1311,0.27470255243934133,0.11516281592121876,0.03439970912240045,0.1843973729180334
wind_u,12,400-800,W,1564,0.23890244504098493,0.03025066038882531,-0.01065249459783726,0.07836693384370708
wind_u,12,400-800,NW,1493,0.2602542131122043,0.04470695234060562,0.004116892494706334,0.07487144885046546
wind_u,12,800-1600,N,1293,0.11309872860078188,0.047469989209046264,0.011861679363243938,0.0885353708907745
wind_u,12,800-1600,NE,1807,0.07061201649095215,0.02898286594109724,0.004601690724720808,0.06371986108822267
wind_u,12,800-1600,E,2485,0.16529676056062065,0.10929035154540247,0.05981954333589356,0.1975539001066063
wind_u,12,800-1600,SE,1777,0.33044626161263885,0.24528483583365268,0.18777904014686198,0.2969885735159256
wind_u,12,800-1600,S,1293,0.14638106104976265,0.06828897990666694,0.0021145365076619856,0.14995106305274966
wind_u,12,800-1600,SW,1807,0.10519892240376039,0.07156197993565712,0.004846429763951948,0.13103707464587633
wind_u,12,800-1600,W,2485,0.08417568305464514,0.020873078338524923,-0.0236650209811371,0.06145378547644307
wind_u,12,800-1600,NW,1777,0.13639834537292908,0.0009578483499506028,-0.02489338068431072,0.036437105929331
wind_u,12,>=1600,NE,227,0.013913543149052684,0.029590253548791027,0.008468080900967644,0.04710649830874926
wind_u,12,>=1600,E,91,0.07748544091146034,0.08047535149782983,0.01640933422167299,0.10222693834947164
wind_u,12,>=1600,SE,86,0.1593732331731061,0.15457951669506897,0.11723843280713722,0.18980400223045946
wind_u,12,>=1600,SW,227,-0.009782132100664843,-0.010933640919788873,-0.02619415649948375,0.016484006835523708
wind_u,12,>=1600,W,91,0.029631305758393695,0.007687500695634341,-0.016135785162340634,0.04092768640666855
wind_u,12,>=1600,NW,86,0.03812658984423989,-0.007122038827331208,-0.022195054339896308,0.010376374083744377
wind_u,24,<50,N,16,0.32142232344037147,0.04146844130841629,0.010639148325245732,0.08114263264585264
wind_u,24,<50,NE,11,0.2914994443516872,0.07481326159126239,0.016183216483059593,0.1112369344528186
wind_u,24,<50,E,12,0.31743638991887085,0.1073492003821035,0.06179403582280674,0.11322794070226673
wind_u,24,<50,SE,11,0.31928739830927383,0.06113148424440072,0.03728952476205689,0.09129184174392865
wind_u,24,<50,S,16,0.29530633228945463,0.004345886775749574,-0.03794121008444012,0.017417978842527954
wind_u,24,<50,SW,11,0.27222990286180404,-0.03314305920047614,-0.054801688261424474,0.03613209434341727
wind_u,24,<50,W,12,0.2767310800878843,-0.051556051800273305,-0.07363702777200871,-0.012970510201322963
wind_u,24,<50,NW,11,0.3159631416552258,-0.015235852218260475,-0.04411077317241577,0.003025332584202875
wind_u,24,50-100,N,51,0.2894207613083383,0.049378675071581814,0.020693495193344437,0.09288938927851087
wind_u,24,50-100,NE,53,0.31870644195283104,0.09714728746058704,0.05502586042037307,0.12897140227408033
wind_u,24,50-100,E,49,0.3249144897060719,0.11431783418394144,0.0668824194494106,0.1389259688112643
wind_u,24,50-100,SE,58,0.2951817224458561,0.06749138914654723,0.03077818106338743,0.09874141369426938
wind_u,24,50-100,S,51,0.27219097205169407,0.029089311929156054,-0.027267988686442642,0.06953528455568744
wind_u,24,50-100,SW,53,0.2606053244925868,-0.02016461800370683,-0.050148825669324576,0.026230362433113004
wind_u,24,50-100,W,49,0.27131118886097977,-0.038170650875200995,-0.06508665587212681,0.022850923494288727
wind_u,24,50-100,NW,58,0.2695935279520852,0.008272785726986583,-0.012819753894376647,0.024624091446466566
wind_u,24,100-200,N,189,0.2741248792076035,0.05854709335729019,0.018676075138539524,0.12189227658621711
wind_u,24,100-200,NE,176,0.28973951881293336,0.1073999838935217,0.05459048319458468,0.16650523207606283
wind_u,24,100-200,E,178,0.31827868103263557,0.12543346411293352,0.08164147071792527,0.16897464554384337
wind_u,24,100-200,SE,167,0.2903980040638744,0.09656783190342345,0.03991879710234757,0.12689091948123854
wind_u,24,100-200,S,189,0.2653478678791373,0.054962170316568464,-0.004623070146637855,0.11078253764475231
wind_u,24,100-200,SW,176,0.229804346578661,0.017099250879197704,-0.032932151500167865,0.06825899140845795
wind_u,24,100-200,W,178,0.23547780355270417,-0.009637478798818462,-0.05081790264356652,0.045732050359227124
wind_u,24,100-200,NW,167,0.24561509970238632,0.01785853960410402,-0.012065886240561867,0.05356573829327636
wind_u,24,200-400,N,528,0.23299202668396507,0.07116192022740678,0.02601698756085432,0.13493877710400948
wind_u,24,200-400,NE,525,0.2633937578135296,0.1140294773359422,0.05656250486764738,0.1747093036074473
wind_u,24,200-400,E,536,0.2906752317242689,0.14534589252855704,0.09352391233087418,0.1995373937642405
wind_u,24,200-400,SE,526,0.28484970327000037,0.1302657555855901,0.08827157560238136,0.16593148734064378
wind_u,24,200-400,S,528,0.25393810505005227,0.09818146507435321,0.02034975160529418,0.1497332660872005
wind_u,24,200-400,SW,525,0.2086585620267993,0.04666675933583396,-0.0197269858927729,0.10031301238694992
wind_u,24,200-400,W,536,0.186632164227665,0.0168712957171352,-0.025428850109809314,0.0615854175182093
wind_u,24,200-400,NW,526,0.19913011477330297,0.03524410075960255,-0.006400348087967933,0.070047326733136
wind_u,24,400-800,N,1616,0.1648059201283289,0.0687498374088957,0.016433349382156758,0.13225963970535537
wind_u,24,400-800,NE,1311,0.1785711477144115,0.09675113461428396,0.024971795321796483,0.16446232936357008
wind_u,24,400-800,E,1564,0.28134641347174727,0.17921241386779255,0.10114193002604142,0.23712365220853887
wind_u,24,400-800,SE,1493,0.2934227712642494,0.18947252411178545,0.144796465097604,0.22519480866207128
wind_u,24,400-800,S,1616,0.18723293979086408,0.09967248510612563,0.011510650512398583,0.16311856985368403
wind_u,24,400-800,SW,1311,0.17397677086734822,0.08778927777739402,0.020282791823346247,0.1350522532786734
wind_u,24,400-800,W,1564,0.13253606097929377,0.026698712681665113,-0.023613575400688272,0.06737675529318153
wind_u,24,400-800,NW,1493,0.14656641296084416,0.027704784656728085,-0.015217946622073097,0.075575159071552
wind_u,24,800-1600,N,1293,0.07189262394896653,0.03933693236351613,-0.0018596203940755192,0.0696672424001767
wind_u,24,800-1600,NE,1807,0.05546001514016023,0.03822333168860111,-0.004213247042534591,0.07369790015894807
wind_u,24,800-1600,E,2485,0.12894930746563413,0.10299466580262331,0.04639140958673932,0.20277547939808555
wind_u,24,800-1600,SE,1777,0.2929733064479039,0.2232822565749984,0.1649873496211894,0.29274723628711646
wind_u,24,800-1600,S,1293,0.09988789307527834,0.05375653166494874,-0.0065222172057581435,0.14172296531982254
wind_u,24,800-1600,SW,1807,0.09395856926789417,0.07544151595497091,0.0012517024755860544,0.12981266072436143
wind_u,24,800-1600,W,2485,0.05807616979250695,0.02244060799614009,-0.01702830841871075,0.05928175433776138
wind_u,24,800-1600,NW,1777,0.07127466465426296,-0.003660604167397365,-0.0253934504442134,0.02631357934750012
wind_u,24,>=1600,NE,227,0.041897340128221126,0.04830957055371287,0.028831070753382898,0.06730541811149873
wind_u,24,>=1600,E,91,0.07361135330811604,0.058017950005915454,0.006481856169989483,0.0852484840850226
wind_u,24,>=1600,SE,86,0.23946897487600347,0.23168008997423578,0.15029041511081737,0.2782894074171111
wind_u,24,>=1600,SW,227,0.0031133580952968057,0.0033595798721118672,-0.026848117008750203,0.03361957277011296
wind_u,24,>=1600,W,91,0.010193846575599696,0.00232421637879005,-0.02024217626892502,0.034743052442034655
wind_u,24,>=1600,NW,86,0.031815600508125534,0.01156872397053782,-0.005629894438730679,0.02708201695890911
wind_u,0,<50,all,50,0.9774874560468592,,,
wind_u,0,50-100,all,211,0.9077391403063432,,,
wind_u,0,100-200,all,710,0.7826312425208355,,,
wind_u,0,200-400,all,2115,0.6046380577512345,,,
wind_u,0,400-800,all,5984,0.3831139558630339,,,
wind_u,0,800-1600,all,7362,0.15272931650516758,,,
wind_u,0,>=1600,all,404,0.016976375525221646,,,
wind_v,3,<50,N,16,0.8955526452908618,-0.02699217414420215,-0.061520765945441085,-0.006510210698230302
wind_v,3,<50,NE,11,0.8955618765599693,0.08855843539530887,0.013516582499233255,0.1662129158662346
wind_v,3,<50,E,12,0.9058454389663904,0.20825440285909153,0.1328296627527661,0.2232490642440239
wind_v,3,<50,SE,11,0.9150676512239915,0.26517334657926966,0.21209430773523275,0.2903304506853285
wind_v,3,<50,S,16,0.9176821934373507,0.23557307592894897,0.17403615862179764,0.26584774500315234
wind_v,3,<50,SW,11,0.9039826034137908,0.08268125770943367,-0.017797532878469257,0.17551791658783167
wind_v,3,<50,W,12,0.8876470008221016,-0.03567695976674082,-0.09432836550665832,-0.007535339277324641
wind_v,3,<50,NW,11,0.8788715620709585,-0.07638482867977628,-0.10005087199781501,-0.0414887836321865
wind_v,3,50-100,N,51,0.8466339440071178,0.002301657422493703,-0.055311992185250236,0.05874580791962486
wind_v,3,50-100,NE,53,0.8656653983870498,0.085613074831668,0.033007919805681914,0.16108979677405735
wind_v,3,50-100,E,49,0.8892346157672946,0.25560990920762733,0.20242019842291686,0.31319818996839843
wind_v,3,50-100,SE,58,0.8984477888059053,0.3662510571903598,0.32040528303607285,0.3900502801427707
wind_v,3,50-100,S,51,0.8998693272071002,0.3312054041180019,0.26245296063491175,0.36966779775492303
wind_v,3,50-100,SW,53,0.8819019674656575,0.15983951041538103,0.10991583482656636,0.25796982765376025
wind_v,3,50-100,W,49,0.848184969670252,-0.04597915798025779,-0.08628758438608083,0.010932167175273157
wind_v,3,50-100,NW,58,0.8235112654487127,-0.05155122030171515,-0.0765302080395885,0.0018510211226949215
wind_v,3,100-200,N,189,0.7406960282770583,0.017108084276811278,-0.024812579055454843,0.056436899347313337
wind_v,3,100-200,NE,176,0.8025365448722908,0.13167347121810447,0.08217086416805292,0.19122038346349157
wind_v,3,100-200,E,178,0.8320230697816892,0.3194053602407635,0.2136923682954981,0.3805688826039655
wind_v,3,100-200,SE,167,0.8127619584463808,0.3942640152519303,0.2753167339218282,0.4267799857907189
wind_v,3,100-200,S,189,0.8293868907631262,0.35029654412392075,0.31063072249129126,0.3948838066696394
wind_v,3,100-200,SW,176,0.8133769980916119,0.17325543006627825,0.07852625243789786,0.2359915041087749
wind_v,3,100-200,W,178,0.7368146568782583,-0.04937764953416417,-0.08357405949110376,0.016324523835820733
wind_v,3,100-200,NW,167,0.689653901090148,-0.039955969814344676,-0.0750294395667813,-0.005217216880948613
wind_v,3,200-400,N,528,0.5492396062206806,-0.028224519107810705,-0.06379727477873101,0.007529695949794052
wind_v,3,200-400,NE,525,0.6873834757212146,0.11193224391756619,0.04956534262424696,0.1742860013561912
wind_v,3,200-400,E,536,0.695394345213839,0.29957691453658164,0.21597668945044451,0.35923959084943075
wind_v,3,200-400,SE,526,0.6111494752362859,0.33652458936546753,0.26709688514716723,0.380646573685163
wind_v,3,200-400,S,528,0.6701352891822441,0.3133894507703551,0.25763747864567044,0.3513218109034285
wind_v,3,200-400,SW,525,0.6945039329957723,0.1571858976175222,0.08284381912427624,0.2261101269015723
wind_v,3,200-400,W,536,0.5790074684933254,-0.05968628007798317,-0.10243750770097787,0.003768132852624212
wind_v,3,200-400,NW,526,0.46600588881798544,-0.07179353491472956,-0.10200691527517045,-0.03421796039594257
wind_v,3,400-800,N,1616,0.3318292639335732,-0.05026717318445936,-0.08236022807387909,-0.011451871715062206
wind_v,3,400-800,NE,1311,0.49794597344181657,0.08862456389579008,0.018819544763076033,0.15226843861544814
wind_v,3,400-800,E,1564,0.4240163957648323,0.22993383092739628,0.17487338184428208,0.27404646727777526
wind_v,3,400-800,SE,1493,0.2980761224494877,0.21560980992065668,0.160223273253212,0.2626504513860846
wind_v,3,400-800,S,1616,0.4476213788406667,0.2245713287971627,0.16363410944685916,0.26234426530533184
wind_v,3,400-800,SW,1311,0.5015217272021422,0.09669961727876601,0.03212020236474332,0.1594996390709128
wind_v,3,400-800,W,1564,0.3002712363593425,-0.0599553443199078,-0.10744142220076261,-0.006712453357673072
wind_v,3,400-800,NW,1493,0.16780247098205076,-0.09756759400557703,-0.12414449136099331,-0.053481219495932715
wind_v,3,800-1600,N,1293,0.1044164544475727,-0.05261480131303246,-0.07325650822677458,-0.02101691944807075
wind_v,3,800-1600,NE,1807,0.19486748553250058,0.057554885833857566,0.014878663571481904,0.09276836301791158
wind_v,3,800-1600,E,2485,0.11680801597624664,0.09356605738902904,0.04452986438613498,0.1487737106240439
wind_v,3,800-1600,SE,1777,0.057357763838937,0.09990477835572173,0.051395056535187826,0.1416879448309181
wind_v,3,800-1600,S,1293,0.17699722126575074,0.1254836213074259,0.07524643060755579,0.17120734761685336
wind_v,3,800-1600,SW,1807,0.1618179605406039,0.014799248556449691,-0.008141965413230442,0.08809829242230216
wind_v,3,800-1600,W,2485,0.066350642133802,-0.01911168488986209,-0.06436925921058367,0.0082473894067609
wind_v,3,800-1600,NW,1777,-0.01482287463587235,-0.058379917178535336,-0.07949928075610513,-0.037344044161930434
wind_v,3,>=1600,NE,227,0.08319610866388404,0.04082519585645115,0.014677299085606643,0.06255137240958987
wind_v,3,>=1600,E,91,0.03349712116178812,-0.009317134734374479,-0.02008339761171876,0.0005028343073638697
wind_v,3,>=1600,SE,86,-0.09779095367970365,-0.01279331170111879,-0.02480455469409737,0.008108576391947831
wind_v,3,>=1600,SW,227,0.07049192865623262,0.005294040669315879,-0.0025400523341619187,0.013812250905753715
wind_v,3,>=1600,W,91,0.0461989775107713,0.021316544441474558,0.013832371893118714,0.03381427152321557
wind_v,3,>=1600,NW,86,-0.09910634938429703,-0.024643925263465205,-0.03750828528110969,-0.014771123859069162
wind_v,6,<50,N,16,0.7856753773289704,-0.0011987815372468949,-0.03870162233044508,0.011508684981642328
wind_v,6,<50,NE,11,0.7862170024076371,0.10277249534820342,0.03321786457953069,0.16196805641066903
wind_v,6,<50,E,12,0.8097216315644171,0.20693006571838912,0.14342816319673482,0.21891081416263386
wind_v,6,<50,SE,11,0.8129149318920836,0.22776481974339038,0.19079442603738636,0.2581931087673789
wind_v,6,<50,S,16,0.8060777462406081,0.17884110230539887,0.1595474277011082,0.21831234852894704
wind_v,6,<50,SW,11,0.7872908175733155,0.07256149667501928,-0.039634814974911295,0.13335130747866228
wind_v,6,<50,W,12,0.766865407002022,-0.046373717382464354,-0.08889061548622151,-0.020800210799319745
wind_v,6,<50,NW,11,0.7658955796197296,-0.07923376046723855,-0.08812613330401312,-0.061498218778940614
wind_v,6,50-100,N,51,0.729262910154759,-0.004065463458978968,-0.030934733918969167,0.06770324810831696
wind_v,6,50-100,NE,53,0.7650216713921029,0.11069246530922186,0.0519963796342408,0.16396931297811188
wind_v,6,50-100,E,49,0.7964038491868117,0.2581396901095253,0.22244302697681054,0.3050478457583805
wind_v,6,50-100,SE,58,0.8161892256000873,0.3375113578382894,0.2985373069630657,0.3714651469172219
wind_v,6,50-100,S,51,0.8034341369524828,0.2813122416200651,0.2233214449883199,0.3162804347490562
wind_v,6,50-100,SW,53,0.7741159577958786,0.12526959966291662,0.06274326622143,0.19481980367774765
wind_v,6,50-100,W,49,0.7267875140438214,-0.054144319379243064,-0.08376190043198786,0.010767172152988537
wind_v,6,50-100,NW,58,0.7130094834742831,-0.0366270961313466,-0.06780686319739226,0.0033052780481615733
wind_v,6,100-200,N,189,0.650221704423522,0.02704493764096491,-0.014139298658528605,0.07540065896094778
wind_v,6,100-200,NE,176,0.7173361655588417,0.1440651022203831,0.09091891211851157,0.21128503523196518
wind_v,6,100-200,E,178,0.7788882531977597,0.3286083709706597,0.22339204191584258,0.3918714129388633
wind_v,6,100-200,SE,167,0.7810148524823166,0.4070798599368497,0.29585647143650406,0.4465532579065098
wind_v,6,100-200,S,189,0.7754825510246076,0.3587207339075965,0.31096743021886547,0.4064511095805518
wind_v,6,100-200,SW,176,0.7198858219689624,0.15570866011117412,0.05780924610351454,0.22269057466405906
wind_v,6,100-200,W,178,0.6295849803055353,-0.049203764495040825,-0.080229484327905,0.02189335498799513
wind_v,6,100-200,NW,167,0.5969558453144173,-0.03444105951662747,-0.06693025173780992,0.0035476986048486553
wind_v,6,200-400,N,528,0.4600407698385277,-0.020376577114287725,-0.056779582376431534,0.016102033332239564
wind_v,6,200-400,NE,525,0.6232416794363388,0.13399235908887652,0.06338762883633614,0.2006742164144471
wind_v,6,200-400,E,536,0.6865168839794042,0.3544070731474155,0.24562226192200304,0.422856656905321
wind_v,6,200-400,SE,526,0.6434084404124303,0.4233531162713084,0.34206119931720036,0.4571138403534399
wind_v,6,200-400,S,528,0.6786966862559494,0.3770692926679735,0.30538302354086727,0.41897511908298246
wind_v,6,200-400,SW,525,0.6321782378875704,0.16575850274146778,0.07399802335085759,0.25562401028366166
wind_v,6,200-400,W,536,0.4808159333637839,-0.0693135702196615,-0.11058234156449379,0.0032980756105623933
wind_v,6,200-400,NW,526,0.37284312335209263,-0.07059163314555864,-0.10396127249451273,-0.0326777470702956
wind_v,6,400-800,N,1616,0.2636345139087482,-0.04911893389618645,-0.08586362148996028,-0.0031724417057935545
wind_v,6,400-800,NE,1311,0.45985694920042636,0.1138323824804615,0.03311351451124274,0.19517710055564114
wind_v,6,400-800,E,1564,0.46395481375053627,0.29729981701257596,0.22446546762579575,0.34940439937222706
wind_v,6,400-800,SE,1493,0.355292863231329,0.2916912134950579,0.21823388658554882,0.3493479129564926
wind_v,6,400-800,S,1616,0.48094455059754515,0.292346961048328,0.22038512468730473,0.33535087196259555
wind_v,6,400-800,SW,1311,0.4671272836799879,0.11445887973242662,0.03787027624737349,0.19686165844575088
wind_v,6,400-800,W,1564,0.2347382824298408,-0.07022952532088664,-0.12033209039621481,-0.006152820826742711
wind_v,6,400-800,NW,1493,0.10818965891229128,-0.11097705889193789,-0.14135196208290146,-0.06203509454549653
wind_v,6,800-1600,N,1293,0.06803788888579915,-0.06067829738515666,-0.08592482928644418,-0.021420430243987258
wind_v,6,800-1600,NE,1807,0.19519463392096123,0.07659632673251339,0.026908384928784626,0.12257553661029154
wind_v,6,800-1600,E,2485,0.1443468563860191,0.13526356094147024,0.06723730293713079,0.20571865467582873
wind_v,6,800-1600,SE,1777,0.10243163934293874,0.1483248894109627,0.08577653602659667,0.20009608069954377
wind_v,6,800-1600,S,1293,0.2108945560834464,0.176349423121509,0.1115757976293307,0.2321748944156847
wind_v,6,800-1600,SW,1807,0.1367475541372579,0.023848649753587133,-0.00662062143434059,0.11787316589306686
wind_v,6,800-1600,W,2485,0.0481409813796521,-0.016143479696789396,-0.07216057215241184,0.018365907260927197
wind_v,6,800-1600,NW,1777,-0.041742638347427606,-0.07221096426731062,-0.09480775662640586,-0.04798883019346594
wind_v,6,>=1600,NE,227,0.09086074263447701,0.05847912277058529,0.02296495198923411,0.08562289329322943
wind_v,6,>=1600,E,91,0.03265651164479667,-0.005165605922306353,-0.02305402199951732,0.008181647667420452
wind_v,6,>=1600,SE,86,-0.08055737080607175,-0.006249063797040519,-0.025628943514956072,0.02283504459608415
wind_v,6,>=1600,SW,227,0.06491242675319384,0.013590118236345946,0.0031080088793621514,0.024695048414582255
wind_v,6,>=1600,W,91,0.04977989021388147,0.03447604248220431,0.01919539156425652,0.05166244756493723
wind_v,6,>=1600,NW,86,-0.09949987142407887,-0.037439624157195386,-0.05173378688218071,-0.02943863380004866
wind_v,12,<50,N,16,0.5921597512252051,-0.00919473424566779,-0.05094485310681306,0.028594049115174533
wind_v,12,<50,NE,11,0.590856050934308,0.06629436446148483,0.03642536464956974,0.15439017565394522
wind_v,12,<50,E,12,0.5971767770915211,0.18075815038480136,0.1547258996745433,0.19402840398725624
wind_v,12,<50,SE,11,0.6223343661807171,0.2078634214613163,0.16444363441720988,0.21309817627749178
wind_v,12,<50,S,16,0.5927472295311003,0.11760574872806673,0.08946658396812787,0.17368148075147727
wind_v,12,<50,SW,11,0.5541313093366399,0.046785288644653075,-0.07255111955381444,0.07440766612534128
wind_v,12,<50,W,12,0.546553022206986,-0.06827077646827695,-0.10791352831235396,-0.041282785158073626
wind_v,12,<50,NW,11,0.5679729653490118,-0.09986923216277933,-0.10650475402354208,-0.05615227757651449
wind_v,12,50-100,N,51,0.5293987905633047,-0.008688150334294193,-0.03411975850036885,0.04021127650793574
wind_v,12,50-100,NE,53,0.5717133411848337,0.09824876157177606,0.05664137858253817,0.16065323537000772
wind_v,12,50-100,E,49,0.6049180141037215,0.24025091305331925,0.17889870830295626,0.2752242043801562
wind_v,12,50-100,SE,58,0.6238797439548648,0.27576397569845634,0.23871811234443735,0.2995656119606757
wind_v,12,50-100,S,51,0.5920137202726738,0.20666906019395476,0.14536564059619705,0.2466777964298506
wind_v,12,50-100,SW,53,0.5593777718790404,0.05991637021436293,-0.013254120234741188,0.12800227468120948
wind_v,12,50-100,W,49,0.5206400525409524,-0.08706183757146697,-0.1076113011526361,-0.022010567296599087
wind_v,12,50-100,NW,58,0.5120821478056446,-0.06557988960322944,-0.08963054335943972,-0.024492816719645764
wind_v,12,100-200,N,189,0.4766656306366114,0.011577099381934146,-0.032615357346172054,0.04939682302821889
wind_v,12,100-200,NE,176,0.5422137908813,0.13383014876864102,0.07913821644237112,0.18961327882273613
wind_v,12,100-200,E,178,0.6229812664713661,0.2984204016736969,0.2048101906525643,0.35096998432753673
wind_v,12,100-200,SE,167,0.6338839923629663,0.3452956937806735,0.26394086026754937,0.3795851494559008
wind_v,12,100-200,S,189,0.6055723888579487,0.28254714391120667,0.22715318366174622,0.319500984583651
wind_v,12,100-200,SW,176,0.5240144577674302,0.07693049171528685,-0.0008452807598916364,0.1453251521704532
wind_v,12,100-200,W,178,0.434817240341576,-0.0782737221614187,-0.1060848656435283,-0.0218627436816235
wind_v,12,100-200,NW,167,0.42530834537612744,-0.05148188596694039,-0.0835062174818322,-0.007520883595248394
wind_v,12,200-400,N,528,0.29973119082942346,-0.02955538009488351,-0.06739986775888808,0.009611383712380522
wind_v,12,200-400,NE,525,0.47462332056038425,0.11451958316439358,0.044728823029290696,0.19009232117405228
wind_v,12,200-400,E,536,0.5977120014287649,0.35016501197622285,0.22921884652960234,0.4235863954504684
wind_v,12,200-400,SE,526,0.6178648939894857,0.42019379541816243,0.35621131092555985,0.453258105232722
wind_v,12,200-400,S,528,0.5888102065532393,0.3458516086730288,0.2736290452412603,0.39421840451294826
wind_v,12,200-400,SW,525,0.47868466396119574,0.11172214006234885,0.022787163667364996,0.21166474693579473
wind_v,12,200-400,W,536,0.29643038239905517,-0.08880755503821221,-0.1304698466579829,-0.016628406073779134
wind_v,12,200-400,NW,526,0.2329299633964903,-0.08608435364052947,-0.1195414070168795,-0.03507126609167025
wind_v,12,400-800,N,1616,0.14680900141623407,-0.05914732588181894,-0.09786341842270438,-0.00996271909158208
wind_v,12,400-800,NE,1311,0.35790577579583194,0.11198382440361815,0.02909333503843392,0.19958082075216904
wind_v,12,400-800,E,1564,0.4844579653669322,0.3462315312091484,0.2601487119204807,0.40625093218441344
wind_v,12,400-800,SE,1493,0.42665009709037616,0.3720278635126518,0.28585465497443624,0.4300268181007116
wind_v,12,400-800,S,1616,0.48551735758490844,0.3251468892762134,0.25127942460453623,0.37886547385654823
wind_v,12,400-800,SW,1311,0.3574882829344264,0.09299297919460127,0.0036236178682432507,0.18898372613589998
wind_v,12,400-800,W,1564,0.13631411713743607,-0.08927448785920095,-0.1368665375440985,-0.014755870320277172
wind_v,12,400-800,NW,1493,0.025838413681892016,-0.12059346351691615,-0.16007268368775568,-0.06647250324299706
wind_v,12,800-1600,N,1293,0.014511353489627945,-0.0671758290825037,-0.10080325834594923,-0.029952998128895337
wind_v,12,800-1600,NE,1807,0.17802452969109994,0.09518132252288167,0.031439263181536455,0.15256634278706183
wind_v,12,800-1600,E,2485,0.20685622272850596,0.2015604392977707,0.11442132771229943,0.28197675871986433
wind_v,12,800-1600,SE,1777,0.196038960551402,0.23816530285032883,0.16204407797090578,0.29343521747841256
wind_v,12,800-1600,S,1293,0.2652545992965676,0.2364576002219586,0.16947467969351976,0.29455679929416034
wind_v,12,800-1600,SW,1807,0.09036795743718158,0.028726889855725933,-0.010312799790415755,0.13082163259686166
wind_v,12,800-1600,W,2485,0.03334937187782168,-0.013343231421280357,-0.06850047031013272,0.0348686041220239
wind_v,12,800-1600,NW,1777,-0.0655009068959988,-0.07847086972394945,-0.09962910495042007,-0.05216361573650595
wind_v,12,>=1600,NE,227,0.10329951320914915,0.07709766720209327,0.04261310202572527,0.11494325587448767
wind_v,12,>=1600,E,91,0.03846759973685224,0.01571395198068738,-0.017995932821051164,0.03777715622920898
wind_v,12,>=1600,SE,86,-0.033180738678415866,0.04134780547713776,0.00926873722402904,0.07333357167283648
wind_v,12,>=1600,SW,227,0.056749822490352486,0.026863167382207013,0.0073295837622055614,0.04907519868302229
wind_v,12,>=1600,W,91,0.05722423136767324,0.053601067125417734,0.02380834006317843,0.07585546506031465
wind_v,12,>=1600,NW,86,-0.08081586890530859,-0.0425290368546317,-0.06037319604950353,-0.0323252544840385
wind_v,24,<50,N,16,0.2749538001664046,-0.014737715483466272,-0.04514427966635214,0.020283289465615056
wind_v,24,<50,NE,11,0.24177966147160568,0.061531766339376036,0.04521346153835899,0.10776105693008078
wind_v,24,<50,E,12,0.26567887494117515,0.1352347974343003,0.08678550649817403,0.15301959570621132
wind_v,24,<50,SE,11,0.2894839205786141,0.12559924969643377,0.07088010164325402,0.15137075659821192
wind_v,24,<50,S,16,0.2875501444918523,0.0540952563663253,0.011966528688620338,0.08146220508014486
wind_v,24,<50,SW,11,0.20523573362952588,-0.025122687990063702,-0.08184819154822962,0.0001855667142621406
wind_v,24,<50,W,12,0.22413405666139982,-0.10031601408821322,-0.12005793518537113,-0.054581851349462515
wind_v,24,<50,NW,11,0.2513821885200324,-0.07993314063603123,-0.10198144289785269,-0.0641898441063343
wind_v,24,50-100,N,51,0.21022701422014345,-0.021159869091480023,-0.049745035462997036,0.015618312143799724
wind_v,24,50-100,NE,53,0.2660418809745188,0.08156923973594256,0.01631721966793323,0.12070080695582822
wind_v,24,50-100,E,49,0.2821980346352913,0.1495959418271554,0.10916469041725888,0.17701234286465545
wind_v,24,50-100,SE,58,0.2962924952112165,0.1480423641725654,0.09474973961296324,0.17306426665471125
wind_v,24,50-100,S,51,0.255366841457658,0.08518845652782162,0.03329120910490103,0.1298996107918406
wind_v,24,50-100,SW,53,0.24395551042206293,-0.028303536888311925,-0.06121402319491997,0.012728643082067646
wind_v,24,50-100,W,49,0.21849045167542896,-0.09225394188503798,-0.11239070775805163,-0.06244045199357609
wind_v,24,50-100,NW,58,0.1995470882077881,-0.0754481343542546,-0.0997492031048825,-0.049686031450553204
wind_v,24,100-200,N,189,0.186305084347896,-0.013402658860335424,-0.05152052030794101,0.021288774436881555
wind_v,24,100-200,NE,176,0.2393689022511729,0.09754588979673379,0.0368065346961442,0.12968297808556578
wind_v,24,100-200,E,178,0.29221186045076486,0.1822167816701994,0.11684001826710139,0.21848112873571648
wind_v,24,100-200,SE,167,0.3200888255460683,0.1799131315505877,0.1248888207315095,0.21834007353450618
wind_v,24,100-200,S,189,0.278055742644232,0.10637605591014714,0.06599567584798233,0.15820950581342294
wind_v,24,100-200,SW,176,0.19388067889451038,-0.031343581905731326,-0.06795358815533367,0.024174712287419582
wind_v,24,100-200,W,178,0.15752884061946956,-0.10054528678763414,-0.11741675040440178,-0.04886281940283149
wind_v,24,100-200,NW,167,0.1685859108464664,-0.06610286045861846,-0.09994333130372726,-0.008331185611022696
wind_v,24,200-400,N,528,0.1051654008584591,-0.03417546966055528,-0.07650463337600809,0.00606763878402751
wind_v,24,200-400,NE,525,0.21456575180116635,0.07232061274769869,0.013254751640674087,0.1350797084243242
wind_v,24,200-400,E,536,0.32116591195185396,0.2265144646136488,0.11880835551702013,0.2716476701328031
wind_v,24,200-400,SE,526,0.35368329647470453,0.25521608324664524,0.1754682046364771,0.29065693256795244
wind_v,24,200-400,S,528,0.2989479348911448,0.16977257250464522,0.09468632058457066,0.22418152281962198
wind_v,24,200-400,SW,525,0.183474209160833,-0.0034377435999333847,-0.06718056976105984,0.08003223669566027
wind_v,24,200-400,W,536,0.0692175110695567,-0.10172834351166213,-0.1349564028426766,-0.044468852563090334
wind_v,24,200-400,NW,526,0.06056614401462791,-0.08745740191829743,-0.12305857213062935,-0.03563863843336136
wind_v,24,400-800,N,1616,0.02706876749911597,-0.05003904091543537,-0.0941723807295579,-0.010121712497763462
wind_v,24,400-800,NE,1311,0.16837903691481296,0.0770409212371881,0.020084045953560205,0.15189134645207542
wind_v,24,400-800,E,1564,0.33309826871631687,0.2630286678732909,0.1816963415141576,0.31356912212285887
wind_v,24,400-800,SE,1493,0.3486403235746483,0.3050557348134615,0.2263866572147509,0.3445348222199198
wind_v,24,400-800,S,1616,0.294799414348907,0.19643260381912378,0.11876011310345298,0.2665931552605073
wind_v,24,400-800,SW,1311,0.13431072809582553,0.006362537004674025,-0.06848969819190312,0.09474314629074669
wind_v,24,400-800,W,1564,0.01903706664358865,-0.08295319363404834,-0.12692803736415176,-0.023759487866049665
wind_v,24,400-800,NW,1493,-0.03585742654279421,-0.09750286015037632,-0.14998762599405305,-0.04448513141958032
wind_v,24,800-1600,N,1293,-0.03301335298467584,-0.05982580227217669,-0.0993440210797117,-0.030702704437161242
wind_v,24,800-1600,NE,1807,0.11419838324186828,0.0809429796520452,0.026674626755437393,0.13575791236549895
wind_v,24,800-1600,E,2485,0.26210408893425113,0.24075911807175712,0.16916593345227765,0.32092191570556955
wind_v,24,800-1600,SE,1777,0.2843268139767314,0.2979966577441942,0.2533926183936912,0.3352390901786335
wind_v,24,800-1600,S,1293,0.2496111959297912,0.21999212748581973,0.14824603980509757,0.26776965460766233
wind_v,24,800-1600,SW,1807,0.06651939889863348,0.02706097447306764,-0.027351297728132155,0.0858110567813178
wind_v,24,800-1600,W,2485,0.01858607586071825,-0.004368090516046324,-0.05040066092526024,0.046807620461399066
wind_v,24,800-1600,NW,1777,-0.05530320787663557,-0.05673231967398161,-0.08336804557958774,-0.037273350859785156
wind_v,24,>=1600,NE,227,0.09573624878764359,0.0835954893493994,0.04471326258196259,0.12307294557877864
wind_v,24,>=1600,E,91,0.11344297820562858,0.11174213053719172,0.03815816061867636,0.1347165716055866
wind_v,24,>=1600,SE,86,0.14774873348218204,0.19511766835387956,0.14394021218924394,0.2266439887313897
wind_v,24,>=1600,SW,227,0.053497760325575114,0.04572262387027032,0.019608608875643547,0.08019618946689838
wind_v,24,>=1600,W,91,0.05016706197017898,0.048082724785814046,0.022265403991233623,0.0842429924473635
wind_v,24,>=1600,NW,86,-0.045448855091114154,-0.02783848097363828,-0.05288703535163691,-0.011384532965115022
wind_v,0,<50,all,50,0.9778382316927803,,,
wind_v,0,50-100,all,211,0.923748655142579,,,
wind_v,0,100-200,all,710,0.8196052010095971,,,
wind_v,0,200-400,all,2115,0.6401841477337646,,,
wind_v,0,400-800,all,5984,0.3579097597706453,,,
wind_v,0,800-1600,all,7362,0.09969421913542192,,,
wind_v,0,>=1600,all,404,0.05894100609839041,,,
pbl,3,<50,N,16,0.5953661962475731,0.051607182142896946,0.0010942988132096449,0.07875611476321913
pbl,3,<50,NE,11,0.6152308423291876,0.08198052120103357,0.05469930396831919,0.13304712225534568
pbl,3,<50,E,12,0.6047965833426744,0.04236119550398229,-0.0028959698875204148,0.06157275773239024
pbl,3,<50,SE,11,0.6079992264791708,0.06416780282025696,0.025813858192300407,0.10565912240525593
pbl,3,<50,S,16,0.607479082428838,0.046571384305658256,-0.0032899377849738365,0.07762784129367421
pbl,3,<50,SW,11,0.6169006949179584,0.044221988028856844,0.007949620380906151,0.056487990107564626
pbl,3,<50,W,12,0.5998709606994187,0.06809097474407619,0.04184683383648108,0.15043391277281706
pbl,3,<50,NW,11,0.5936513191249158,0.05060870793711639,0.033348384569325935,0.1122474837489105
pbl,3,50-100,N,51,0.5430188812282374,0.055429581399144646,0.02678089473464291,0.11010774522991043
pbl,3,50-100,NE,53,0.5604567308036762,0.06952693359965857,0.04400909258238589,0.11268927878071404
pbl,3,50-100,E,49,0.5687045955328999,0.0929419609962673,0.0753402567217807,0.1311562953758386
pbl,3,50-100,SE,58,0.5797631373357781,0.09917794576544453,0.08008727171938111,0.1216837713065462
pbl,3,50-100,S,51,0.5572060625414003,0.10274792820160512,0.08252449894389599,0.13754549492545198
pbl,3,50-100,SW,53,0.5679835704799321,0.08165842004396008,0.06174407952530014,0.11913512929888062
pbl,3,50-100,W,49,0.5441565089203204,0.07488013977256353,0.03766321097181214,0.10320643807148866
pbl,3,50-100,NW,58,0.5362428715835419,0.06709508285120369,0.03088226653935046,0.09767217125099655
pbl,3,100-200,N,189,0.4601103390613847,0.05390737031437029,0.035442479126991354,0.08056337352987536
pbl,3,100-200,NE,176,0.49527402645899965,0.07877843430662401,0.060192394781761395,0.12145583778061528
pbl,3,100-200,E,178,0.5180937379674878,0.10168500681938594,0.08328264878831032,0.12179178707634257
pbl,3,100-200,SE,167,0.4950525666007273,0.10931842074734492,0.0894407873049948,0.13076490407936148
pbl,3,100-200,S,189,0.5004730987785474,0.12060572588058624,0.09668978765017168,0.15659238934209588
pbl,3,100-200,SW,176,0.5018639705921694,0.09485581213608452,0.06450816008077796,0.13339222891251584
pbl,3,100-200,W,178,0.4849620426610296,0.08491380447075521,0.0513776953807433,0.10773525906021142
pbl,3,100-200,NW,167,0.4553305784803386,0.07419891598908655,0.03267100775917016,0.09978957319847225
pbl,3,200-400,N,528,0.32037369090104406,0.03881697270706273,0.02168583648920235,0.05630381215397742
pbl,3,200-400,NE,525,0.38042091766776187,0.05698415823045011,0.030211484468516417,0.08309017378127632
pbl,3,200-400,E,536,0.40935184365885346,0.08669093733124741,0.06384059694474793,0.11228260129144386
pbl,3,200-400,SE,526,0.35798379824037396,0.08714683060978097,0.0662437043484432,0.10840428610429022
pbl,3,200-400,S,528,0.3615846931040768,0.09685880659147286,0.07293053840809212,0.1206985518644412
pbl,3,200-400,SW,525,0.3965894929330233,0.08977488026740321,0.062297196311330606,0.12229534009122335
pbl,3,200-400,W,536,0.3741787333966672,0.06892306635853179,0.03873321673000307,0.09671049143637972
pbl,3,200-400,NW,526,0.3192869691140806,0.04915502626516423,0.028257562088105814,0.0744212435002646
pbl,3,400-800,N,1616,0.17498743562492075,0.018496573230364684,0.005805073297773914,0.03220264546505928
pbl,3,400-800,NE,1311,0.23273883661876477,0.026624323798123226,0.010379017759535987,0.049330457860443315
pbl,3,400-800,E,1564,0.2451564244553941,0.0468279311225554,0.027043537221065082,0.06666550775324613
pbl,3,400-800,SE,1493,0.1819037415878891,0.04105472983179315,0.022776413189368672,0.06292194115298758
pbl,3,400-800,S,1616,0.20546241194050519,0.055471384138563576,0.03422232873856574,0.08885058387676045
pbl,3,400-800,SW,1311,0.24921200281270098,0.06414295972467833,0.041690368120138994,0.09052784813185326
pbl,3,400-800,W,1564,0.23332677359197057,0.05263310151425551,0.032180594339330806,0.0715778971707922
pbl,3,400-800,NW,1493,0.1593658658698009,0.024718142010224098,0.009377924976711296,0.039848865558497176
pbl,3,800-1600,N,1293,0.0696797416576811,0.007335850914590031,-0.0035783514148577168,0.016559592804940577
pbl,3,800-1600,NE,1807,0.09095559744583963,0.016732656229706443,0.0072721445690480686,0.025290209160889046
pbl,3,800-1600,E,2485,0.07879410355475644,0.008186716640821441,-0.006979637479097357,0.022940870325042283
pbl,3,800-1600,SE,1777,0.0393096432492901,-0.00646541128262133,-0.024616510421203098,0.013814581694215913
pbl,3,800-1600,S,1293,0.09221796383115642,0.03687979688946569,0.01350448529452604,0.05969331734397723
pbl,3,800-1600,SW,1807,0.1041542435168305,0.0368468139685666,0.022685081169856854,0.05992168815840735
pbl,3,800-1600,W,2485,0.09660927942389375,0.034276846376269626,0.01518017378870559,0.04984731494309502
pbl,3,800-1600,NW,1777,0.04867912963525064,0.010684024761041428,-0.004080494582433381,0.022622987152984924
pbl,3,>=1600,NE,227,0.06655137574042044,0.028808065886302192,0.014656315728619926,0.037078192286319644
pbl,3,>=1600,E,91,0.07752947227616346,0.008653328801922848,-0.045714289242339924,0.01816677594097047
pbl,3,>=1600,SE,86,-0.04242977588287872,-0.0438619140460582,-0.050269720274174964,-0.03251515732479675
pbl,3,>=1600,SW,227,0.06339305002517098,0.02816035750134153,0.01695662638069686,0.04262600076068561
pbl,3,>=1600,W,91,0.08296939201817809,0.031780787325914446,0.018169568794932575,0.039826204631551704
pbl,3,>=1600,NW,86,-0.013509756427298297,-0.0039924998377140145,-0.012155119155759602,0.003151320156519247
pbl,6,<50,N,16,0.2933905179760846,0.027514907052047084,-0.015061793078542551,0.0685011026600385
pbl,6,<50,NE,11,0.3228277194191204,0.045856547640225585,0.03531777483877795,0.08374710505364978
pbl,6,<50,E,12,0.29556402049297315,0.020935673870403102,-0.06874139583290104,0.028321419067184973
pbl,6,<50,SE,11,0.2998791572732585,0.02400057097942489,-0.03597369362851354,0.07319698227975664
pbl,6,<50,S,16,0.29702095893338676,0.009146511731444412,-0.038866076263749,0.04421118696996784
pbl,6,<50,SW,11,0.31568201000840085,0.0010031217306110346,-0.022051501522136432,0.015849854024142802
pbl,6,<50,W,12,0.2882429861517787,0.03283430123989403,0.019077974842784135,0.13315984804704328
pbl,6,<50,NW,11,0.2758944413138921,0.03511149736484134,-0.022709505618895336,0.10951200268496077
pbl,6,50-100,N,51,0.2532200640269222,0.022700296936705344,-0.0013351702442036993,0.055256125338319084
pbl,6,50-100,NE,53,0.27245229620288286,0.03875049375908247,0.017075910244690545,0.06034896223611793
pbl,6,50-100,E,49,0.2591446480055659,0.04172097822278288,0.019314583708980163,0.0788279109767548
pbl,6,50-100,SE,58,0.2873104714802902,0.04535987932512917,0.031697054688847766,0.07045669924243193
pbl,6,50-100,S,51,0.26502195886333013,0.039525511655403536,0.013170917993452429,0.09071536852355445
pbl,6,50-100,SW,53,0.2625724022085777,0.03258904822822049,0.006081114782099872,0.06215695523954504
pbl,6,50-100,W,49,0.2522851580143408,0.03068416609419992,-0.00887085893226027,0.06121091668086158
pbl,6,50-100,NW,58,0.26012061758117344,0.03230823867866019,0.002961527408684752,0.04903374958097112
pbl,6,100-200,N,189,0.21426705798003018,0.018875479093355206,0.0024500691452516753,0.04695867741213934
pbl,6,100-200,NE,176,0.23580303460374816,0.040785108578395894,0.015882926966784422,0.06453603007749774
pbl,6,100-200,E,178,0.2513468749709245,0.051491203063749186,0.024443784407202317,0.07217756771314067
pbl,6,100-200,SE,167,0.24691391248864203,0.06066602209842356,0.034429930765155686,0.07557698258933662
pbl,6,100-200,S,189,0.24635534990987515,0.06386548341919017,0.038588472110553614,0.09533655967332196
pbl,6,100-200,SW,176,0.24034906233947437,0.038794502627221464,0.010607531583387253,0.08131277932950229
pbl,6,100-200,W,178,0.2254936237912259,0.03641044929844019,0.008886523094109,0.06493006607422384
pbl,6,100-200,NW,167,0.20989859794969912,0.03477257466472085,0.0018938980674789601,0.06511462506892399
pbl,6,200-400,N,528,0.1476390860773229,0.016894732370173027,-4.0577852961102344e-05,0.03568488021739669
pbl,6,200-400,NE,525,0.18133675677888123,0.027388066194126426,0.0065034853488458964,0.04751429174776715
pbl,6,200-400,E,536,0.2077537597626961,0.05045759781531089,0.03033469757043904,0.06778006296167757
pbl,6,200-400,SE,526,0.1894533579293442,0.05597571384290444,0.04118384688649912,0.07354138719253442
pbl,6,200-400,S,528,0.18428659720760732,0.06073240260459917,0.039865221224442665,0.0837383911939375
pbl,6,200-400,SW,525,0.18371788946085207,0.041237984171850886,0.022298560964339742,0.07723382328681404
pbl,6,200-400,W,536,0.16960374188458915,0.031657392331388326,0.010606899157799816,0.05728508529607913
pbl,6,200-400,NW,526,0.1431211578992143,0.022446898829059987,0.0018419416224425994,0.04706051737201349
pbl,6,400-800,N,1616,0.07763343436399532,0.0070134825430182395,-0.005399836088276367,0.021666188230926166
pbl,6,400-800,NE,1311,0.11919410030867136,0.01076516092458353,-0.0024613081142327224,0.029758018938131302
pbl,6,400-800,E,1564,0.14599123953949317,0.03371852433245387,0.014269610054141825,0.05696829027332707
pbl,6,400-800,SE,1493,0.1029877816854223,0.03135244429881035,0.009538024652685589,0.05379126708414606
pbl,6,400-800,S,1616,0.11377722356349414,0.04441439045700614,0.017432731839921677,0.08368054090759541
pbl,6,400-800,SW,1311,0.12440350292743946,0.03722670915305044,0.017034038237412747,0.0635410905531441
pbl,6,400-800,W,1564,0.10921163275635187,0.029412093400483313,0.011603583636703921,0.05034177567877815
pbl,6,400-800,NW,1493,0.06787505019688801,0.011025961605620126,-0.0009467048363288849,0.022435896012814947
pbl,6,800-1600,N,1293,0.04105684120674697,0.010581329826802535,-0.004154864906273195,0.024010985847841008
pbl,6,800-1600,NE,1807,0.050548287465552184,0.01548283426686731,0.004218014166427555,0.02798758908289443
pbl,6,800-1600,E,2485,0.041002092353935794,0.006875026483499073,-0.012349618874446541,0.02238151377120537
pbl,6,800-1600,SE,1777,0.01732900199169637,-0.003987870415221327,-0.02547266257470465,0.02314083414514024
pbl,6,800-1600,S,1293,0.0690540967602562,0.03964105798176162,0.011924748356581267,0.07779318482769865
pbl,6,800-1600,SW,1807,0.05462602624008413,0.03169588504405653,0.017731164390784447,0.05553611691108449
pbl,6,800-1600,W,2485,0.0493682508978834,0.0254296744756047,-0.005052343226958676,0.043209606509956616
pbl,6,800-1600,NW,1777,0.013318685929153532,-0.0032953121837849117,-0.018031510715968934,0.011194588415994201
pbl,6,>=1600,NE,227,0.06490204383898279,0.03705126121956897,0.02024203216773697,0.05017476544026955
pbl,6,>=1600,E,91,0.03800869934884888,-0.004013551247390834,-0.04254080394538863,0.01995107512818945
pbl,6,>=1600,SE,86,-0.051004147572989184,-0.04618977605210507,-0.05771065346356101,-0.028671085749091167
pbl,6,>=1600,SW,227,0.048365394016694076,0.0378336002845203,0.02373366162964502,0.05585014601379898
pbl,6,>=1600,W,91,0.043666553869644624,0.031147093707722454,-0.007987895955301371,0.04736241080008201
pbl,6,>=1600,NW,86,-0.029284564495612328,-0.02400255644808897,-0.031446815831937515,-0.014408450719923745
pbl,12,<50,N,16,0.13648117700773651,0.015161585517736264,-0.01786751865833405,0.05439980756481152
pbl,12,<50,NE,11,0.13758727849097308,0.02086852291272102,0.010174784061762162,0.06346154542658579
pbl,12,<50,E,12,0.126307772947509,-0.0029089900418885787,-0.07766180216477142,0.014308787451641018
pbl,12,<50,SE,11,0.1360048895383914,0.004046881608254233,-0.019122055615366895,0.04464245202537452
pbl,12,<50,S,16,0.1363398336489157,-0.000455426872730928,-0.04438170284421903,0.03433505882829678
pbl,12,<50,SW,11,0.1427059821268327,-0.012783534820651794,-0.019720222995768047,0.008014851182301313
pbl,12,<50,W,12,0.12541174940002028,0.026873163511637946,0.0054321357043015505,0.09708302226895948
pbl,12,<50,NW,11,0.1232661243469206,0.01481480484605577,-0.026677824577737985,0.058490573646282115
pbl,12,50-100,N,51,0.11270656194009873,0.005777518724660232,-0.012962883441764357,0.03198083459740239
pbl,12,50-100,NE,53,0.1120364411579655,0.010879106365918389,-0.001218238177615625,0.04626472511775527
pbl,12,50-100,E,49,0.09707174198286136,0.00460620639763152,-0.018556546894198216,0.028880136693589797
pbl,12,50-100,SE,58,0.11915611029250305,0.01772901395335516,-0.01674042819891547,0.04233032842272939
pbl,12,50-100,S,51,0.09426167471820183,0.013052941518135942,-0.016734585847635416,0.04726249245984267
pbl,12,50-100,SW,53,0.09751542004623279,0.0036821300269599213,-0.014549568389668002,0.0402121123361876
pbl,12,50-100,W,49,0.08582012126467772,0.01151209837948295,-0.011369989369797355,0.056453057608914274
pbl,12,50-100,NW,58,0.10657315436080175,0.011522519348679828,-0.0023785190762062422,0.0372812151283157
pbl,12,100-200,N,189,0.08368091658771452,0.011025976269210544,-0.0027033940632472386,0.0343240143699574
pbl,12,100-200,NE,176,0.0974667318273466,0.01454601398541299,-0.00283685045073071,0.03792907591751837
pbl,12,100-200,E,178,0.09006570338391214,0.012437883561655564,-0.016007971263558598,0.029979819426347
pbl,12,100-200,SE,167,0.08902584158651908,0.00588033901896889,-0.014364991684519582,0.032384560737421714
pbl,12,100-200,S,189,0.08821036316750659,0.01651353517675423,-0.004560604229719143,0.048713575187129654
pbl,12,100-200,SW,176,0.08622872289050042,0.013882119279722998,-0.012222849494802256,0.046117909971458496
pbl,12,100-200,W,178,0.08220619172632879,0.027856015835097878,-0.0024112934404973397,0.05179020878063658
pbl,12,100-200,NW,167,0.0809238524992321,0.025828258850206714,-0.004430346739527125,0.049649967840158044
pbl,12,200-400,N,528,0.05105614505073966,0.00914355764657963,-0.007907480019172465,0.03437651974177642
pbl,12,200-400,NE,525,0.06417775728880773,0.007493294000573124,-0.007551890782327162,0.0322958927537943
pbl,12,200-400,E,536,0.08107841046577344,0.01621429446557394,-0.002928028658813789,0.036416461473254634
pbl,12,200-400,SE,526,0.07394236099848818,0.020577916912845426,0.002970331350387257,0.037701292055441746
pbl,12,200-400,S,528,0.06369687896449128,0.021455624261342787,-0.0006849998567001877,0.0495093358840402
pbl,12,200-400,SW,525,0.057140093703206496,0.015765626938604626,-0.004308119164381745,0.04474959934015325
pbl,12,200-400,W,536,0.05507853889672847,0.02031922296755654,-0.004736671383426473,0.045996670173620316
pbl,12,200-400,NW,526,0.0526245280775141,0.02150999032246357,-0.006190738670006566,0.041976407754122244
pbl,12,400-800,N,1616,0.03535935036373116,0.010542170301101286,-0.0067957453277167285,0.03010246535204411
pbl,12,400-800,NE,1311,0.042038411054534944,0.005956981474548174,-0.010135904721084815,0.02334657934017164
pbl,12,400-800,E,1564,0.07431651278437651,0.02663693520394861,0.004321654274026683,0.053635943400056306
pbl,12,400-800,SE,1493,0.05177094668935651,0.020849487579812916,0.004084931960406416,0.04164727971492503
pbl,12,400-800,S,1616,0.049631225995194504,0.02560134430256692,5.1186577496045146e-05,0.06454028673078092
pbl,12,400-800,SW,1311,0.038980837044473665,0.017623590822316987,-0.0006181015824041868,0.041698310634057725
pbl,12,400-800,W,1564,0.03686874700732945,0.02028890794798318,-0.0019390133427637686,0.04334967305570556
pbl,12,400-800,NW,1493,0.020928407284975137,0.012553360296256182,-0.006872877262419895,0.028660982706324653
pbl,12,800-1600,N,1293,0.026069363887108364,0.012414641371039096,-0.005619835696175252,0.028267236550582064
pbl,12,800-1600,NE,1807,0.03496596361988836,0.021392600751446226,0.005991755032273765,0.036710139364696484
pbl,12,800-1600,E,2485,0.02666940442524668,0.012441039400690261,-0.005052727131286888,0.03005837457875351
pbl,12,800-1600,SE,1777,0.023395776370329708,0.01276352863077041,-0.006613339004756674,0.03825099748657187
pbl,12,800-1600,S,1293,0.05606106753076058,0.04216488888434619,0.011084868138193413,0.08904718528726033
pbl,12,800-1600,SW,1807,0.027425396286474304,0.023535288211502907,0.00796812397146027,0.04790769487911389
pbl,12,800-1600,W,2485,0.02107992023694605,0.01831810874008561,-0.010726326524290926,0.04235915004226845
pbl,12,800-1600,NW,1777,-0.005765003298026914,-0.010007916527490631,-0.024109494081590625,0.006565573259483294
pbl,12,>=1600,NE,227,0.06239965377530692,0.043844353991304603,0.02507253503593778,0.06375269684035624
pbl,12,>=1600,E,91,0.014026456546658014,-0.006403778848226193,-0.02376352057666585,0.022914850849435384
pbl,12,>=1600,SE,86,-0.030922669952276063,-0.02774967429215543,-0.03924774733739445,-0.0075810156935791784
pbl,12,>=1600,SW,227,0.03543275435036753,0.03676169437707814,0.022076959818392382,0.05604362893586362
pbl,12,>=1600,W,91,0.03257417243943137,0.036797125680858946,-0.025940496138314492,0.056191819715254984
pbl,12,>=1600,NW,86,-0.038370374506746345,-0.037669471422862026,-0.04754699091230082,-0.02550451657055958
pbl,24,<50,N,16,0.3669064151586915,0.035681059878120425,0.026772749723790647,0.04671968365302322
pbl,24,<50,NE,11,0.34480577017335495,0.03502492704398394,0.010462416534466851,0.05062502531667716
pbl,24,<50,E,12,0.35643549594185897,0.056388624442654994,0.03568078854084369,0.07452657649629842
pbl,24,<50,SE,11,0.3704356941015659,0.06910297943177504,0.05872409667903061,0.09290588718982659
pbl,24,<50,S,16,0.3662191725253736,0.015173427764735497,-0.0032988085495697854,0.04046939967521632
pbl,24,<50,SW,11,0.3441392004580084,0.038622418975853126,0.031594185403449423,0.05917163476394335
pbl,24,<50,W,12,0.3377500093671473,0.0037665264031753643,-0.0005312837309342877,0.011233332578849635
pbl,24,<50,NW,11,0.35738589688206684,0.01032302661313388,-0.007379641450770601,0.02214807729489599
pbl,24,50-100,N,51,0.31729158164736715,0.026167018055825674,0.00014700814416747517,0.056606117569586716
pbl,24,50-100,NE,53,0.34802907620814433,0.06763542156533499,0.03168284476105639,0.08586882347947926
pbl,24,50-100,E,49,0.35382172229774556,0.0912418241244393,0.06214953813115962,0.11091423649967673
pbl,24,50-100,SE,58,0.3613702812711757,0.09883619948933747,0.061757491639066985,0.1281026345608276
pbl,24,50-100,S,51,0.346062396096844,0.08051582708559436,0.046737313502124345,0.10994536311065486
pbl,24,50-100,SW,53,0.3466015119985036,0.04421161339176442,0.026806769454339064,0.08089318730598274
pbl,24,50-100,W,49,0.31510207014871466,0.025584294893691625,0.003525409097383763,0.050492849138278374
pbl,24,50-100,NW,58,0.3215994062063383,0.02482237752175656,-0.0041679862468155,0.04769406068245377
pbl,24,100-200,N,189,0.2757211262797924,0.04183999412073002,0.018072270246192536,0.06000090018381854
pbl,24,100-200,NE,176,0.3139520501949118,0.08222593407104611,0.05680406706896576,0.10309681752754984
pbl,24,100-200,E,178,0.34615844381772376,0.12657244168459986,0.10135529755292069,0.15113320512378636
pbl,24,100-200,SE,167,0.36299090786803906,0.1459498091318125,0.11256780632973046,0.16630673509608557
pbl,24,100-200,S,189,0.3341823810041629,0.11439517300487155,0.08190247661650549,0.14174551693328905
pbl,24,100-200,SW,176,0.3092355592511292,0.06533117892602236,0.036168758597016654,0.0953028244203046
pbl,24,100-200,W,178,0.29312428672439084,0.028762418835850633,0.008131631746414118,0.05043664015525397
pbl,24,100-200,NW,167,0.2715321739447273,0.021333215790310795,0.0039645789183860355,0.038768382175733404
pbl,24,200-400,N,528,0.18534041325299783,0.023792526168955715,0.0024290525326796045,0.04664839654055598
pbl,24,200-400,NE,525,0.2480662318135937,0.07820706287796722,0.05363117764516466,0.10399905285041916
pbl,24,200-400,E,536,0.3195236012829177,0.1555068422690356,0.12489851647965802,0.19208477185712153
pbl,24,200-400,SE,526,0.33086437690087667,0.1773144857177542,0.14415486561593896,0.2013481926985506
pbl,24,200-400,S,528,0.28881853183303346,0.13071097996744319,0.10050886702026829,0.1642810255604032
pbl,24,200-400,SW,525,0.26697827093521603,0.07811443934365389,0.04420224529976697,0.11366319680349303
pbl,24,200-400,W,536,0.2258568706803174,0.026949062944508335,0.00952633486098006,0.0501609167132704
pbl,24,200-400,NW,526,0.181314979126317,0.01502862279411756,-0.005172830398831775,0.031363638392789994
pbl,24,400-800,N,1616,0.08891717465752999,0.0055036086973951435,-0.016581797927353637,0.02588007441555549
pbl,24,400-800,NE,1311,0.17112557069730697,0.06601848702833488,0.030861099970925416,0.10611168551499814
pbl,24,400-800,E,1564,0.2804411798165727,0.18828424705922103,0.1509839289723237,0.22601125534171537
pbl,24,400-800,SE,1493,0.25741053231061345,0.1856713726779215,0.160329574815822,0.20991185121685121
pbl,24,400-800,S,1616,0.20505247867792648,0.12167051629531361,0.09324799352286081,0.14721053785383142
pbl,24,400-800,SW,1311,0.16982036803983946,0.06224086298365457,0.03131298823890487,0.09447797625518535
pbl,24,400-800,W,1564,0.1330891329659642,0.01769172457441339,-0.0004552210052738181,0.03846619103022669
pbl,24,400-800,NW,1493,0.07726823614008074,-0.0038608952820416084,-0.018425055703792985,0.010645431723644504
pbl,24,800-1600,N,1293,0.013523040887283904,-0.02271672959313328,-0.03821819179308451,-0.004660510210467778
pbl,24,800-1600,NE,1807,0.07027785366183043,0.028944291140863426,0.00486945454692663,0.06311185479266772
pbl,24,800-1600,E,2485,0.17691999632948802,0.14601686385469204,0.11386859404704247,0.18526596758439162
pbl,24,800-1600,SE,1777,0.15570913282700036,0.13932286814218958,0.1087689599560345,0.17463333957012678
pbl,24,800-1600,S,1293,0.13249706030527644,0.09804045598953116,0.07155374058194083,0.12753307232906252
pbl,24,800-1600,SW,1807,0.07942987499998615,0.03218597255775356,0.010077581474268826,0.05731981587518995
pbl,24,800-1600,W,2485,0.06219154568105332,0.022297716432039174,0.0030521057923220555,0.039478618178393855
pbl,24,800-1600,NW,1777,0.015629006300555227,-0.007163110547051133,-0.023040939306445574,0.0068072058185429584
pbl,24,>=1600,NE,227,0.05831025018821204,0.038918402638947025,0.010926511335767048,0.07569394695541631
pbl,24,>=1600,E,91,0.11838339547885819,0.09059924188922307,0.07259632944624039,0.12271491799875792
pbl,24,>=1600,SE,86,0.05812360235698963,0.06930871021131946,0.05156622286795405,0.08412717200067465
pbl,24,>=1600,SW,227,0.03534554475582717,0.015156715203625272,-0.004949770742978664,0.038732932644918255
pbl,24,>=1600,W,91,0.04943351367456521,0.025603428777225056,0.005821690302434005,0.05023967997068557
pbl,24,>=1600,NW,86,-0.013348142984359376,-0.008867791350010281,-0.01948735061542821,0.001566665616110436
pbl,0,<50,all,50,0.9500299660228761,,,
pbl,0,50-100,all,211,0.8643036066578496,,,
pbl,0,100-200,all,710,0.7287429371788035,,,
pbl,0,200-400,all,2115,0.5277867145608945,,,
pbl,0,400-800,all,5984,0.29134725872991996,,,
pbl,0,800-1600,all,7362,0.10769661826262453,,,
pbl,0,>=1600,all,404,0.05693173344307774,,,
