station_index,station,history_type,history_span,future_type,future_horizon,spearman_distance_rho
0,Beijing,pm_only,recent24,pm,day1,0.3967928671982168
0,Beijing,pm_only,recent24,weather,day1,0.1074451768612942
0,Beijing,pm_only,recent24,joint,day1,0.18107055026763755
0,Beijing,pm_only,recent24,pm,day3,0.09526058831514708
0,Beijing,pm_only,recent24,weather,day3,-0.02373189293297323
0,Beijing,pm_only,recent24,joint,day3,-0.006024811506202876
0,Beijing,pm_only,recent24,pm,full72,0.2821267530316882
0,Beijing,pm_only,recent24,weather,full72,0.03132190833047708
0,Beijing,pm_only,recent24,joint,full72,0.08364272091068023
0,Beijing,weather_only,recent24,pm,day1,0.14017797954449487
0,Beijing,weather_only,recent24,weather,day1,0.4099585249896312
0,Beijing,weather_only,recent24,joint,day1,0.39984489396122347
0,Beijing,weather_only,recent24,pm,day3,-0.008625374156343539
0,Beijing,weather_only,recent24,weather,day3,0.06832507108126776
0,Beijing,weather_only,recent24,joint,day3,0.05614676303669075
0,Beijing,weather_only,recent24,pm,full72,0.03332009033002258
0,Beijing,weather_only,recent24,weather,full72,0.24557227789306946
0,Beijing,weather_only,recent24,joint,full72,0.23051866412966598
0,Beijing,joint,recent24,pm,day1,0.2130798532699633
0,Beijing,joint,recent24,weather,day1,0.3943211125802781
0,Beijing,joint,recent24,joint,day1,0.4034853768713442
0,Beijing,joint,recent24,pm,day3,0.01223151755787939
0,Beijing,joint,recent24,weather,day3,0.05480718470179617
0,Beijing,joint,recent24,joint,day3,0.04787524346881087
0,Beijing,joint,recent24,pm,full72,0.09086381421595355
0,Beijing,joint,recent24,weather,full72,0.22693226223306553
0,Beijing,joint,recent24,joint,full72,0.226178428044607
0,Beijing,pm_only,full72,pm,day1,0.2441741845435461
0,Beijing,pm_only,full72,weather,day1,0.03937367484341871
0,Beijing,pm_only,full72,joint,day1,0.09021190055297514
0,Beijing,pm_only,full72,pm,day3,0.1140279405069851
0,Beijing,pm_only,full72,weather,day3,-0.04997395249348813
0,Beijing,pm_only,full72,joint,day3,-0.025357078839269707
0,Beijing,pm_only,full72,pm,full72,0.22903794625948656
0,Beijing,pm_only,full72,weather,full72,-0.03296528774132193
0,Beijing,pm_only,full72,joint,full72,0.013261150815287703
0,Beijing,weather_only,full72,pm,day1,0.028887229221807306
0,Beijing,weather_only,full72,weather,day1,0.2630652027663007
0,Beijing,weather_only,full72,joint,day1,0.24226103906525975
0,Beijing,weather_only,full72,pm,day3,-0.052860031215007805
0,Beijing,weather_only,full72,weather,day3,0.02968319992079998
0,Beijing,weather_only,full72,joint,day3,0.010546922636730658
0,Beijing,weather_only,full72,pm,full72,-0.06120186180046545
0,Beijing,weather_only,full72,weather,full72,0.12918597829649459
0,Beijing,weather_only,full72,joint,full72,0.1056645444161361
0,Beijing,joint,full72,pm,day1,0.07395426948856737
0,Beijing,joint,full72,weather,day1,0.24563689790922444
0,Beijing,joint,full72,joint,day1,0.23799675999919
0,Beijing,joint,full72,pm,day3,-0.02770529492632373
0,Beijing,joint,full72,weather,day3,0.015335259833814958
0,Beijing,joint,full72,joint,day3,0.0024441876110469023
0,Beijing,joint,full72,pm,full72,-0.013185486296371573
0,Beijing,joint,full72,weather,full72,0.10938888934722232
0,Beijing,joint,full72,joint,full72,0.0973964703491176
1,Tianjin,pm_only,recent24,pm,day1,0.34259437664859416
1,Tianjin,pm_only,recent24,weather,day1,0.08076578469144617
1,Tianjin,pm_only,recent24,joint,day1,0.1530567607641902
1,Tianjin,pm_only,recent24,pm,day3,0.07639195759798939
1,Tianjin,pm_only,recent24,weather,day3,-0.020954100738525182
1,Tianjin,pm_only,recent24,joint,day3,0.005060107265026816
1,Tianjin,pm_only,recent24,pm,full72,0.2500056580014145
1,Tianjin,pm_only,recent24,weather,full72,0.030184339546084883
1,Tianjin,pm_only,recent24,joint,full72,0.07985156746289186
1,Tianjin,weather_only,recent24,pm,day1,0.061936747984186996
1,Tianjin,weather_only,recent24,weather,day1,0.41918258379564594
1,Tianjin,weather_only,recent24,joint,day1,0.3960118620029655
1,Tianjin,weather_only,recent24,pm,day3,0.007731849432962358
1,Tianjin,weather_only,recent24,weather,day3,0.08957801539450384
1,Tianjin,weather_only,recent24,joint,day3,0.08164594741148685
1,Tianjin,weather_only,recent24,pm,full72,0.0038127339531834883
1,Tianjin,weather_only,recent24,weather,full72,0.25441235310308824
1,Tianjin,weather_only,recent24,joint,full72,0.234109464027366
1,Tianjin,joint,recent24,pm,day1,0.13184001146000288
1,Tianjin,joint,recent24,weather,day1,0.4010104137526034
1,Tianjin,joint,recent24,joint,day1,0.3982619315654829
1,Tianjin,joint,recent24,pm,day3,0.02801514700378675
1,Tianjin,joint,recent24,weather,day3,0.0729396452349113
1,Tianjin,joint,recent24,joint,day3,0.07343443985860997
1,Tianjin,joint,recent24,pm,full72,0.06253380213345053
1,Tianjin,joint,recent24,weather,full72,0.23665652766413192
1,Tianjin,joint,recent24,joint,full72,0.23150354337588586
1,Tianjin,pm_only,full72,pm,day1,0.2667704076926019
1,Tianjin,pm_only,full72,weather,day1,0.04807206451801613
1,Tianjin,pm_only,full72,joint,day1,0.10651058812764702
1,Tianjin,pm_only,full72,pm,day3,0.10542173185543297
1,Tianjin,pm_only,full72,weather,day3,-0.026042715510678875
1,Tianjin,pm_only,full72,joint,day3,0.0011872742968185742
1,Tianjin,pm_only,full72,pm,full72,0.24606046801511702
1,Tianjin,pm_only,full72,weather,full72,-0.005033369758342439
1,Tianjin,pm_only,full72,joint,full72,0.043287550821887705
1,Tianjin,weather_only,full72,pm,day1,-0.023997700499425123
1,Tianjin,weather_only,full72,weather,day1,0.2616001524000381
1,Tianjin,weather_only,full72,joint,day1,0.23426185956546489
1,Tianjin,weather_only,full72,pm,day3,-0.04587790296947574
1,Tianjin,weather_only,full72,weather,day3,0.06437259709314928
1,Tianjin,weather_only,full72,joint,day3,0.0456553584138396
1,Tianjin,weather_only,full72,pm,full72,-0.09091255672813918
1,Tianjin,weather_only,full72,weather,full72,0.16208593652148412
1,Tianjin,weather_only,full72,joint,full72,0.1321438020359505
1,Tianjin,joint,full72,pm,day1,0.02818897904724476
1,Tianjin,joint,full72,weather,day1,0.25054999163749786
1,Tianjin,joint,full72,joint,day1,0.2382420265605066
1,Tianjin,joint,full72,pm,day3,-0.020880128220032056
1,Tianjin,joint,full72,weather,day3,0.0491943107985777
1,Tianjin,joint,full72,joint,day3,0.03820152355038088
1,Tianjin,joint,full72,pm,full72,-0.03665803966450992
1,Tianjin,joint,full72,weather,full72,0.14526093181523295
1,Tianjin,joint,full72,joint,full72,0.12808228702057176
2,Shijiazhuang,pm_only,recent24,pm,day1,0.41590471997618
2,Shijiazhuang,pm_only,recent24,weather,day1,0.08794588898647224
2,Shijiazhuang,pm_only,recent24,joint,day1,0.18677161219290303
2,Shijiazhuang,pm_only,recent24,pm,day3,0.04073698318424579
2,Shijiazhuang,pm_only,recent24,weather,day3,-0.04107646176911543
2,Shijiazhuang,pm_only,recent24,joint,day3,-0.03609683102420775
2,Shijiazhuang,pm_only,recent24,pm,full72,0.2596889509222377
2,Shijiazhuang,pm_only,recent24,weather,full72,0.017416823854205964
2,Shijiazhuang,pm_only,recent24,joint,full72,0.07384569346142336
2,Shijiazhuang,weather_only,recent24,pm,day1,0.12827799206949803
2,Shijiazhuang,weather_only,recent24,weather,day1,0.4242243835560959
2,Shijiazhuang,weather_only,recent24,joint,day1,0.41726862981715745
2,Shijiazhuang,weather_only,recent24,pm,day3,-0.02167467091866773
2,Shijiazhuang,weather_only,recent24,weather,day3,0.03981946445486611
2,Shijiazhuang,weather_only,recent24,joint,day3,0.029304388326097077
2,Shijiazhuang,weather_only,recent24,pm,full72,0.04226754906688727
2,Shijiazhuang,weather_only,recent24,weather,full72,0.23960268290067072
2,Shijiazhuang,weather_only,recent24,joint,full72,0.23237885659471413
2,Shijiazhuang,joint,recent24,pm,day1,0.2301235955308989
2,Shijiazhuang,joint,recent24,weather,day1,0.4110278812569703
2,Shijiazhuang,joint,recent24,joint,day1,0.43905315626328906
2,Shijiazhuang,joint,recent24,pm,day3,-0.015588809397202348
2,Shijiazhuang,joint,recent24,weather,day3,0.030626319156579786
2,Shijiazhuang,joint,recent24,joint,day3,0.0203984135996034
2,Shijiazhuang,joint,recent24,pm,full72,0.10969703742425935
2,Shijiazhuang,joint,recent24,weather,full72,0.2278695389673847
2,Shijiazhuang,joint,recent24,joint,full72,0.238156024039006
2,Shijiazhuang,pm_only,full72,pm,day1,0.2665675851418963
2,Shijiazhuang,pm_only,full72,weather,day1,0.04987876396969099
2,Shijiazhuang,pm_only,full72,joint,day1,0.11680902370225592
2,Shijiazhuang,pm_only,full72,pm,day3,0.03534487933621983
2,Shijiazhuang,pm_only,full72,weather,day3,-0.05483733470933367
2,Shijiazhuang,pm_only,full72,joint,day3,-0.053135309783827446
2,Shijiazhuang,pm_only,full72,pm,full72,0.19011769452942362
2,Shijiazhuang,pm_only,full72,weather,full72,-0.014298857074714268
2,Shijiazhuang,pm_only,full72,joint,full72,0.026606801151700287
2,Shijiazhuang,weather_only,full72,pm,day1,0.08107466026866506
2,Shijiazhuang,weather_only,full72,weather,day1,0.27422359155589787
2,Shijiazhuang,weather_only,full72,joint,day1,0.27006553351638335
2,Shijiazhuang,weather_only,full72,pm,day3,-0.038837234209308555
2,Shijiazhuang,weather_only,full72,weather,day3,0.043257067814266956
2,Shijiazhuang,weather_only,full72,joint,day3,0.028089019022254753
2,Shijiazhuang,weather_only,full72,pm,full72,-0.005828602457150614
2,Shijiazhuang,weather_only,full72,weather,full72,0.17092613623153405
2,Shijiazhuang,weather_only,full72,joint,full72,0.15562463990616
2,Shijiazhuang,joint,full72,pm,day1,0.14167197541799387
2,Shijiazhuang,joint,full72,weather,day1,0.26559891939972985
2,Shijiazhuang,joint,full72,joint,day1,0.28226814306703574
2,Shijiazhuang,joint,full72,pm,day3,-0.03280541170135293
2,Shijiazhuang,joint,full72,weather,day3,0.030039060009765
2,Shijiazhuang,joint,full72,joint,day3,0.01551137787784447
2,Shijiazhuang,joint,full72,pm,full72,0.040542424135606034
2,Shijiazhuang,joint,full72,weather,full72,0.1561449555362389
2,Shijiazhuang,joint,full72,joint,full72,0.15346421786605446
3,Tangshan,pm_only,recent24,pm,day1,0.3459425649856413
3,Tangshan,pm_only,recent24,weather,day1,0.11324038481009618
3,Tangshan,pm_only,recent24,joint,day1,0.19068061317015328
3,Tangshan,pm_only,recent24,pm,day3,0.09679774069943517
3,Tangshan,pm_only,recent24,weather,day3,0.013217514304378574
3,Tangshan,pm_only,recent24,joint,day3,0.039432884358221086
3,Tangshan,pm_only,recent24,pm,full72,0.27479272469818117
3,Tangshan,pm_only,recent24,weather,full72,0.07063485265871317
3,Tangshan,pm_only,recent24,joint,full72,0.12916922479230616
3,Tangshan,weather_only,recent24,pm,day1,0.06777207494301873
3,Tangshan,weather_only,recent24,weather,day1,0.418197796049449
3,Tangshan,weather_only,recent24,joint,day1,0.400586428146607
3,Tangshan,weather_only,recent24,pm,day3,0.03584918246229561
3,Tangshan,weather_only,recent24,weather,day3,0.10126114031528508
3,Tangshan,weather_only,recent24,joint,day3,0.09642958660739664
3,Tangshan,weather_only,recent24,pm,full72,0.035698027424506854
3,Tangshan,weather_only,recent24,weather,full72,0.2727114366778592
3,Tangshan,weather_only,recent24,joint,full72,0.2558590659647665
3,Tangshan,joint,recent24,pm,day1,0.14534332983583245
3,Tangshan,joint,recent24,weather,day1,0.4099744099936025
3,Tangshan,joint,recent24,joint,day1,0.41821300455325106
3,Tangshan,joint,recent24,pm,day3,0.055274875818718955
3,Tangshan,joint,recent24,weather,day3,0.09070950767737693
3,Tangshan,joint,recent24,joint,day3,0.09202419050604763
3,Tangshan,joint,recent24,pm,full72,0.10017204104301025
3,Tangshan,joint,recent24,weather,full72,0.2634550348637587
3,Tangshan,joint,recent24,joint,full72,0.265950871987718
3,Tangshan,pm_only,full72,pm,day1,0.29340913635228405
3,Tangshan,pm_only,full72,weather,day1,0.06889176072294018
3,Tangshan,pm_only,full72,joint,day1,0.13578692194673048
3,Tangshan,pm_only,full72,pm,day3,0.11142644485661123
3,Tangshan,pm_only,full72,weather,day3,-0.004676299169074792
3,Tangshan,pm_only,full72,joint,day3,0.020326265081566267
3,Tangshan,pm_only,full72,pm,full72,0.2494156988539247
3,Tangshan,pm_only,full72,weather,full72,0.01717404579351145
3,Tangshan,pm_only,full72,joint,full72,0.07090195022548756
3,Tangshan,weather_only,full72,pm,day1,0.0035284328821082204
3,Tangshan,weather_only,full72,weather,day1,0.2734605488651372
3,Tangshan,weather_only,full72,joint,day1,0.2549225287306322
3,Tangshan,weather_only,full72,pm,day3,-0.015313641828410458
3,Tangshan,weather_only,full72,weather,day3,0.06231956907989227
3,Tangshan,weather_only,full72,joint,day3,0.05110725077681269
3,Tangshan,weather_only,full72,pm,full72,-0.04075025068756267
3,Tangshan,weather_only,full72,weather,full72,0.16897384374346094
3,Tangshan,weather_only,full72,joint,full72,0.14787936546984137
3,Tangshan,joint,full72,pm,day1,0.06262203065550766
3,Tangshan,joint,full72,weather,day1,0.2641326735331683
3,Tangshan,joint,full72,joint,day1,0.26404237051059265
3,Tangshan,joint,full72,pm,day3,0.0009962837490709372
3,Tangshan,joint,full72,weather,day3,0.04855132513783128
3,Tangshan,joint,full72,joint,day3,0.042692752673188165
3,Tangshan,joint,full72,pm,full72,0.009103728775932194
3,Tangshan,joint,full72,weather,full72,0.15366311791577947
3,Tangshan,joint,full72,joint,full72,0.14635122058780514
4,Qinhuangdao,pm_only,recent24,pm,day1,0.27828258657064664
4,Qinhuangdao,pm_only,recent24,weather,day1,0.09436302409075602
4,Qinhuangdao,pm_only,recent24,joint,day1,0.15248487812121952
4,Qinhuangdao,pm_only,recent24,pm,day3,0.034546867136716786
4,Qinhuangdao,pm_only,recent24,weather,day3,-0.002813834203458551
4,Qinhuangdao,pm_only,recent24,joint,day3,-0.001778304444576111
4,Qinhuangdao,pm_only,recent24,pm,full72,0.17608979152244786
4,Qinhuangdao,pm_only,recent24,weather,full72,0.0488664992166248
4,Qinhuangdao,pm_only,recent24,joint,full72,0.08033525158381288
4,Qinhuangdao,weather_only,recent24,pm,day1,0.04143338685834671
4,Qinhuangdao,weather_only,recent24,weather,day1,0.3879244104811026
4,Qinhuangdao,weather_only,recent24,joint,day1,0.37097464624366155
4,Qinhuangdao,weather_only,recent24,pm,day3,0.022037327509331878
4,Qinhuangdao,weather_only,recent24,weather,day3,0.04718441829610457
4,Qinhuangdao,weather_only,recent24,joint,day3,0.04628650007162502
4,Qinhuangdao,weather_only,recent24,pm,full72,0.028288484572121145
4,Qinhuangdao,weather_only,recent24,weather,full72,0.21582750145687538
4,Qinhuangdao,weather_only,recent24,joint,full72,0.20760622740155688
4,Qinhuangdao,joint,recent24,pm,day1,0.1052118128029532
4,Qinhuangdao,joint,recent24,weather,day1,0.3807868671967168
4,Qinhuangdao,joint,recent24,joint,day1,0.3821572825393206
4,Qinhuangdao,joint,recent24,pm,day3,0.02777214544303636
4,Qinhuangdao,joint,recent24,weather,day3,0.03847688161922041
4,Qinhuangdao,joint,recent24,joint,day3,0.03788714597178649
4,Qinhuangdao,joint,recent24,pm,full72,0.0714468748617187
4,Qinhuangdao,joint,recent24,weather,full72,0.20968347292086822
4,Qinhuangdao,joint,recent24,joint,full72,0.21146610936652732
4,Qinhuangdao,pm_only,full72,pm,day1,0.22333415433353856
4,Qinhuangdao,pm_only,full72,weather,day1,0.11969857342464336
4,Qinhuangdao,pm_only,full72,joint,day1,0.1603298995824749
4,Qinhuangdao,pm_only,full72,pm,day3,0.04910003127500782
4,Qinhuangdao,pm_only,full72,weather,day3,0.006826396706599177
4,Qinhuangdao,pm_only,full72,joint,day3,0.006492057123014281
4,Qinhuangdao,pm_only,full72,pm,full72,0.14394645448661358
4,Qinhuangdao,pm_only,full72,weather,full72,0.05298991024747757
4,Qinhuangdao,pm_only,full72,joint,full72,0.07514033928508482
4,Qinhuangdao,weather_only,full72,pm,day1,-0.02495568023892006
4,Qinhuangdao,weather_only,full72,weather,day1,0.21839165759791437
4,Qinhuangdao,weather_only,full72,joint,day1,0.19556883689220922
4,Qinhuangdao,weather_only,full72,pm,day3,0.0072698643174660795
4,Qinhuangdao,weather_only,full72,weather,day3,0.022584589146147284
4,Qinhuangdao,weather_only,full72,joint,day3,0.02432950208237552
4,Qinhuangdao,weather_only,full72,pm,full72,-0.017587478896869724
4,Qinhuangdao,weather_only,full72,weather,full72,0.10569561542390386
4,Qinhuangdao,weather_only,full72,joint,full72,0.09744967086241771
4,Qinhuangdao,joint,full72,pm,day1,0.02256034464008616
4,Qinhuangdao,joint,full72,weather,day1,0.2252761133190283
4,Qinhuangdao,joint,full72,joint,day1,0.21337111584277896
4,Qinhuangdao,joint,full72,pm,day3,0.02031945807986452
4,Qinhuangdao,joint,full72,weather,day3,0.017661823415455854
4,Qinhuangdao,joint,full72,joint,day3,0.02049444212361053
4,Qinhuangdao,joint,full72,pm,full72,0.01734298183574546
4,Qinhuangdao,joint,full72,weather,full72,0.10396486249121561
4,Qinhuangdao,joint,full72,joint,full72,0.10211675252918813
5,Handan,pm_only,recent24,pm,day1,0.36165542891385727
5,Handan,pm_only,recent24,weather,day1,0.06629669707417427
5,Handan,pm_only,recent24,joint,day1,0.15947774636943657
5,Handan,pm_only,recent24,pm,day3,0.02937219884304971
5,Handan,pm_only,recent24,weather,day3,-0.01977221744305436
5,Handan,pm_only,recent24,joint,day3,-0.019106215776553942
5,Handan,pm_only,recent24,pm,full72,0.22939075684768923
5,Handan,pm_only,recent24,weather,full72,0.010839481209870301
5,Handan,pm_only,recent24,joint,full72,0.06253388313347077
5,Handan,weather_only,recent24,pm,day1,0.14351100137775033
5,Handan,weather_only,recent24,weather,day1,0.3839328689832172
5,Handan,weather_only,recent24,joint,day1,0.38647765561941394
5,Handan,weather_only,recent24,pm,day3,-0.018713398678349667
5,Handan,weather_only,recent24,weather,day3,0.026268354567088644
5,Handan,weather_only,recent24,joint,day3,0.01738310084577521
5,Handan,weather_only,recent24,pm,full72,0.05117220529305132
5,Handan,weather_only,recent24,weather,full72,0.19059620064905014
5,Handan,weather_only,recent24,joint,full72,0.19075852618963154
5,Handan,joint,recent24,pm,day1,0.22097965474491368
5,Handan,joint,recent24,weather,day1,0.3664951261237815
5,Handan,joint,recent24,joint,day1,0.3981159485289871
5,Handan,joint,recent24,pm,day3,-0.012722803680700919
5,Handan,joint,recent24,weather,day3,0.021402741850685462
5,Handan,joint,recent24,joint,day3,0.012449926612481652
5,Handan,joint,recent24,pm,full72,0.10496894024223505
5,Handan,joint,recent24,weather,full72,0.1780393105098276
5,Handan,joint,recent24,joint,full72,0.19305536726384182
5,Handan,pm_only,full72,pm,day1,0.26407105651776414
5,Handan,pm_only,full72,weather,day1,0.02084945471236368
5,Handan,pm_only,full72,joint,day1,0.09159219489804872
5,Handan,pm_only,full72,pm,day3,0.04870880417720105
5,Handan,pm_only,full72,weather,day3,-0.05052787863196966
5,Handan,pm_only,full72,joint,day3,-0.0459814179953545
5,Handan,pm_only,full72,pm,full72,0.19043055710763926
5,Handan,pm_only,full72,weather,full72,-0.04172673893168473
5,Handan,pm_only,full72,joint,full72,0.0010314992578748143
5,Handan,weather_only,full72,pm,day1,0.08819506904876727
5,Handan,weather_only,full72,weather,day1,0.24988338847084707
5,Handan,weather_only,full72,joint,day1,0.2514486388621597
5,Handan,weather_only,full72,pm,day3,-0.03174380593595148
5,Handan,weather_only,full72,weather,day3,0.04184779196194799
5,Handan,weather_only,full72,joint,day3,0.028810118702529672
5,Handan,weather_only,full72,pm,full72,0.011922290980572745
5,Handan,weather_only,full72,weather,full72,0.14386600196650048
5,Handan,weather_only,full72,joint,full72,0.1395814008953502
5,Handan,joint,full72,pm,day1,0.13418925654731415
5,Handan,joint,full72,weather,day1,0.23366876841719214
5,Handan,joint,full72,joint,day1,0.2516794484198621
5,Handan,joint,full72,pm,day3,-0.020780321195080297
5,Handan,joint,full72,weather,day3,0.022866983716745927
5,Handan,joint,full72,joint,day3,0.011869322967330741
5,Handan,joint,full72,pm,full72,0.04894617323654331
5,Handan,joint,full72,weather,full72,0.117970143992536
5,Handan,joint,full72,joint,full72,0.12409641852410462
6,Baoding,pm_only,recent24,pm,day1,0.36927767631941905
6,Baoding,pm_only,recent24,weather,day1,0.06949319337329835
6,Baoding,pm_only,recent24,joint,day1,0.1506960331740083
6,Baoding,pm_only,recent24,pm,day3,0.034754053188513295
6,Baoding,pm_only,recent24,weather,day3,-0.003957191489297872
6,Baoding,pm_only,recent24,joint,day3,0.00023138405784601444
6,Baoding,pm_only,recent24,pm,full72,0.24113493028373256
6,Baoding,pm_only,recent24,weather,full72,0.016749701687425424
6,Baoding,pm_only,recent24,joint,full72,0.06355343188835796
6,Baoding,weather_only,recent24,pm,day1,0.13349246587311647
6,Baoding,weather_only,recent24,weather,day1,0.39894034723508676
6,Baoding,weather_only,recent24,joint,day1,0.394225264056316
6,Baoding,weather_only,recent24,pm,day3,-0.025515850878962718
6,Baoding,weather_only,recent24,weather,day3,0.0629478172369543
6,Baoding,weather_only,recent24,joint,day3,0.05161140690285172
6,Baoding,weather_only,recent24,pm,full72,0.05660187665046915
6,Baoding,weather_only,recent24,weather,full72,0.24971305292826318
6,Baoding,weather_only,recent24,joint,full72,0.2395522228880557
6,Baoding,joint,recent24,pm,day1,0.20892946623236655
6,Baoding,joint,recent24,weather,day1,0.3813093818273454
6,Baoding,joint,recent24,joint,day1,0.3990601657650414
6,Baoding,joint,recent24,pm,day3,-0.017812915453228863
6,Baoding,joint,recent24,weather,day3,0.04981482345370586
6,Baoding,joint,recent24,joint,day3,0.04114788578697145
6,Baoding,joint,recent24,pm,full72,0.10907751176937795
6,Baoding,joint,recent24,weather,full72,0.23090733822683457
6,Baoding,joint,recent24,joint,full72,0.23437480359370091
6,Baoding,pm_only,full72,pm,day1,0.257784047946012
6,Baoding,pm_only,full72,weather,day1,0.027740237435059354
6,Baoding,pm_only,full72,joint,day1,0.0864597696149424
6,Baoding,pm_only,full72,pm,day3,0.05667758016939504
6,Baoding,pm_only,full72,weather,day3,-0.04823029505757376
6,Baoding,pm_only,full72,joint,day3,-0.03603778500944625
6,Baoding,pm_only,full72,pm,full72,0.19436765159191288
6,Baoding,pm_only,full72,weather,full72,-0.03189049247262312
6,Baoding,pm_only,full72,joint,full72,0.008607347151836788
6,Baoding,weather_only,full72,pm,day1,0.057753390938347735
6,Baoding,weather_only,full72,weather,day1,0.24528401832100455
6,Baoding,weather_only,full72,joint,day1,0.23666022816505702
6,Baoding,weather_only,full72,pm,day3,-0.03233136208284052
6,Baoding,weather_only,full72,weather,day3,0.052329400082350014
6,Baoding,weather_only,full72,joint,day3,0.036407350601837654
6,Baoding,weather_only,full72,pm,full72,-0.007276077319019329
6,Baoding,weather_only,full72,weather,full72,0.17026309106577275
6,Baoding,weather_only,full72,joint,full72,0.15189184547296136
6,Baoding,joint,full72,pm,day1,0.10878911119727779
6,Baoding,joint,full72,weather,day1,0.2316052509013127
6,Baoding,joint,full72,joint,day1,0.2375779403944851
6,Baoding,joint,full72,pm,day3,-0.018984667746166934
6,Baoding,joint,full72,weather,day3,0.03364897741224435
6,Baoding,joint,full72,joint,day3,0.023052742263185565
6,Baoding,joint,full72,pm,full72,0.0344336996084249
6,Baoding,joint,full72,weather,full72,0.14693096023274005
6,Baoding,joint,full72,joint,full72,0.1404192636048159
7,Zhangjiakou,pm_only,recent24,pm,day1,0.3402075505518876
7,Zhangjiakou,pm_only,recent24,weather,day1,0.13248827412206854
7,Zhangjiakou,pm_only,recent24,joint,day1,0.18979535344883836
7,Zhangjiakou,pm_only,recent24,pm,day3,0.005976110994027748
7,Zhangjiakou,pm_only,recent24,weather,day3,-0.006514957628739407
7,Zhangjiakou,pm_only,recent24,joint,day3,-0.008474364618591154
7,Zhangjiakou,pm_only,recent24,pm,full72,0.18092752823188207
7,Zhangjiakou,pm_only,recent24,weather,full72,0.0922256180564045
7,Zhangjiakou,pm_only,recent24,joint,full72,0.11546374536593632
7,Zhangjiakou,weather_only,recent24,pm,day1,0.13168264192066048
7,Zhangjiakou,weather_only,recent24,weather,day1,0.4243233835808459
7,Zhangjiakou,weather_only,recent24,joint,day1,0.4171569382892346
7,Zhangjiakou,weather_only,recent24,pm,day3,-0.02746542536635634
7,Zhangjiakou,weather_only,recent24,weather,day3,0.04540138585034646
7,Zhangjiakou,weather_only,recent24,joint,day3,0.036896343224085804
7,Zhangjiakou,weather_only,recent24,pm,full72,0.05681656720414179
7,Zhangjiakou,weather_only,recent24,weather,full72,0.23629040007260005
7,Zhangjiakou,weather_only,recent24,joint,full72,0.22682730270682566
7,Zhangjiakou,joint,recent24,pm,day1,0.19080631620157903
7,Zhangjiakou,joint,recent24,weather,day1,0.4188809547202386
7,Zhangjiakou,joint,recent24,joint,day1,0.4256742209185552
7,Zhangjiakou,joint,recent24,pm,day3,-0.021538010384502596
7,Zhangjiakou,joint,recent24,weather,day3,0.041649829412457345
7,Zhangjiakou,joint,recent24,joint,day3,0.03335637083909271
7,Zhangjiakou,joint,recent24,pm,full72,0.09227348456837113
7,Zhangjiakou,joint,recent24,weather,full72,0.2396980604245151
7,Zhangjiakou,joint,recent24,joint,full72,0.23616570054142516
7,Zhangjiakou,pm_only,full72,pm,day1,0.19429479207369799
7,Zhangjiakou,pm_only,full72,weather,day1,0.06222186055546513
7,Zhangjiakou,pm_only,full72,joint,day1,0.09892892773223193
7,Zhangjiakou,pm_only,full72,pm,day3,0.03557662339415585
7,Zhangjiakou,pm_only,full72,weather,day3,-0.0051667662916915725
7,Zhangjiakou,pm_only,full72,joint,day3,0.0017282389320597328
7,Zhangjiakou,pm_only,full72,pm,full72,0.14403280950820238
7,Zhangjiakou,pm_only,full72,weather,full72,0.05413360053340013
7,Zhangjiakou,pm_only,full72,joint,full72,0.07632687258171814
7,Zhangjiakou,weather_only,full72,pm,day1,0.013202292300573074
7,Zhangjiakou,weather_only,full72,weather,day1,0.23501490775372694
7,Zhangjiakou,weather_only,full72,joint,day1,0.2185830396457599
7,Zhangjiakou,weather_only,full72,pm,day3,-0.020151636537909134
7,Zhangjiakou,weather_only,full72,weather,day3,0.04362284140571035
7,Zhangjiakou,weather_only,full72,joint,day3,0.03692335823083955
7,Zhangjiakou,weather_only,full72,pm,full72,-0.023220833805208452
7,Zhangjiakou,weather_only,full72,weather,full72,0.13588599847149962
7,Zhangjiakou,weather_only,full72,joint,full72,0.11807607551901887
7,Zhangjiakou,joint,full72,pm,day1,0.04342286435571609
7,Zhangjiakou,joint,full72,weather,day1,0.23034049258512315
7,Zhangjiakou,joint,full72,joint,day1,0.22114663628665907
7,Zhangjiakou,joint,full72,pm,day3,-0.015798413449603362
7,Zhangjiakou,joint,full72,weather,day3,0.03758834139708535
7,Zhangjiakou,joint,full72,joint,day3,0.03239741909935477
7,Zhangjiakou,joint,full72,pm,full72,0.0005233306308326576
7,Zhangjiakou,joint,full72,weather,full72,0.13676712569178143
7,Zhangjiakou,joint,full72,joint,full72,0.12397467249366811
8,Chengde,pm_only,recent24,pm,day1,0.36962961240740305
8,Chengde,pm_only,recent24,weather,day1,0.1322733420683355
8,Chengde,pm_only,recent24,joint,day1,0.2052709563177391
8,Chengde,pm_only,recent24,pm,day3,0.005894518473629618
8,Chengde,pm_only,recent24,weather,day3,-0.0053574898393724596
8,Chengde,pm_only,recent24,joint,day3,-0.01056099264024816
8,Chengde,pm_only,recent24,pm,full72,0.21099212274803064
8,Chengde,pm_only,recent24,weather,full72,0.08204614151153537
8,Chengde,pm_only,recent24,joint,full72,0.11799788949947237
8,Chengde,weather_only,recent24,pm,day1,0.10340098385024596
8,Chengde,weather_only,recent24,weather,day1,0.4244467316116829
8,Chengde,weather_only,recent24,joint,day1,0.4080575655143913
8,Chengde,weather_only,recent24,pm,day3,-0.029848202962050742
8,Chengde,weather_only,recent24,weather,day3,0.0564902076225519
8,Chengde,weather_only,recent24,joint,day3,0.04044801711200428
8,Chengde,weather_only,recent24,pm,full72,0.004290962572740643
8,Chengde,weather_only,recent24,weather,full72,0.2428659337164834
8,Chengde,weather_only,recent24,joint,full72,0.22375521043880262
8,Chengde,joint,recent24,pm,day1,0.17892270873067717
8,Chengde,joint,recent24,weather,day1,0.4150165937541484
8,Chengde,joint,recent24,joint,day1,0.41939099234774807
8,Chengde,joint,recent24,pm,day3,-0.02259661164915291
8,Chengde,joint,recent24,weather,day3,0.05111710427927606
8,Chengde,joint,recent24,joint,day3,0.035663843915960974
8,Chengde,joint,recent24,pm,full72,0.054367462591865645
8,Chengde,joint,recent24,weather,full72,0.2367050136762534
8,Chengde,joint,recent24,joint,full72,0.22907849126962282
8,Chengde,pm_only,full72,pm,day1,0.20543977235994307
8,Chengde,pm_only,full72,weather,day1,0.08486171721542932
8,Chengde,pm_only,full72,joint,day1,0.12427779106944777
8,Chengde,pm_only,full72,pm,day3,-0.006672712668178167
8,Chengde,pm_only,full72,weather,day3,-0.051017418754354685
8,Chengde,pm_only,full72,joint,day3,-0.05228888207222051
8,Chengde,pm_only,full72,pm,full72,0.12108301377075344
8,Chengde,pm_only,full72,weather,full72,0.023634842908710728
8,Chengde,pm_only,full72,joint,full72,0.045431231357807834
8,Chengde,weather_only,full72,pm,day1,-0.015927579981894993
8,Chengde,weather_only,full72,weather,day1,0.2782708655677164
8,Chengde,weather_only,full72,joint,day1,0.24664644466161115
8,Chengde,weather_only,full72,pm,day3,-0.05585554096388523
8,Chengde,weather_only,full72,weather,day3,0.01575416943854236
8,Chengde,weather_only,full72,joint,day3,-0.0011823332955833237
8,Chengde,weather_only,full72,pm,full72,-0.07113458528364631
8,Chengde,weather_only,full72,weather,full72,0.14294554023638506
8,Chengde,weather_only,full72,joint,full72,0.11353058838264708
8,Chengde,joint,full72,pm,day1,0.02139000684750171
8,Chengde,joint,full72,weather,day1,0.2694708403677101
8,Chengde,joint,full72,joint,day1,0.24782077095519273
8,Chengde,joint,full72,pm,day3,-0.05260755115188778
8,Chengde,joint,full72,weather,day3,0.005849671462417865
8,Chengde,joint,full72,joint,day3,-0.010030253507563376
8,Chengde,joint,full72,pm,full72,-0.043129471782367944
8,Chengde,joint,full72,weather,full72,0.13421862505465623
8,Chengde,joint,full72,joint,full72,0.1115344583836146
9,Langfang,pm_only,recent24,pm,day1,0.3702264490566123
9,Langfang,pm_only,recent24,weather,day1,0.06641349010337252
9,Langfang,pm_only,recent24,joint,day1,0.14159432789858195
9,Langfang,pm_only,recent24,pm,day3,0.14417277004319248
9,Langfang,pm_only,recent24,weather,day3,-0.03453130013282503
9,Langfang,pm_only,recent24,joint,day3,0.0024508236127059034
9,Langfang,pm_only,recent24,pm,full72,0.30781639695409924
9,Langfang,pm_only,recent24,weather,full72,-0.0012458538114634527
9,Langfang,pm_only,recent24,joint,full72,0.0612422148105537
9,Langfang,weather_only,recent24,pm,day1,0.08802733750683438
9,Langfang,weather_only,recent24,weather,day1,0.4167774756943689
9,Langfang,weather_only,recent24,joint,day1,0.3967567096891774
9,Langfang,weather_only,recent24,pm,day3,-0.03098421924605481
9,Langfang,weather_only,recent24,weather,day3,0.07170099292524823
9,Langfang,weather_only,recent24,joint,day3,0.056846934711733674
9,Langfang,weather_only,recent24,pm,full72,-0.02344452736113184
9,Langfang,weather_only,recent24,weather,full72,0.25341065135266283
9,Langfang,weather_only,recent24,joint,full72,0.22954913138728286
9,Langfang,joint,recent24,pm,day1,0.16284479571119892
9,Langfang,joint,recent24,weather,day1,0.39672813018203257
9,Langfang,joint,recent24,joint,day1,0.3987950076987519
9,Langfang,joint,recent24,pm,day3,0.004429831107457777
9,Langfang,joint,recent24,weather,day3,0.055182241795560444
9,Langfang,joint,recent24,joint,day3,0.050562936640734156
9,Langfang,joint,recent24,pm,full72,0.046586119146529784
9,Langfang,joint,recent24,weather,full72,0.2310780052695013
9,Langfang,joint,recent24,joint,full72,0.22535053433763358
9,Langfang,pm_only,full72,pm,day1,0.2751720252930063
9,Langfang,pm_only,full72,weather,day1,0.02095213723803431
9,Langfang,pm_only,full72,joint,day1,0.08263268965817241
9,Langfang,pm_only,full72,pm,day3,0.17960954390238595
9,Langfang,pm_only,full72,weather,day3,-0.0612296568074142
9,Langfang,pm_only,full72,joint,day3,-0.01831179907794977
9,Langfang,pm_only,full72,pm,full72,0.291005168251292
9,Langfang,pm_only,full72,weather,full72,-0.046637743159435786
9,Langfang,pm_only,full72,joint,full72,0.01669324017331004
9,Langfang,weather_only,full72,pm,day1,0.00027504006876001715
9,Langfang,weather_only,full72,weather,day1,0.2558260569565142
9,Langfang,weather_only,full72,joint,day1,0.23124257331064332
9,Langfang,weather_only,full72,pm,day3,-0.07463418515854628
9,Langfang,weather_only,full72,weather,day3,0.03454163213540803
9,Langfang,weather_only,full72,joint,day3,0.010936700734175183
9,Langfang,weather_only,full72,pm,full72,-0.10665798416449605
9,Langfang,weather_only,full72,weather,full72,0.14007536601884152
9,Langfang,weather_only,full72,joint,full72,0.1067462096865524
9,Langfang,joint,full72,pm,day1,0.05446207211551802
9,Langfang,joint,full72,weather,day1,0.24009239852309963
9,Langfang,joint,full72,joint,day1,0.2306045886511471
9,Langfang,joint,full72,pm,day3,-0.03208635202158801
9,Langfang,joint,full72,weather,day3,0.013933461483365368
9,Langfang,joint,full72,joint,day3,0.0016669159167289791
9,Langfang,joint,full72,pm,full72,-0.04073237968309492
9,Langfang,joint,full72,weather,full72,0.11702553225638304
9,Langfang,joint,full72,joint,full72,0.0994131368532842
10,Cangzhou,pm_only,recent24,pm,day1,0.37624340656085165
10,Cangzhou,pm_only,recent24,weather,day1,0.07201533900383475
10,Cangzhou,pm_only,recent24,joint,day1,0.15758227239556807
10,Cangzhou,pm_only,recent24,pm,day3,0.05013510053377513
10,Cangzhou,pm_only,recent24,weather,day3,-0.013633651908412979
10,Cangzhou,pm_only,recent24,joint,day3,-0.0012247908061977016
10,Cangzhou,pm_only,recent24,pm,full72,0.24357044489261123
10,Cangzhou,pm_only,recent24,weather,full72,0.03031014007753502
10,Cangzhou,pm_only,recent24,joint,full72,0.07833290408322602
10,Cangzhou,weather_only,recent24,pm,day1,0.09827372756843188
10,Cangzhou,weather_only,recent24,weather,day1,0.389975795993949
10,Cangzhou,weather_only,recent24,joint,day1,0.374318996079749
10,Cangzhou,weather_only,recent24,pm,day3,-0.0005578816394704099
10,Cangzhou,weather_only,recent24,weather,day3,0.07854928963732241
10,Cangzhou,weather_only,recent24,joint,day3,0.07292386673096668
10,Cangzhou,weather_only,recent24,pm,full72,0.03451115512778878
10,Cangzhou,weather_only,recent24,weather,full72,0.22221018755254687
10,Cangzhou,weather_only,recent24,joint,full72,0.2106749551687388
10,Cangzhou,joint,recent24,pm,day1,0.1810376672594168
10,Cangzhou,joint,recent24,weather,day1,0.36850684262671063
10,Cangzhou,joint,recent24,joint,day1,0.3796792114198029
10,Cangzhou,joint,recent24,pm,day3,0.017805992951498237
10,Cangzhou,joint,recent24,weather,day3,0.0686496891624223
10,Cangzhou,joint,recent24,joint,day3,0.06755797538949385
10,Cangzhou,joint,recent24,pm,full72,0.09539738384934596
10,Cangzhou,joint,recent24,weather,full72,0.21045131561282893
10,Cangzhou,joint,recent24,joint,full72,0.2138891484722871
10,Cangzhou,pm_only,full72,pm,day1,0.2695815568953892
10,Cangzhou,pm_only,full72,weather,day1,0.07748908037227008
10,Cangzhou,pm_only,full72,joint,day1,0.14151798987949746
10,Cangzhou,pm_only,full72,pm,day3,0.09827613656903414
10,Cangzhou,pm_only,full72,weather,day3,-0.0288356892089223
10,Cangzhou,pm_only,full72,joint,day3,-0.009012360753090188
10,Cangzhou,pm_only,full72,pm,full72,0.24724999981249993
10,Cangzhou,pm_only,full72,weather,full72,0.01584308496077124
10,Cangzhou,pm_only,full72,joint,full72,0.06308227577056894
10,Cangzhou,weather_only,full72,pm,day1,0.015057228764307191
10,Cangzhou,weather_only,full72,weather,day1,0.24848671262167812
10,Cangzhou,weather_only,full72,joint,day1,0.23054510763627692
10,Cangzhou,weather_only,full72,pm,day3,-0.03213546053386513
10,Cangzhou,weather_only,full72,weather,day3,0.0689489212372303
10,Cangzhou,weather_only,full72,joint,day3,0.055440162360040596
10,Cangzhou,weather_only,full72,pm,full72,-0.040596574149143534
10,Cangzhou,weather_only,full72,weather,full72,0.14861117215279304
10,Cangzhou,weather_only,full72,joint,full72,0.1302444835611209
10,Cangzhou,joint,full72,pm,day1,0.06573536843384212
10,Cangzhou,joint,full72,weather,day1,0.24339089934772484
10,Cangzhou,joint,full72,joint,day1,0.23973317093329272
10,Cangzhou,joint,full72,pm,day3,-0.011415040353760088
10,Cangzhou,joint,full72,weather,day3,0.054714708178677046
10,Cangzhou,joint,full72,joint,day3,0.04655817113954278
10,Cangzhou,joint,full72,pm,full72,0.009828084957021239
10,Cangzhou,joint,full72,weather,full72,0.13783757545939385
10,Cangzhou,joint,full72,joint,full72,0.13074942718735677
11,Hengshui,pm_only,recent24,pm,day1,0.33408720252180063
11,Hengshui,pm_only,recent24,weather,day1,0.024407634101908524
11,Hengshui,pm_only,recent24,joint,day1,0.10710961627740405
11,Hengshui,pm_only,recent24,pm,day3,0.02233312008328002
11,Hengshui,pm_only,recent24,weather,day3,-0.021881175970293994
11,Hengshui,pm_only,recent24,joint,day3,-0.01935220083805021
11,Hengshui,pm_only,recent24,pm,full72,0.2064230196057549
11,Hengshui,pm_only,recent24,weather,full72,0.00790813247703312
11,Hengshui,pm_only,recent24,joint,full72,0.047760833940208476
11,Hengshui,weather_only,recent24,pm,day1,0.07848874812218704
11,Hengshui,weather_only,recent24,weather,day1,0.39222835705708925
11,Hengshui,weather_only,recent24,joint,day1,0.37300369825092455
11,Hengshui,weather_only,recent24,pm,day3,-0.03265783416445854
11,Hengshui,weather_only,recent24,weather,day3,0.06040735360183841
11,Hengshui,weather_only,recent24,joint,day3,0.04859302064825516
11,Hengshui,weather_only,recent24,pm,full72,0.01738815584703896
11,Hengshui,weather_only,recent24,weather,full72,0.2162115900528975
11,Hengshui,weather_only,recent24,joint,full72,0.197939819984955
11,Hengshui,joint,recent24,pm,day1,0.14861187865296965
11,Hengshui,joint,recent24,weather,day1,0.3696147189036797
11,Hengshui,joint,recent24,joint,day1,0.3735075513768878
11,Hengshui,joint,recent24,pm,day3,-0.02079691419922855
11,Hengshui,joint,recent24,weather,day3,0.05329288782322196
11,Hengshui,joint,recent24,joint,day3,0.04426910306727577
11,Hengshui,joint,recent24,pm,full72,0.06512395178098794
11,Hengshui,joint,recent24,weather,full72,0.20359924489981118
11,Hengshui,joint,recent24,joint,full72,0.19795912948978237
11,Hengshui,pm_only,full72,pm,day1,0.2278008104502026
11,Hengshui,pm_only,full72,weather,day1,0.026494439123609784
11,Hengshui,pm_only,full72,joint,day1,0.08212262953065737
11,Hengshui,pm_only,full72,pm,day3,0.07478885769721441
11,Hengshui,pm_only,full72,weather,day3,-0.05612869103217276
11,Hengshui,pm_only,full72,joint,day3,-0.043662957415739355
11,Hengshui,pm_only,full72,pm,full72,0.18998244099561024
11,Hengshui,pm_only,full72,weather,full72,-0.03128095682023921
11,Hengshui,pm_only,full72,joint,full72,0.0032575463143865785
11,Hengshui,weather_only,full72,pm,day1,0.015498108874527216
11,Hengshui,weather_only,full72,weather,day1,0.2403217275804319
11,Hengshui,weather_only,full72,joint,day1,0.21673128318282078
11,Hengshui,weather_only,full72,pm,day3,-0.04589999347499837
11,Hengshui,weather_only,full72,weather,day3,0.06457816764454191
11,Hengshui,weather_only,full72,joint,day3,0.05006315301578825
11,Hengshui,weather_only,full72,pm,full72,-0.03781853745463436
11,Hengshui,weather_only,full72,weather,full72,0.13920167430041858
11,Hengshui,weather_only,full72,joint,full72,0.11469186317296577
11,Hengshui,joint,full72,pm,day1,0.05391107547776886
11,Hengshui,joint,full72,weather,day1,0.2285185216296304
11,Hengshui,joint,full72,joint,day1,0.21729186332296582
11,Hengshui,joint,full72,pm,day3,-0.02814654403663601
11,Hengshui,joint,full72,weather,day3,0.046434596608649154
11,Hengshui,joint,full72,joint,day3,0.036670971167742795
11,Hengshui,joint,full72,pm,full72,-0.0027972801993200497
11,Hengshui,joint,full72,weather,full72,0.12080564720141179
11,Hengshui,joint,full72,joint,full72,0.10583369345842336
12,Xingtai,pm_only,recent24,pm,day1,0.3705968516492129
12,Xingtai,pm_only,recent24,weather,day1,0.017421119855279964
12,Xingtai,pm_only,recent24,joint,day1,0.11158466939616735
12,Xingtai,pm_only,recent24,pm,day3,-0.021209015302253824
12,Xingtai,pm_only,recent24,weather,day3,-0.02301981425495356
12,Xingtai,pm_only,recent24,joint,day3,-0.03035513708878427
12,Xingtai,pm_only,recent24,pm,full72,0.18579010644752658
12,Xingtai,pm_only,recent24,weather,full72,-0.026215055053763762
12,Xingtai,pm_only,recent24,joint,full72,0.01892117873029468
12,Xingtai,weather_only,recent24,pm,day1,0.1781107885276971
12,Xingtai,weather_only,recent24,weather,day1,0.39515254028813507
12,Xingtai,weather_only,recent24,joint,day1,0.4015129813782453
12,Xingtai,weather_only,recent24,pm,day3,-0.03778882844720711
12,Xingtai,weather_only,recent24,weather,day3,0.034650584662646165
12,Xingtai,weather_only,recent24,joint,day3,0.019009828752457186
12,Xingtai,weather_only,recent24,pm,full72,0.0647891771972943
12,Xingtai,weather_only,recent24,weather,full72,0.21229674957418737
12,Xingtai,weather_only,recent24,joint,full72,0.20906925576731397
12,Xingtai,joint,recent24,pm,day1,0.2623083565770891
12,Xingtai,joint,recent24,weather,day1,0.37072143868035967
12,Xingtai,joint,recent24,joint,day1,0.40600411900102973
12,Xingtai,joint,recent24,pm,day3,-0.036483991620997906
12,Xingtai,joint,recent24,weather,day3,0.031309908327477085
12,Xingtai,joint,recent24,joint,day3,0.015529005882251468
12,Xingtai,joint,recent24,pm,full72,0.11476553569138391
12,Xingtai,joint,recent24,weather,full72,0.19790302497575624
12,Xingtai,joint,recent24,joint,full72,0.2077358004339501
12,Xingtai,pm_only,full72,pm,day1,0.24455155163788792
12,Xingtai,pm_only,full72,weather,day1,0.022985171746292936
12,Xingtai,pm_only,full72,joint,day1,0.0875696543924136
12,Xingtai,pm_only,full72,pm,day3,0.0067969891992473
12,Xingtai,pm_only,full72,weather,day3,-0.06248134412033603
12,Xingtai,pm_only,full72,joint,day3,-0.059462771865692966
12,Xingtai,pm_only,full72,pm,full72,0.14367740091935022
12,Xingtai,pm_only,full72,weather,full72,-0.04448841512210378
12,Xingtai,pm_only,full72,joint,full72,-0.009961551990387998
12,Xingtai,weather_only,full72,pm,day1,0.11074761668690417
12,Xingtai,weather_only,full72,weather,day1,0.2535552993888248
12,Xingtai,weather_only,full72,joint,day1,0.2590840592710148
12,Xingtai,weather_only,full72,pm,day3,-0.06465613916403479
12,Xingtai,weather_only,full72,weather,day3,0.05414603103650775
12,Xingtai,weather_only,full72,joint,day3,0.035217640304410075
12,Xingtai,weather_only,full72,pm,full72,0.0003051090762772691
12,Xingtai,weather_only,full72,weather,full72,0.1618834904708726
12,Xingtai,weather_only,full72,joint,full72,0.15189758747439688
12,Xingtai,joint,full72,pm,day1,0.1561286460321615
12,Xingtai,joint,full72,weather,day1,0.2366791356697839
12,Xingtai,joint,full72,joint,day1,0.2588917607229402
12,Xingtai,joint,full72,pm,day3,-0.056500604125151024
12,Xingtai,joint,full72,weather,day3,0.03566259291564823
12,Xingtai,joint,full72,joint,day3,0.01975498843874711
12,Xingtai,joint,full72,pm,full72,0.03453035363258841
12,Xingtai,joint,full72,weather,full72,0.1385238016309504
12,Xingtai,joint,full72,joint,full72,0.13839566859891717
13,Taiyuan,pm_only,recent24,pm,day1,0.33122380230595055
13,Taiyuan,pm_only,recent24,weather,day1,0.0984395736098934
13,Taiyuan,pm_only,recent24,joint,day1,0.15566652741663187
13,Taiyuan,pm_only,recent24,pm,day3,0.02969288692322173
13,Taiyuan,pm_only,recent24,weather,day3,-0.07010012502503127
13,Taiyuan,pm_only,recent24,joint,day3,-0.05924086781021695
13,Taiyuan,pm_only,recent24,pm,full72,0.20648485712121428
13,Taiyuan,pm_only,recent24,weather,full72,0.0022843625710906425
13,Taiyuan,pm_only,recent24,joint,full72,0.03792303498075874
13,Taiyuan,weather_only,recent24,pm,day1,0.1943764295941074
13,Taiyuan,weather_only,recent24,weather,day1,0.4598539899634975
13,Taiyuan,weather_only,recent24,joint,day1,0.4630120832530208
13,Taiyuan,weather_only,recent24,pm,day3,0.0041910850477712615
13,Taiyuan,weather_only,recent24,weather,day3,0.10537732884433221
13,Taiyuan,weather_only,recent24,joint,day3,0.0968328332082083
13,Taiyuan,weather_only,recent24,pm,full72,0.0955491643872911
13,Taiyuan,weather_only,recent24,weather,full72,0.31815777603944395
13,Taiyuan,weather_only,recent24,joint,full72,0.31489296372324094
13,Taiyuan,joint,recent24,pm,day1,0.24878666319666579
13,Taiyuan,joint,recent24,weather,day1,0.4430128692532173
13,Taiyuan,joint,recent24,joint,day1,0.4600348165087041
13,Taiyuan,joint,recent24,pm,day3,0.009839771459942866
13,Taiyuan,joint,recent24,weather,day3,0.08953468788367196
13,Taiyuan,joint,recent24,joint,day3,0.08365088091272022
13,Taiyuan,joint,recent24,pm,full72,0.13287762621940655
13,Taiyuan,joint,recent24,weather,full72,0.2976363294090823
13,Taiyuan,joint,recent24,joint,full72,0.3027097626774407
13,Taiyuan,pm_only,full72,pm,day1,0.2240968055242014
13,Taiyuan,pm_only,full72,weather,day1,0.056989533747383435
13,Taiyuan,pm_only,full72,joint,day1,0.0948346452086613
13,Taiyuan,pm_only,full72,pm,day3,0.02206917251729313
13,Taiyuan,pm_only,full72,weather,day3,-0.06378945544736386
13,Taiyuan,pm_only,full72,joint,day3,-0.05857307214326803
13,Taiyuan,pm_only,full72,pm,full72,0.15332164133041032
13,Taiyuan,pm_only,full72,weather,full72,-0.012998025249506313
13,Taiyuan,pm_only,full72,joint,full72,0.013401982850495712
13,Taiyuan,weather_only,full72,pm,day1,0.12277078419269602
13,Taiyuan,weather_only,full72,weather,day1,0.3075562773890693
13,Taiyuan,weather_only,full72,joint,day1,0.31196843699210924
13,Taiyuan,weather_only,full72,pm,day3,-0.007465273866318466
13,Taiyuan,weather_only,full72,weather,day3,0.09050107812526953
13,Taiyuan,weather_only,full72,joint,day3,0.08051329262832316
13,Taiyuan,weather_only,full72,pm,full72,0.04404387951096987
13,Taiyuan,weather_only,full72,weather,full72,0.23145495836373958
13,Taiyuan,weather_only,full72,joint,full72,0.22731689982922493
13,Taiyuan,joint,full72,pm,day1,0.1621255260313815
13,Taiyuan,joint,full72,weather,day1,0.29602488950622236
13,Taiyuan,joint,full72,joint,day1,0.3091218712804678
13,Taiyuan,joint,full72,pm,day3,0.0023770475942618986
13,Taiyuan,joint,full72,weather,day3,0.07549231137307784
13,Taiyuan,joint,full72,joint,day3,0.06817964004491
13,Taiyuan,joint,full72,pm,full72,0.07747715986928996
13,Taiyuan,joint,full72,weather,full72,0.21412977553244386
13,Taiyuan,joint,full72,joint,full72,0.2169569417392354
14,Huhehaote,pm_only,recent24,pm,day1,0.2806659431664858
14,Huhehaote,pm_only,recent24,weather,day1,0.06616624054156015
14,Huhehaote,pm_only,recent24,joint,day1,0.11168475242118811
14,Huhehaote,pm_only,recent24,pm,day3,-0.03169660692415173
14,Huhehaote,pm_only,recent24,weather,day3,-0.08557479189369797
14,Huhehaote,pm_only,recent24,joint,day3,-0.08525868331467082
14,Huhehaote,pm_only,recent24,pm,full72,0.13541250835312707
14,Huhehaote,pm_only,recent24,weather,full72,-0.029136203784050945
14,Huhehaote,pm_only,recent24,joint,full72,-0.003149154787288697
14,Huhehaote,weather_only,recent24,pm,day1,0.15397664799416202
14,Huhehaote,weather_only,recent24,weather,day1,0.4281899135474784
14,Huhehaote,weather_only,recent24,joint,day1,0.4161131060282765
14,Huhehaote,weather_only,recent24,pm,day3,-0.02876771369192842
14,Huhehaote,weather_only,recent24,weather,day3,0.06103242925810731
14,Huhehaote,weather_only,recent24,joint,day3,0.04827350256837564
14,Huhehaote,weather_only,recent24,pm,full72,0.061970536992634245
14,Huhehaote,weather_only,recent24,weather,full72,0.2714747928686982
14,Huhehaote,weather_only,recent24,joint,full72,0.26455059613764903
14,Huhehaote,joint,recent24,pm,day1,0.2018974209743552
14,Huhehaote,joint,recent24,weather,day1,0.4054369778592445
14,Huhehaote,joint,recent24,joint,day1,0.40575630393907597
14,Huhehaote,joint,recent24,pm,day3,-0.03132327033081758
14,Huhehaote,joint,recent24,weather,day3,0.03745234386308596
14,Huhehaote,joint,recent24,joint,day3,0.026260463065115765
14,Huhehaote,joint,recent24,pm,full72,0.08667565716891429
14,Huhehaote,joint,recent24,weather,full72,0.2421473420368355
14,Huhehaote,joint,recent24,joint,full72,0.24203331200832798
14,Huhehaote,pm_only,full72,pm,day1,0.20265572816393204
14,Huhehaote,pm_only,full72,weather,day1,0.02168064392016098
14,Huhehaote,pm_only,full72,joint,day1,0.06582148645537161
14,Huhehaote,pm_only,full72,pm,day3,0.03310302827575707
14,Huhehaote,pm_only,full72,weather,day3,-0.12731113532778382
14,Huhehaote,pm_only,full72,joint,day3,-0.10889682022420503
14,Huhehaote,pm_only,full72,pm,full72,0.1620104940026235
14,Huhehaote,pm_only,full72,weather,full72,-0.0768356832089208
14,Huhehaote,pm_only,full72,joint,full72,-0.04120155580038894
14,Huhehaote,weather_only,full72,pm,day1,0.07297392324348081
14,Huhehaote,weather_only,full72,weather,day1,0.27117433829358456
14,Huhehaote,weather_only,full72,joint,day1,0.2614004138501035
14,Huhehaote,weather_only,full72,pm,day3,-0.03103413175853294
14,Huhehaote,weather_only,full72,weather,day3,0.05841199610299903
14,Huhehaote,weather_only,full72,joint,day3,0.04739199134799783
14,Huhehaote,weather_only,full72,pm,full72,0.00328190032047508
14,Huhehaote,weather_only,full72,weather,full72,0.1826933256733314
14,Huhehaote,weather_only,full72,joint,full72,0.1734553303638326
14,Huhehaote,joint,full72,pm,day1,0.10871182667795666
14,Huhehaote,joint,full72,weather,day1,0.25597438749359686
14,Huhehaote,joint,full72,joint,day1,0.25688515472128864
14,Huhehaote,joint,full72,pm,day3,-0.022355993588998396
14,Huhehaote,joint,full72,weather,day3,0.03113245978311495
14,Huhehaote,joint,full72,joint,day3,0.024264312066078014
14,Huhehaote,joint,full72,pm,full72,0.03434451408612852
14,Huhehaote,joint,full72,weather,full72,0.1557887864471966
14,Huhehaote,joint,full72,joint,full72,0.15450993712748426
15,Dalian,pm_only,recent24,pm,day1,0.3093061658265414
15,Dalian,pm_only,recent24,weather,day1,0.08872980568245141
15,Dalian,pm_only,recent24,joint,day1,0.1512552108138027
15,Dalian,pm_only,recent24,pm,day3,0.0734686608671652
15,Dalian,pm_only,recent24,weather,day3,0.04089254372313593
15,Dalian,pm_only,recent24,joint,day3,0.04897803924450981
15,Dalian,pm_only,recent24,pm,full72,0.21486525421631356
15,Dalian,pm_only,recent24,weather,full72,0.05816197004049251
15,Dalian,pm_only,recent24,joint,full72,0.08990176347544086
15,Dalian,weather_only,recent24,pm,day1,0.1401546380386595
15,Dalian,weather_only,recent24,weather,day1,0.44554586738646684
15,Dalian,weather_only,recent24,joint,day1,0.4391590217897554
15,Dalian,weather_only,recent24,pm,day3,0.07296068124017031
15,Dalian,weather_only,recent24,weather,day3,0.0639606339901585
15,Dalian,weather_only,recent24,joint,day3,0.07145082736270683
15,Dalian,weather_only,recent24,pm,full72,0.10030952657738165
15,Dalian,weather_only,recent24,weather,full72,0.2555952188988047
15,Dalian,weather_only,recent24,joint,full72,0.25487343821835956
15,Dalian,joint,recent24,pm,day1,0.20114431428607857
15,Dalian,joint,recent24,weather,day1,0.4319512844878211
15,Dalian,joint,recent24,joint,day1,0.4437709289427321
15,Dalian,joint,recent24,pm,day3,0.08260846165211541
15,Dalian,joint,recent24,weather,day3,0.06635367908841977
15,Dalian,joint,recent24,joint,day3,0.07528217032054259
15,Dalian,joint,recent24,pm,full72,0.1420109725027431
15,Dalian,joint,recent24,weather,full72,0.2527173256793314
15,Dalian,joint,recent24,joint,full72,0.26046394411598606
15,Dalian,pm_only,full72,pm,day1,0.20095625773906442
15,Dalian,pm_only,full72,weather,day1,0.11524801231200307
15,Dalian,pm_only,full72,joint,day1,0.1487893271973318
15,Dalian,pm_only,full72,pm,day3,0.10299601824900456
15,Dalian,pm_only,full72,weather,day3,0.049117359279339814
15,Dalian,pm_only,full72,joint,day3,0.06369163142290786
15,Dalian,pm_only,full72,pm,full72,0.17435227058806765
15,Dalian,pm_only,full72,weather,full72,0.08401634700408675
15,Dalian,pm_only,full72,joint,full72,0.1053628028407007
15,Dalian,weather_only,full72,pm,day1,0.07805223901305976
15,Dalian,weather_only,full72,weather,day1,0.2918687529671882
15,Dalian,weather_only,full72,joint,day1,0.2832974448243612
15,Dalian,weather_only,full72,pm,day3,0.07503627975906993
15,Dalian,weather_only,full72,weather,day3,0.0763790815947704
15,Dalian,weather_only,full72,joint,day3,0.07875718218929555
15,Dalian,weather_only,full72,pm,full72,0.05966379291594823
15,Dalian,weather_only,full72,weather,full72,0.18708314727078681
15,Dalian,weather_only,full72,joint,full72,0.1800392100098025
15,Dalian,joint,full72,pm,day1,0.11197892499473124
15,Dalian,joint,full72,weather,day1,0.2924495231123808
15,Dalian,joint,full72,joint,day1,0.29136120984030245
15,Dalian,joint,full72,pm,day3,0.08974204943551235
15,Dalian,joint,full72,weather,day3,0.08068497217124304
15,Dalian,joint,full72,joint,day3,0.08522833830708458
15,Dalian,joint,full72,pm,full72,0.08847605511901377
15,Dalian,joint,full72,weather,full72,0.19043024660756167
15,Dalian,joint,full72,joint,full72,0.18812790203197552
16,Shanghai,pm_only,recent24,pm,day1,0.299343371835843
16,Shanghai,pm_only,recent24,weather,day1,0.045661017915254475
16,Shanghai,pm_only,recent24,joint,day1,0.12598298549574635
16,Shanghai,pm_only,recent24,pm,day3,0.03699190074797518
16,Shanghai,pm_only,recent24,weather,day3,0.015280110820027703
16,Shanghai,pm_only,recent24,joint,day3,0.0220261300065325
16,Shanghai,pm_only,recent24,pm,full72,0.19859358464839616
16,Shanghai,pm_only,recent24,weather,full72,0.036500533625133405
16,Shanghai,pm_only,recent24,joint,full72,0.07931076632769157
16,Shanghai,weather_only,recent24,pm,day1,0.07344877236219308
16,Shanghai,weather_only,recent24,weather,day1,0.47498671674667925
16,Shanghai,weather_only,recent24,joint,day1,0.4684083556020889
16,Shanghai,weather_only,recent24,pm,day3,-0.020418108604527148
16,Shanghai,weather_only,recent24,weather,day3,0.07521242180310546
16,Shanghai,weather_only,recent24,joint,day3,0.07055201663800416
16,Shanghai,weather_only,recent24,pm,full72,0.03190999547749887
16,Shanghai,weather_only,recent24,weather,full72,0.2739049659762415
16,Shanghai,weather_only,recent24,joint,full72,0.27141906635476654
16,Shanghai,joint,recent24,pm,day1,0.14305693026423255
16,Shanghai,joint,recent24,weather,day1,0.4532802998200749
16,Shanghai,joint,recent24,joint,day1,0.4713051533262883
16,Shanghai,joint,recent24,pm,day3,-0.005563951390987848
16,Shanghai,joint,recent24,weather,day3,0.07393208448302112
16,Shanghai,joint,recent24,joint,day3,0.07342019285504821
16,Shanghai,joint,recent24,pm,full72,0.08277752969438242
16,Shanghai,joint,recent24,weather,full72,0.2634150043537511
16,Shanghai,joint,recent24,joint,full72,0.27398471799617946
16,Shanghai,pm_only,full72,pm,day1,0.23323559530889887
16,Shanghai,pm_only,full72,weather,day1,0.021219458304864575
16,Shanghai,pm_only,full72,joint,day1,0.08385021146255285
16,Shanghai,pm_only,full72,pm,day3,0.052877528719382186
16,Shanghai,pm_only,full72,weather,day3,-0.026536083634020907
16,Shanghai,pm_only,full72,joint,day3,-0.008299686574921644
16,Shanghai,pm_only,full72,pm,full72,0.1779499179874795
16,Shanghai,pm_only,full72,weather,full72,-0.011044130761032691
16,Shanghai,pm_only,full72,joint,full72,0.03047368661842165
16,Shanghai,weather_only,full72,pm,day1,0.00528251532062883
16,Shanghai,weather_only,full72,weather,day1,0.3162185110546277
16,Shanghai,weather_only,full72,joint,day1,0.3027241026810257
16,Shanghai,weather_only,full72,pm,day3,0.03683043470760867
16,Shanghai,weather_only,full72,weather,day3,0.07478251869562967
16,Shanghai,weather_only,full72,joint,day3,0.08529470582367646
16,Shanghai,weather_only,full72,pm,full72,0.04076530019132504
16,Shanghai,weather_only,full72,weather,full72,0.20601167900291975
16,Shanghai,weather_only,full72,joint,full72,0.2106712171678043
16,Shanghai,joint,full72,pm,day1,0.05572862293215573
16,Shanghai,joint,full72,weather,day1,0.3075753498938375
16,Shanghai,joint,full72,joint,day1,0.3105021551255388
16,Shanghai,joint,full72,pm,day3,0.050357618089404525
16,Shanghai,joint,full72,weather,day3,0.06479741069935266
16,Shanghai,joint,full72,joint,day3,0.08088456072114018
16,Shanghai,joint,full72,pm,full72,0.08344169986042496
16,Shanghai,joint,full72,weather,full72,0.19497994274498567
16,Shanghai,joint,full72,joint,full72,0.21019846054961513
17,Nanjing,pm_only,recent24,pm,day1,0.3098546724636681
17,Nanjing,pm_only,recent24,weather,day1,0.07128410832102708
17,Nanjing,pm_only,recent24,joint,day1,0.14682230620557654
17,Nanjing,pm_only,recent24,pm,day3,0.04574690943672736
17,Nanjing,pm_only,recent24,weather,day3,-0.0191980667995167
17,Nanjing,pm_only,recent24,joint,day3,-0.009808601452150362
17,Nanjing,pm_only,recent24,pm,full72,0.19017765704441428
17,Nanjing,pm_only,recent24,weather,full72,0.01587669396917349
17,Nanjing,pm_only,recent24,joint,full72,0.060667171666792905
17,Nanjing,weather_only,recent24,pm,day1,0.1309442772360693
17,Nanjing,weather_only,recent24,weather,day1,0.5028926652231662
17,Nanjing,weather_only,recent24,joint,day1,0.49748078537019635
17,Nanjing,weather_only,recent24,pm,day3,0.00856827064206766
17,Nanjing,weather_only,recent24,weather,day3,0.08501412475353119
17,Nanjing,weather_only,recent24,joint,day3,0.07944786636196659
17,Nanjing,weather_only,recent24,pm,full72,0.0749741872435468
17,Nanjing,weather_only,recent24,weather,full72,0.29502096775524195
17,Nanjing,weather_only,recent24,joint,full72,0.2925402296350574
17,Nanjing,joint,recent24,pm,day1,0.1950864952716238
17,Nanjing,joint,recent24,weather,day1,0.473988587997147
17,Nanjing,joint,recent24,joint,day1,0.49097635624408914
17,Nanjing,joint,recent24,pm,day3,0.01687673671918418
17,Nanjing,joint,recent24,weather,day3,0.0770571087642772
17,Nanjing,joint,recent24,joint,day3,0.0733462668365667
17,Nanjing,joint,recent24,pm,full72,0.11297111074277767
17,Nanjing,joint,recent24,weather,full72,0.2748079887019972
17,Nanjing,joint,recent24,joint,full72,0.2843468570867142
17,Nanjing,pm_only,full72,pm,day1,0.19075241668810416
17,Nanjing,pm_only,full72,weather,day1,0.03531328332832083
17,Nanjing,pm_only,full72,joint,day1,0.08465118466279616
17,Nanjing,pm_only,full72,pm,day3,0.02795695448923862
17,Nanjing,pm_only,full72,weather,day3,-0.02177796544449136
17,Nanjing,pm_only,full72,joint,day3,-0.016465529616382403
17,Nanjing,pm_only,full72,pm,full72,0.12348575187143795
17,Nanjing,pm_only,full72,weather,full72,-0.0096045444011361
17,Nanjing,pm_only,full72,joint,full72,0.020519258129814533
17,Nanjing,weather_only,full72,pm,day1,0.05084369171092292
17,Nanjing,weather_only,full72,weather,day1,0.33012224103056026
17,Nanjing,weather_only,full72,joint,day1,0.3238932014733003
17,Nanjing,weather_only,full72,pm,day3,-0.00044923511230877803
17,Nanjing,weather_only,full72,weather,day3,0.05852592413148103
17,Nanjing,weather_only,full72,joint,day3,0.05364977691244423
17,Nanjing,weather_only,full72,pm,full72,0.023077453269363314
17,Nanjing,weather_only,full72,weather,full72,0.20011197652799415
17,Nanjing,weather_only,full72,joint,full72,0.19570257692564422
17,Nanjing,joint,full72,pm,day1,0.08912876978219245
17,Nanjing,joint,full72,weather,day1,0.31000801150200286
17,Nanjing,joint,full72,joint,day1,0.31662431815607955
17,Nanjing,joint,full72,pm,day3,0.00848970812242703
17,Nanjing,joint,full72,weather,day3,0.05397046499261624
17,Nanjing,joint,full72,joint,day3,0.050904023226005804
17,Nanjing,joint,full72,pm,full72,0.0503821415955354
17,Nanjing,joint,full72,weather,full72,0.18448275862068964
17,Nanjing,joint,full72,joint,full72,0.18772554943138736
18,Suzhou,pm_only,recent24,pm,day1,0.3329256907314227
18,Suzhou,pm_only,recent24,weather,day1,0.034329214082303515
18,Suzhou,pm_only,recent24,joint,day1,0.11727811131952783
18,Suzhou,pm_only,recent24,pm,day3,0.052740665685166416
18,Suzhou,pm_only,recent24,weather,day3,0.023598563899640976
18,Suzhou,pm_only,recent24,joint,day3,0.03277536069384017
18,Suzhou,pm_only,recent24,pm,full72,0.22203516750879185
18,Suzhou,pm_only,recent24,weather,full72,0.025890649972662494
18,Suzhou,pm_only,recent24,joint,full72,0.07422327355581838
18,Suzhou,weather_only,recent24,pm,day1,0.09968815592203899
18,Suzhou,weather_only,recent24,weather,day1,0.48523813030953256
18,Suzhou,weather_only,recent24,joint,day1,0.47475518868879707
18,Suzhou,weather_only,recent24,pm,day3,0.01094734623683656
18,Suzhou,weather_only,recent24,weather,day3,0.07498523174630793
18,Suzhou,weather_only,recent24,joint,day3,0.07329866732466682
18,Suzhou,weather_only,recent24,pm,full72,0.05494686623671655
18,Suzhou,weather_only,recent24,weather,full72,0.27800027300006824
18,Suzhou,weather_only,recent24,joint,full72,0.27377168794292195
18,Suzhou,joint,recent24,pm,day1,0.17305730676432668
18,Suzhou,joint,recent24,weather,day1,0.45417008054252006
18,Suzhou,joint,recent24,joint,day1,0.46984635646158907
18,Suzhou,joint,recent24,pm,day3,0.028263103065775765
18,Suzhou,joint,recent24,weather,day3,0.07847760311940077
18,Suzhou,joint,recent24,joint,day3,0.0808190752047688
18,Suzhou,joint,recent24,pm,full72,0.10667862266965566
18,Suzhou,joint,recent24,weather,full72,0.26475396018849
18,Suzhou,joint,recent24,joint,full72,0.2753191093297774
18,Suzhou,pm_only,full72,pm,day1,0.24445908711477177
18,Suzhou,pm_only,full72,weather,day1,0.030725412181353044
18,Suzhou,pm_only,full72,joint,day1,0.0956395064098766
18,Suzhou,pm_only,full72,pm,day3,0.05677471869367967
18,Suzhou,pm_only,full72,weather,day3,0.0070555592638898166
18,Suzhou,pm_only,full72,joint,day3,0.02246585511646378
18,Suzhou,pm_only,full72,pm,full72,0.2037820289455072
18,Suzhou,pm_only,full72,weather,full72,0.005964016491004123
18,Suzhou,pm_only,full72,joint,full72,0.05184713046178261
18,Suzhou,weather_only,full72,pm,day1,0.025340886335221583
18,Suzhou,weather_only,full72,weather,day1,0.32438523759630944
18,Suzhou,weather_only,full72,joint,day1,0.3053949868487467
18,Suzhou,weather_only,full72,pm,day3,0.01991437847859462
18,Suzhou,weather_only,full72,weather,day3,0.05691177522794381
18,Suzhou,weather_only,full72,joint,day3,0.06113901028475256
18,Suzhou,weather_only,full72,pm,full72,0.034654751663687915
18,Suzhou,weather_only,full72,weather,full72,0.19649827612456902
18,Suzhou,weather_only,full72,joint,full72,0.19392391098097775
18,Suzhou,joint,full72,pm,day1,0.07901035825258955
18,Suzhou,joint,full72,weather,day1,0.3109699752424938
18,Suzhou,joint,full72,joint,day1,0.3102468895617224
18,Suzhou,joint,full72,pm,day3,0.03346780136695034
18,Suzhou,joint,full72,weather,day3,0.06088733122183281
18,Suzhou,joint,full72,joint,day3,0.06915918528979632
18,Suzhou,joint,full72,pm,full72,0.07988392247098061
18,Suzhou,joint,full72,weather,full72,0.1908971592242898
18,Suzhou,joint,full72,joint,full72,0.19965505391376348
19,Nantong,pm_only,recent24,pm,day1,0.2517467264366816
19,Nantong,pm_only,recent24,weather,day1,0.05674919618729904
19,Nantong,pm_only,recent24,joint,day1,0.11833919358479839
19,Nantong,pm_only,recent24,pm,day3,0.01912780828195207
19,Nantong,pm_only,recent24,weather,day3,0.017358233839558458
19,Nantong,pm_only,recent24,joint,day3,0.023819504954876235
19,Nantong,pm_only,recent24,pm,full72,0.15059612414903104
19,Nantong,pm_only,recent24,weather,full72,0.03279564219891055
19,Nantong,pm_only,recent24,joint,full72,0.06345797336449334
19,Nantong,weather_only,recent24,pm,day1,0.12488488172122042
19,Nantong,weather_only,recent24,weather,day1,0.46793664148416036
19,Nantong,weather_only,recent24,joint,day1,0.4676615279153819
19,Nantong,weather_only,recent24,pm,day3,-0.006048787512196878
19,Nantong,weather_only,recent24,weather,day3,0.05360106290026573
19,Nantong,weather_only,recent24,joint,day3,0.05131797982949495
19,Nantong,weather_only,recent24,pm,full72,0.07192534348133588
19,Nantong,weather_only,recent24,weather,full72,0.24262594265648563
19,Nantong,weather_only,recent24,joint,full72,0.24616872154218036
19,Nantong,joint,recent24,pm,day1,0.17249330062332516
19,Nantong,joint,recent24,weather,day1,0.44792465498116374
19,Nantong,joint,recent24,joint,day1,0.4633699518424879
19,Nantong,joint,recent24,pm,day3,-0.0023759270939817732
19,Nantong,joint,recent24,weather,day3,0.06261736865434216
19,Nantong,joint,recent24,joint,day3,0.06126758131689532
19,Nantong,joint,recent24,pm,full72,0.0977407144351786
19,Nantong,joint,recent24,weather,full72,0.24027727656931913
19,Nantong,joint,recent24,joint,full72,0.25028695007173746
19,Nantong,pm_only,full72,pm,day1,0.17831691857922963
19,Nantong,pm_only,full72,weather,day1,0.03995139698784924
19,Nantong,pm_only,full72,joint,day1,0.0844151716037929
19,Nantong,pm_only,full72,pm,day3,0.040805222701305675
19,Nantong,pm_only,full72,weather,day3,-0.019384659346164835
19,Nantong,pm_only,full72,joint,day3,-0.007936651984162995
19,Nantong,pm_only,full72,pm,full72,0.13144406836101707
19,Nantong,pm_only,full72,weather,full72,0.0015923088980772243
19,Nantong,pm_only,full72,joint,full72,0.029934472483618118
19,Nantong,weather_only,full72,pm,day1,0.06130911332727833
19,Nantong,weather_only,full72,weather,day1,0.3014929908732477
19,Nantong,weather_only,full72,joint,day1,0.300352236088059
19,Nantong,weather_only,full72,pm,day3,0.052126709531677376
19,Nantong,weather_only,full72,weather,day3,0.045879032469758114
19,Nantong,weather_only,full72,joint,day3,0.05509118727279682
19,Nantong,weather_only,full72,pm,full72,0.07839246609811652
19,Nantong,weather_only,full72,weather,full72,0.1704327501081875
19,Nantong,weather_only,full72,joint,full72,0.1792092628023157
19,Nantong,joint,full72,pm,day1,0.0905771296442824
19,Nantong,joint,full72,weather,day1,0.29278344419586105
19,Nantong,joint,full72,joint,day1,0.30009396002349
19,Nantong,joint,full72,pm,day3,0.05900810675202668
19,Nantong,joint,full72,weather,day3,0.04302097375524344
19,Nantong,joint,full72,joint,day3,0.05449317762329441
19,Nantong,joint,full72,pm,full72,0.09927438981859746
19,Nantong,joint,full72,weather,full72,0.16476317469079368
19,Nantong,joint,full72,joint,full72,0.17847189561797389
20,Lianyungang,pm_only,recent24,pm,day1,0.298742020185505
20,Lianyungang,pm_only,recent24,weather,day1,0.10262761215690304
20,Lianyungang,pm_only,recent24,joint,day1,0.1683483300870825
20,Lianyungang,pm_only,recent24,pm,day3,0.0575780183945046
20,Lianyungang,pm_only,recent24,weather,day3,0.023835761958940486
20,Lianyungang,pm_only,recent24,joint,day3,0.03210909952727488
20,Lianyungang,pm_only,recent24,pm,full72,0.21808983202245796
20,Lianyungang,pm_only,recent24,weather,full72,0.06987703296925823
20,Lianyungang,pm_only,recent24,joint,full72,0.11038554059638514
20,Lianyungang,weather_only,recent24,pm,day1,0.0635921063980266
20,Lianyungang,weather_only,recent24,weather,day1,0.4083867015966754
20,Lianyungang,weather_only,recent24,joint,day1,0.3887672351918088
20,Lianyungang,weather_only,recent24,pm,day3,-0.02270244267561067
20,Lianyungang,weather_only,recent24,weather,day3,0.014261627065406764
20,Lianyungang,weather_only,recent24,joint,day3,0.00794311248577812
20,Lianyungang,weather_only,recent24,pm,full72,0.001250587812646953
20,Lianyungang,weather_only,recent24,weather,full72,0.2196729939182485
20,Lianyungang,weather_only,recent24,joint,full72,0.20545843836460959
20,Lianyungang,joint,recent24,pm,day1,0.12905598976399743
20,Lianyungang,joint,recent24,weather,day1,0.39660039915009976
20,Lianyungang,joint,recent24,joint,day1,0.3976900984225246
20,Lianyungang,joint,recent24,pm,day3,-0.005358271339567834
20,Lianyungang,joint,recent24,weather,day3,0.02132957933239483
20,Lianyungang,joint,recent24,joint,day3,0.018335263583815896
20,Lianyungang,joint,recent24,pm,full72,0.05432054708013676
20,Lianyungang,joint,recent24,weather,full72,0.2171551832887958
20,Lianyungang,joint,recent24,joint,full72,0.21537246284311568
20,Lianyungang,pm_only,full72,pm,day1,0.19181757595439397
20,Lianyungang,pm_only,full72,weather,day1,0.06032446058111515
20,Lianyungang,pm_only,full72,joint,day1,0.10687922821980707
20,Lianyungang,pm_only,full72,pm,day3,0.021430658357664587
20,Lianyungang,pm_only,full72,weather,day3,-0.021540878385219595
20,Lianyungang,pm_only,full72,joint,day3,-0.015601503900375976
20,Lianyungang,pm_only,full72,pm,full72,0.16513400178350043
20,Lianyungang,pm_only,full72,weather,full72,0.0021718100429525106
20,Lianyungang,pm_only,full72,joint,full72,0.03596339549084887
20,Lianyungang,weather_only,full72,pm,day1,0.011265494816373704
20,Lianyungang,weather_only,full72,weather,day1,0.2551070062767516
20,Lianyungang,weather_only,full72,joint,day1,0.23483523770880943
20,Lianyungang,weather_only,full72,pm,day3,-0.005448113862028466
20,Lianyungang,weather_only,full72,weather,day3,0.0351332307833077
20,Lianyungang,weather_only,full72,joint,day3,0.029667323916830978
20,Lianyungang,weather_only,full72,pm,full72,-0.008873088718272177
20,Lianyungang,weather_only,full72,weather,full72,0.15171019692754922
20,Lianyungang,weather_only,full72,joint,full72,0.1393449363362341
20,Lianyungang,joint,full72,pm,day1,0.052991141747785436
20,Lianyungang,joint,full72,weather,day1,0.25201337250334316
20,Lianyungang,joint,full72,joint,day1,0.24397519749379937
20,Lianyungang,joint,full72,pm,day3,0.00016282354070588516
20,Lianyungang,joint,full72,weather,day3,0.03025656006414001
20,Lianyungang,joint,full72,joint,day3,0.026439033609758404
20,Lianyungang,joint,full72,pm,full72,0.028051006012751498
20,Lianyungang,joint,full72,weather,full72,0.14457847064461765
20,Lianyungang,joint,full72,joint,full72,0.1404223581055895
21,Xuzhou,pm_only,recent24,pm,day1,0.3226384391596098
21,Xuzhou,pm_only,recent24,weather,day1,0.07252970413242603
21,Xuzhou,pm_only,recent24,joint,day1,0.14378559444639857
21,Xuzhou,pm_only,recent24,pm,day3,-0.0019174624793656195
21,Xuzhou,pm_only,recent24,weather,day3,0.02146006436501609
21,Xuzhou,pm_only,recent24,joint,day3,0.023110882277720568
21,Xuzhou,pm_only,recent24,pm,full72,0.17745380636345157
21,Xuzhou,pm_only,recent24,weather,full72,0.05103223725805931
21,Xuzhou,pm_only,recent24,joint,full72,0.0832027768006942
21,Xuzhou,weather_only,recent24,pm,day1,0.06798848899712225
21,Xuzhou,weather_only,recent24,weather,day1,0.44753794888448717
21,Xuzhou,weather_only,recent24,joint,day1,0.42553535988383995
21,Xuzhou,weather_only,recent24,pm,day3,-0.032886599221649805
21,Xuzhou,weather_only,recent24,weather,day3,0.019613083903270975
21,Xuzhou,weather_only,recent24,joint,day3,0.01341060335265084
21,Xuzhou,weather_only,recent24,pm,full72,0.014607425151856285
21,Xuzhou,weather_only,recent24,weather,full72,0.23446724411681102
21,Xuzhou,weather_only,recent24,joint,full72,0.21748975687243924
21,Xuzhou,joint,recent24,pm,day1,0.1382379135594784
21,Xuzhou,joint,recent24,weather,day1,0.42877917519479375
21,Xuzhou,joint,recent24,joint,day1,0.42776229794057447
21,Xuzhou,joint,recent24,pm,day3,-0.025802037450509362
21,Xuzhou,joint,recent24,weather,day3,0.029025490256372563
21,Xuzhou,joint,recent24,joint,day3,0.023880889470222367
21,Xuzhou,joint,recent24,pm,full72,0.05892710823177706
21,Xuzhou,joint,recent24,weather,full72,0.2322896935724234
21,Xuzhou,joint,recent24,joint,full72,0.22454910063727515
21,Xuzhou,pm_only,full72,pm,day1,0.2131696432924108
21,Xuzhou,pm_only,full72,weather,day1,0.026543130635782657
21,Xuzhou,pm_only,full72,joint,day1,0.07468773217193304
21,Xuzhou,pm_only,full72,pm,day3,0.004004324501081125
21,Xuzhou,pm_only,full72,weather,day3,0.018946942736735684
21,Xuzhou,pm_only,full72,joint,day3,0.02213800753450188
21,Xuzhou,pm_only,full72,pm,full72,0.13853686813421703
21,Xuzhou,pm_only,full72,weather,full72,0.005181337295334323
21,Xuzhou,pm_only,full72,joint,full72,0.032015853503963375
21,Xuzhou,weather_only,full72,pm,day1,0.02710128077532019
21,Xuzhou,weather_only,full72,weather,day1,0.25188238047059514
21,Xuzhou,weather_only,full72,joint,day1,0.23732845433211355
21,Xuzhou,weather_only,full72,pm,day3,-0.029333756833439213
21,Xuzhou,weather_only,full72,weather,day3,0.035191450297862574
21,Xuzhou,weather_only,full72,joint,day3,0.02684624171156043
21,Xuzhou,weather_only,full72,pm,full72,-9.037952259488064e-05
21,Xuzhou,weather_only,full72,weather,full72,0.1395046308761577
21,Xuzhou,weather_only,full72,joint,full72,0.12463283365820842
21,Xuzhou,joint,full72,pm,day1,0.06961633740408435
21,Xuzhou,joint,full72,weather,day1,0.23777506294376574
21,Xuzhou,joint,full72,joint,day1,0.2351984627996157
21,Xuzhou,joint,full72,pm,day3,-0.022163912540978135
21,Xuzhou,joint,full72,weather,day3,0.037231755307938826
21,Xuzhou,joint,full72,joint,day3,0.03101276875319219
21,Xuzhou,joint,full72,pm,full72,0.029667460416865105
21,Xuzhou,joint,full72,weather,full72,0.12923993780998444
21,Xuzhou,joint,full72,joint,full72,0.12160047190011797
22,Yangzhou,pm_only,recent24,pm,day1,0.2842593515648379
22,Yangzhou,pm_only,recent24,weather,day1,0.05124398631099658
22,Yangzhou,pm_only,recent24,joint,day1,0.1163898575974644
22,Yangzhou,pm_only,recent24,pm,day3,0.03207860151965038
22,Yangzhou,pm_only,recent24,weather,day3,-0.0047074016768504185
22,Yangzhou,pm_only,recent24,joint,day3,0.0009097757274439317
22,Yangzhou,pm_only,recent24,pm,full72,0.1713656963414241
22,Yangzhou,pm_only,recent24,weather,full72,-0.0013403628350907087
22,Yangzhou,pm_only,recent24,joint,full72,0.03588708747177186
22,Yangzhou,weather_only,recent24,pm,day1,0.15599103899775976
22,Yangzhou,weather_only,recent24,weather,day1,0.5005566426391607
22,Yangzhou,weather_only,recent24,joint,day1,0.49754594538648633
22,Yangzhou,weather_only,recent24,pm,day3,0.013693956423489105
22,Yangzhou,weather_only,recent24,weather,day3,0.06371516792879198
22,Yangzhou,weather_only,recent24,joint,day3,0.05772119793029948
22,Yangzhou,weather_only,recent24,pm,full72,0.08307296526824132
22,Yangzhou,weather_only,recent24,weather,full72,0.27929751382437845
22,Yangzhou,weather_only,recent24,joint,full72,0.2746895876723969
22,Yangzhou,joint,recent24,pm,day1,0.20820374805093703
22,Yangzhou,joint,recent24,weather,day1,0.47288902772225694
22,Yangzhou,joint,recent24,joint,day1,0.48743705435926354
22,Yangzhou,joint,recent24,pm,day3,0.01634235108558777
22,Yangzhou,joint,recent24,weather,day3,0.0607815631953908
22,Yangzhou,joint,recent24,joint,day3,0.05550102637525659
22,Yangzhou,joint,recent24,pm,full72,0.11313699728424934
22,Yangzhou,joint,recent24,weather,full72,0.2607196536799134
22,Yangzhou,joint,recent24,joint,full72,0.2648869952217488
22,Yangzhou,pm_only,full72,pm,day1,0.18746316036579008
22,Yangzhou,pm_only,full72,weather,day1,0.03736359334089834
22,Yangzhou,pm_only,full72,joint,day1,0.08562823990705998
22,Yangzhou,pm_only,full72,pm,day3,0.03677704819426205
22,Yangzhou,pm_only,full72,weather,day3,-0.038610443152610786
22,Yangzhou,pm_only,full72,joint,day3,-0.028706723676680916
22,Yangzhou,pm_only,full72,pm,full72,0.12793456398364098
22,Yangzhou,pm_only,full72,weather,full72,-0.031591237897809474
22,Yangzhou,pm_only,full72,joint,full72,-0.00040750360187590044
22,Yangzhou,weather_only,full72,pm,day1,0.08059311064827766
22,Yangzhou,weather_only,full72,weather,day1,0.3274939148734787
22,Yangzhou,weather_only,full72,joint,day1,0.3250499282624821
22,Yangzhou,weather_only,full72,pm,day3,-0.009143169785792446
22,Yangzhou,weather_only,full72,weather,day3,0.04026212356553089
22,Yangzhou,weather_only,full72,joint,day3,0.03538019684504921
22,Yangzhou,weather_only,full72,pm,full72,0.017920826980206743
22,Yangzhou,weather_only,full72,weather,full72,0.1867439611859903
22,Yangzhou,weather_only,full72,joint,full72,0.18087462171865543
22,Yangzhou,joint,full72,pm,day1,0.10978291844572961
22,Yangzhou,joint,full72,weather,day1,0.3094861628715407
22,Yangzhou,joint,full72,joint,day1,0.31760538740134686
22,Yangzhou,joint,full72,pm,day3,-0.0039057774764443684
22,Yangzhou,joint,full72,weather,day3,0.03056009564002391
22,Yangzhou,joint,full72,joint,day3,0.02771267492816873
22,Yangzhou,joint,full72,pm,full72,0.040942624235656054
22,Yangzhou,joint,full72,weather,full72,0.16701072275268067
22,Yangzhou,joint,full72,joint,full72,0.16783069495767372
23,Wuxi,pm_only,recent24,pm,day1,0.2823696105924026
23,Wuxi,pm_only,recent24,weather,day1,0.04710530677632669
23,Wuxi,pm_only,recent24,joint,day1,0.12180796245199062
23,Wuxi,pm_only,recent24,pm,day3,0.052877171719292924
23,Wuxi,pm_only,recent24,weather,day3,-0.004691903672975918
23,Wuxi,pm_only,recent24,joint,day3,0.00568127092031773
23,Wuxi,pm_only,recent24,pm,full72,0.198290784072696
23,Wuxi,pm_only,recent24,weather,full72,0.02441143660285915
23,Wuxi,pm_only,recent24,joint,full72,0.0676774324193581
23,Wuxi,weather_only,recent24,pm,day1,0.08472383268095816
23,Wuxi,weather_only,recent24,weather,day1,0.4811014412753602
23,Wuxi,weather_only,recent24,joint,day1,0.46944362136090534
23,Wuxi,weather_only,recent24,pm,day3,-0.007326556831639208
23,Wuxi,weather_only,recent24,weather,day3,0.0648933372233343
23,Wuxi,weather_only,recent24,joint,day3,0.06269953717488429
23,Wuxi,weather_only,recent24,pm,full72,0.03904959376239844
23,Wuxi,weather_only,recent24,weather,full72,0.26879450969862745
23,Wuxi,weather_only,recent24,joint,full72,0.2636939969234992
23,Wuxi,joint,recent24,pm,day1,0.14974659143664784
23,Wuxi,joint,recent24,weather,day1,0.4585999311499828
23,Wuxi,joint,recent24,joint,day1,0.4712983493245873
23,Wuxi,joint,recent24,pm,day3,0.007872084468021116
23,Wuxi,joint,recent24,weather,day3,0.06408576852144213
23,Wuxi,joint,recent24,joint,day3,0.06512676428169108
23,Wuxi,joint,recent24,pm,full72,0.08658066664516666
23,Wuxi,joint,recent24,weather,full72,0.25865604016401006
23,Wuxi,joint,recent24,joint,full72,0.2662968170742042
23,Wuxi,pm_only,full72,pm,day1,0.20110673027668258
23,Wuxi,pm_only,full72,weather,day1,0.00855620463905116
23,Wuxi,pm_only,full72,joint,day1,0.06302419125604782
23,Wuxi,pm_only,full72,pm,day3,0.05333759533439883
23,Wuxi,pm_only,full72,weather,day3,-0.028975873243968307
23,Wuxi,pm_only,full72,joint,day3,-0.020467661116915278
23,Wuxi,pm_only,full72,pm,full72,0.16500539625134902
23,Wuxi,pm_only,full72,weather,full72,-0.022691086172771543
23,Wuxi,pm_only,full72,joint,full72,0.012155650538912635
23,Wuxi,weather_only,full72,pm,day1,0.010145518036379508
23,Wuxi,weather_only,full72,weather,day1,0.3274277438569359
23,Wuxi,weather_only,full72,joint,day1,0.31033013958253486
23,Wuxi,weather_only,full72,pm,day3,0.02899385374846344
23,Wuxi,weather_only,full72,weather,day3,0.07401928700482174
23,Wuxi,weather_only,full72,joint,day3,0.08300761025190255
23,Wuxi,weather_only,full72,pm,full72,0.031061200765300192
23,Wuxi,weather_only,full72,weather,full72,0.21212461853115464
23,Wuxi,weather_only,full72,joint,full72,0.20868622617155652
23,Wuxi,joint,full72,pm,day1,0.05218503404625851
23,Wuxi,joint,full72,weather,day1,0.3120039465009866
23,Wuxi,joint,full72,joint,day1,0.3098249949562487
23,Wuxi,joint,full72,pm,day3,0.042413239603309894
23,Wuxi,joint,full72,weather,day3,0.06835558858889715
23,Wuxi,joint,full72,joint,day3,0.08098077674519419
23,Wuxi,joint,full72,pm,full72,0.06782418195604549
23,Wuxi,joint,full72,weather,full72,0.19960537990134497
23,Wuxi,joint,full72,joint,full72,0.2051622767905692
24,Changzhou,pm_only,recent24,pm,day1,0.27838049459512365
24,Changzhou,pm_only,recent24,weather,day1,0.04719923829980957
24,Changzhou,pm_only,recent24,joint,day1,0.10681809870452467
24,Changzhou,pm_only,recent24,pm,day3,0.0665935456483864
24,Changzhou,pm_only,recent24,weather,day3,-0.01273545768386442
24,Changzhou,pm_only,recent24,joint,day3,0.005244311811077952
24,Changzhou,pm_only,recent24,pm,full72,0.17745660086415022
24,Changzhou,pm_only,recent24,weather,full72,0.0061257150314287575
24,Changzhou,pm_only,recent24,joint,full72,0.04379682644920661
24,Changzhou,weather_only,recent24,pm,day1,0.1339626739906685
24,Changzhou,weather_only,recent24,weather,day1,0.4826971866742967
24,Changzhou,weather_only,recent24,joint,day1,0.4757892154473038
24,Changzhou,weather_only,recent24,pm,day3,-0.002083844020961005
24,Changzhou,weather_only,recent24,weather,day3,0.061066822766705685
24,Changzhou,weather_only,recent24,joint,day3,0.05845654461413615
24,Changzhou,weather_only,recent24,pm,full72,0.07604164901041226
24,Changzhou,weather_only,recent24,weather,full72,0.26323985080996265
24,Changzhou,weather_only,recent24,joint,full72,0.2613038003259501
24,Changzhou,joint,recent24,pm,day1,0.18902563575640893
24,Changzhou,joint,recent24,weather,day1,0.45773871793467946
24,Changzhou,joint,recent24,joint,day1,0.46868986067246515
24,Changzhou,joint,recent24,pm,day3,0.011225272306318076
24,Changzhou,joint,recent24,weather,day3,0.06318128179532045
24,Changzhou,joint,recent24,joint,day3,0.06358247339561834
24,Changzhou,joint,recent24,pm,full72,0.10971528492882124
24,Changzhou,joint,recent24,weather,full72,0.2518582574645643
24,Changzhou,joint,recent24,joint,full72,0.25930239632559904
24,Changzhou,pm_only,full72,pm,day1,0.18790408697602173
24,Changzhou,pm_only,full72,weather,day1,0.021787749946937485
24,Changzhou,pm_only,full72,joint,day1,0.06603961950990488
24,Changzhou,pm_only,full72,pm,day3,0.07944694086173522
24,Changzhou,pm_only,full72,weather,day3,-0.00585008996252249
24,Changzhou,pm_only,full72,joint,day3,0.01047489411872353
24,Changzhou,pm_only,full72,pm,full72,0.16349800987450247
24,Changzhou,pm_only,full72,weather,full72,-0.00670688267672067
24,Changzhou,pm_only,full72,joint,full72,0.026566536641634157
24,Changzhou,weather_only,full72,pm,day1,0.05815073353768339
24,Changzhou,weather_only,full72,weather,day1,0.32375133143783286
24,Changzhou,weather_only,full72,joint,day1,0.31459556614889156
24,Changzhou,weather_only,full72,pm,day3,0.04374264793566198
24,Changzhou,weather_only,full72,weather,day3,0.06301627575406894
24,Changzhou,weather_only,full72,joint,day3,0.07280626220156555
24,Changzhou,weather_only,full72,pm,full72,0.06064403566100891
24,Changzhou,weather_only,full72,weather,full72,0.20025650756412688
24,Changzhou,weather_only,full72,joint,full72,0.20180594045148512
24,Changzhou,joint,full72,pm,day1,0.09316235929058982
24,Changzhou,joint,full72,weather,day1,0.30967972891993223
24,Changzhou,joint,full72,joint,day1,0.31106248026562006
24,Changzhou,joint,full72,pm,day3,0.05887893121973281
24,Changzhou,joint,full72,weather,day3,0.061309672827418206
24,Changzhou,joint,full72,joint,day3,0.0743920355980089
24,Changzhou,joint,full72,pm,full72,0.09195747948936987
24,Changzhou,joint,full72,weather,full72,0.19057168014292003
24,Changzhou,joint,full72,joint,full72,0.19917175529293882
25,Zhenjiang,pm_only,recent24,pm,day1,0.2870543727635932
25,Zhenjiang,pm_only,recent24,weather,day1,0.07807894351973588
25,Zhenjiang,pm_only,recent24,joint,day1,0.14615743703935927
25,Zhenjiang,pm_only,recent24,pm,day3,0.06275478068869517
25,Zhenjiang,pm_only,recent24,weather,day3,0.026589108647277163
25,Zhenjiang,pm_only,recent24,joint,day3,0.045118499279624816
25,Zhenjiang,pm_only,recent24,pm,full72,0.19410294952573737
25,Zhenjiang,pm_only,recent24,weather,full72,0.04706652426663106
25,Zhenjiang,pm_only,recent24,joint,full72,0.08982044995511249
25,Zhenjiang,weather_only,recent24,pm,day1,0.15730701632675406
25,Zhenjiang,weather_only,recent24,weather,day1,0.4933349103337276
25,Zhenjiang,weather_only,recent24,joint,day1,0.4885476381369095
25,Zhenjiang,weather_only,recent24,pm,day3,0.013363491340872835
25,Zhenjiang,weather_only,recent24,weather,day3,0.06564873591218397
25,Zhenjiang,weather_only,recent24,joint,day3,0.06375250593812648
25,Zhenjiang,weather_only,recent24,pm,full72,0.08587286296821574
25,Zhenjiang,weather_only,recent24,weather,full72,0.27392327498081875
25,Zhenjiang,weather_only,recent24,joint,full72,0.2715658188914547
25,Zhenjiang,joint,recent24,pm,day1,0.2111192012798003
25,Zhenjiang,joint,recent24,weather,day1,0.46636431109107773
25,Zhenjiang,joint,recent24,joint,day1,0.4811475212868803
25,Zhenjiang,joint,recent24,pm,day3,0.023643308910827228
25,Zhenjiang,joint,recent24,weather,day3,0.06786630046657512
25,Zhenjiang,joint,recent24,joint,day3,0.06929221582305396
25,Zhenjiang,joint,recent24,pm,full72,0.11985573896393474
25,Zhenjiang,joint,recent24,weather,full72,0.26127585081896265
25,Zhenjiang,joint,recent24,joint,full72,0.26946742486685615
25,Zhenjiang,pm_only,full72,pm,day1,0.19354949588737397
25,Zhenjiang,pm_only,full72,weather,day1,0.07371795942948985
25,Zhenjiang,pm_only,full72,joint,day1,0.12137577034394256
25,Zhenjiang,pm_only,full72,pm,day3,0.06249557012389253
25,Zhenjiang,pm_only,full72,weather,day3,0.019156357789089445
25,Zhenjiang,pm_only,full72,joint,day3,0.033077177269294315
25,Zhenjiang,pm_only,full72,pm,full72,0.14724482781120693
25,Zhenjiang,pm_only,full72,weather,full72,0.025065756266439067
25,Zhenjiang,pm_only,full72,joint,full72,0.05851061212765303
25,Zhenjiang,weather_only,full72,pm,day1,0.08161849590462397
25,Zhenjiang,weather_only,full72,weather,day1,0.32867062916765727
25,Zhenjiang,weather_only,full72,joint,day1,0.3246101836525459
25,Zhenjiang,weather_only,full72,pm,day3,-0.0020079320019830006
25,Zhenjiang,weather_only,full72,weather,day3,0.04531952632988158
25,Zhenjiang,weather_only,full72,joint,day3,0.04259228864807216
25,Zhenjiang,weather_only,full72,pm,full72,0.028441117110279274
25,Zhenjiang,weather_only,full72,weather,full72,0.18999287649821914
25,Zhenjiang,weather_only,full72,joint,full72,0.18645838661459666
25,Zhenjiang,joint,full72,pm,day1,0.11502782125695532
25,Zhenjiang,joint,full72,weather,day1,0.31818184054546017
25,Zhenjiang,joint,full72,joint,day1,0.32477322919330726
25,Zhenjiang,joint,full72,pm,day3,0.010676705669176417
25,Zhenjiang,joint,full72,weather,day3,0.04642669310667328
25,Zhenjiang,joint,full72,joint,day3,0.04696615624153906
25,Zhenjiang,joint,full72,pm,full72,0.05705828776457195
25,Zhenjiang,joint,full72,weather,full72,0.18191275547818886
25,Zhenjiang,joint,full72,joint,full72,0.18615301803825451
26,Taizhou,pm_only,recent24,pm,day1,0.36021281105320274
26,Taizhou,pm_only,recent24,weather,day1,0.06403586350896588
26,Taizhou,pm_only,recent24,joint,day1,0.15016853704213426
26,Taizhou,pm_only,recent24,pm,day3,0.016712581178145294
26,Taizhou,pm_only,recent24,weather,day3,-0.005949092987273247
26,Taizhou,pm_only,recent24,joint,day3,0.010005364001341001
26,Taizhou,pm_only,recent24,pm,full72,0.22925706181426547
26,Taizhou,pm_only,recent24,weather,full72,0.046276819069204764
26,Taizhou,pm_only,recent24,joint,full72,0.1009800492450123
26,Taizhou,weather_only,recent24,pm,day1,0.10744751536187884
26,Taizhou,weather_only,recent24,weather,day1,0.47291607872901964
26,Taizhou,weather_only,recent24,joint,day1,0.46697323174330796
26,Taizhou,weather_only,recent24,pm,day3,0.03390864847716212
26,Taizhou,weather_only,recent24,weather,day3,0.0732567288141822
26,Taizhou,weather_only,recent24,joint,day3,0.07446235861558965
26,Taizhou,weather_only,recent24,pm,full72,0.0833441488360372
26,Taizhou,weather_only,recent24,weather,full72,0.2926687496671874
26,Taizhou,weather_only,recent24,joint,full72,0.2920062835015709
26,Taizhou,joint,recent24,pm,day1,0.1809291632322908
26,Taizhou,joint,recent24,weather,day1,0.4547385491846373
26,Taizhou,joint,recent24,joint,day1,0.47085911321477825
26,Taizhou,joint,recent24,pm,day3,0.032401395600348895
26,Taizhou,joint,recent24,weather,day3,0.0635510723877681
26,Taizhou,joint,recent24,joint,day3,0.06663043965760991
26,Taizhou,joint,recent24,pm,full72,0.12579334344833587
26,Taizhou,joint,recent24,weather,full72,0.27915111678777915
26,Taizhou,joint,recent24,joint,full72,0.2904473091118273
26,Taizhou,pm_only,full72,pm,day1,0.21433213908303478
26,Taizhou,pm_only,full72,weather,day1,0.06497854624463655
26,Taizhou,pm_only,full72,joint,day1,0.11960241590060397
26,Taizhou,pm_only,full72,pm,day3,-0.008865431216357803
26,Taizhou,pm_only,full72,weather,day3,-0.02145388436347109
26,Taizhou,pm_only,full72,joint,day3,-0.01620164505041126
26,Taizhou,pm_only,full72,pm,full72,0.13510673027668257
26,Taizhou,pm_only,full72,weather,full72,0.01860235515058879
26,Taizhou,pm_only,full72,joint,full72,0.05254692563673141
26,Taizhou,weather_only,full72,pm,day1,0.04490912622728155
26,Taizhou,weather_only,full72,weather,day1,0.3063202170800542
26,Taizhou,weather_only,full72,joint,day1,0.29503493425873356
26,Taizhou,weather_only,full72,pm,day3,0.024284713571178392
26,Taizhou,weather_only,full72,weather,day3,0.08573424343356086
26,Taizhou,weather_only,full72,joint,day3,0.08401810650452662
26,Taizhou,weather_only,full72,pm,full72,0.034412648603162156
26,Taizhou,weather_only,full72,weather,full72,0.22735879483969867
26,Taizhou,weather_only,full72,joint,full72,0.21719428679857167
26,Taizhou,joint,full72,pm,day1,0.0874547483636871
26,Taizhou,joint,full72,weather,day1,0.3017049064262266
26,Taizhou,joint,full72,joint,day1,0.3034935938733984
26,Taizhou,joint,full72,pm,day3,0.02605795251448813
26,Taizhou,joint,full72,weather,day3,0.07571727542931886
26,Taizhou,joint,full72,joint,day3,0.07586820396705099
26,Taizhou,joint,full72,pm,full72,0.06463813615953404
26,Taizhou,joint,full72,weather,full72,0.21662628615657153
26,Taizhou,joint,full72,joint,full72,0.21529974582493644
27,Huaian,pm_only,recent24,pm,day1,0.3604890421222605
27,Huaian,pm_only,recent24,weather,day1,0.09662203215550803
27,Huaian,pm_only,recent24,joint,day1,0.1730953107738277
27,Huaian,pm_only,recent24,pm,day3,0.027057428264357065
27,Huaian,pm_only,recent24,weather,day3,0.07257303914325977
27,Huaian,pm_only,recent24,joint,day3,0.07064700416175104
27,Huaian,pm_only,recent24,pm,full72,0.21648667662166915
27,Huaian,pm_only,recent24,weather,full72,0.09125271781317945
27,Huaian,pm_only,recent24,joint,full72,0.12901949775487445
27,Huaian,weather_only,recent24,pm,day1,0.1488477747119437
27,Huaian,weather_only,recent24,weather,day1,0.4631096447774112
27,Huaian,weather_only,recent24,joint,day1,0.462484692121173
27,Huaian,weather_only,recent24,pm,day3,0.018873144218286054
27,Huaian,weather_only,recent24,weather,day3,0.03444471561117891
27,Huaian,weather_only,recent24,joint,day3,0.030543774135943537
27,Huaian,weather_only,recent24,pm,full72,0.09392976398244099
27,Huaian,weather_only,recent24,weather,full72,0.2533254843313711
27,Huaian,weather_only,recent24,joint,full72,0.24706022426505608
27,Huaian,joint,recent24,pm,day1,0.2184179061044765
27,Huaian,joint,recent24,weather,day1,0.44644249711062434
27,Huaian,joint,recent24,joint,day1,0.4652154608038652
27,Huaian,joint,recent24,pm,day3,0.021866513466628365
27,Huaian,joint,recent24,weather,day3,0.051550878887719725
27,Huaian,joint,recent24,joint,day3,0.047884909471227366
27,Huaian,joint,recent24,pm,full72,0.13430051907512977
27,Huaian,joint,recent24,weather,full72,0.25534497383624344
27,Huaian,joint,recent24,joint,full72,0.25839425109856273
27,Huaian,pm_only,full72,pm,day1,0.2265397211349303
27,Huaian,pm_only,full72,weather,day1,0.09741089435272358
27,Huaian,pm_only,full72,joint,day1,0.14529417332354333
27,Huaian,pm_only,full72,pm,day3,0.027693323423330852
27,Huaian,pm_only,full72,weather,day3,0.03469938717484679
27,Huaian,pm_only,full72,joint,day3,0.035285779321444825
27,Huaian,pm_only,full72,pm,full72,0.15829735107433776
27,Huaian,pm_only,full72,weather,full72,0.0608942552235638
27,Huaian,pm_only,full72,joint,full72,0.0879390819847705
27,Huaian,weather_only,full72,pm,day1,0.08483124620781154
27,Huaian,weather_only,full72,weather,day1,0.27807945801986445
27,Huaian,weather_only,full72,joint,day1,0.27432317658079414
27,Huaian,weather_only,full72,pm,day3,-0.014364888591222145
27,Huaian,weather_only,full72,weather,day3,0.017150504787626194
27,Huaian,weather_only,full72,joint,day3,0.006811888702972175
27,Huaian,weather_only,full72,pm,full72,0.029860498465124615
27,Huaian,weather_only,full72,weather,full72,0.13827973506993374
27,Huaian,weather_only,full72,joint,full72,0.1302984175746044
27,Huaian,joint,full72,pm,day1,0.12704534276133567
27,Huaian,joint,full72,weather,day1,0.27799952149988033
27,Huaian,joint,full72,joint,day1,0.28543218985804747
27,Huaian,joint,full72,pm,day3,-0.004202093550523387
27,Huaian,joint,full72,weather,day3,0.028255432063858017
27,Huaian,joint,full72,joint,day3,0.0196187524046881
27,Huaian,joint,full72,pm,full72,0.062389203597300893
27,Huaian,joint,full72,weather,full72,0.14512499578124893
27,Huaian,joint,full72,joint,full72,0.1437138044284511
28,Yancheng,pm_only,recent24,pm,day1,0.31121175430293857
28,Yancheng,pm_only,recent24,weather,day1,0.054400783600195894
28,Yancheng,pm_only,recent24,joint,day1,0.130022044005511
28,Yancheng,pm_only,recent24,pm,day3,0.040169995042498755
28,Yancheng,pm_only,recent24,weather,day3,0.06853356813339204
28,Yancheng,pm_only,recent24,joint,day3,0.07493729173432294
28,Yancheng,pm_only,recent24,pm,full72,0.21554755338688836
28,Yancheng,pm_only,recent24,weather,full72,0.06458709864677467
28,Yancheng,pm_only,recent24,joint,full72,0.10396204399051098
28,Yancheng,weather_only,recent24,pm,day1,0.12293301823325456
28,Yancheng,weather_only,recent24,weather,day1,0.4761648845412211
28,Yancheng,weather_only,recent24,joint,day1,0.46856116814029203
28,Yancheng,weather_only,recent24,pm,day3,0.02891886122971531
28,Yancheng,weather_only,recent24,weather,day3,0.036031068007767
28,Yancheng,weather_only,recent24,joint,day3,0.03981517145379287
28,Yancheng,weather_only,recent24,pm,full72,0.09582166045541511
28,Yancheng,weather_only,recent24,weather,full72,0.2546005791501448
28,Yancheng,weather_only,recent24,joint,full72,0.2543731700932925
28,Yancheng,joint,recent24,pm,day1,0.1913696608424152
28,Yancheng,joint,recent24,weather,day1,0.45423118005779506
28,Yancheng,joint,recent24,joint,day1,0.4704237171059293
28,Yancheng,joint,recent24,pm,day3,0.03822589105647276
28,Yancheng,joint,recent24,weather,day3,0.052925021731255434
28,Yancheng,joint,recent24,joint,day3,0.05835744708936176
28,Yancheng,joint,recent24,pm,full72,0.14204257001064252
28,Yancheng,joint,recent24,weather,full72,0.2550547027636757
28,Yancheng,joint,recent24,joint,full72,0.2654822883705721
28,Yancheng,pm_only,full72,pm,day1,0.20614615853653961
28,Yancheng,pm_only,full72,weather,day1,0.05913485978371494
28,Yancheng,pm_only,full72,joint,day1,0.10720359580089896
28,Yancheng,pm_only,full72,pm,day3,0.03773942143485536
28,Yancheng,pm_only,full72,weather,day3,0.018721065180266293
28,Yancheng,pm_only,full72,joint,day3,0.021649523412380856
28,Yancheng,pm_only,full72,pm,full72,0.14915313128828284
28,Yancheng,pm_only,full72,weather,full72,0.02469237767309442
28,Yancheng,pm_only,full72,joint,full72,0.051992652998163254
28,Yancheng,weather_only,full72,pm,day1,0.10635626358906589
28,Yancheng,weather_only,full72,weather,day1,0.2795093408773352
28,Yancheng,weather_only,full72,joint,day1,0.28241788660447165
28,Yancheng,weather_only,full72,pm,day3,0.02151194487798622
28,Yancheng,weather_only,full72,weather,day3,0.016058878014719502
28,Yancheng,weather_only,full72,joint,day3,0.017951213987803496
28,Yancheng,weather_only,full72,pm,full72,0.07878150319537579
28,Yancheng,weather_only,full72,weather,full72,0.14252807363201841
28,Yancheng,weather_only,full72,joint,full72,0.14972125043031262
28,Yancheng,joint,full72,pm,day1,0.14639439059859766
28,Yancheng,joint,full72,weather,day1,0.27801289250322314
28,Yancheng,joint,full72,joint,day1,0.2923135825783956
28,Yancheng,joint,full72,pm,day3,0.027239486309871577
28,Yancheng,joint,full72,weather,day3,0.020686836671709168
28,Yancheng,joint,full72,joint,day3,0.022976165744041436
28,Yancheng,joint,full72,pm,full72,0.10698773974693492
28,Yancheng,joint,full72,weather,full72,0.14405384101346025
28,Yancheng,joint,full72,joint,full72,0.1567208311802078
29,Suqian,pm_only,recent24,pm,day1,0.32346632236658057
29,Suqian,pm_only,recent24,weather,day1,0.05742132985533245
29,Suqian,pm_only,recent24,joint,day1,0.12913469478367368
29,Suqian,pm_only,recent24,pm,day3,-0.016672814668203667
29,Suqian,pm_only,recent24,weather,day3,0.040253467063366764
29,Suqian,pm_only,recent24,joint,day3,0.028891117222779306
29,Suqian,pm_only,recent24,pm,full72,0.1764310461077615
29,Suqian,pm_only,recent24,weather,full72,0.052082836020709004
29,Suqian,pm_only,recent24,joint,full72,0.07904115926028982
29,Suqian,weather_only,recent24,pm,day1,0.11559176439794108
29,Suqian,weather_only,recent24,weather,day1,0.4514479758619939
29,Suqian,weather_only,recent24,joint,day1,0.4512251658062914
29,Suqian,weather_only,recent24,pm,day3,-0.024165720041430007
29,Suqian,weather_only,recent24,weather,day3,0.038474684118671026
29,Suqian,weather_only,recent24,joint,day3,0.03173360743340185
29,Suqian,weather_only,recent24,pm,full72,0.062019305004826254
29,Suqian,weather_only,recent24,weather,full72,0.25817599654399914
29,Suqian,weather_only,recent24,joint,full72,0.25237343859335964
29,Suqian,joint,recent24,pm,day1,0.17864414216103552
29,Suqian,joint,recent24,weather,day1,0.43122005380501344
29,Suqian,joint,recent24,joint,day1,0.4487138351784588
29,Suqian,joint,recent24,pm,day3,-0.024535513633878406
29,Suqian,joint,recent24,weather,day3,0.050965683741420936
29,Suqian,joint,recent24,joint,day3,0.04272541218135304
29,Suqian,joint,recent24,pm,full72,0.09691144222786055
29,Suqian,joint,recent24,weather,full72,0.2536541389135347
29,Suqian,joint,recent24,joint,full72,0.2539865779966445
29,Suqian,pm_only,full72,pm,day1,0.18958140239535057
29,Suqian,pm_only,full72,weather,day1,0.04542479185619796
29,Suqian,pm_only,full72,joint,day1,0.08523634380908596
29,Suqian,pm_only,full72,pm,day3,0.025316994329248582
29,Suqian,pm_only,full72,weather,day3,0.03543551385887846
29,Suqian,pm_only,full72,joint,day3,0.03287945921986481
29,Suqian,pm_only,full72,pm,full72,0.13242961060740263
29,Suqian,pm_only,full72,weather,full72,0.042334597583649394
29,Suqian,pm_only,full72,joint,full72,0.060588147147036774
29,Suqian,weather_only,full72,pm,day1,0.06488785472196366
29,Suqian,weather_only,full72,weather,day1,0.25481274070318516
29,Suqian,weather_only,full72,joint,day1,0.25221132455283113
29,Suqian,weather_only,full72,pm,day3,-0.028574825643706413
29,Suqian,weather_only,full72,weather,day3,0.03282372220593055
29,Suqian,weather_only,full72,joint,day3,0.02331050532762633
29,Suqian,weather_only,full72,pm,full72,0.021766539941634987
29,Suqian,weather_only,full72,weather,full72,0.15542576535644134
29,Suqian,weather_only,full72,joint,full72,0.14616884904221225
29,Suqian,joint,full72,pm,day1,0.09913960428490107
29,Suqian,joint,full72,weather,day1,0.24609757052439263
29,Suqian,joint,full72,joint,day1,0.25251537462884366
29,Suqian,joint,full72,pm,day3,-0.019748260937065235
29,Suqian,joint,full72,weather,day3,0.03911623127905782
29,Suqian,joint,full72,joint,day3,0.03009452402363101
29,Suqian,joint,full72,pm,full72,0.04710073777518444
29,Suqian,joint,full72,weather,full72,0.15296923874230967
29,Suqian,joint,full72,joint,full72,0.1482890980722745
30,Hangzhou,pm_only,recent24,pm,day1,0.3090258877564719
30,Hangzhou,pm_only,recent24,weather,day1,0.05157862589465648
30,Hangzhou,pm_only,recent24,joint,day1,0.13181496745374185
30,Hangzhou,pm_only,recent24,pm,day3,0.018286524071631016
30,Hangzhou,pm_only,recent24,weather,day3,-0.022538863134715783
30,Hangzhou,pm_only,recent24,joint,day3,-0.016940011235002807
30,Hangzhou,pm_only,recent24,pm,full72,0.17382175945543984
30,Hangzhou,pm_only,recent24,weather,full72,0.0038809359702339924
30,Hangzhou,pm_only,recent24,joint,full72,0.049570225892556476
30,Hangzhou,weather_only,recent24,pm,day1,0.0817251084312771
30,Hangzhou,weather_only,recent24,weather,day1,0.4855960018990005
30,Hangzhou,weather_only,recent24,joint,day1,0.4712995913248978
30,Hangzhou,weather_only,recent24,pm,day3,-0.03498197824549456
30,Hangzhou,weather_only,recent24,weather,day3,0.09636529059132264
30,Hangzhou,weather_only,recent24,joint,day3,0.07526149431537359
30,Hangzhou,weather_only,recent24,pm,full72,0.026149623537405887
30,Hangzhou,weather_only,recent24,weather,full72,0.3197703004425751
30,Hangzhou,weather_only,recent24,joint,full72,0.2968101157025289
30,Hangzhou,joint,recent24,pm,day1,0.15037355859338963
30,Hangzhou,joint,recent24,weather,day1,0.4631167787791947
30,Hangzhou,joint,recent24,joint,day1,0.47363351990837993
30,Hangzhou,joint,recent24,pm,day3,-0.024735109683777422
30,Hangzhou,joint,recent24,weather,day3,0.08052890913222728
30,Hangzhou,joint,recent24,joint,day3,0.06347644886911222
30,Hangzhou,joint,recent24,pm,full72,0.06920195330048833
30,Hangzhou,joint,recent24,weather,full72,0.2947189936797484
30,Hangzhou,joint,recent24,joint,full72,0.28685691871422964
30,Hangzhou,pm_only,full72,pm,day1,0.17772951393237849
30,Hangzhou,pm_only,full72,weather,day1,0.026509856127464034
30,Hangzhou,pm_only,full72,joint,day1,0.07687044421761105
30,Hangzhou,pm_only,full72,pm,day3,0.04484741471185367
30,Hangzhou,pm_only,full72,weather,day3,-0.010720453180113295
30,Hangzhou,pm_only,full72,joint,day3,0.0009712367428091857
30,Hangzhou,pm_only,full72,pm,full72,0.13061969065492265
30,Hangzhou,pm_only,full72,weather,full72,-0.005573638393409599
30,Hangzhou,pm_only,full72,joint,full72,0.028973018743254687
30,Hangzhou,weather_only,full72,pm,day1,0.024165043541260887
30,Hangzhou,weather_only,full72,weather,day1,0.310717660179415
30,Hangzhou,weather_only,full72,joint,day1,0.29174104593526146
30,Hangzhou,weather_only,full72,pm,day3,-0.025485513371378343
30,Hangzhou,weather_only,full72,weather,day3,0.0841787580446895
30,Hangzhou,weather_only,full72,joint,day3,0.07101276125319031
30,Hangzhou,weather_only,full72,pm,full72,-0.009218744304686074
30,Hangzhou,weather_only,full72,weather,full72,0.22415387603846904
30,Hangzhou,weather_only,full72,joint,full72,0.2028719892179973
30,Hangzhou,joint,full72,pm,day1,0.062364750591187644
30,Hangzhou,joint,full72,weather,day1,0.30074506668626666
30,Hangzhou,joint,full72,joint,day1,0.29608339102084774
30,Hangzhou,joint,full72,pm,day3,-0.01325817031454258
30,Hangzhou,joint,full72,weather,day3,0.07630185857546465
30,Hangzhou,joint,full72,joint,day3,0.06723867630966908
30,Hangzhou,joint,full72,pm,full72,0.022817495704373924
30,Hangzhou,joint,full72,weather,full72,0.21094495523623882
30,Hangzhou,joint,full72,joint,full72,0.19958081739520434
31,Ningbo,pm_only,recent24,pm,day1,0.31944096936024236
31,Ningbo,pm_only,recent24,weather,day1,0.03749323237330809
31,Ningbo,pm_only,recent24,joint,day1,0.11527717231929308
31,Ningbo,pm_only,recent24,pm,day3,0.03363718140929535
31,Ningbo,pm_only,recent24,weather,day3,0.04640372060093015
31,Ningbo,pm_only,recent24,joint,day3,0.0586628936657234
31,Ningbo,pm_only,recent24,pm,full72,0.20934232633558156
31,Ningbo,pm_only,recent24,weather,full72,0.048498733624683404
31,Ningbo,pm_only,recent24,joint,full72,0.09567798141949535
31,Ningbo,weather_only,recent24,pm,day1,0.08781639095409774
31,Ningbo,weather_only,recent24,weather,day1,0.453951123987781
31,Ningbo,weather_only,recent24,joint,day1,0.44361179840294956
31,Ningbo,weather_only,recent24,pm,day3,0.013002786250696561
31,Ningbo,weather_only,recent24,weather,day3,0.07252751713187928
31,Ningbo,weather_only,recent24,joint,day3,0.072108216027054
31,Ningbo,weather_only,recent24,pm,full72,0.06195430698857674
31,Ningbo,weather_only,recent24,weather,full72,0.28481139220284807
31,Ningbo,weather_only,recent24,joint,full72,0.2804866886216722
31,Ningbo,joint,recent24,pm,day1,0.16100711825177955
31,Ningbo,joint,recent24,weather,day1,0.4314117643529411
31,Ningbo,joint,recent24,joint,day1,0.4446943606735902
31,Ningbo,joint,recent24,pm,day3,0.02343812985953246
31,Ningbo,joint,recent24,weather,day3,0.07905582776395695
31,Ningbo,joint,recent24,joint,day3,0.08279168219792053
31,Ningbo,joint,recent24,pm,full72,0.11435262908815727
31,Ningbo,joint,recent24,weather,full72,0.2769440057360014
31,Ningbo,joint,recent24,joint,full72,0.28733056933264234
31,Ningbo,pm_only,full72,pm,day1,0.1994498448624612
31,Ningbo,pm_only,full72,weather,day1,0.049992583998146004
31,Ningbo,pm_only,full72,joint,day1,0.1028457917114479
31,Ningbo,pm_only,full72,pm,day3,0.05276827319206829
31,Ningbo,pm_only,full72,weather,day3,0.04210267952566989
31,Ningbo,pm_only,full72,joint,day3,0.06064727566181892
31,Ningbo,pm_only,full72,pm,full72,0.15176376944094233
31,Ningbo,pm_only,full72,weather,full72,0.044764472191118045
31,Ningbo,pm_only,full72,joint,full72,0.08082884770721192
31,Ningbo,weather_only,full72,pm,day1,0.022193225548306387
31,Ningbo,weather_only,full72,weather,day1,0.2916909534227384
31,Ningbo,weather_only,full72,joint,day1,0.2756642984160746
31,Ningbo,weather_only,full72,pm,day3,0.024045094511273627
31,Ningbo,weather_only,full72,weather,day3,0.07969438992359748
31,Ningbo,weather_only,full72,joint,day3,0.08242813460703365
31,Ningbo,weather_only,full72,pm,full72,0.015970365992591495
31,Ningbo,weather_only,full72,weather,full72,0.2072223788055947
31,Ningbo,weather_only,full72,joint,full72,0.2040727020181755
31,Ningbo,joint,full72,pm,day1,0.06365983441495861
31,Ningbo,joint,full72,weather,day1,0.29274910018727507
31,Ningbo,joint,full72,joint,day1,0.28995365748841434
31,Ningbo,joint,full72,pm,day3,0.04036533409133353
31,Ningbo,joint,full72,weather,day3,0.08553787688446923
31,Ningbo,joint,full72,joint,day3,0.09403709350927339
31,Ningbo,joint,full72,pm,full72,0.05445350261337565
31,Ningbo,joint,full72,weather,full72,0.21089764222441054
31,Ningbo,joint,full72,joint,full72,0.21688007422001856
32,Shaoxing,pm_only,recent24,pm,day1,0.28364957441239363
32,Shaoxing,pm_only,recent24,weather,day1,0.017203288300822076
32,Shaoxing,pm_only,recent24,joint,day1,0.09874299518574879
32,Shaoxing,pm_only,recent24,pm,day3,0.04194482248620562
32,Shaoxing,pm_only,recent24,weather,day3,-0.016728025182006293
32,Shaoxing,pm_only,recent24,joint,day3,-0.005309249827312457
32,Shaoxing,pm_only,recent24,pm,full72,0.17565034841258712
32,Shaoxing,pm_only,recent24,weather,full72,-0.012883525720881429
32,Shaoxing,pm_only,recent24,joint,full72,0.03823252105813026
32,Shaoxing,weather_only,recent24,pm,day1,0.04328817782204445
32,Shaoxing,weather_only,recent24,weather,day1,0.4664892146223037
32,Shaoxing,weather_only,recent24,joint,day1,0.4420153555038388
32,Shaoxing,weather_only,recent24,pm,day3,-0.039998127999532
32,Shaoxing,weather_only,recent24,weather,day3,0.09496586974146744
32,Shaoxing,weather_only,recent24,joint,day3,0.07470200917550229
32,Shaoxing,weather_only,recent24,pm,full72,-0.018552186138046534
32,Shaoxing,weather_only,recent24,weather,full72,0.30814429553607386
32,Shaoxing,weather_only,recent24,joint,full72,0.28785612296403074
32,Shaoxing,joint,recent24,pm,day1,0.11800992700248175
32,Shaoxing,joint,recent24,weather,day1,0.4362583525645881
32,Shaoxing,joint,recent24,joint,day1,0.4422477235619308
32,Shaoxing,joint,recent24,pm,day3,-0.022388245097061277
32,Shaoxing,joint,recent24,weather,day3,0.08984550746137687
32,Shaoxing,joint,recent24,joint,day3,0.07500957075239269
32,Shaoxing,joint,recent24,pm,full72,0.03417976754494188
32,Shaoxing,joint,recent24,weather,full72,0.28533170183292544
32,Shaoxing,joint,recent24,joint,full72,0.28376901794225445
32,Shaoxing,pm_only,full72,pm,day1,0.16343362235840558
32,Shaoxing,pm_only,full72,weather,day1,0.0009309647327411831
32,Shaoxing,pm_only,full72,joint,day1,0.05565796391449098
32,Shaoxing,pm_only,full72,pm,day3,0.048009468002367
32,Shaoxing,pm_only,full72,weather,day3,-0.01815740103935026
32,Shaoxing,pm_only,full72,joint,day3,-0.007027071256767815
32,Shaoxing,pm_only,full72,pm,full72,0.1076796464199116
32,Shaoxing,pm_only,full72,weather,full72,-0.0204037596009399
32,Shaoxing,pm_only,full72,joint,full72,0.015244632811158202
32,Shaoxing,weather_only,full72,pm,day1,-0.020964501741125435
32,Shaoxing,weather_only,full72,weather,day1,0.3005890171472543
32,Shaoxing,weather_only,full72,joint,day1,0.2725068381267095
32,Shaoxing,weather_only,full72,pm,day3,-0.02753784688446172
32,Shaoxing,weather_only,full72,weather,day3,0.0773637103409276
32,Shaoxing,weather_only,full72,joint,day3,0.06434119608529902
32,Shaoxing,weather_only,full72,pm,full72,-0.05271294417823604
32,Shaoxing,weather_only,full72,weather,full72,0.22075919968979993
32,Shaoxing,weather_only,full72,joint,full72,0.2007975291993823
32,Shaoxing,joint,full72,pm,day1,0.01789959447489862
32,Shaoxing,joint,full72,weather,day1,0.2864688626172156
32,Shaoxing,joint,full72,joint,day1,0.2755088923772231
32,Shaoxing,joint,full72,pm,day3,-0.009379704844926211
32,Shaoxing,joint,full72,weather,day3,0.06808903252225813
32,Shaoxing,joint,full72,joint,day3,0.06097978524494631
32,Shaoxing,joint,full72,pm,full72,-0.02159253989813497
32,Shaoxing,joint,full72,weather,full72,0.2029745292436323
32,Shaoxing,joint,full72,joint,full72,0.19498543574635893
33,Huzhou,pm_only,recent24,pm,day1,0.37183779145944784
33,Huzhou,pm_only,recent24,weather,day1,0.06402836050709013
33,Huzhou,pm_only,recent24,joint,day1,0.15033444458361114
33,Huzhou,pm_only,recent24,pm,day3,0.06726461581615395
33,Huzhou,pm_only,recent24,weather,day3,0.03905839876459969
33,Huzhou,pm_only,recent24,joint,day3,0.05380928245232061
33,Huzhou,pm_only,recent24,pm,full72,0.2642866005716501
33,Huzhou,pm_only,recent24,weather,full72,0.05084599421149855
33,Huzhou,pm_only,recent24,joint,full72,0.11084869721217429
33,Huzhou,weather_only,recent24,pm,day1,0.0856718104179526
33,Huzhou,weather_only,recent24,weather,day1,0.4714235453558863
33,Huzhou,weather_only,recent24,joint,day1,0.4605716366429091
33,Huzhou,weather_only,recent24,pm,day3,0.006958375739593936
33,Huzhou,weather_only,recent24,weather,day3,0.07145411686352922
33,Huzhou,weather_only,recent24,joint,day3,0.06822362605590651
33,Huzhou,weather_only,recent24,pm,full72,0.04496671274167818
33,Huzhou,weather_only,recent24,weather,full72,0.2883352785838197
33,Huzhou,weather_only,recent24,joint,full72,0.2783570645892661
33,Huzhou,joint,recent24,pm,day1,0.16176876294219072
33,Huzhou,joint,recent24,weather,day1,0.4500248025062005
33,Huzhou,joint,recent24,joint,day1,0.46403949650987414
33,Huzhou,joint,recent24,pm,day3,0.022029751007437752
33,Huzhou,joint,recent24,weather,day3,0.07182155695538923
33,Huzhou,joint,recent24,joint,day3,0.07246697261674315
33,Huzhou,joint,recent24,pm,full72,0.10352862188215547
33,Huzhou,joint,recent24,weather,full72,0.2748030477007619
33,Huzhou,joint,recent24,joint,full72,0.28230880507720124
33,Huzhou,pm_only,full72,pm,day1,0.2650971662742916
33,Huzhou,pm_only,full72,weather,day1,0.04079010269752567
33,Huzhou,pm_only,full72,joint,day1,0.10346877186719297
33,Huzhou,pm_only,full72,pm,day3,0.07305103826275956
33,Huzhou,pm_only,full72,weather,day3,0.026114600028650008
33,Huzhou,pm_only,full72,joint,day3,0.043690305422576355
33,Huzhou,pm_only,full72,pm,full72,0.2110662272665568
33,Huzhou,pm_only,full72,weather,full72,0.025157322289330576
33,Huzhou,pm_only,full72,joint,full72,0.07274915268728817
33,Huzhou,weather_only,full72,pm,day1,0.016172747543186886
33,Huzhou,weather_only,full72,weather,day1,0.31442502060625516
33,Huzhou,weather_only,full72,joint,day1,0.2946122851530713
33,Huzhou,weather_only,full72,pm,day3,0.024507790626947655
33,Huzhou,weather_only,full72,weather,day3,0.08297662174415542
33,Huzhou,weather_only,full72,joint,day3,0.08232000408000102
33,Huzhou,weather_only,full72,pm,full72,0.005648978912244728
33,Huzhou,weather_only,full72,weather,full72,0.2229561437390359
33,Huzhou,weather_only,full72,joint,full72,0.2097206459301615
33,Huzhou,joint,full72,pm,day1,0.07673544868386217
33,Huzhou,joint,full72,weather,day1,0.304913836228459
33,Huzhou,joint,full72,joint,day1,0.3030949297737324
33,Huzhou,joint,full72,pm,day3,0.038627781656945415
33,Huzhou,joint,full72,weather,day3,0.08343330285832572
33,Huzhou,joint,full72,joint,day3,0.08740906135226534
33,Huzhou,joint,full72,pm,full72,0.05435205308801326
33,Huzhou,joint,full72,weather,full72,0.2146302656575664
33,Huzhou,joint,full72,joint,full72,0.21483673470918366
34,Jiaxing,pm_only,recent24,pm,day1,0.25838881509720374
34,Jiaxing,pm_only,recent24,weather,day1,0.01864076716019179
34,Jiaxing,pm_only,recent24,joint,day1,0.08869710567427641
34,Jiaxing,pm_only,recent24,pm,day3,0.051057837764459435
34,Jiaxing,pm_only,recent24,weather,day3,0.0038865234716308674
34,Jiaxing,pm_only,recent24,joint,day3,0.01433943808485952
34,Jiaxing,pm_only,recent24,pm,full72,0.17889728072432018
34,Jiaxing,pm_only,recent24,weather,full72,0.014193578048394509
34,Jiaxing,pm_only,recent24,joint,full72,0.05414372703593175
34,Jiaxing,weather_only,recent24,pm,day1,0.06167999591999898
34,Jiaxing,weather_only,recent24,weather,day1,0.4607332571833142
34,Jiaxing,weather_only,recent24,joint,day1,0.45331553632888405
34,Jiaxing,weather_only,recent24,pm,day3,0.023977769994442497
34,Jiaxing,weather_only,recent24,weather,day3,0.06773138143284535
34,Jiaxing,weather_only,recent24,joint,day3,0.06690474472618617
34,Jiaxing,weather_only,recent24,pm,full72,0.04307453726863431
34,Jiaxing,weather_only,recent24,weather,full72,0.2778915874728969
34,Jiaxing,weather_only,recent24,joint,full72,0.2755903138975785
34,Jiaxing,joint,recent24,pm,day1,0.11682529120632278
34,Jiaxing,joint,recent24,weather,day1,0.4340480810120203
34,Jiaxing,joint,recent24,joint,day1,0.44817479204369803
34,Jiaxing,joint,recent24,pm,day3,0.034115573528893384
34,Jiaxing,joint,recent24,weather,day3,0.06350505537626384
34,Jiaxing,joint,recent24,joint,day3,0.06642861610715403
34,Jiaxing,joint,recent24,pm,full72,0.08482203320550831
34,Jiaxing,joint,recent24,weather,full72,0.2591810447952612
34,Jiaxing,joint,recent24,joint,full72,0.2694615058653765
34,Jiaxing,pm_only,full72,pm,day1,0.16972164943041235
34,Jiaxing,pm_only,full72,weather,day1,0.0026960781740195433
34,Jiaxing,pm_only,full72,joint,day1,0.04862826915706729
34,Jiaxing,pm_only,full72,pm,day3,0.062172095043023755
34,Jiaxing,pm_only,full72,weather,day3,-0.028806965701741426
34,Jiaxing,pm_only,full72,joint,day3,-0.010228688557172138
34,Jiaxing,pm_only,full72,pm,full72,0.15451929712982426
34,Jiaxing,pm_only,full72,weather,full72,-0.02691752472938118
34,Jiaxing,pm_only,full72,joint,full72,0.007912387978096994
34,Jiaxing,weather_only,full72,pm,day1,-0.01498296524574131
34,Jiaxing,weather_only,full72,weather,day1,0.30731746832936707
34,Jiaxing,weather_only,full72,joint,day1,0.28621543905385977
34,Jiaxing,weather_only,full72,pm,day3,0.03166252391563098
34,Jiaxing,weather_only,full72,weather,day3,0.07701904475476119
34,Jiaxing,weather_only,full72,joint,day3,0.08063674565918641
34,Jiaxing,weather_only,full72,pm,full72,0.008679534669883667
34,Jiaxing,weather_only,full72,weather,full72,0.21761942590485647
34,Jiaxing,weather_only,full72,joint,full72,0.21458946114736527
34,Jiaxing,joint,full72,pm,day1,0.019687614421903605
34,Jiaxing,joint,full72,weather,day1,0.2934804943701235
34,Jiaxing,joint,full72,joint,day1,0.28582730495682623
34,Jiaxing,joint,full72,pm,day3,0.0448947532236883
34,Jiaxing,joint,full72,weather,day3,0.0668800232200058
34,Jiaxing,joint,full72,joint,day3,0.07628424857106213
34,Jiaxing,joint,full72,pm,full72,0.044281592070398015
34,Jiaxing,joint,full72,weather,full72,0.20198080899520227
34,Jiaxing,joint,full72,joint,full72,0.2082218860554715
35,Jinhua,pm_only,recent24,pm,day1,0.37335444183861044
35,Jinhua,pm_only,recent24,weather,day1,0.0827257991814498
35,Jinhua,pm_only,recent24,joint,day1,0.17259910914977727
35,Jinhua,pm_only,recent24,pm,day3,0.055009185252296304
35,Jinhua,pm_only,recent24,weather,day3,0.02543222435805609
35,Jinhua,pm_only,recent24,joint,day3,0.044210154552538634
35,Jinhua,pm_only,recent24,pm,full72,0.2211765507941377
35,Jinhua,pm_only,recent24,weather,full72,0.057495206373801594
35,Jinhua,pm_only,recent24,joint,full72,0.11494554023638505
35,Jinhua,weather_only,recent24,pm,day1,0.056217659054414754
35,Jinhua,weather_only,recent24,weather,day1,0.47549310337327577
35,Jinhua,weather_only,recent24,joint,day1,0.45535324933831234
35,Jinhua,weather_only,recent24,pm,day3,-0.044627130656782664
35,Jinhua,weather_only,recent24,weather,day3,0.0792987648246912
35,Jinhua,weather_only,recent24,joint,day3,0.06043428460857114
35,Jinhua,weather_only,recent24,pm,full72,-0.009627129906782475
35,Jinhua,weather_only,recent24,weather,full72,0.293927291981823
35,Jinhua,weather_only,recent24,joint,full72,0.2697906104476526
35,Jinhua,joint,recent24,pm,day1,0.14933056033264006
35,Jinhua,joint,recent24,weather,day1,0.4553434528358632
35,Jinhua,joint,recent24,joint,day1,0.4680588675147168
35,Jinhua,joint,recent24,pm,day3,-0.019270707317676827
35,Jinhua,joint,recent24,weather,day3,0.08174424843606211
35,Jinhua,joint,recent24,joint,day3,0.07092932673233168
35,Jinhua,joint,recent24,pm,full72,0.05865578216394553
35,Jinhua,joint,recent24,weather,full72,0.28211349452837364
35,Jinhua,joint,recent24,joint,full72,0.2805271046317762
35,Jinhua,pm_only,full72,pm,day1,0.24742957535739382
35,Jinhua,pm_only,full72,weather,day1,0.05383949995987499
35,Jinhua,pm_only,full72,joint,day1,0.11611978402994601
35,Jinhua,pm_only,full72,pm,day3,0.0705775916443979
35,Jinhua,pm_only,full72,weather,day3,0.027155813288953317
35,Jinhua,pm_only,full72,joint,day3,0.05103668325917081
35,Jinhua,pm_only,full72,pm,full72,0.17802113650528412
35,Jinhua,pm_only,full72,weather,full72,0.037806178951544735
35,Jinhua,pm_only,full72,joint,full72,0.08544140136035033
35,Jinhua,weather_only,full72,pm,day1,0.008097729524432381
35,Jinhua,weather_only,full72,weather,day1,0.2991410532852633
35,Jinhua,weather_only,full72,joint,day1,0.27833636158409036
35,Jinhua,weather_only,full72,pm,day3,-0.021861734465433616
35,Jinhua,weather_only,full72,weather,day3,0.06395663198915799
35,Jinhua,weather_only,full72,joint,day3,0.05077378119344529
35,Jinhua,weather_only,full72,pm,full72,-0.03851009612752403
35,Jinhua,weather_only,full72,weather,full72,0.1975625383906346
35,Jinhua,weather_only,full72,joint,full72,0.1761992135498034
35,Jinhua,joint,full72,pm,day1,0.0687116631779158
35,Jinhua,joint,full72,weather,day1,0.29329943682485915
35,Jinhua,joint,full72,joint,day1,0.29273179468294863
35,Jinhua,joint,full72,pm,day3,0.0015786843946710984
35,Jinhua,joint,full72,weather,day3,0.07134473833618458
35,Jinhua,joint,full72,joint,day3,0.06482882070720518
35,Jinhua,joint,full72,pm,full72,0.01592627048156762
35,Jinhua,joint,full72,weather,full72,0.19588298947074737
35,Jinhua,joint,full72,joint,full72,0.19052794913198726
36,Quzhou,pm_only,recent24,pm,day1,0.39622684055671015
36,Quzhou,pm_only,recent24,weather,day1,0.03351421737855434
36,Quzhou,pm_only,recent24,joint,day1,0.13923434430858608
36,Quzhou,pm_only,recent24,pm,day3,0.04759361539840385
36,Quzhou,pm_only,recent24,weather,day3,0.007243113310778327
36,Quzhou,pm_only,recent24,joint,day3,0.025762555940638983
36,Quzhou,pm_only,recent24,pm,full72,0.24483267870816966
36,Quzhou,pm_only,recent24,weather,full72,0.01867225816806454
36,Quzhou,pm_only,recent24,joint,full72,0.0817778784444696
36,Quzhou,weather_only,recent24,pm,day1,0.09155514338878583
36,Quzhou,weather_only,recent24,weather,day1,0.469415971853993
36,Quzhou,weather_only,recent24,joint,day1,0.46040790710197677
36,Quzhou,weather_only,recent24,pm,day3,-0.017186917296729325
36,Quzhou,weather_only,recent24,weather,day3,0.07707613626903406
36,Quzhou,weather_only,recent24,joint,day3,0.06485282221320555
36,Quzhou,weather_only,recent24,pm,full72,0.02535966483991621
36,Quzhou,weather_only,recent24,weather,full72,0.2816924144231036
36,Quzhou,weather_only,recent24,joint,full72,0.26580385695096426
36,Quzhou,joint,recent24,pm,day1,0.19206522151630537
36,Quzhou,joint,recent24,weather,day1,0.4491772287943072
36,Quzhou,joint,recent24,joint,day1,0.474462876115719
36,Quzhou,joint,recent24,pm,day3,-0.0009750182437545608
36,Quzhou,joint,recent24,weather,day3,0.07922332080583021
36,Quzhou,joint,recent24,joint,day3,0.07321544280386069
36,Quzhou,joint,recent24,pm,full72,0.08980376545094136
36,Quzhou,joint,recent24,weather,full72,0.2698166774541694
36,Quzhou,joint,recent24,joint,full72,0.27470765067691266
36,Quzhou,pm_only,full72,pm,day1,0.24204665451166363
36,Quzhou,pm_only,full72,weather,day1,0.032233220058305014
36,Quzhou,pm_only,full72,joint,day1,0.10032208608052151
36,Quzhou,pm_only,full72,pm,day3,0.04971877992969497
36,Quzhou,pm_only,full72,weather,day3,0.04450582712645678
36,Quzhou,pm_only,full72,joint,day3,0.05995837348959337
36,Quzhou,pm_only,full72,pm,full72,0.15942552385638098
36,Quzhou,pm_only,full72,weather,full72,0.0488375852093963
36,Quzhou,pm_only,full72,joint,full72,0.0897858284464571
36,Quzhou,weather_only,full72,pm,day1,0.050032893508223375
36,Quzhou,weather_only,full72,weather,day1,0.29780122145030535
36,Quzhou,weather_only,full72,joint,day1,0.2903221385805346
36,Quzhou,weather_only,full72,pm,day3,-0.012845580211395051
36,Quzhou,weather_only,full72,weather,day3,0.05507673326918332
36,Quzhou,weather_only,full72,joint,day3,0.043282687820671954
36,Quzhou,weather_only,full72,pm,full72,-0.007472554868138717
36,Quzhou,weather_only,full72,weather,full72,0.1911360687840172
36,Quzhou,weather_only,full72,joint,full72,0.1753335948333987
36,Quzhou,joint,full72,pm,day1,0.10915630828907708
36,Quzhou,joint,full72,weather,day1,0.2848449547112386
36,Quzhou,joint,full72,joint,day1,0.29831134607783644
36,Quzhou,joint,full72,pm,day3,0.007653007913251978
36,Quzhou,joint,full72,weather,day3,0.06078595669648917
36,Quzhou,joint,full72,joint,day3,0.05503893475973368
36,Quzhou,joint,full72,pm,full72,0.041154007288501826
36,Quzhou,joint,full72,weather,full72,0.1872367248091812
36,Quzhou,joint,full72,joint,full72,0.18699431724857932
37,Lishui,pm_only,recent24,pm,day1,0.31275366168841545
37,Lishui,pm_only,recent24,weather,day1,0.010425877106469276
37,Lishui,pm_only,recent24,joint,day1,0.09711718977929744
37,Lishui,pm_only,recent24,pm,day3,0.060477925619481405
37,Lishui,pm_only,recent24,weather,day3,0.027967281991820497
37,Lishui,pm_only,recent24,joint,day3,0.04455484413871103
37,Lishui,pm_only,recent24,pm,full72,0.18176237594059397
37,Lishui,pm_only,recent24,weather,full72,0.013073143768285942
37,Lishui,pm_only,recent24,joint,full72,0.06423544305886077
37,Lishui,weather_only,recent24,pm,day1,0.055320586830146706
37,Lishui,weather_only,recent24,weather,day1,0.48360744690186175
37,Lishui,weather_only,recent24,joint,day1,0.46566219991554997
37,Lishui,weather_only,recent24,pm,day3,0.03661605765401441
37,Lishui,weather_only,recent24,weather,day3,0.06068653367163342
37,Lishui,weather_only,recent24,joint,day3,0.06515949128987282
37,Lishui,weather_only,recent24,pm,full72,0.0408010872002718
37,Lishui,weather_only,recent24,weather,full72,0.28639228459807115
37,Lishui,weather_only,recent24,joint,full72,0.2757640034410008
37,Lishui,joint,recent24,pm,day1,0.13535312633828156
37,Lishui,joint,recent24,weather,day1,0.45475160218790056
37,Lishui,joint,recent24,joint,day1,0.46559160689790174
37,Lishui,joint,recent24,pm,day3,0.05838564409641102
37,Lishui,joint,recent24,weather,day3,0.0686673696668424
37,Lishui,joint,recent24,joint,day3,0.07873670268417567
37,Lishui,joint,recent24,pm,full72,0.09393613148403286
37,Lishui,joint,recent24,weather,full72,0.27729547532386883
37,Lishui,joint,recent24,joint,full72,0.2843251385812846
37,Lishui,pm_only,full72,pm,day1,0.2115305343826336
37,Lishui,pm_only,full72,weather,day1,0.05159764889941223
37,Lishui,pm_only,full72,joint,day1,0.11001394550348638
37,Lishui,pm_only,full72,pm,day3,0.10066720916680229
37,Lishui,pm_only,full72,weather,day3,0.038388641097160274
37,Lishui,pm_only,full72,joint,day3,0.0640184980046245
37,Lishui,pm_only,full72,pm,full72,0.16407060351765088
37,Lishui,pm_only,full72,weather,full72,0.04979722994930749
37,Lishui,pm_only,full72,joint,full72,0.09405207251301813
37,Lishui,weather_only,full72,pm,day1,0.004603067650766912
37,Lishui,weather_only,full72,weather,day1,0.29150284587571146
37,Lishui,weather_only,full72,joint,day1,0.27338855184713795
37,Lishui,weather_only,full72,pm,day3,0.03847124011781003
37,Lishui,weather_only,full72,weather,day3,0.055472656868164216
37,Lishui,weather_only,full72,joint,day3,0.05841135410283852
37,Lishui,weather_only,full72,pm,full72,0.013412488853122214
37,Lishui,weather_only,full72,weather,full72,0.18257200264300064
37,Lishui,weather_only,full72,joint,full72,0.17391032547758134
37,Lishui,joint,full72,pm,day1,0.057896135474033876
37,Lishui,joint,full72,weather,day1,0.2877138449284612
37,Lishui,joint,full72,joint,day1,0.2869015437253859
37,Lishui,joint,full72,pm,day3,0.06758712189678047
37,Lishui,joint,full72,weather,day3,0.0645379676344919
37,Lishui,joint,full72,joint,day3,0.07436289809072452
37,Lishui,joint,full72,pm,full72,0.05824155706038926
37,Lishui,joint,full72,weather,full72,0.1872744648186162
37,Lishui,joint,full72,joint,full72,0.19204848451212111
38,Hefei,pm_only,recent24,pm,day1,0.3322521380630345
38,Hefei,pm_only,recent24,weather,day1,0.0928201912050478
38,Hefei,pm_only,recent24,joint,day1,0.1654789148697287
38,Hefei,pm_only,recent24,pm,day3,0.023763308940827232
38,Hefei,pm_only,recent24,weather,day3,-0.027220239805059953
38,Hefei,pm_only,recent24,joint,day3,-0.01775379743844936
38,Hefei,pm_only,recent24,pm,full72,0.17451205662801414
38,Hefei,pm_only,recent24,weather,full72,0.029778995944748983
38,Hefei,pm_only,recent24,joint,full72,0.06861742415435604
38,Hefei,weather_only,recent24,pm,day1,0.16344087486021872
38,Hefei,weather_only,recent24,weather,day1,0.5090378562594641
38,Hefei,weather_only,recent24,joint,day1,0.5074318868579717
38,Hefei,weather_only,recent24,pm,day3,-0.017390533347633335
38,Hefei,weather_only,recent24,weather,day3,0.1054087508521877
38,Hefei,weather_only,recent24,joint,day3,0.09514258328564582
38,Hefei,weather_only,recent24,pm,full72,0.07794302248575562
38,Hefei,weather_only,recent24,weather,full72,0.3192557928139482
38,Hefei,weather_only,recent24,joint,full72,0.3089973202493301
38,Hefei,joint,recent24,pm,day1,0.22888636822159203
38,Hefei,joint,recent24,weather,day1,0.48485488021372003
38,Hefei,joint,recent24,joint,day1,0.5027705006926251
38,Hefei,joint,recent24,pm,day3,-0.013230546307636577
38,Hefei,joint,recent24,weather,day3,0.09580163995040998
38,Hefei,joint,recent24,joint,day3,0.08668348417087104
38,Hefei,joint,recent24,pm,full72,0.11147787536946883
38,Hefei,joint,recent24,weather,full72,0.2993965888491472
38,Hefei,joint,recent24,joint,full72,0.29883339570834894
38,Hefei,pm_only,full72,pm,day1,0.2124264996066249
38,Hefei,pm_only,full72,weather,day1,0.038075804018951005
38,Hefei,pm_only,full72,joint,day1,0.08937819884454971
38,Hefei,pm_only,full72,pm,day3,0.010714675178668795
38,Hefei,pm_only,full72,weather,day3,-0.04107195576798894
38,Hefei,pm_only,full72,joint,day3,-0.03373584543396136
38,Hefei,pm_only,full72,pm,full72,0.11574057943514486
38,Hefei,pm_only,full72,weather,full72,-0.005577227894306974
38,Hefei,pm_only,full72,joint,full72,0.023809322952330736
38,Hefei,weather_only,full72,pm,day1,0.07164649791162447
38,Hefei,weather_only,full72,weather,day1,0.34035749958937483
38,Hefei,weather_only,full72,joint,day1,0.332694500173625
38,Hefei,weather_only,full72,pm,day3,-0.024815607203901798
38,Hefei,weather_only,full72,weather,day3,0.07037010859252714
38,Hefei,weather_only,full72,joint,day3,0.061518498379624593
38,Hefei,weather_only,full72,pm,full72,0.015222878305719575
38,Hefei,weather_only,full72,weather,full72,0.2146753751688438
38,Hefei,weather_only,full72,joint,full72,0.20073552968388242
38,Hefei,joint,full72,pm,day1,0.10847691611922904
38,Hefei,joint,full72,weather,day1,0.3191979437994859
38,Hefei,joint,full72,joint,day1,0.32346994486748615
38,Hefei,joint,full72,pm,day3,-0.018187573546893387
38,Hefei,joint,full72,weather,day3,0.0626791131697783
38,Hefei,joint,full72,joint,day3,0.05552539088134772
38,Hefei,joint,full72,pm,full72,0.0392106548026637
38,Hefei,joint,full72,weather,full72,0.19863313965828489
38,Hefei,joint,full72,joint,full72,0.19195725898931476
39,Nanchang,pm_only,recent24,pm,day1,0.3845041696260424
39,Nanchang,pm_only,recent24,weather,day1,0.10153781088445271
39,Nanchang,pm_only,recent24,joint,day1,0.19292028623007154
39,Nanchang,pm_only,recent24,pm,day3,0.03288383172095793
39,Nanchang,pm_only,recent24,weather,day3,0.011234158308539575
39,Nanchang,pm_only,recent24,joint,day3,0.021277467819366954
39,Nanchang,pm_only,recent24,pm,full72,0.2254683773670943
39,Nanchang,pm_only,recent24,weather,full72,0.055426416356604086
39,Nanchang,pm_only,recent24,joint,full72,0.10427599706899926
39,Nanchang,weather_only,recent24,pm,day1,0.10292916923229231
39,Nanchang,weather_only,recent24,weather,day1,0.5099680529920133
39,Nanchang,weather_only,recent24,joint,day1,0.49438187159546787
39,Nanchang,weather_only,recent24,pm,day3,-0.0030536047634011905
39,Nanchang,weather_only,recent24,weather,day3,0.1157620099405025
39,Nanchang,weather_only,recent24,joint,day3,0.10005652901413226
39,Nanchang,weather_only,recent24,pm,full72,0.028510024127506032
39,Nanchang,weather_only,recent24,weather,full72,0.34079340719835177
39,Nanchang,weather_only,recent24,joint,full72,0.3183384570846142
39,Nanchang,joint,recent24,pm,day1,0.19419179454794863
39,Nanchang,joint,recent24,weather,day1,0.4940124125031032
39,Nanchang,joint,recent24,joint,day1,0.5066117196529298
39,Nanchang,joint,recent24,pm,day3,0.00902686875671719
39,Nanchang,joint,recent24,weather,day3,0.11444823311205828
39,Nanchang,joint,recent24,joint,day3,0.10303290025822506
39,Nanchang,joint,recent24,pm,full72,0.08935357783839447
39,Nanchang,joint,recent24,weather,full72,0.32823267405816847
39,Nanchang,joint,recent24,joint,full72,0.3229831692457923
39,Nanchang,pm_only,full72,pm,day1,0.2748358317089579
39,Nanchang,pm_only,full72,weather,day1,0.08374854143713535
39,Nanchang,pm_only,full72,joint,day1,0.14761452840363207
39,Nanchang,pm_only,full72,pm,day3,0.05583225645806411
39,Nanchang,pm_only,full72,weather,day3,0.006177045044261261
39,Nanchang,pm_only,full72,joint,day3,0.020214948553737136
39,Nanchang,pm_only,full72,pm,full72,0.1847135351783838
39,Nanchang,pm_only,full72,weather,full72,0.05182112195528049
39,Nanchang,pm_only,full72,joint,full72,0.0916617724154431
39,Nanchang,weather_only,full72,pm,day1,0.060321409580352384
39,Nanchang,weather_only,full72,weather,day1,0.36081916370479095
39,Nanchang,weather_only,full72,joint,day1,0.3490458887614722
39,Nanchang,weather_only,full72,pm,day3,-0.004188989547247387
39,Nanchang,weather_only,full72,weather,day3,0.08511443577860894
39,Nanchang,weather_only,full72,joint,day3,0.07117761429440357
39,Nanchang,weather_only,full72,pm,full72,0.00903987375996844
39,Nanchang,weather_only,full72,weather,full72,0.24593990848497713
39,Nanchang,weather_only,full72,joint,full72,0.22661912515478125
39,Nanchang,joint,full72,pm,day1,0.11783387045846762
39,Nanchang,joint,full72,weather,day1,0.3521457670364418
39,Nanchang,joint,full72,joint,day1,0.35781559145389785
39,Nanchang,joint,full72,pm,day3,0.011978350494587623
39,Nanchang,joint,full72,weather,day3,0.08344357636089408
39,Nanchang,joint,full72,joint,day3,0.07363446790861697
39,Nanchang,joint,full72,pm,full72,0.05275761868940467
39,Nanchang,joint,full72,weather,full72,0.23945085886271472
39,Nanchang,joint,full72,joint,full72,0.23188548697137173
40,Jinan,pm_only,recent24,pm,day1,0.35852300513075125
40,Jinan,pm_only,recent24,weather,day1,0.06577307094326773
40,Jinan,pm_only,recent24,joint,day1,0.15102530125632532
40,Jinan,pm_only,recent24,pm,day3,0.03462325315581329
40,Jinan,pm_only,recent24,weather,day3,0.019142514285628572
40,Jinan,pm_only,recent24,joint,day3,0.027942765985691495
40,Jinan,pm_only,recent24,pm,full72,0.23468178467044618
40,Jinan,pm_only,recent24,weather,full72,0.03972301143075285
40,Jinan,pm_only,recent24,joint,full72,0.08939709134927283
40,Jinan,weather_only,recent24,pm,day1,0.12492576723144182
40,Jinan,weather_only,recent24,weather,day1,0.40846787411696855
40,Jinan,weather_only,recent24,joint,day1,0.404733176183294
40,Jinan,weather_only,recent24,pm,day3,-0.00728083532020883
40,Jinan,weather_only,recent24,weather,day3,0.026685612671403163
40,Jinan,weather_only,recent24,joint,day3,0.028828154707038672
40,Jinan,weather_only,recent24,pm,full72,0.05991987297996824
40,Jinan,weather_only,recent24,weather,full72,0.21452661113165278
40,Jinan,weather_only,recent24,joint,full72,0.2110218317554579
40,Jinan,joint,recent24,pm,day1,0.2028177792044448
40,Jinan,joint,recent24,weather,day1,0.39255900813975203
40,Jinan,joint,recent24,joint,day1,0.4132519828129957
40,Jinan,joint,recent24,pm,day3,0.002676881169220292
40,Jinan,joint,recent24,weather,day3,0.023897213974303493
40,Jinan,joint,recent24,joint,day3,0.02867812916953229
40,Jinan,joint,recent24,pm,full72,0.1132900528225132
40,Jinan,joint,recent24,weather,full72,0.20488927522231878
40,Jinan,joint,recent24,joint,full72,0.2153700448425112
40,Jinan,pm_only,full72,pm,day1,0.2488311037077759
40,Jinan,pm_only,full72,weather,day1,0.06364650541162636
40,Jinan,pm_only,full72,joint,day1,0.12482235570558892
40,Jinan,pm_only,full72,pm,day3,0.057617426404356596
40,Jinan,pm_only,full72,weather,day3,-0.027904317976079493
40,Jinan,pm_only,full72,joint,day3,-0.013854688963672241
40,Jinan,pm_only,full72,pm,full72,0.1931956802989201
40,Jinan,pm_only,full72,weather,full72,0.0053478103369525845
40,Jinan,pm_only,full72,joint,full72,0.048806757201689296
40,Jinan,weather_only,full72,pm,day1,0.06495776523944131
40,Jinan,weather_only,full72,weather,day1,0.2754419383604846
40,Jinan,weather_only,full72,joint,day1,0.268287004071751
40,Jinan,weather_only,full72,pm,day3,-0.015237233309308327
40,Jinan,weather_only,full72,weather,day3,0.035567780891945226
40,Jinan,weather_only,full72,joint,day3,0.03217723254430813
40,Jinan,weather_only,full72,pm,full72,0.028713421178355295
40,Jinan,weather_only,full72,weather,full72,0.15356289689072422
40,Jinan,weather_only,full72,joint,full72,0.14605629801407452
40,Jinan,joint,full72,pm,day1,0.11688902172225542
40,Jinan,joint,full72,weather,day1,0.27144513936128484
40,Jinan,joint,full72,joint,day1,0.27978013144503283
40,Jinan,joint,full72,pm,day3,0.003249657812414453
40,Jinan,joint,full72,weather,day3,0.0271653547913387
40,Jinan,joint,full72,joint,day3,0.028789141197285296
40,Jinan,joint,full72,pm,full72,0.07126583681645919
40,Jinan,joint,full72,weather,full72,0.14452615663153917
40,Jinan,joint,full72,joint,full72,0.14871410217852554
41,Qingdao,pm_only,recent24,pm,day1,0.28238757609689397
41,Qingdao,pm_only,recent24,weather,day1,0.06575295443823861
41,Qingdao,pm_only,recent24,joint,day1,0.128146268036567
41,Qingdao,pm_only,recent24,pm,day3,0.031132458283114565
41,Qingdao,pm_only,recent24,weather,day3,-0.022650392662598166
41,Qingdao,pm_only,recent24,joint,day3,-0.01794176848544212
41,Qingdao,pm_only,recent24,pm,full72,0.18885259871314966
41,Qingdao,pm_only,recent24,weather,full72,0.01676369969092492
41,Qingdao,pm_only,recent24,joint,full72,0.05204609051152262
41,Qingdao,weather_only,recent24,pm,day1,0.06421907655476913
41,Qingdao,weather_only,recent24,weather,day1,0.41247986511996626
41,Qingdao,weather_only,recent24,joint,day1,0.3998029749507437
41,Qingdao,weather_only,recent24,pm,day3,0.008881136220284054
41,Qingdao,weather_only,recent24,weather,day3,-0.008855580713895177
41,Qingdao,weather_only,recent24,joint,day3,-0.009592842898210724
41,Qingdao,weather_only,recent24,pm,full72,0.02926365581591395
41,Qingdao,weather_only,recent24,weather,full72,0.18084888021222006
41,Qingdao,weather_only,recent24,joint,full72,0.17830908107727025
41,Qingdao,joint,recent24,pm,day1,0.12418934654733661
41,Qingdao,joint,recent24,weather,day1,0.40173535793383947
41,Qingdao,joint,recent24,joint,day1,0.4069739742434935
41,Qingdao,joint,recent24,pm,day3,0.016602394150598537
41,Qingdao,joint,recent24,weather,day3,-0.011351710337927584
41,Qingdao,joint,recent24,joint,day3,-0.010558240139560035
41,Qingdao,joint,recent24,pm,full72,0.072150084037521
41,Qingdao,joint,recent24,weather,full72,0.1742484060621015
41,Qingdao,joint,recent24,joint,full72,0.18156743589185895
41,Qingdao,pm_only,full72,pm,day1,0.1965494156373539
41,Qingdao,pm_only,full72,weather,day1,0.09229627707406926
41,Qingdao,pm_only,full72,joint,day1,0.132158496039624
41,Qingdao,pm_only,full72,pm,day3,0.04127686331921583
41,Qingdao,pm_only,full72,weather,day3,-0.04026046306511576
41,Qingdao,pm_only,full72,joint,day3,-0.030438033109508277
41,Qingdao,pm_only,full72,pm,full72,0.1547290151822538
41,Qingdao,pm_only,full72,weather,full72,0.014332472083118022
41,Qingdao,pm_only,full72,joint,full72,0.043212960303240074
41,Qingdao,weather_only,full72,pm,day1,0.0239987579996895
41,Qingdao,weather_only,full72,weather,day1,0.24089734522433628
41,Qingdao,weather_only,full72,joint,day1,0.2306200131550033
41,Qingdao,weather_only,full72,pm,day3,0.023040599760149938
41,Qingdao,weather_only,full72,weather,day3,0.021845420461355115
41,Qingdao,weather_only,full72,joint,day3,0.02126634531658633
41,Qingdao,weather_only,full72,pm,full72,0.021321297830324454
41,Qingdao,weather_only,full72,weather,full72,0.11422053605513402
41,Qingdao,weather_only,full72,joint,full72,0.11401277550319389
41,Qingdao,joint,full72,pm,day1,0.06741494435373609
41,Qingdao,joint,full72,weather,day1,0.24642172510543126
41,Qingdao,joint,full72,joint,day1,0.2471044307761077
41,Qingdao,joint,full72,pm,day3,0.031305040826260205
41,Qingdao,joint,full72,weather,day3,0.011908343977085994
41,Qingdao,joint,full72,joint,day3,0.01447413511853378
41,Qingdao,joint,full72,pm,full72,0.05458182314545578
41,Qingdao,joint,full72,weather,full72,0.11052978813244703
41,Qingdao,joint,full72,joint,full72,0.11768059142014785
42,Zhengzhou,pm_only,recent24,pm,day1,0.39223477555869385
42,Zhengzhou,pm_only,recent24,weather,day1,0.09078571669642917
42,Zhengzhou,pm_only,recent24,joint,day1,0.17465332216333052
42,Zhengzhou,pm_only,recent24,pm,day3,0.05458699364674841
42,Zhengzhou,pm_only,recent24,weather,day3,0.03392950298237575
42,Zhengzhou,pm_only,recent24,joint,day3,0.04326885781721445
42,Zhengzhou,pm_only,recent24,pm,full72,0.25792855648213914
42,Zhengzhou,pm_only,recent24,weather,full72,0.04874535168633792
42,Zhengzhou,pm_only,recent24,joint,full72,0.09931807432951857
42,Zhengzhou,weather_only,recent24,pm,day1,0.17369150992287746
42,Zhengzhou,weather_only,recent24,weather,day1,0.41084928821232203
42,Zhengzhou,weather_only,recent24,joint,day1,0.4183313260828315
42,Zhengzhou,weather_only,recent24,pm,day3,-0.02511395427848857
42,Zhengzhou,weather_only,recent24,weather,day3,0.08599197349799337
42,Zhengzhou,weather_only,recent24,joint,day3,0.07455342663835665
42,Zhengzhou,weather_only,recent24,pm,full72,0.07911884877971219
42,Zhengzhou,weather_only,recent24,weather,full72,0.25409909302477324
42,Zhengzhou,weather_only,recent24,joint,full72,0.2518307084576771
42,Zhengzhou,joint,recent24,pm,day1,0.2518299944574986
42,Zhengzhou,joint,recent24,weather,day1,0.4016808779202195
42,Zhengzhou,joint,recent24,joint,day1,0.43304421026105255
42,Zhengzhou,joint,recent24,pm,day3,-0.007116682779170694
42,Zhengzhou,joint,recent24,weather,day3,0.08647321261830315
42,Zhengzhou,joint,recent24,joint,day3,0.07854802663700666
42,Zhengzhou,joint,recent24,pm,full72,0.13561638540409635
42,Zhengzhou,joint,recent24,weather,full72,0.2467585861896465
42,Zhengzhou,joint,recent24,joint,full72,0.25980738795184694
42,Zhengzhou,pm_only,full72,pm,day1,0.30155755388938843
42,Zhengzhou,pm_only,full72,weather,day1,0.06848549462137365
42,Zhengzhou,pm_only,full72,joint,day1,0.13482680170670044
42,Zhengzhou,pm_only,full72,pm,day3,0.09187558696889674
42,Zhengzhou,pm_only,full72,weather,day3,0.003120894780223695
42,Zhengzhou,pm_only,full72,joint,day3,0.021223062805765698
42,Zhengzhou,pm_only,full72,pm,full72,0.23769343742335935
42,Zhengzhou,pm_only,full72,weather,full72,0.02790807697701924
42,Zhengzhou,pm_only,full72,joint,full72,0.07449555812388953
42,Zhengzhou,weather_only,full72,pm,day1,0.08448488262122066
42,Zhengzhou,weather_only,full72,weather,day1,0.2622253075563269
42,Zhengzhou,weather_only,full72,joint,day1,0.26224096006024
42,Zhengzhou,weather_only,full72,pm,day3,-0.028794058198514546
42,Zhengzhou,weather_only,full72,weather,day3,0.0659926499981625
42,Zhengzhou,weather_only,full72,joint,day3,0.056261207065301765
42,Zhengzhou,weather_only,full72,pm,full72,0.01614614203653551
42,Zhengzhou,weather_only,full72,weather,full72,0.16908422727105682
42,Zhengzhou,weather_only,full72,joint,full72,0.16041791960447987
42,Zhengzhou,joint,full72,pm,day1,0.1458180124545031
42,Zhengzhou,joint,full72,weather,day1,0.2568072027018007
42,Zhengzhou,joint,full72,joint,day1,0.2736470499117624
42,Zhengzhou,joint,full72,pm,day3,-0.006640362160090539
42,Zhengzhou,joint,full72,weather,day3,0.05709985427496356
42,Zhengzhou,joint,full72,joint,day3,0.051903212475803116
42,Zhengzhou,joint,full72,pm,full72,0.06745847586461896
42,Zhengzhou,joint,full72,weather,full72,0.1575087948771987
42,Zhengzhou,joint,full72,joint,full72,0.16147246036811508
43,Wuhan,pm_only,recent24,pm,day1,0.37239120909780227
43,Wuhan,pm_only,recent24,weather,day1,0.08621902705475676
43,Wuhan,pm_only,recent24,joint,day1,0.174198168049542
43,Wuhan,pm_only,recent24,pm,day3,0.04380326895081724
43,Wuhan,pm_only,recent24,weather,day3,0.007896676974169244
43,Wuhan,pm_only,recent24,joint,day3,0.016566919141729784
43,Wuhan,pm_only,recent24,pm,full72,0.21873981668495415
43,Wuhan,pm_only,recent24,weather,full72,0.032219979554994886
43,Wuhan,pm_only,recent24,joint,full72,0.08294277273569317
43,Wuhan,weather_only,recent24,pm,day1,0.1304552516138129
43,Wuhan,weather_only,recent24,weather,day1,0.46931638082909516
43,Wuhan,weather_only,recent24,joint,day1,0.46021654155413544
43,Wuhan,weather_only,recent24,pm,day3,0.011821310955327739
43,Wuhan,weather_only,recent24,weather,day3,0.12408010602002649
43,Wuhan,weather_only,recent24,joint,day3,0.11767884691971173
43,Wuhan,weather_only,recent24,pm,full72,0.0786839671709918
43,Wuhan,weather_only,recent24,weather,full72,0.3234753493688374
43,Wuhan,weather_only,recent24,joint,full72,0.3143347910836977
43,Wuhan,joint,recent24,pm,day1,0.21705969926492483
43,Wuhan,joint,recent24,weather,day1,0.4513373313343329
43,Wuhan,joint,recent24,joint,day1,0.47266031966507993
43,Wuhan,joint,recent24,pm,day3,0.02337953384488346
43,Wuhan,joint,recent24,weather,day3,0.1130863827715957
43,Wuhan,joint,recent24,joint,day3,0.11161668840417209
43,Wuhan,joint,recent24,pm,full72,0.13423212655803163
43,Wuhan,joint,recent24,weather,full72,0.302311532077883
43,Wuhan,joint,recent24,joint,full72,0.31314239128559784
43,Wuhan,pm_only,full72,pm,day1,0.22987433746858435
43,Wuhan,pm_only,full72,weather,day1,0.053304455826113956
43,Wuhan,pm_only,full72,joint,day1,0.1109498032374508
43,Wuhan,pm_only,full72,pm,day3,0.02036652509163127
43,Wuhan,pm_only,full72,weather,day3,0.0007481611870402967
43,Wuhan,pm_only,full72,joint,day3,0.0036377664094416023
43,Wuhan,pm_only,full72,pm,full72,0.126412392103098
43,Wuhan,pm_only,full72,weather,full72,0.015160413790103447
43,Wuhan,pm_only,full72,joint,full72,0.04557337289334322
43,Wuhan,weather_only,full72,pm,day1,0.05498615274653819
43,Wuhan,weather_only,full72,weather,day1,0.32073118418279606
43,Wuhan,weather_only,full72,joint,day1,0.30743543885885966
43,Wuhan,weather_only,full72,pm,day3,-0.03940359235089808
43,Wuhan,weather_only,full72,weather,day3,0.09081178370294593
43,Wuhan,weather_only,full72,joint,day3,0.07370520342630085
43,Wuhan,weather_only,full72,pm,full72,0.012194391048597762
43,Wuhan,weather_only,full72,weather,full72,0.2255757623939406
43,Wuhan,weather_only,full72,joint,full72,0.2073906473476618
43,Wuhan,joint,full72,pm,day1,0.10909554777388696
43,Wuhan,joint,full72,weather,day1,0.3079347769836942
43,Wuhan,joint,full72,joint,day1,0.312821832205458
43,Wuhan,joint,full72,pm,day3,-0.028230418057604515
43,Wuhan,joint,full72,weather,day3,0.08791313647828412
43,Wuhan,joint,full72,joint,day3,0.07404657501164374
43,Wuhan,joint,full72,pm,full72,0.04608626652156663
43,Wuhan,joint,full72,weather,full72,0.21331308982827243
43,Wuhan,joint,full72,joint,full72,0.206574380143595
44,Zhangsha,pm_only,recent24,pm,day1,0.40092218073054514
44,Zhangsha,pm_only,recent24,weather,day1,0.06572066993016748
44,Zhangsha,pm_only,recent24,joint,day1,0.16365468191367047
44,Zhangsha,pm_only,recent24,pm,day3,0.041979503994875995
44,Zhangsha,pm_only,recent24,weather,day3,-9.722402430600608e-05
44,Zhangsha,pm_only,recent24,joint,day3,0.015477330869332718
44,Zhangsha,pm_only,recent24,pm,full72,0.23242815110703777
44,Zhangsha,pm_only,recent24,weather,full72,0.033425862856465705
44,Zhangsha,pm_only,recent24,joint,full72,0.09722552130638032
44,Zhangsha,weather_only,recent24,pm,day1,0.053586446896611725
44,Zhangsha,weather_only,recent24,weather,day1,0.49003508950877234
44,Zhangsha,weather_only,recent24,joint,day1,0.4619048054762014
44,Zhangsha,weather_only,recent24,pm,day3,-0.020385497096374272
44,Zhangsha,weather_only,recent24,weather,day3,0.11545813986453494
44,Zhangsha,weather_only,recent24,joint,day3,0.09584845046211261
44,Zhangsha,weather_only,recent24,pm,full72,0.020029670007417504
44,Zhangsha,weather_only,recent24,weather,full72,0.3309939632484908
44,Zhangsha,weather_only,recent24,joint,full72,0.30425027356256834
44,Zhangsha,joint,recent24,pm,day1,0.1557392864348216
44,Zhangsha,joint,recent24,weather,day1,0.4694468028617006
44,Zhangsha,joint,recent24,joint,day1,0.4771884097971024
44,Zhangsha,joint,recent24,pm,day3,0.0015094608773652193
44,Zhangsha,joint,recent24,weather,day3,0.10635290058822514
44,Zhangsha,joint,recent24,joint,day3,0.09464729066182268
44,Zhangsha,joint,recent24,pm,full72,0.08919283929820983
44,Zhangsha,joint,recent24,weather,full72,0.3132145488036372
44,Zhangsha,joint,recent24,joint,full72,0.31091379122844776
44,Zhangsha,pm_only,full72,pm,day1,0.26950349237587307
44,Zhangsha,pm_only,full72,weather,day1,0.023881702470425616
44,Zhangsha,pm_only,full72,joint,day1,0.09183455745863936
44,Zhangsha,pm_only,full72,pm,day3,-0.0028090732022683002
44,Zhangsha,pm_only,full72,weather,day3,-0.000654757663689416
44,Zhangsha,pm_only,full72,joint,day3,0.008380877095219274
44,Zhangsha,pm_only,full72,pm,full72,0.14102746125686533
44,Zhangsha,pm_only,full72,weather,full72,0.00111967527991882
44,Zhangsha,pm_only,full72,joint,full72,0.04459520764880191
44,Zhangsha,weather_only,full72,pm,day1,0.008736428184107047
44,Zhangsha,weather_only,full72,weather,day1,0.36053028613257154
44,Zhangsha,weather_only,full72,joint,day1,0.3336291654072913
44,Zhangsha,weather_only,full72,pm,day3,-0.049473853868463466
44,Zhangsha,weather_only,full72,weather,day3,0.045916713979178486
44,Zhangsha,weather_only,full72,joint,day3,0.031858243964560995
44,Zhangsha,weather_only,full72,pm,full72,-0.018214398053599513
44,Zhangsha,weather_only,full72,weather,full72,0.2192700188175047
44,Zhangsha,weather_only,full72,joint,full72,0.19939758334939583
44,Zhangsha,joint,full72,pm,day1,0.0809092192273048
44,Zhangsha,joint,full72,weather,day1,0.34237845609461404
44,Zhangsha,joint,full72,joint,day1,0.3385670526417632
44,Zhangsha,joint,full72,pm,day3,-0.04026212956553239
44,Zhangsha,joint,full72,weather,day3,0.04698072574518144
44,Zhangsha,joint,full72,joint,day3,0.037698376924594226
44,Zhangsha,joint,full72,pm,full72,0.028238953059738267
44,Zhangsha,joint,full72,weather,full72,0.2076891384222846
44,Zhangsha,joint,full72,joint,full72,0.20321170780292694
45,Zhongqing,pm_only,recent24,pm,day1,0.5089524312381078
45,Zhongqing,pm_only,recent24,weather,day1,0.030354414088603517
45,Zhongqing,pm_only,recent24,joint,day1,0.1742039340509835
45,Zhongqing,pm_only,recent24,pm,day3,0.08413899003474751
45,Zhongqing,pm_only,recent24,weather,day3,-0.0328013812003453
45,Zhongqing,pm_only,recent24,joint,day3,-0.001456419364104841
45,Zhongqing,pm_only,recent24,pm,full72,0.34516451929112985
45,Zhongqing,pm_only,recent24,weather,full72,-0.012383776595944147
45,Zhongqing,pm_only,recent24,joint,full72,0.08866715816678954
45,Zhongqing,weather_only,recent24,pm,day1,0.0891553947888487
45,Zhongqing,weather_only,recent24,weather,day1,0.4504109116027279
45,Zhongqing,weather_only,recent24,joint,day1,0.44375104793776193
45,Zhongqing,weather_only,recent24,pm,day3,0.02160577140144285
45,Zhongqing,weather_only,recent24,weather,day3,0.09502045625511406
45,Zhongqing,weather_only,recent24,joint,day3,0.08842903910725977
45,Zhongqing,weather_only,recent24,pm,full72,0.07115642528910632
45,Zhongqing,weather_only,recent24,weather,full72,0.30766286141571536
45,Zhongqing,weather_only,recent24,joint,full72,0.2982399325599831
45,Zhongqing,joint,recent24,pm,day1,0.23493772673443167
45,Zhongqing,joint,recent24,weather,day1,0.42008461652115414
45,Zhongqing,joint,recent24,joint,day1,0.47010676552669134
45,Zhongqing,joint,recent24,pm,day3,0.05402132550533138
45,Zhongqing,joint,recent24,weather,day3,0.07937798284449571
45,Zhongqing,joint,recent24,joint,day3,0.08621644555411138
45,Zhongqing,joint,recent24,pm,full72,0.18025908756477188
45,Zhongqing,joint,recent24,weather,full72,0.27784728196182046
45,Zhongqing,joint,recent24,joint,full72,0.3089925337481334
45,Zhongqing,pm_only,full72,pm,day1,0.35188042297010574
45,Zhongqing,pm_only,full72,weather,day1,0.016868695217173803
45,Zhongqing,pm_only,full72,joint,day1,0.12516321429080357
45,Zhongqing,pm_only,full72,pm,day3,0.025615221403805347
45,Zhongqing,pm_only,full72,weather,day3,-0.030990952747738186
45,Zhongqing,pm_only,full72,joint,day3,-0.012926158731539681
45,Zhongqing,pm_only,full72,pm,full72,0.2262736135684034
45,Zhongqing,pm_only,full72,weather,full72,-0.02187512196878049
45,Zhongqing,pm_only,full72,joint,full72,0.04766042391510598
45,Zhongqing,weather_only,full72,pm,day1,0.050888319722079925
45,Zhongqing,weather_only,full72,weather,day1,0.29196398349099584
45,Zhongqing,weather_only,full72,joint,day1,0.29126415681603923
45,Zhongqing,weather_only,full72,pm,day3,0.009432141858035464
45,Zhongqing,weather_only,full72,weather,day3,0.0743666855916714
45,Zhongqing,weather_only,full72,joint,day3,0.07240642660160665
45,Zhongqing,weather_only,full72,pm,full72,0.04413328553332138
45,Zhongqing,weather_only,full72,weather,full72,0.2057676169419042
45,Zhongqing,weather_only,full72,joint,full72,0.20021743705435927
45,Zhongqing,joint,full72,pm,day1,0.14661075365268839
45,Zhongqing,joint,full72,weather,day1,0.2667438606859651
45,Zhongqing,joint,full72,joint,day1,0.30427414006853504
45,Zhongqing,joint,full72,pm,day3,0.01969546392386598
45,Zhongqing,joint,full72,weather,day3,0.062034474508618626
45,Zhongqing,joint,full72,joint,day3,0.06706378526594632
45,Zhongqing,joint,full72,pm,full72,0.11074214318553578
45,Zhongqing,joint,full72,weather,full72,0.18104430926107734
45,Zhongqing,joint,full72,joint,full72,0.20200429300107323
46,Chengdou,pm_only,recent24,pm,day1,0.42269334367333594
46,Chengdou,pm_only,recent24,weather,day1,0.059407592851898214
46,Chengdou,pm_only,recent24,joint,day1,0.16491018972754745
46,Chengdou,pm_only,recent24,pm,day3,0.025106496276624066
46,Chengdou,pm_only,recent24,weather,day3,0.031242396310599076
46,Chengdou,pm_only,recent24,joint,day3,0.030085885521471383
46,Chengdou,pm_only,recent24,pm,full72,0.23016653604163398
46,Chengdou,pm_only,recent24,weather,full72,0.06798956749739188
46,Chengdou,pm_only,recent24,joint,full72,0.11834375208593802
46,Chengdou,weather_only,recent24,pm,day1,0.10068287067071767
46,Chengdou,weather_only,recent24,weather,day1,0.43695740823935203
46,Chengdou,weather_only,recent24,joint,day1,0.4271527232881808
46,Chengdou,weather_only,recent24,pm,day3,0.05909894827473707
46,Chengdou,weather_only,recent24,weather,day3,0.06472567018141755
46,Chengdou,weather_only,recent24,joint,day3,0.07454608113652028
46,Chengdou,weather_only,recent24,pm,full72,0.05708817527204382
46,Chengdou,weather_only,recent24,weather,full72,0.28756559239139806
46,Chengdou,weather_only,recent24,joint,full72,0.2806713386678346
46,Chengdou,joint,recent24,pm,day1,0.21190835297708824
46,Chengdou,joint,recent24,weather,day1,0.41645840311460075
46,Chengdou,joint,recent24,joint,day1,0.44264230466057614
46,Chengdou,joint,recent24,pm,day3,0.06587990546997637
46,Chengdou,joint,recent24,weather,day3,0.0653250883312721
46,Chengdou,joint,recent24,joint,day3,0.07518533329633333
46,Chengdou,joint,recent24,pm,full72,0.12602790750697687
46,Chengdou,joint,recent24,weather,full72,0.28036322509080625
46,Chengdou,joint,recent24,joint,full72,0.2910311032577758
46,Chengdou,pm_only,full72,pm,day1,0.2840638865159716
46,Chengdou,pm_only,full72,weather,day1,0.05941184685296171
46,Chengdou,pm_only,full72,joint,day1,0.12680689820172455
46,Chengdou,pm_only,full72,pm,day3,0.017574767893691976
46,Chengdou,pm_only,full72,weather,day3,-0.015146883786720947
46,Chengdou,pm_only,full72,joint,day3,-0.012920581730145432
46,Chengdou,pm_only,full72,pm,full72,0.14626504706626178
46,Chengdou,pm_only,full72,weather,full72,0.03082297820574455
46,Chengdou,pm_only,full72,joint,full72,0.061378602344650576
46,Chengdou,weather_only,full72,pm,day1,0.08446036811509203
46,Chengdou,weather_only,full72,weather,day1,0.31893962723490676
46,Chengdou,weather_only,full72,joint,day1,0.3056201744050436
46,Chengdou,weather_only,full72,pm,day3,0.06340002985000746
46,Chengdou,weather_only,full72,weather,day3,0.0780136500034125
46,Chengdou,weather_only,full72,joint,day3,0.08237079109269778
46,Chengdou,weather_only,full72,pm,full72,0.061848115962028986
46,Chengdou,weather_only,full72,weather,full72,0.2382392245598061
46,Chengdou,weather_only,full72,joint,full72,0.22532629883157473
46,Chengdou,joint,full72,pm,day1,0.14852707013176752
46,Chengdou,joint,full72,weather,day1,0.3105256496314124
46,Chengdou,joint,full72,joint,day1,0.316139824034956
46,Chengdou,joint,full72,pm,day3,0.06360763590190897
46,Chengdou,joint,full72,weather,day3,0.06709295127323782
46,Chengdou,joint,full72,joint,day3,0.07176976494244124
46,Chengdou,joint,full72,pm,full72,0.09545358586339646
46,Chengdou,joint,full72,weather,full72,0.2259078819769705
46,Chengdou,joint,full72,joint,full72,0.22167153141788287
47,Xian,pm_only,recent24,pm,day1,0.41630493507623373
47,Xian,pm_only,recent24,weather,day1,0.11556796539199134
47,Xian,pm_only,recent24,joint,day1,0.2174837928709482
47,Xian,pm_only,recent24,pm,day3,0.018705969176492292
47,Xian,pm_only,recent24,weather,day3,-0.07247054861763716
47,Xian,pm_only,recent24,joint,day3,-0.06231714207928552
47,Xian,pm_only,recent24,pm,full72,0.2581379145344786
47,Xian,pm_only,recent24,weather,full72,0.002833598208399552
47,Xian,pm_only,recent24,joint,full72,0.064122916030729
47,Xian,weather_only,recent24,pm,day1,0.16916862329215582
47,Xian,weather_only,recent24,weather,day1,0.4445129866282467
47,Xian,weather_only,recent24,joint,day1,0.4475340473835119
47,Xian,weather_only,recent24,pm,day3,-0.021672230418057603
47,Xian,weather_only,recent24,weather,day3,0.031112370278092574
47,Xian,weather_only,recent24,joint,day3,0.01804286851071713
47,Xian,weather_only,recent24,pm,full72,0.08983000195750049
47,Xian,weather_only,recent24,weather,full72,0.26363112140778033
47,Xian,weather_only,recent24,joint,full72,0.258743268185817
47,Xian,joint,recent24,pm,day1,0.2612688488172122
47,Xian,joint,recent24,weather,day1,0.42793604748401187
47,Xian,joint,recent24,joint,day1,0.46186618046654504
47,Xian,joint,recent24,pm,day3,-0.017463001365750342
47,Xian,joint,recent24,weather,day3,0.009445371861342965
47,Xian,joint,recent24,joint,day3,0.0004917706229426558
47,Xian,joint,recent24,pm,full72,0.14965218741304684
47,Xian,joint,recent24,weather,full72,0.23554820138705032
47,Xian,joint,recent24,joint,full72,0.2496336444084111
47,Xian,pm_only,full72,pm,day1,0.2930177607544402
47,Xian,pm_only,full72,weather,day1,0.06906893776723444
47,Xian,pm_only,full72,joint,day1,0.1448109452027363
47,Xian,pm_only,full72,pm,day3,0.0527982731995683
47,Xian,pm_only,full72,weather,day3,-0.055968009492002375
47,Xian,pm_only,full72,joint,day3,-0.04036203259050814
47,Xian,pm_only,full72,pm,full72,0.21984356346089085
47,Xian,pm_only,full72,weather,full72,-0.03121229580307395
47,Xian,pm_only,full72,joint,full72,0.020605478151369535
47,Xian,weather_only,full72,pm,day1,0.08664204966051241
47,Xian,weather_only,full72,weather,day1,0.24804627201156798
47,Xian,weather_only,full72,joint,day1,0.24944749286187323
47,Xian,weather_only,full72,pm,day3,-0.043957414989353745
47,Xian,weather_only,full72,weather,day3,0.017504746376186594
47,Xian,weather_only,full72,joint,day3,0.0015005358751339687
47,Xian,weather_only,full72,pm,full72,0.01789298997324749
47,Xian,weather_only,full72,weather,full72,0.14032085458021362
47,Xian,weather_only,full72,joint,full72,0.12970623092655773
47,Xian,joint,full72,pm,day1,0.1450810532702633
47,Xian,joint,full72,weather,day1,0.23993805448451364
47,Xian,joint,full72,joint,day1,0.2602678325669581
47,Xian,joint,full72,pm,day3,-0.03377920594480149
47,Xian,joint,full72,weather,day3,0.007668772917193229
47,Xian,joint,full72,joint,day3,-0.004569580142395036
47,Xian,joint,full72,pm,full72,0.06413604703401177
47,Xian,joint,full72,weather,full72,0.12347495936873985
47,Xian,joint,full72,joint,full72,0.1257429584357396
48,Lanzhou,pm_only,recent24,pm,day1,0.29916293379073344
48,Lanzhou,pm_only,recent24,weather,day1,-1.4131503532875883e-05
48,Lanzhou,pm_only,recent24,joint,day1,0.07344246786061696
48,Lanzhou,pm_only,recent24,pm,day3,0.031989624497406124
48,Lanzhou,pm_only,recent24,weather,day3,-0.07468207867051967
48,Lanzhou,pm_only,recent24,joint,day3,-0.060199930549982635
48,Lanzhou,pm_only,recent24,pm,full72,0.21165524441381112
48,Lanzhou,pm_only,recent24,weather,full72,-0.04759246939811735
48,Lanzhou,pm_only,recent24,joint,full72,-0.0018928909732227434
48,Lanzhou,weather_only,recent24,pm,day1,0.07239507909876979
48,Lanzhou,weather_only,recent24,weather,day1,0.40020524955131237
48,Lanzhou,weather_only,recent24,joint,day1,0.3929782792445698
48,Lanzhou,weather_only,recent24,pm,day3,-0.007571475392868849
48,Lanzhou,weather_only,recent24,weather,day3,0.20337352334338082
48,Lanzhou,weather_only,recent24,joint,day3,0.18133846083461522
48,Lanzhou,weather_only,recent24,pm,full72,0.03654358663589666
48,Lanzhou,weather_only,recent24,weather,full72,0.35219339504834873
48,Lanzhou,weather_only,recent24,joint,full72,0.3406706426676607
48,Lanzhou,joint,recent24,pm,day1,0.1457253379313345
48,Lanzhou,joint,recent24,weather,day1,0.37313494528373625
48,Lanzhou,joint,recent24,joint,day1,0.3894499543624886
48,Lanzhou,joint,recent24,pm,day3,-0.004814741703685426
48,Lanzhou,joint,recent24,weather,day3,0.1753511073377768
48,Lanzhou,joint,recent24,joint,day3,0.15737338834334708
48,Lanzhou,joint,recent24,pm,full72,0.08925415031353758
48,Lanzhou,joint,recent24,weather,full72,0.3202049555512389
48,Lanzhou,joint,recent24,joint,full72,0.32260407115101775
48,Lanzhou,pm_only,full72,pm,day1,0.19607621051905263
48,Lanzhou,pm_only,full72,weather,day1,-0.011816735954183987
48,Lanzhou,pm_only,full72,joint,day1,0.03692881073220269
48,Lanzhou,pm_only,full72,pm,day3,0.02559917889979472
48,Lanzhou,pm_only,full72,weather,day3,-0.1013224048306012
48,Lanzhou,pm_only,full72,joint,day3,-0.09005420701355174
48,Lanzhou,pm_only,full72,pm,full72,0.1614660268665067
48,Lanzhou,pm_only,full72,weather,full72,-0.06284104571026143
48,Lanzhou,pm_only,full72,joint,full72,-0.03262370315592579
48,Lanzhou,weather_only,full72,pm,day1,0.02190889747722437
48,Lanzhou,weather_only,full72,weather,day1,0.3147861276965319
48,Lanzhou,weather_only,full72,joint,day1,0.2983722475930619
48,Lanzhou,weather_only,full72,pm,day3,-0.032241407060351765
48,Lanzhou,weather_only,full72,weather,day3,0.20032347658086913
48,Lanzhou,weather_only,full72,joint,day3,0.17502766375691592
48,Lanzhou,weather_only,full72,pm,full72,-0.005240095310023827
48,Lanzhou,weather_only,full72,weather,full72,0.32231697257924313
48,Lanzhou,weather_only,full72,joint,full72,0.3012048273012068
48,Lanzhou,joint,full72,pm,day1,0.06258936064734016
48,Lanzhou,joint,full72,weather,day1,0.28822313255578313
48,Lanzhou,joint,full72,joint,day1,0.28420524055131013
48,Lanzhou,joint,full72,pm,day3,-0.030050688012672
48,Lanzhou,joint,full72,weather,day3,0.16402266800566698
48,Lanzhou,joint,full72,joint,day3,0.1415370803842701
48,Lanzhou,joint,full72,pm,full72,0.026098814024703505
48,Lanzhou,joint,full72,weather,full72,0.28840729060182263
48,Lanzhou,joint,full72,joint,full72,0.27474967168741793
49,Yinchuan,pm_only,recent24,pm,day1,0.30783486345871586
49,Yinchuan,pm_only,recent24,weather,day1,0.075969219992305
49,Yinchuan,pm_only,recent24,joint,day1,0.13980248595062147
49,Yinchuan,pm_only,recent24,pm,day3,0.022157896039474007
49,Yinchuan,pm_only,recent24,weather,day3,-0.03447012861753215
49,Yinchuan,pm_only,recent24,joint,day3,-0.03232792858198214
49,Yinchuan,pm_only,recent24,pm,full72,0.17392889098222272
49,Yinchuan,pm_only,recent24,weather,full72,0.007353613838403459
49,Yinchuan,pm_only,recent24,joint,full72,0.040649627662406915
49,Yinchuan,weather_only,recent24,pm,day1,0.10525340931335234
49,Yinchuan,weather_only,recent24,weather,day1,0.4528142887035721
49,Yinchuan,weather_only,recent24,joint,day1,0.4400105075026269
49,Yinchuan,weather_only,recent24,pm,day3,-0.01370470392617598
49,Yinchuan,weather_only,recent24,weather,day3,0.09423509205877302
49,Yinchuan,weather_only,recent24,joint,day3,0.08050438412609603
49,Yinchuan,weather_only,recent24,pm,full72,0.04974167743541936
49,Yinchuan,weather_only,recent24,weather,full72,0.3045448856362214
49,Yinchuan,weather_only,recent24,joint,full72,0.2982694165673541
49,Yinchuan,joint,recent24,pm,day1,0.17662168265542066
49,Yinchuan,joint,recent24,weather,day1,0.43821734105433524
49,Yinchuan,joint,recent24,joint,day1,0.4454856558714139
49,Yinchuan,joint,recent24,pm,day3,-0.0038965419741354935
49,Yinchuan,joint,recent24,weather,day3,0.08055504663876166
49,Yinchuan,joint,recent24,joint,day3,0.06863768615942155
49,Yinchuan,joint,recent24,pm,full72,0.09437643259410815
49,Yinchuan,joint,recent24,weather,full72,0.28751408537852136
49,Yinchuan,joint,recent24,joint,full72,0.2914229993557498
49,Yinchuan,pm_only,full72,pm,day1,0.22249635612408902
49,Yinchuan,pm_only,full72,weather,day1,0.035078309769577445
49,Yinchuan,pm_only,full72,joint,day1,0.08098821674705418
49,Yinchuan,pm_only,full72,pm,day3,0.053996048999012246
49,Yinchuan,pm_only,full72,weather,day3,-0.059160568290142074
49,Yinchuan,pm_only,full72,joint,day3,-0.04751669537917384
49,Yinchuan,pm_only,full72,pm,full72,0.1530430687607672
49,Yinchuan,pm_only,full72,weather,full72,-0.01650120112530028
49,Yinchuan,pm_only,full72,joint,full72,0.015201132800283198
49,Yinchuan,weather_only,full72,pm,day1,0.037100662775165695
49,Yinchuan,weather_only,full72,weather,day1,0.30995387948846986
49,Yinchuan,weather_only,full72,joint,day1,0.29347503736875935
49,Yinchuan,weather_only,full72,pm,day3,-0.050978757744689435
49,Yinchuan,weather_only,full72,weather,day3,0.0749789932447483
49,Yinchuan,weather_only,full72,joint,day3,0.05343416985854246
49,Yinchuan,weather_only,full72,pm,full72,-0.027900881475220365
49,Yinchuan,weather_only,full72,weather,full72,0.22273562868390717
49,Yinchuan,weather_only,full72,joint,full72,0.20507703926925983
49,Yinchuan,joint,full72,pm,day1,0.08746173386543346
49,Yinchuan,joint,full72,weather,day1,0.30303107325776835
49,Yinchuan,joint,full72,joint,day1,0.29968674892168723
49,Yinchuan,joint,full72,pm,day3,-0.03508615627153906
49,Yinchuan,joint,full72,weather,day3,0.05795527748881937
49,Yinchuan,joint,full72,joint,day3,0.041068679767169936
49,Yinchuan,joint,full72,pm,full72,0.011782624445656111
49,Yinchuan,joint,full72,weather,full72,0.2090054112513528
49,Yinchuan,joint,full72,joint,full72,0.20164107541026885
50,Baotou,pm_only,recent24,pm,day1,0.26921726380431593
50,Baotou,pm_only,recent24,weather,day1,0.03465911066477766
50,Baotou,pm_only,recent24,joint,day1,0.08388559947139987
50,Baotou,pm_only,recent24,pm,day3,-0.0028047832011958
50,Baotou,pm_only,recent24,weather,day3,-0.06861939965484991
50,Baotou,pm_only,recent24,joint,day3,-0.06660061665015417
50,Baotou,pm_only,recent24,pm,full72,0.14612030303007575
50,Baotou,pm_only,recent24,weather,full72,-0.03972923793230948
50,Baotou,pm_only,recent24,joint,full72,-0.01412110253027563
50,Baotou,weather_only,recent24,pm,day1,0.14893292373323094
50,Baotou,weather_only,recent24,weather,day1,0.4341406550351638
50,Baotou,weather_only,recent24,joint,day1,0.41846076111519026
50,Baotou,weather_only,recent24,pm,day3,0.005982892495723123
50,Baotou,weather_only,recent24,weather,day3,0.03509990977497744
50,Baotou,weather_only,recent24,joint,day3,0.02979840444960111
50,Baotou,weather_only,recent24,pm,full72,0.06441938510484628
50,Baotou,weather_only,recent24,weather,full72,0.2657758624439656
50,Baotou,weather_only,recent24,joint,full72,0.2579650694912673
50,Baotou,joint,recent24,pm,day1,0.19351243837810958
50,Baotou,joint,recent24,weather,day1,0.4070396832599208
50,Baotou,joint,recent24,joint,day1,0.40431042207760554
50,Baotou,joint,recent24,pm,day3,0.010228130557032637
50,Baotou,joint,recent24,weather,day3,0.018847575211893803
50,Baotou,joint,recent24,joint,day3,0.01467803916950979
50,Baotou,joint,recent24,pm,full72,0.09451567462891865
50,Baotou,joint,recent24,weather,full72,0.23853406763351692
50,Baotou,joint,recent24,joint,full72,0.23735880833970208
50,Baotou,pm_only,full72,pm,day1,0.1898050929512732
50,Baotou,pm_only,full72,weather,day1,-0.0038945304736326177
50,Baotou,pm_only,full72,joint,day1,0.03897313124328281
50,Baotou,pm_only,full72,pm,day3,0.041673151418287854
50,Baotou,pm_only,full72,weather,day3,-0.1073829928457482
50,Baotou,pm_only,full72,joint,day3,-0.09370486592621648
50,Baotou,pm_only,full72,pm,full72,0.15079419919854978
50,Baotou,pm_only,full72,weather,full72,-0.06764722841180709
50,Baotou,pm_only,full72,joint,full72,-0.037316419829104955
50,Baotou,weather_only,full72,pm,day1,0.07724428181107046
50,Baotou,weather_only,full72,weather,day1,0.27348103887025965
50,Baotou,weather_only,full72,joint,day1,0.26238543109635776
50,Baotou,weather_only,full72,pm,day3,-0.01705899876474969
50,Baotou,weather_only,full72,weather,day3,0.022202378550594638
50,Baotou,weather_only,full72,joint,day3,0.018634705658676413
50,Baotou,weather_only,full72,pm,full72,0.008228996057249013
50,Baotou,weather_only,full72,weather,full72,0.17471139317784828
50,Baotou,weather_only,full72,joint,full72,0.1636395724098931
50,Baotou,joint,full72,pm,day1,0.10861368615342154
50,Baotou,joint,full72,weather,day1,0.25040643260160816
50,Baotou,joint,full72,joint,day1,0.24931075282768822
50,Baotou,joint,full72,pm,day3,-0.006352545088136272
50,Baotou,joint,full72,weather,day3,0.0016055809013952253
50,Baotou,joint,full72,joint,day3,0.0009349937337484334
50,Baotou,joint,full72,pm,full72,0.03939456234864058
50,Baotou,joint,full72,weather,full72,0.15007401751850438
50,Baotou,joint,full72,joint,full72,0.1463210915802729
51,Eerduosi,pm_only,recent24,pm,day1,0.2941010940252735
51,Eerduosi,pm_only,recent24,weather,day1,0.12338710734677684
51,Eerduosi,pm_only,recent24,joint,day1,0.18092955923238982
51,Eerduosi,pm_only,recent24,pm,day3,-0.014784291696072921
51,Eerduosi,pm_only,recent24,weather,day3,-0.001138500284625071
51,Eerduosi,pm_only,recent24,joint,day3,-0.0066006046501511624
51,Eerduosi,pm_only,recent24,pm,full72,0.1558168244542061
51,Eerduosi,pm_only,recent24,weather,full72,0.06201845900461475
51,Eerduosi,pm_only,recent24,joint,full72,0.08480797220199304
51,Eerduosi,weather_only,recent24,pm,day1,0.11286015121503781
51,Eerduosi,weather_only,recent24,weather,day1,0.463769652442413
51,Eerduosi,weather_only,recent24,joint,day1,0.4558416044604011
51,Eerduosi,weather_only,recent24,pm,day3,-0.027789780947445237
51,Eerduosi,weather_only,recent24,weather,day3,0.04096976374244093
51,Eerduosi,weather_only,recent24,joint,day3,0.03216449754112438
51,Eerduosi,weather_only,recent24,pm,full72,0.06437245159311289
51,Eerduosi,weather_only,recent24,weather,full72,0.2880027555006889
51,Eerduosi,weather_only,recent24,joint,full72,0.27774529843632456
51,Eerduosi,joint,recent24,pm,day1,0.16914694528673632
51,Eerduosi,joint,recent24,weather,day1,0.44851468912867226
51,Eerduosi,joint,recent24,joint,day1,0.45695398223849554
51,Eerduosi,joint,recent24,pm,day3,-0.031083906270976566
51,Eerduosi,joint,recent24,weather,day3,0.040336513084128264
51,Eerduosi,joint,recent24,joint,day3,0.0304661716165429
51,Eerduosi,joint,recent24,pm,full72,0.09242300910575227
51,Eerduosi,joint,recent24,weather,full72,0.27713046028261507
51,Eerduosi,joint,recent24,joint,full72,0.27329302882325723
51,Eerduosi,pm_only,full72,pm,day1,0.18476351219087803
51,Eerduosi,pm_only,full72,weather,day1,0.07978419494604873
51,Eerduosi,pm_only,full72,joint,day1,0.11588052497013124
51,Eerduosi,pm_only,full72,pm,day3,0.022067767016941756
51,Eerduosi,pm_only,full72,weather,day3,-0.03735555783888946
51,Eerduosi,pm_only,full72,joint,day3,-0.03030560407640102
51,Eerduosi,pm_only,full72,pm,full72,0.1397024509256127
51,Eerduosi,pm_only,full72,weather,full72,0.032722467680616915
51,Eerduosi,pm_only,full72,joint,full72,0.05148482637120659
51,Eerduosi,weather_only,full72,pm,day1,0.05603929700982425
51,Eerduosi,weather_only,full72,weather,day1,0.2792963633240908
51,Eerduosi,weather_only,full72,joint,day1,0.27321089180272295
51,Eerduosi,weather_only,full72,pm,day3,-0.04064953166238291
51,Eerduosi,weather_only,full72,weather,day3,0.010499222624805656
51,Eerduosi,weather_only,full72,joint,day3,0.0006603586650896663
51,Eerduosi,weather_only,full72,pm,full72,0.007557697889424472
51,Eerduosi,weather_only,full72,weather,full72,0.1594692488673122
51,Eerduosi,weather_only,full72,joint,full72,0.15069483467370864
51,Eerduosi,joint,full72,pm,day1,0.0917699344424836
51,Eerduosi,joint,full72,weather,day1,0.2688432972108243
51,Eerduosi,joint,full72,joint,day1,0.2725985541496385
51,Eerduosi,joint,full72,pm,day3,-0.03159799689949923
51,Eerduosi,joint,full72,weather,day3,0.0030954847738711936
51,Eerduosi,joint,full72,joint,day3,-0.00416451404112851
51,Eerduosi,joint,full72,pm,full72,0.03838723859680965
51,Eerduosi,joint,full72,weather,full72,0.15150855937713983
51,Eerduosi,joint,full72,joint,full72,0.14836695709173928
52,Huludao,pm_only,recent24,pm,day1,0.2697825794456449
52,Huludao,pm_only,recent24,weather,day1,0.0846527896631974
52,Huludao,pm_only,recent24,joint,day1,0.14172985593246396
52,Huludao,pm_only,recent24,pm,day3,0.036413524603381146
52,Huludao,pm_only,recent24,weather,day3,-0.005683945420986354
52,Huludao,pm_only,recent24,joint,day3,0.0025359081339770334
52,Huludao,pm_only,recent24,pm,full72,0.17368547542136883
52,Huludao,pm_only,recent24,weather,full72,0.06227753606938401
52,Huludao,pm_only,recent24,joint,full72,0.09503962925990732
52,Huludao,weather_only,recent24,pm,day1,0.1083721035930259
52,Huludao,weather_only,recent24,weather,day1,0.38857680414420104
52,Huludao,weather_only,recent24,joint,day1,0.38263367065841764
52,Huludao,weather_only,recent24,pm,day3,0.010120313530078383
52,Huludao,weather_only,recent24,weather,day3,0.07386970996742749
52,Huludao,weather_only,recent24,joint,day3,0.061269357317339325
52,Huludao,weather_only,recent24,pm,full72,0.0523860895965224
52,Huludao,weather_only,recent24,weather,full72,0.2402386710596677
52,Huludao,weather_only,recent24,joint,full72,0.22893505223376306
52,Huludao,joint,recent24,pm,day1,0.16133613733403435
52,Huludao,joint,recent24,weather,day1,0.37155781638945407
52,Huludao,joint,recent24,joint,day1,0.3817514244378561
52,Huludao,joint,recent24,pm,day3,0.021293202823300706
52,Huludao,joint,recent24,weather,day3,0.06276018969004742
52,Huludao,joint,recent24,joint,day3,0.05394873448718362
52,Huludao,joint,recent24,pm,full72,0.09273721418430354
52,Huludao,joint,recent24,weather,full72,0.2305214211303553
52,Huludao,joint,recent24,joint,full72,0.22977392144348033
52,Huludao,pm_only,full72,pm,day1,0.1912923028230757
52,Huludao,pm_only,full72,weather,day1,0.07075750018937503
52,Huludao,pm_only,full72,joint,day1,0.11038734509683627
52,Huludao,pm_only,full72,pm,day3,0.07160970890242722
52,Huludao,pm_only,full72,weather,day3,0.0005746006436501608
52,Huludao,pm_only,full72,joint,day3,0.016486544621636155
52,Huludao,pm_only,full72,pm,full72,0.15457057764264442
52,Huludao,pm_only,full72,weather,full72,0.0296498144124536
52,Huludao,pm_only,full72,joint,full72,0.056197479549369884
52,Huludao,weather_only,full72,pm,day1,0.03337113834278459
52,Huludao,weather_only,full72,weather,day1,0.21964074691018673
52,Huludao,weather_only,full72,joint,day1,0.20493925823481457
52,Huludao,weather_only,full72,pm,day3,-0.013573284393321096
52,Huludao,weather_only,full72,weather,day3,0.048416601104150275
52,Huludao,weather_only,full72,joint,day3,0.03786783496695874
52,Huludao,weather_only,full72,pm,full72,-0.013593889898472475
52,Huludao,weather_only,full72,weather,full72,0.12511555927888982
52,Huludao,weather_only,full72,joint,full72,0.11151171987792996
52,Huludao,joint,full72,pm,day1,0.07295174423793604
52,Huludao,joint,full72,weather,day1,0.21388154197038547
52,Huludao,joint,full72,joint,day1,0.20955797388949346
52,Huludao,joint,full72,pm,day3,0.00424660156165039
52,Huludao,joint,full72,weather,day3,0.04311932577983144
52,Huludao,joint,full72,joint,day3,0.03695018573754643
52,Huludao,joint,full72,pm,full72,0.019144942786235696
52,Huludao,joint,full72,weather,full72,0.11833269108317276
52,Huludao,joint,full72,joint,full72,0.11168197892049472
53,Laiwu,pm_only,recent24,pm,day1,0.3113761213440303
53,Laiwu,pm_only,recent24,weather,day1,0.07759109839777459
53,Laiwu,pm_only,recent24,joint,day1,0.14326724831681206
53,Laiwu,pm_only,recent24,pm,day3,0.05986674746668686
53,Laiwu,pm_only,recent24,weather,day3,-0.00360380340095085
53,Laiwu,pm_only,recent24,joint,day3,0.00954651988662997
53,Laiwu,pm_only,recent24,pm,full72,0.2205109916277479
53,Laiwu,pm_only,recent24,weather,full72,0.04954562888640722
53,Laiwu,pm_only,recent24,joint,full72,0.0851501627875407
53,Laiwu,weather_only,recent24,pm,day1,0.07846419611604902
53,Laiwu,weather_only,recent24,weather,day1,0.3803012060753015
53,Laiwu,weather_only,recent24,joint,day1,0.3741215225303806
53,Laiwu,weather_only,recent24,pm,day3,-0.021893909473477368
53,Laiwu,weather_only,recent24,weather,day3,-0.01491723072930768
53,Laiwu,weather_only,recent24,joint,day3,-0.017639284409821102
53,Laiwu,weather_only,recent24,pm,full72,0.045724440931110236
53,Laiwu,weather_only,recent24,weather,full72,0.19245629261407313
53,Laiwu,weather_only,recent24,joint,full72,0.1850683947670987
53,Laiwu,joint,recent24,pm,day1,0.13818348454587112
53,Laiwu,joint,recent24,weather,day1,0.37025119306279825
53,Laiwu,joint,recent24,joint,day1,0.3795436023859006
53,Laiwu,joint,recent24,pm,day3,-0.009856118464029616
53,Laiwu,joint,recent24,weather,day3,-0.01346384736596184
53,Laiwu,joint,recent24,joint,day3,-0.012848214212053552
53,Laiwu,joint,recent24,pm,full72,0.08907391326847831
53,Laiwu,joint,recent24,weather,full72,0.1916130029032507
53,Laiwu,joint,recent24,joint,full72,0.19272599718149927
53,Laiwu,pm_only,full72,pm,day1,0.19759306039826507
53,Laiwu,pm_only,full72,weather,day1,0.05124820581205145
53,Laiwu,pm_only,full72,joint,day1,0.09402842800710699
53,Laiwu,pm_only,full72,pm,day3,0.0693152828288207
53,Laiwu,pm_only,full72,weather,day3,-0.036216894054223514
53,Laiwu,pm_only,full72,joint,day3,-0.02062877315719329
53,Laiwu,pm_only,full72,pm,full72,0.17177854894463723
53,Laiwu,pm_only,full72,weather,full72,0.0022221125555281387
53,Laiwu,pm_only,full72,joint,full72,0.03344801936200484
53,Laiwu,weather_only,full72,pm,day1,0.021328754332188584
53,Laiwu,weather_only,full72,weather,day1,0.22572498993124748
53,Laiwu,weather_only,full72,joint,day1,0.21636635109158778
53,Laiwu,weather_only,full72,pm,day3,0.00033553658388414594
53,Laiwu,weather_only,full72,weather,day3,0.03405997001499251
53,Laiwu,weather_only,full72,joint,day3,0.032714019678504916
53,Laiwu,weather_only,full72,pm,full72,0.021075263268815817
53,Laiwu,weather_only,full72,weather,full72,0.13716289179072294
53,Laiwu,weather_only,full72,joint,full72,0.12777672944418236
53,Laiwu,joint,full72,pm,day1,0.05751407187851796
53,Laiwu,joint,full72,weather,day1,0.22326137281534322
53,Laiwu,joint,full72,joint,day1,0.22236022509005626
53,Laiwu,joint,full72,pm,day3,0.011841373460343365
53,Laiwu,joint,full72,weather,day3,0.021754962938740734
53,Laiwu,joint,full72,joint,day3,0.023643250410812604
53,Laiwu,joint,full72,pm,full72,0.052607414651853666
53,Laiwu,joint,full72,weather,full72,0.12841416960354238
53,Laiwu,joint,full72,joint,full72,0.12573411743352936
54,Linyi,pm_only,recent24,pm,day1,0.3800553665138416
54,Linyi,pm_only,recent24,weather,day1,0.05680383370095843
54,Linyi,pm_only,recent24,joint,day1,0.14311335427833857
54,Linyi,pm_only,recent24,pm,day3,-0.004032785508196377
54,Linyi,pm_only,recent24,weather,day3,0.01023725955931489
54,Linyi,pm_only,recent24,joint,day3,0.010095616023904005
54,Linyi,pm_only,recent24,pm,full72,0.21879261819815454
54,Linyi,pm_only,recent24,weather,full72,0.030720204180051038
54,Linyi,pm_only,recent24,joint,full72,0.07382907195726798
54,Linyi,weather_only,recent24,pm,day1,0.08252638463159614
54,Linyi,weather_only,recent24,weather,day1,0.4312266598066649
54,Linyi,weather_only,recent24,joint,day1,0.4181802145450536
54,Linyi,weather_only,recent24,pm,day3,-0.0376480504120126
54,Linyi,weather_only,recent24,weather,day3,-0.006889173222293305
54,Linyi,weather_only,recent24,joint,day3,-0.015226254806563701
54,Linyi,weather_only,recent24,pm,full72,0.0052045933011483254
54,Linyi,weather_only,recent24,weather,full72,0.2289211652302913
54,Linyi,weather_only,recent24,joint,full72,0.21449048812262203
54,Linyi,joint,recent24,pm,day1,0.16385820346455085
54,Linyi,joint,recent24,weather,day1,0.4137922874480719
54,Linyi,joint,recent24,joint,day1,0.42502228325557084
54,Linyi,joint,recent24,pm,day3,-0.03784192246048062
54,Linyi,joint,recent24,weather,day3,0.006604713151178288
54,Linyi,joint,recent24,joint,day3,-0.0016739509184877297
54,Linyi,joint,recent24,pm,full72,0.0572540348135087
54,Linyi,joint,recent24,weather,full72,0.22597374099343523
54,Linyi,joint,recent24,joint,full72,0.2232230253057563
54,Linyi,pm_only,full72,pm,day1,0.24615945153986288
54,Linyi,pm_only,full72,weather,day1,0.05011649902912476
54,Linyi,pm_only,full72,joint,day1,0.1094794803698701
54,Linyi,pm_only,full72,pm,day3,0.013106172276543067
54,Linyi,pm_only,full72,weather,day3,0.003855501963875491
54,Linyi,pm_only,full72,joint,day3,0.007321536330384082
54,Linyi,pm_only,full72,pm,full72,0.16891959622989908
54,Linyi,pm_only,full72,weather,full72,0.02112416028104007
54,Linyi,pm_only,full72,joint,full72,0.05701109925277481
54,Linyi,weather_only,full72,pm,day1,0.021615423903855974
54,Linyi,weather_only,full72,weather,day1,0.24569183542295886
54,Linyi,weather_only,full72,joint,day1,0.23249379112344776
54,Linyi,weather_only,full72,pm,day3,-0.013060287265071815
54,Linyi,weather_only,full72,weather,day3,0.026712672678168167
54,Linyi,weather_only,full72,joint,day3,0.0216032964008241
54,Linyi,weather_only,full72,pm,full72,-0.023547589386897348
54,Linyi,weather_only,full72,weather,full72,0.13018722254680562
54,Linyi,weather_only,full72,joint,full72,0.114083244020811
54,Linyi,joint,full72,pm,day1,0.07321338330334581
54,Linyi,joint,full72,weather,day1,0.2386765796691449
54,Linyi,joint,full72,joint,day1,0.23990252247563063
54,Linyi,joint,full72,pm,day3,-0.007998619999655001
54,Linyi,joint,full72,weather,day3,0.025855593463898364
54,Linyi,joint,full72,joint,day3,0.02187544296886074
54,Linyi,joint,full72,pm,full72,0.015987045996761498
54,Linyi,joint,full72,weather,full72,0.1233676688419172
54,Linyi,joint,full72,joint,full72,0.11697699824424955
55,Liaocheng,pm_only,recent24,pm,day1,0.31572066993016745
55,Liaocheng,pm_only,recent24,weather,day1,0.029830654457663613
55,Liaocheng,pm_only,recent24,joint,day1,0.10033238808309702
55,Liaocheng,pm_only,recent24,pm,day3,0.008464020616005154
55,Liaocheng,pm_only,recent24,weather,day3,-0.0032615663153915788
55,Liaocheng,pm_only,recent24,joint,day3,-0.0014659668664917165
55,Liaocheng,pm_only,recent24,pm,full72,0.17451230412807603
55,Liaocheng,pm_only,recent24,weather,full72,0.003367250341812585
55,Liaocheng,pm_only,recent24,joint,full72,0.043112604278151063
55,Liaocheng,weather_only,recent24,pm,day1,0.15148159387039847
55,Liaocheng,weather_only,recent24,weather,day1,0.4056619389154847
55,Liaocheng,weather_only,recent24,joint,day1,0.40557995789498946
55,Liaocheng,weather_only,recent24,pm,day3,-0.0467826431956608
55,Liaocheng,weather_only,recent24,weather,day3,0.03526976531744133
55,Liaocheng,weather_only,recent24,joint,day3,0.025930180982545244
55,Liaocheng,weather_only,recent24,pm,full72,0.06127587031896758
55,Liaocheng,weather_only,recent24,weather,full72,0.21590209797552448
55,Liaocheng,weather_only,recent24,joint,full72,0.20910147877536966
55,Liaocheng,joint,recent24,pm,day1,0.21218122104530523
55,Liaocheng,joint,recent24,weather,day1,0.3780702465175616
55,Liaocheng,joint,recent24,joint,day1,0.39770111292527827
55,Liaocheng,joint,recent24,pm,day3,-0.0371344007836002
55,Liaocheng,joint,recent24,weather,day3,0.0288163152040788
55,Liaocheng,joint,recent24,joint,day3,0.022089220022305005
55,Liaocheng,joint,recent24,pm,full72,0.10116396129099033
55,Liaocheng,joint,recent24,weather,full72,0.19434830008707502
55,Liaocheng,joint,recent24,joint,full72,0.2000914100228525
55,Liaocheng,pm_only,full72,pm,day1,0.224408216102054
55,Liaocheng,pm_only,full72,weather,day1,0.05786274696568674
55,Liaocheng,pm_only,full72,joint,day1,0.11024432006108001
55,Liaocheng,pm_only,full72,pm,day3,0.00954455188613797
55,Liaocheng,pm_only,full72,weather,day3,-0.04656840564210141
55,Liaocheng,pm_only,full72,joint,day3,-0.03939833484958371
55,Liaocheng,pm_only,full72,pm,full72,0.1325018611254653
55,Liaocheng,pm_only,full72,weather,full72,-0.016772158193039545
55,Liaocheng,pm_only,full72,joint,full72,0.016277962069490517
55,Liaocheng,weather_only,full72,pm,day1,0.06928295932073983
55,Liaocheng,weather_only,full72,weather,day1,0.2620162765040691
55,Liaocheng,weather_only,full72,joint,day1,0.2550807892701973
55,Liaocheng,weather_only,full72,pm,day3,-0.060820572205143045
55,Liaocheng,weather_only,full72,weather,day3,0.04367528291882073
55,Liaocheng,weather_only,full72,joint,day3,0.029738224434556107
55,Liaocheng,weather_only,full72,pm,full72,0.0013856193464048367
55,Liaocheng,weather_only,full72,weather,full72,0.14658156814539203
55,Liaocheng,weather_only,full72,joint,full72,0.1311538887884722
55,Liaocheng,joint,full72,pm,day1,0.11532436383109096
55,Liaocheng,joint,full72,weather,day1,0.25000579900144976
55,Liaocheng,joint,full72,joint,day1,0.25684647421161855
55,Liaocheng,joint,full72,pm,day3,-0.054551362637840654
55,Liaocheng,joint,full72,weather,day3,0.030420480105120024
55,Liaocheng,joint,full72,joint,day3,0.019887411471852866
55,Liaocheng,joint,full72,pm,full72,0.033947763986941
55,Liaocheng,joint,full72,weather,full72,0.12871112017778005
55,Liaocheng,joint,full72,joint,full72,0.12363347790836947
56,Binzhou,pm_only,recent24,pm,day1,0.31367906591976646
56,Binzhou,pm_only,recent24,weather,day1,0.07675372468843118
56,Binzhou,pm_only,recent24,joint,day1,0.14021459755364937
56,Binzhou,pm_only,recent24,pm,day3,0.028326901081725274
56,Binzhou,pm_only,recent24,weather,day3,-0.01622715855678964
56,Binzhou,pm_only,recent24,joint,day3,-0.010935631233907808
56,Binzhou,pm_only,recent24,pm,full72,0.1747254196813549
56,Binzhou,pm_only,recent24,weather,full72,0.030478717619679404
56,Binzhou,pm_only,recent24,joint,full72,0.0604438696109674
56,Binzhou,weather_only,recent24,pm,day1,0.1146585211646303
56,Binzhou,weather_only,recent24,weather,day1,0.4021109925277481
56,Binzhou,weather_only,recent24,joint,day1,0.38871799167949794
56,Binzhou,weather_only,recent24,pm,day3,-0.010953986738496685
56,Binzhou,weather_only,recent24,weather,day3,0.06452479013119752
56,Binzhou,weather_only,recent24,joint,day3,0.059892887973221995
56,Binzhou,weather_only,recent24,pm,full72,0.019551096387774098
56,Binzhou,weather_only,recent24,weather,full72,0.22771669792917446
56,Binzhou,weather_only,recent24,joint,full72,0.21199933849983463
56,Binzhou,joint,recent24,pm,day1,0.17728173982043494
56,Binzhou,joint,recent24,weather,day1,0.3864293106073276
56,Binzhou,joint,recent24,joint,day1,0.3908942657235664
56,Binzhou,joint,recent24,pm,day3,-0.002381946595486649
56,Binzhou,joint,recent24,weather,day3,0.0531466407866602
56,Binzhou,joint,recent24,joint,day3,0.050930619732654926
56,Binzhou,joint,recent24,pm,full72,0.059978771994693
56,Binzhou,joint,recent24,weather,full72,0.21475689568922393
56,Binzhou,joint,recent24,joint,full72,0.20854103813525954
56,Binzhou,pm_only,full72,pm,day1,0.19936408534102135
56,Binzhou,pm_only,full72,weather,day1,0.10012225753056438
56,Binzhou,pm_only,full72,joint,day1,0.13508103377025843
56,Binzhou,pm_only,full72,pm,day3,0.06473836018459005
56,Binzhou,pm_only,full72,weather,day3,-0.024038848509712125
56,Binzhou,pm_only,full72,joint,day3,-0.011325601331400332
56,Binzhou,pm_only,full72,pm,full72,0.17048835812208954
56,Binzhou,pm_only,full72,weather,full72,0.033290345322586325
56,Binzhou,pm_only,full72,joint,full72,0.058375030093757524
56,Binzhou,weather_only,full72,pm,day1,0.0212055668013917
56,Binzhou,weather_only,full72,weather,day1,0.2936767529191882
56,Binzhou,weather_only,full72,joint,day1,0.2706691726672931
56,Binzhou,weather_only,full72,pm,day3,4.710151177537794e-05
56,Binzhou,weather_only,full72,weather,day3,0.07864431166107791
56,Binzhou,weather_only,full72,joint,day3,0.07297337274334319
56,Binzhou,weather_only,full72,pm,full72,-0.022708175677043918
56,Binzhou,weather_only,full72,weather,full72,0.1877550544387636
56,Binzhou,weather_only,full72,joint,full72,0.16454465613616404
56,Binzhou,joint,full72,pm,day1,0.06152929538232385
56,Binzhou,joint,full72,weather,day1,0.2921770405442601
56,Binzhou,joint,full72,joint,day1,0.27864453966113495
56,Binzhou,joint,full72,pm,day3,0.01165818891454723
56,Binzhou,joint,full72,weather,day3,0.06629225407306352
56,Binzhou,joint,full72,joint,day3,0.06311510777877695
56,Binzhou,joint,full72,pm,full72,0.013219947304986825
56,Binzhou,joint,full72,weather,full72,0.18056926214231553
56,Binzhou,joint,full72,joint,full72,0.16452213663053414
57,Zibo,pm_only,recent24,pm,day1,0.35046909061727266
57,Zibo,pm_only,recent24,weather,day1,0.0648007392001848
57,Zibo,pm_only,recent24,joint,day1,0.1534884608721152
57,Zibo,pm_only,recent24,pm,day3,0.03766631291657823
57,Zibo,pm_only,recent24,weather,day3,0.023500427875106967
57,Zibo,pm_only,recent24,joint,day3,0.03163696090924023
57,Zibo,pm_only,recent24,pm,full72,0.2269973652493413
57,Zibo,pm_only,recent24,weather,full72,0.045861623465405864
57,Zibo,pm_only,recent24,joint,full72,0.0947934971983743
57,Zibo,weather_only,recent24,pm,day1,0.03054150313537578
57,Zibo,weather_only,recent24,weather,day1,0.39454720013680006
57,Zibo,weather_only,recent24,joint,day1,0.37253266513316624
57,Zibo,weather_only,recent24,pm,day3,-0.028252286563071643
57,Zibo,weather_only,recent24,weather,day3,0.0008663822165955541
57,Zibo,weather_only,recent24,joint,day3,-0.0040829920207480054
57,Zibo,weather_only,recent24,pm,full72,-0.002079137019784255
57,Zibo,weather_only,recent24,weather,full72,0.18594046948511736
57,Zibo,weather_only,recent24,joint,full72,0.17135602133900532
57,Zibo,joint,recent24,pm,day1,0.11433762308440576
57,Zibo,joint,recent24,weather,day1,0.3822585910646477
57,Zibo,joint,recent24,joint,day1,0.3859047739761935
57,Zibo,joint,recent24,pm,day3,-0.01648894312223578
57,Zibo,joint,recent24,weather,day3,0.005167573291893323
57,Zibo,joint,recent24,joint,day3,0.0033385148346287085
57,Zibo,joint,recent24,pm,full72,0.05386174796543699
57,Zibo,joint,recent24,weather,full72,0.18524438981109745
57,Zibo,joint,recent24,joint,full72,0.18494152473538117
57,Zibo,pm_only,full72,pm,day1,0.2369298517324629
57,Zibo,pm_only,full72,weather,day1,0.06495095223773806
57,Zibo,pm_only,full72,joint,day1,0.12306753976688493
57,Zibo,pm_only,full72,pm,day3,0.07300825975206493
57,Zibo,pm_only,full72,weather,day3,0.022843535710883926
57,Zibo,pm_only,full72,joint,day3,0.03506099076524769
57,Zibo,pm_only,full72,pm,full72,0.21297644324411083
57,Zibo,pm_only,full72,weather,full72,0.037449073862268464
57,Zibo,pm_only,full72,joint,full72,0.07842887260721815
57,Zibo,weather_only,full72,pm,day1,-0.025499845874961468
57,Zibo,weather_only,full72,weather,day1,0.23380985695246423
57,Zibo,weather_only,full72,joint,day1,0.20840007710001926
57,Zibo,weather_only,full72,pm,day3,-0.0039161064790266195
57,Zibo,weather_only,full72,weather,day3,0.029224270306067578
57,Zibo,weather_only,full72,joint,day3,0.027129480782370194
57,Zibo,weather_only,full72,pm,full72,-0.03090230122557531
57,Zibo,weather_only,full72,weather,full72,0.13434392458598116
57,Zibo,weather_only,full72,joint,full72,0.11634903358725839
57,Zibo,joint,full72,pm,day1,0.02894115423528856
57,Zibo,joint,full72,weather,day1,0.23314685378671346
57,Zibo,joint,full72,joint,day1,0.22277157019289254
57,Zibo,joint,full72,pm,day3,0.013898824974706243
57,Zibo,joint,full72,weather,day3,0.030838372709593175
57,Zibo,joint,full72,joint,day3,0.032271008067752016
57,Zibo,joint,full72,pm,full72,0.01941905135476284
57,Zibo,joint,full72,weather,full72,0.13248368712092176
57,Zibo,joint,full72,joint,full72,0.12574257743564435
58,Zaozhuang,pm_only,recent24,pm,day1,0.35254658213664547
58,Zaozhuang,pm_only,recent24,weather,day1,0.09565186491296622
58,Zaozhuang,pm_only,recent24,joint,day1,0.17607021351755336
58,Zaozhuang,pm_only,recent24,pm,day3,-0.02515545328886332
58,Zaozhuang,pm_only,recent24,weather,day3,0.006512424128106032
58,Zaozhuang,pm_only,recent24,joint,day3,0.0024077601019400255
58,Zaozhuang,pm_only,recent24,pm,full72,0.17795998748999686
58,Zaozhuang,pm_only,recent24,weather,full72,0.05632720858180214
58,Zaozhuang,pm_only,recent24,joint,full72,0.09140856485214122
58,Zaozhuang,weather_only,recent24,pm,day1,0.09104301026075257
58,Zaozhuang,weather_only,recent24,weather,day1,0.43790476647619164
58,Zaozhuang,weather_only,recent24,joint,day1,0.4232822228205557
58,Zaozhuang,weather_only,recent24,pm,day3,-0.03930453532613384
58,Zaozhuang,weather_only,recent24,weather,day3,0.008693792173448043
58,Zaozhuang,weather_only,recent24,joint,day3,-0.0035935718983929744
58,Zaozhuang,weather_only,recent24,pm,full72,-0.007169628292407074
58,Zaozhuang,weather_only,recent24,weather,full72,0.22589318797329697
58,Zaozhuang,weather_only,recent24,joint,full72,0.20786559246639813
58,Zaozhuang,joint,recent24,pm,day1,0.1745492851373213
58,Zaozhuang,joint,recent24,weather,day1,0.4268362502090626
58,Zaozhuang,joint,recent24,joint,day1,0.437085016271254
58,Zaozhuang,joint,recent24,pm,day3,-0.03905153626288406
58,Zaozhuang,joint,recent24,weather,day3,0.012916636729159181
58,Zaozhuang,joint,recent24,joint,day3,0.001376031344007836
58,Zaozhuang,joint,recent24,pm,full72,0.045581421895355474
58,Zaozhuang,joint,recent24,weather,full72,0.22419407604851901
58,Zaozhuang,joint,recent24,joint,full72,0.21814294103573528
58,Zaozhuang,pm_only,full72,pm,day1,0.2085138956284739
58,Zaozhuang,pm_only,full72,weather,day1,0.039220322305080574
58,Zaozhuang,pm_only,full72,joint,day1,0.09132577083144272
58,Zaozhuang,pm_only,full72,pm,day3,-0.023745989936497482
58,Zaozhuang,pm_only,full72,weather,day3,-0.04281453620363405
58,Zaozhuang,pm_only,full72,joint,day3,-0.04562420340605085
58,Zaozhuang,pm_only,full72,pm,full72,0.10008688902172226
58,Zaozhuang,pm_only,full72,weather,full72,-0.022507973626993406
58,Zaozhuang,pm_only,full72,joint,full72,0.002113047528261882
58,Zaozhuang,weather_only,full72,pm,day1,-0.0014977638744409687
58,Zaozhuang,weather_only,full72,weather,day1,0.24389653747413437
58,Zaozhuang,weather_only,full72,joint,day1,0.22683971520992874
58,Zaozhuang,weather_only,full72,pm,day3,-0.009213341303335325
58,Zaozhuang,weather_only,full72,weather,day3,0.030363598590899644
58,Zaozhuang,weather_only,full72,joint,day3,0.020366454591613646
58,Zaozhuang,weather_only,full72,pm,full72,-0.0351866067966517
58,Zaozhuang,weather_only,full72,weather,full72,0.12955205938801484
58,Zaozhuang,weather_only,full72,joint,full72,0.10974636343659086
58,Zaozhuang,joint,full72,pm,day1,0.04440528360132089
58,Zaozhuang,joint,full72,weather,day1,0.23371840792960197
58,Zaozhuang,joint,full72,joint,day1,0.23012336003083997
58,Zaozhuang,joint,full72,pm,day3,-0.012209592052398013
58,Zaozhuang,joint,full72,weather,day3,0.019485889871472466
58,Zaozhuang,joint,full72,joint,day3,0.010145753536438382
58,Zaozhuang,joint,full72,pm,full72,-0.007542231385557847
58,Zaozhuang,joint,full72,weather,full72,0.11432441108110276
58,Zaozhuang,joint,full72,joint,full72,0.10206099301524825
59,Yantai,pm_only,recent24,pm,day1,0.31758222889555726
59,Yantai,pm_only,recent24,weather,day1,0.07899639624909906
59,Yantai,pm_only,recent24,joint,day1,0.1455209523802381
59,Yantai,pm_only,recent24,pm,day3,0.05960516690129172
59,Yantai,pm_only,recent24,weather,day3,0.027094514273628568
59,Yantai,pm_only,recent24,joint,day3,0.0320062580015645
59,Yantai,pm_only,recent24,pm,full72,0.23084181221045308
59,Yantai,pm_only,recent24,weather,full72,0.05988306897076724
59,Yantai,pm_only,recent24,joint,full72,0.10131358932839732
59,Yantai,weather_only,recent24,pm,day1,0.12001117050279261
59,Yantai,weather_only,recent24,weather,day1,0.4268894447223612
59,Yantai,weather_only,recent24,joint,day1,0.4202839140709785
59,Yantai,weather_only,recent24,pm,day3,0.0056039684009921
59,Yantai,weather_only,recent24,weather,day3,0.05120910230227557
59,Yantai,weather_only,recent24,joint,day3,0.044955318738829686
59,Yantai,weather_only,recent24,pm,full72,0.06516004629001156
59,Yantai,weather_only,recent24,weather,full72,0.23792478548119636
59,Yantai,weather_only,recent24,joint,full72,0.23528884232221056
59,Yantai,joint,recent24,pm,day1,0.1833005423251356
59,Yantai,joint,recent24,weather,day1,0.4134685903671476
59,Yantai,joint,recent24,joint,day1,0.42465808316452075
59,Yantai,joint,recent24,pm,day3,0.014676488169122042
59,Yantai,joint,recent24,weather,day3,0.05264103866025967
59,Yantai,joint,recent24,joint,day3,0.04734823183705796
59,Yantai,joint,recent24,pm,full72,0.11028672807168201
59,Yantai,joint,recent24,weather,full72,0.23428481407120352
59,Yantai,joint,recent24,joint,full72,0.24165498641374664
59,Yantai,pm_only,full72,pm,day1,0.20262697165674293
59,Yantai,pm_only,full72,weather,day1,0.11916199179049793
59,Yantai,pm_only,full72,joint,day1,0.15360483540120884
59,Yantai,pm_only,full72,pm,day3,0.12561493940373483
59,Yantai,pm_only,full72,weather,day3,0.03251644562911141
59,Yantai,pm_only,full72,joint,day3,0.0543610275902569
59,Yantai,pm_only,full72,pm,full72,0.22241426860356714
59,Yantai,pm_only,full72,weather,full72,0.08736559584139897
59,Yantai,pm_only,full72,joint,full72,0.12483268620817153
59,Yantai,weather_only,full72,pm,day1,0.025801884450471112
59,Yantai,weather_only,full72,weather,day1,0.2726899356724839
59,Yantai,weather_only,full72,joint,day1,0.2558401659600415
59,Yantai,weather_only,full72,pm,day3,0.029083774270943566
59,Yantai,weather_only,full72,weather,day3,0.08654220963555241
59,Yantai,weather_only,full72,joint,day3,0.08065296066324017
59,Yantai,weather_only,full72,pm,full72,0.013396614349153587
59,Yantai,weather_only,full72,weather,full72,0.18205769001442249
59,Yantai,weather_only,full72,joint,full72,0.1716573924143481
59,Yantai,joint,full72,pm,day1,0.06514190228547556
59,Yantai,joint,full72,weather,day1,0.2767938106984527
59,Yantai,joint,full72,joint,day1,0.26872687468171863
59,Yantai,joint,full72,pm,day3,0.052281517070379264
59,Yantai,joint,full72,weather,day3,0.08542504385626096
59,Yantai,joint,full72,joint,day3,0.08441568610392151
59,Yantai,joint,full72,pm,full72,0.05660075765018941
59,Yantai,joint,full72,weather,full72,0.18621019205254802
59,Yantai,joint,full72,joint,full72,0.18474692368673093
60,Weifang,pm_only,recent24,pm,day1,0.303141867785467
60,Weifang,pm_only,recent24,weather,day1,0.07387487746871936
60,Weifang,pm_only,recent24,joint,day1,0.14155224088806023
60,Weifang,pm_only,recent24,pm,day3,-0.003954230488557622
60,Weifang,pm_only,recent24,weather,day3,0.01644203661050915
60,Weifang,pm_only,recent24,joint,day3,0.013128762282190568
60,Weifang,pm_only,recent24,pm,full72,0.18134242383560595
60,Weifang,pm_only,recent24,weather,full72,0.04959173589793397
60,Weifang,pm_only,recent24,joint,full72,0.08352172338043085
60,Weifang,weather_only,recent24,pm,day1,0.03913075878268969
60,Weifang,weather_only,recent24,weather,day1,0.4146979951744988
60,Weifang,weather_only,recent24,joint,day1,0.39392516198129046
60,Weifang,weather_only,recent24,pm,day3,-0.06615473403868352
60,Weifang,weather_only,recent24,weather,day3,0.010064920016230003
60,Weifang,weather_only,recent24,joint,day3,-0.006920352230088057
60,Weifang,weather_only,recent24,pm,full72,-0.037607502401875596
60,Weifang,weather_only,recent24,weather,full72,0.21406216001554002
60,Weifang,weather_only,recent24,joint,full72,0.19664855816213955
60,Weifang,joint,recent24,pm,day1,0.10912764778191195
60,Weifang,joint,recent24,weather,day1,0.4064720891180223
60,Weifang,joint,recent24,joint,day1,0.40559948339987084
60,Weifang,joint,recent24,pm,day3,-0.06105620726405181
60,Weifang,joint,recent24,weather,day3,0.009580913395228348
60,Weifang,joint,recent24,joint,day3,-0.005711420927855232
60,Weifang,joint,recent24,pm,full72,0.010908526227131557
60,Weifang,joint,recent24,weather,full72,0.21433944858486215
60,Weifang,joint,recent24,joint,full72,0.20737719984429995
60,Weifang,pm_only,full72,pm,day1,0.19727785781946444
60,Weifang,pm_only,full72,weather,day1,0.08908363627090907
60,Weifang,pm_only,full72,joint,day1,0.12833952208488053
60,Weifang,pm_only,full72,pm,day3,0.040524473631118406
60,Weifang,pm_only,full72,weather,day3,-0.02396014049003512
60,Weifang,pm_only,full72,joint,day3,-0.01509568727392182
60,Weifang,pm_only,full72,pm,full72,0.14314356428589106
60,Weifang,pm_only,full72,weather,full72,0.024076752019188002
60,Weifang,pm_only,full72,joint,full72,0.05131913032978258
60,Weifang,weather_only,full72,pm,day1,-0.03794305098576274
60,Weifang,weather_only,full72,weather,day1,0.27503803775950947
60,Weifang,weather_only,full72,joint,day1,0.24237101609275402
60,Weifang,weather_only,full72,pm,day3,-0.03329342032335508
60,Weifang,weather_only,full72,weather,day3,0.03941515735378934
60,Weifang,weather_only,full72,joint,day3,0.029772623943155982
60,Weifang,weather_only,full72,pm,full72,-0.060743661185915294
60,Weifang,weather_only,full72,weather,full72,0.1561359555339889
60,Weifang,weather_only,full72,joint,full72,0.13386871846717963
60,Weifang,joint,full72,pm,day1,0.009922850480712621
60,Weifang,joint,full72,weather,day1,0.2733052718263179
60,Weifang,joint,full72,joint,day1,0.25270295417573857
60,Weifang,joint,full72,pm,day3,-0.01788703647175912
60,Weifang,joint,full72,weather,day3,0.02943572685893172
60,Weifang,joint,full72,joint,day3,0.02389257897314474
60,Weifang,joint,full72,pm,full72,-0.021017868754467185
60,Weifang,joint,full72,weather,full72,0.1472562173140543
60,Weifang,joint,full72,joint,full72,0.13480629520157378
61,Jining,pm_only,recent24,pm,day1,0.3846171781542945
61,Jining,pm_only,recent24,weather,day1,0.07344251586062897
61,Jining,pm_only,recent24,joint,day1,0.1771392487848122
61,Jining,pm_only,recent24,pm,day3,0.07824753906188477
61,Jining,pm_only,recent24,weather,day3,0.021101067775266942
61,Jining,pm_only,recent24,joint,day3,0.04033871958467989
61,Jining,pm_only,recent24,pm,full72,0.2772692643173161
61,Jining,pm_only,recent24,weather,full72,0.04574144493536123
61,Jining,pm_only,recent24,joint,full72,0.111773331943333
61,Jining,weather_only,recent24,pm,day1,0.10461123515280879
61,Jining,weather_only,recent24,weather,day1,0.4429179057294765
61,Jining,weather_only,recent24,joint,day1,0.4331138852784713
61,Jining,weather_only,recent24,pm,day3,-0.01586874396718599
61,Jining,weather_only,recent24,weather,day3,0.011187292296823073
61,Jining,weather_only,recent24,joint,day3,0.004542878635719659
61,Jining,weather_only,recent24,pm,full72,0.03873397868349467
61,Jining,weather_only,recent24,weather,full72,0.22657021764255442
61,Jining,weather_only,recent24,joint,full72,0.21574931843732964
61,Jining,joint,recent24,pm,day1,0.1968005757001439
61,Jining,joint,recent24,weather,day1,0.4275399813849953
61,Jining,joint,recent24,joint,day1,0.4516123804030951
61,Jining,joint,recent24,pm,day3,0.004390696097674025
61,Jining,joint,recent24,weather,day3,0.013732816933204234
61,Jining,joint,recent24,joint,day3,0.01366504991626248
61,Jining,joint,recent24,pm,full72,0.11204386901096725
61,Jining,joint,recent24,weather,full72,0.2194043468510867
61,Jining,joint,recent24,joint,full72,0.22932189183047294
61,Jining,pm_only,full72,pm,day1,0.24615946203986552
61,Jining,pm_only,full72,weather,day1,0.04809135752283938
61,Jining,pm_only,full72,joint,day1,0.12086676471669118
61,Jining,pm_only,full72,pm,day3,0.07246124561531139
61,Jining,pm_only,full72,weather,day3,-0.0076219564054891015
61,Jining,pm_only,full72,joint,day3,0.012806616201654051
61,Jining,pm_only,full72,pm,full72,0.1867847791961948
61,Jining,pm_only,full72,weather,full72,0.0036658974164743533
61,Jining,pm_only,full72,joint,full72,0.05413670853417713
61,Jining,weather_only,full72,pm,day1,0.054923545730886425
61,Jining,weather_only,full72,weather,day1,0.2667348591837148
61,Jining,weather_only,full72,joint,day1,0.2596747849186962
61,Jining,weather_only,full72,pm,day3,-0.028901048725262175
61,Jining,weather_only,full72,weather,day3,0.02271089067772267
61,Jining,weather_only,full72,joint,day3,0.00899020724755181
61,Jining,weather_only,full72,pm,full72,0.00545202136300534
61,Jining,weather_only,full72,weather,full72,0.1366932071733018
61,Jining,weather_only,full72,joint,full72,0.12294825373706342
61,Jining,joint,full72,pm,day1,0.11067543216885804
61,Jining,joint,full72,weather,day1,0.25930836632709153
61,Jining,joint,full72,joint,day1,0.27256810264202563
61,Jining,joint,full72,pm,day3,-0.004118113029528257
61,Jining,joint,full72,weather,day3,0.017408828852207212
61,Jining,joint,full72,joint,day3,0.012680664170166044
61,Jining,joint,full72,pm,full72,0.05348146937036734
61,Jining,joint,full72,weather,full72,0.1262773515693379
61,Jining,joint,full72,joint,full72,0.12789925697481422
62,Taian,pm_only,recent24,pm,day1,0.33517565379391345
62,Taian,pm_only,recent24,weather,day1,0.07868157617039404
62,Taian,pm_only,recent24,joint,day1,0.15692992973248243
62,Taian,pm_only,recent24,pm,day3,0.03422915955728989
62,Taian,pm_only,recent24,weather,day3,-0.02026562306640577
62,Taian,pm_only,recent24,joint,day3,-0.01623366855841714
62,Taian,pm_only,recent24,pm,full72,0.2004569421142355
62,Taian,pm_only,recent24,weather,full72,0.03242168010542002
62,Taian,pm_only,recent24,joint,full72,0.07060401865100466
62,Taian,weather_only,recent24,pm,day1,0.1384699381174845
62,Taian,weather_only,recent24,weather,day1,0.41012624153156035
62,Taian,weather_only,recent24,joint,day1,0.41224077856019464
62,Taian,weather_only,recent24,pm,day3,-0.030701899675474913
62,Taian,weather_only,recent24,weather,day3,-0.004558909139727285
62,Taian,weather_only,recent24,joint,day3,-0.01299828624957156
62,Taian,weather_only,recent24,pm,full72,0.06175286893821723
62,Taian,weather_only,recent24,weather,full72,0.2135019848754962
62,Taian,weather_only,recent24,joint,full72,0.2056985704246426
62,Taian,joint,recent24,pm,day1,0.2037577484394371
62,Taian,joint,recent24,weather,day1,0.3866194671548668
62,Taian,joint,recent24,joint,day1,0.40991992097998026
62,Taian,joint,recent24,pm,day3,-0.015766791941697986
62,Taian,joint,recent24,weather,day3,-0.013755840438960108
62,Taian,joint,recent24,joint,day3,-0.019198479299619823
62,Taian,joint,recent24,pm,full72,0.10557971939492984
62,Taian,joint,recent24,weather,full72,0.19511198477799618
62,Taian,joint,recent24,joint,full72,0.19843090360772592
62,Taian,pm_only,full72,pm,day1,0.22038332809583205
62,Taian,pm_only,full72,weather,day1,0.05095235923808981
62,Taian,pm_only,full72,joint,day1,0.10274043168510792
62,Taian,pm_only,full72,pm,day3,0.019262733315683327
62,Taian,pm_only,full72,weather,day3,-0.046921207230301805
62,Taian,pm_only,full72,joint,day3,-0.04396191799047949
62,Taian,pm_only,full72,pm,full72,0.14299232224808056
62,Taian,pm_only,full72,weather,full72,-0.020983706245926558
62,Taian,pm_only,full72,joint,full72,0.009479946869986718
62,Taian,weather_only,full72,pm,day1,0.06660928665232166
62,Taian,weather_only,full72,weather,day1,0.27037820259455064
62,Taian,weather_only,full72,joint,day1,0.2611654657913664
62,Taian,weather_only,full72,pm,day3,-0.03446344911586228
62,Taian,weather_only,full72,weather,day3,0.034180897045224264
62,Taian,weather_only,full72,joint,day3,0.02215442503860626
62,Taian,weather_only,full72,pm,full72,0.004604132651033163
62,Taian,weather_only,full72,weather,full72,0.15859001014750254
62,Taian,weather_only,full72,joint,full72,0.14003488100872025
62,Taian,joint,full72,pm,day1,0.10880851670212917
62,Taian,joint,full72,weather,day1,0.25703125475781363
62,Taian,joint,full72,joint,day1,0.2608003117000779
62,Taian,joint,full72,pm,day3,-0.02668830217207554
62,Taian,joint,full72,weather,day3,0.018291597072899266
62,Taian,joint,full72,joint,day3,0.008317187079296769
62,Taian,joint,full72,pm,full72,0.037469761867440464
62,Taian,joint,full72,weather,full72,0.13694435823608958
62,Taian,joint,full72,joint,full72,0.12758926689731673
63,Rizhao,pm_only,recent24,pm,day1,0.31150893887723474
63,Rizhao,pm_only,recent24,weather,day1,0.0829232112308028
63,Rizhao,pm_only,recent24,joint,day1,0.14814491053622764
63,Rizhao,pm_only,recent24,pm,day3,0.004717525179381295
63,Rizhao,pm_only,recent24,weather,day3,-0.03335446433861609
63,Rizhao,pm_only,recent24,joint,day3,-0.03150763837690959
63,Rizhao,pm_only,recent24,pm,full72,0.17067750066937518
63,Rizhao,pm_only,recent24,weather,full72,0.011827808956952238
63,Rizhao,pm_only,recent24,joint,full72,0.04266722716680679
63,Rizhao,weather_only,recent24,pm,day1,0.07723219480804869
63,Rizhao,weather_only,recent24,weather,day1,0.42303510075877515
63,Rizhao,weather_only,recent24,joint,day1,0.40703777375944344
63,Rizhao,weather_only,recent24,pm,day3,-0.03468615267153816
63,Rizhao,weather_only,recent24,weather,day3,-0.009735509433877357
63,Rizhao,weather_only,recent24,joint,day3,-0.01794971248742812
63,Rizhao,weather_only,recent24,pm,full72,0.0020967695241923805
63,Rizhao,weather_only,recent24,weather,full72,0.19541105785276444
63,Rizhao,weather_only,recent24,joint,full72,0.18327544581886146
63,Rizhao,joint,recent24,pm,day1,0.14370992542748134
63,Rizhao,joint,recent24,weather,day1,0.4069593672398418
63,Rizhao,joint,recent24,joint,day1,0.4095790563947641
63,Rizhao,joint,recent24,pm,day3,-0.029043082260770566
63,Rizhao,joint,recent24,weather,day3,-0.008949543737385934
63,Rizhao,joint,recent24,joint,day3,-0.01575972543993136
63,Rizhao,joint,recent24,pm,full72,0.04257456314364079
63,Rizhao,joint,recent24,weather,full72,0.18751241587810397
63,Rizhao,joint,recent24,joint,full72,0.184186924046731
63,Rizhao,pm_only,full72,pm,day1,0.19582293395573347
63,Rizhao,pm_only,full72,weather,day1,0.07017636854409214
63,Rizhao,pm_only,full72,joint,day1,0.11158811039702758
63,Rizhao,pm_only,full72,pm,day3,0.02789714497428624
63,Rizhao,pm_only,full72,weather,day3,-0.04884080421020105
63,Rizhao,pm_only,full72,joint,day3,-0.04248950862237715
63,Rizhao,pm_only,full72,pm,full72,0.13103866625966656
63,Rizhao,pm_only,full72,weather,full72,-0.005344519336129834
63,Rizhao,pm_only,full72,joint,full72,0.017900903975225993
63,Rizhao,weather_only,full72,pm,day1,-0.002534060133515033
63,Rizhao,weather_only,full72,weather,day1,0.234332688083172
63,Rizhao,weather_only,full72,joint,day1,0.2179976299994075
63,Rizhao,weather_only,full72,pm,day3,-0.0010676987669246917
63,Rizhao,weather_only,full72,weather,day3,0.029041148760287187
63,Rizhao,weather_only,full72,joint,day3,0.02158842989710747
63,Rizhao,weather_only,full72,pm,full72,-0.022328789582197393
63,Rizhao,weather_only,full72,weather,full72,0.11528872232218058
63,Rizhao,weather_only,full72,joint,full72,0.10348055737013932
63,Rizhao,joint,full72,pm,day1,0.04242488410622103
63,Rizhao,joint,full72,weather,day1,0.23335885483971372
63,Rizhao,joint,full72,joint,day1,0.2278670339667585
63,Rizhao,joint,full72,pm,day3,0.007045534761383689
63,Rizhao,joint,full72,weather,day3,0.016249924062481016
63,Rizhao,joint,full72,joint,day3,0.011926115981528995
63,Rizhao,joint,full72,pm,full72,0.01120463380115845
63,Rizhao,joint,full72,weather,full72,0.10689974672493667
63,Rizhao,joint,full72,joint,full72,0.10234844408711102
64,Dongying,pm_only,recent24,pm,day1,0.27555656388914096
64,Dongying,pm_only,recent24,weather,day1,0.05789026747256687
64,Dongying,pm_only,recent24,joint,day1,0.11325294131323534
64,Dongying,pm_only,recent24,pm,day3,0.0560161700040425
64,Dongying,pm_only,recent24,weather,day3,-0.022680796170199042
64,Dongying,pm_only,recent24,joint,day3,-0.013309027827256957
64,Dongying,pm_only,recent24,pm,full72,0.18103148575787142
64,Dongying,pm_only,recent24,weather,full72,0.006417798104449526
64,Dongying,pm_only,recent24,joint,full72,0.04197809099452275
64,Dongying,weather_only,recent24,pm,day1,0.049579426894856726
64,Dongying,weather_only,recent24,weather,day1,0.41105336176334045
64,Dongying,weather_only,recent24,joint,day1,0.39330185182546296
64,Dongying,weather_only,recent24,pm,day3,-0.04452896313224078
64,Dongying,weather_only,recent24,weather,day3,0.053535662883915716
64,Dongying,weather_only,recent24,joint,day3,0.043096036774009194
64,Dongying,weather_only,recent24,pm,full72,-0.03126835231708808
64,Dongying,weather_only,recent24,weather,full72,0.22375951993987997
64,Dongying,weather_only,recent24,joint,full72,0.2059990579997645
64,Dongying,joint,recent24,pm,day1,0.10879864369966091
64,Dongying,joint,recent24,weather,day1,0.4012222813055703
64,Dongying,joint,recent24,joint,day1,0.3985387551346887
64,Dongying,joint,recent24,pm,day3,-0.02375923943980986
64,Dongying,joint,recent24,weather,day3,0.04638655459663865
64,Dongying,joint,recent24,joint,day3,0.040168772542193136
64,Dongying,joint,recent24,pm,full72,0.017757572939393233
64,Dongying,joint,recent24,weather,full72,0.21533523583380895
64,Dongying,joint,recent24,joint,full72,0.20855276663819164
64,Dongying,pm_only,full72,pm,day1,0.17923834930958732
64,Dongying,pm_only,full72,weather,day1,0.08224340056085014
64,Dongying,pm_only,full72,joint,day1,0.11628950907237726
64,Dongying,pm_only,full72,pm,day3,0.07428827007206751
64,Dongying,pm_only,full72,weather,day3,-0.011286634321658578
64,Dongying,pm_only,full72,joint,day3,-0.00013000053250013312
64,Dongying,pm_only,full72,pm,full72,0.15604830301207576
64,Dongying,pm_only,full72,weather,full72,0.02589110747277687
64,Dongying,pm_only,full72,joint,full72,0.053390861847715465
64,Dongying,weather_only,full72,pm,day1,-0.03488687372171843
64,Dongying,weather_only,full72,weather,day1,0.29125401231350306
64,Dongying,weather_only,full72,joint,day1,0.2583732615933154
64,Dongying,weather_only,full72,pm,day3,-0.02048085812021453
64,Dongying,weather_only,full72,weather,day3,0.08134829183707296
64,Dongying,weather_only,full72,joint,day3,0.07545577886394471
64,Dongying,weather_only,full72,pm,full72,-0.07004236901059224
64,Dongying,weather_only,full72,weather,full72,0.18794754948688736
64,Dongying,weather_only,full72,joint,full72,0.1628888387222097
64,Dongying,joint,full72,pm,day1,0.004686634171658543
64,Dongying,joint,full72,weather,day1,0.29027423306855826
64,Dongying,joint,full72,joint,day1,0.2671646002911501
64,Dongying,joint,full72,pm,day3,-0.0026156856539214135
64,Dongying,joint,full72,weather,day3,0.07032895908223977
64,Dongying,joint,full72,joint,day3,0.06790278947569736
64,Dongying,joint,full72,pm,full72,-0.030802491200622797
64,Dongying,joint,full72,weather,full72,0.18113571178392793
64,Dongying,joint,full72,joint,full72,0.1644701376175344
65,Heze,pm_only,recent24,pm,day1,0.308066816016704
65,Heze,pm_only,recent24,weather,day1,0.05554012238503059
65,Heze,pm_only,recent24,joint,day1,0.1285225176306294
65,Heze,pm_only,recent24,pm,day3,0.02663316665829166
65,Heze,pm_only,recent24,weather,day3,0.021223701805925452
65,Heze,pm_only,recent24,joint,day3,0.029165590291397574
65,Heze,pm_only,recent24,pm,full72,0.19909820577455145
65,Heze,pm_only,recent24,weather,full72,0.03817611354402838
65,Heze,pm_only,recent24,joint,full72,0.08056149664037415
65,Heze,weather_only,recent24,pm,day1,0.1285484856371214
65,Heze,weather_only,recent24,weather,day1,0.410303324075831
65,Heze,weather_only,recent24,joint,day1,0.41025673406418356
65,Heze,weather_only,recent24,pm,day3,-0.03833759908439977
65,Heze,weather_only,recent24,weather,day3,0.0673017408254352
65,Heze,weather_only,recent24,joint,day3,0.05831332307833077
65,Heze,weather_only,recent24,pm,full72,0.06463235065808766
65,Heze,weather_only,recent24,weather,full72,0.24187305496826372
65,Heze,weather_only,recent24,joint,full72,0.23418283954570987
65,Heze,joint,recent24,pm,day1,0.1941667700416925
65,Heze,joint,recent24,weather,day1,0.3886786016696504
65,Heze,joint,recent24,joint,day1,0.4120860745215186
65,Heze,joint,recent24,pm,day3,-0.023578009394502348
65,Heze,joint,recent24,weather,day3,0.06566408091602023
65,Heze,joint,recent24,joint,day3,0.06284509871127468
65,Heze,joint,recent24,pm,full72,0.11214590953647736
65,Heze,joint,recent24,weather,full72,0.23132642633160658
65,Heze,joint,recent24,joint,full72,0.23812363453090862
65,Heze,pm_only,full72,pm,day1,0.2160888795222199
65,Heze,pm_only,full72,weather,day1,0.046508800127200024
65,Heze,pm_only,full72,joint,day1,0.1020562860140715
65,Heze,pm_only,full72,pm,day3,0.027568544392136095
65,Heze,pm_only,full72,weather,day3,-0.01619417204854301
65,Heze,pm_only,full72,joint,day3,-0.005227955806988952
65,Heze,pm_only,full72,pm,full72,0.12967089691772424
65,Heze,pm_only,full72,weather,full72,-0.0022718645679661417
65,Heze,pm_only,full72,joint,full72,0.02966077191519298
65,Heze,weather_only,full72,pm,day1,0.10256197964049489
65,Heze,weather_only,full72,weather,day1,0.27725500831375205
65,Heze,weather_only,full72,joint,day1,0.28002977350744335
65,Heze,weather_only,full72,pm,day3,-0.034685060671265165
65,Heze,weather_only,full72,weather,day3,0.06032453408113352
65,Heze,weather_only,full72,joint,day3,0.05240466710116677
65,Heze,weather_only,full72,pm,full72,0.0480601500150375
65,Heze,weather_only,full72,weather,full72,0.17099920874980218
65,Heze,weather_only,full72,joint,full72,0.1645436916359229
65,Heze,joint,full72,pm,day1,0.1411125127781282
65,Heze,joint,full72,weather,day1,0.26298792274698063
65,Heze,joint,full72,joint,day1,0.2795467073866768
65,Heze,joint,full72,pm,day3,-0.023180065295016324
65,Heze,joint,full72,weather,day3,0.05134425683606421
65,Heze,joint,full72,joint,day3,0.04884182271045568
65,Heze,joint,full72,pm,full72,0.07381649595412398
65,Heze,joint,full72,weather,full72,0.1567527016881754
65,Heze,joint,full72,joint,full72,0.159826515956629
66,Datong,pm_only,recent24,pm,day1,0.2634392383598096
66,Datong,pm_only,recent24,weather,day1,0.09541504935376234
66,Datong,pm_only,recent24,joint,day1,0.13836152259038065
66,Datong,pm_only,recent24,pm,day3,-0.024224583056145766
66,Datong,pm_only,recent24,weather,day3,-0.03106211426552857
66,Datong,pm_only,recent24,joint,day3,-0.03581859445464861
66,Datong,pm_only,recent24,pm,full72,0.11801249050312261
66,Datong,pm_only,recent24,weather,full72,0.015959817989954495
66,Datong,pm_only,recent24,joint,full72,0.03569300992325248
66,Datong,weather_only,recent24,pm,day1,0.18686664771666192
66,Datong,weather_only,recent24,weather,day1,0.42746052036513005
66,Datong,weather_only,recent24,joint,day1,0.428081624020406
66,Datong,weather_only,recent24,pm,day3,-0.05539225384806346
66,Datong,weather_only,recent24,weather,day3,0.05587022596755649
66,Datong,weather_only,recent24,joint,day3,0.03824579456144864
66,Datong,weather_only,recent24,pm,full72,0.05790572647643162
66,Datong,weather_only,recent24,weather,full72,0.24712797628199404
66,Datong,weather_only,recent24,joint,full72,0.2375745788936447
66,Datong,joint,recent24,pm,day1,0.22853019313254824
66,Datong,joint,recent24,weather,day1,0.4138769489692372
66,Datong,joint,recent24,joint,day1,0.424867204216801
66,Datong,joint,recent24,pm,day3,-0.053926640981660244
66,Datong,joint,recent24,weather,day3,0.046447274611818655
66,Datong,joint,recent24,joint,day3,0.029485918371479593
66,Datong,joint,recent24,pm,full72,0.07969734492433622
66,Datong,joint,recent24,weather,full72,0.23223205905801475
66,Datong,joint,recent24,joint,full72,0.2277399044349761
66,Datong,pm_only,full72,pm,day1,0.14349615737403934
66,Datong,pm_only,full72,weather,day1,0.033020372255093064
66,Datong,pm_only,full72,joint,day1,0.05759033639758409
66,Datong,pm_only,full72,pm,day3,0.0203667695916924
66,Datong,pm_only,full72,weather,day3,-0.0477126944281736
66,Datong,pm_only,full72,joint,day3,-0.043985077996269495
66,Datong,pm_only,full72,pm,full72,0.10230343807585951
66,Datong,pm_only,full72,weather,full72,-0.01539060984765246
66,Datong,pm_only,full72,joint,full72,0.0015883443970860992
66,Datong,weather_only,full72,pm,day1,0.07240278910069727
66,Datong,weather_only,full72,weather,day1,0.2548826902206725
66,Datong,weather_only,full72,joint,day1,0.24372566493141623
66,Datong,weather_only,full72,pm,day3,-0.06573798293449572
66,Datong,weather_only,full72,weather,day3,0.04949784337446084
66,Datong,weather_only,full72,joint,day3,0.03312361728090432
66,Datong,weather_only,full72,pm,full72,-0.02679048819762205
66,Datong,weather_only,full72,weather,full72,0.15895105873776466
66,Datong,weather_only,full72,joint,full72,0.1418774664693666
66,Datong,joint,full72,pm,day1,0.09175979893994973
66,Datong,joint,full72,weather,day1,0.23946051886512973
66,Datong,joint,full72,joint,day1,0.23423668805917197
66,Datong,joint,full72,pm,day3,-0.056215295053823756
66,Datong,joint,full72,weather,day3,0.03608216852054212
66,Datong,joint,full72,joint,day3,0.02202211900552975
66,Datong,joint,full72,pm,full72,-0.006810978202744551
66,Datong,joint,full72,weather,full72,0.14260455865113966
66,Datong,joint,full72,joint,full72,0.1298522739630685
67,Zhangzhi,pm_only,recent24,pm,day1,0.35545370586342645
67,Zhangzhi,pm_only,recent24,weather,day1,0.07487166971791742
67,Zhangzhi,pm_only,recent24,joint,day1,0.1448688287172072
67,Zhangzhi,pm_only,recent24,pm,day3,0.06644763011190753
67,Zhangzhi,pm_only,recent24,weather,day3,-0.06390936097734025
67,Zhangzhi,pm_only,recent24,joint,day3,-0.047091985272996316
67,Zhangzhi,pm_only,recent24,pm,full72,0.2506995131748783
67,Zhangzhi,pm_only,recent24,weather,full72,0.008197949049487263
67,Zhangzhi,pm_only,recent24,joint,full72,0.05777862844465711
67,Zhangzhi,weather_only,recent24,pm,day1,0.19575854943963733
67,Zhangzhi,weather_only,recent24,weather,day1,0.4240893250223312
67,Zhangzhi,weather_only,recent24,joint,day1,0.428506940126735
67,Zhangzhi,weather_only,recent24,pm,day3,-0.015016295254073815
67,Zhangzhi,weather_only,recent24,weather,day3,0.043513723878430964
67,Zhangzhi,weather_only,recent24,joint,day3,0.03504139476034869
67,Zhangzhi,weather_only,recent24,pm,full72,0.10163812190953046
67,Zhangzhi,weather_only,recent24,weather,full72,0.23675627468906865
67,Zhangzhi,weather_only,recent24,joint,full72,0.2356628659157165
67,Zhangzhi,joint,recent24,pm,day1,0.26290554872638716
67,Zhangzhi,joint,recent24,weather,day1,0.4030090217522554
67,Zhangzhi,joint,recent24,joint,day1,0.42625073106268274
67,Zhangzhi,joint,recent24,pm,day3,0.0026691996672999164
67,Zhangzhi,joint,recent24,weather,day3,0.025686409921602482
67,Zhangzhi,joint,recent24,joint,day3,0.022202131050532762
67,Zhangzhi,joint,recent24,pm,full72,0.1537756209439052
67,Zhangzhi,joint,recent24,weather,full72,0.21798070099517527
67,Zhangzhi,joint,recent24,joint,full72,0.2302228670557168
67,Zhangzhi,pm_only,full72,pm,day1,0.2844111756027939
67,Zhangzhi,pm_only,full72,weather,day1,0.057138812284703064
67,Zhangzhi,pm_only,full72,joint,day1,0.1134246088561522
67,Zhangzhi,pm_only,full72,pm,day3,0.10250046612511651
67,Zhangzhi,pm_only,full72,weather,day3,-0.08266506416626604
67,Zhangzhi,pm_only,full72,joint,day3,-0.05798147049536762
67,Zhangzhi,pm_only,full72,pm,full72,0.23207212601803148
67,Zhangzhi,pm_only,full72,weather,full72,-0.020698670174667543
67,Zhangzhi,pm_only,full72,joint,full72,0.025520608880152222
67,Zhangzhi,weather_only,full72,pm,day1,0.11221403655350914
67,Zhangzhi,weather_only,full72,weather,day1,0.2859741579935395
67,Zhangzhi,weather_only,full72,joint,day1,0.2852547503136876
67,Zhangzhi,weather_only,full72,pm,day3,-0.015392745848186461
67,Zhangzhi,weather_only,full72,weather,day3,0.06239024159756039
67,Zhangzhi,weather_only,full72,joint,day3,0.052997372749343186
67,Zhangzhi,weather_only,full72,pm,full72,0.03568181092045273
67,Zhangzhi,weather_only,full72,weather,full72,0.17660853665213416
67,Zhangzhi,weather_only,full72,joint,full72,0.16783019395754847
67,Zhangzhi,joint,full72,pm,day1,0.164002964000741
67,Zhangzhi,joint,full72,weather,day1,0.2722029485507371
67,Zhangzhi,joint,full72,joint,day1,0.2850973927743482
67,Zhangzhi,joint,full72,pm,day3,0.005750875437718859
67,Zhangzhi,joint,full72,weather,day3,0.04032296508074127
67,Zhangzhi,joint,full72,joint,day3,0.036844368211092056
67,Zhangzhi,joint,full72,pm,full72,0.08343159885789972
67,Zhangzhi,joint,full72,weather,full72,0.1574855103713776
67,Zhangzhi,joint,full72,joint,full72,0.16039878259969567
68,Linfen,pm_only,recent24,pm,day1,0.414553152138288
68,Linfen,pm_only,recent24,weather,day1,0.07810596752649188
68,Linfen,pm_only,recent24,joint,day1,0.1576087264021816
68,Linfen,pm_only,recent24,pm,day3,0.04644820611205153
68,Linfen,pm_only,recent24,weather,day3,-0.055400322350080584
68,Linfen,pm_only,recent24,joint,day3,-0.04153080588270147
68,Linfen,pm_only,recent24,pm,full72,0.2670412477603119
68,Linfen,pm_only,recent24,weather,full72,0.016577705644426413
68,Linfen,pm_only,recent24,joint,full72,0.06600676050169012
68,Linfen,weather_only,recent24,pm,day1,0.18700225375056342
68,Linfen,weather_only,recent24,weather,day1,0.46281300920325225
68,Linfen,weather_only,recent24,joint,day1,0.46401685400421355
68,Linfen,weather_only,recent24,pm,day3,-0.005699830424957606
68,Linfen,weather_only,recent24,weather,day3,0.045303242325810573
68,Linfen,weather_only,recent24,joint,day3,0.04597439349359837
68,Linfen,weather_only,recent24,pm,full72,0.10775098493774624
68,Linfen,weather_only,recent24,weather,full72,0.2745543386385847
68,Linfen,weather_only,recent24,joint,full72,0.27629264257316066
68,Linfen,joint,recent24,pm,day1,0.2611342762835691
68,Linfen,joint,recent24,weather,day1,0.436610884152721
68,Linfen,joint,recent24,joint,day1,0.458436908109227
68,Linfen,joint,recent24,pm,day3,0.005585644396411098
68,Linfen,joint,recent24,weather,day3,0.026333291083322767
68,Linfen,joint,recent24,joint,day3,0.030343756585939147
68,Linfen,joint,recent24,pm,full72,0.1594399883599971
68,Linfen,joint,recent24,weather,full72,0.24792275148068788
68,Linfen,joint,recent24,joint,full72,0.26202133300533326
68,Linfen,pm_only,full72,pm,day1,0.3231206382801595
68,Linfen,pm_only,full72,weather,day1,0.03184920646230161
68,Linfen,pm_only,full72,joint,day1,0.09563651990912997
68,Linfen,pm_only,full72,pm,day3,0.087971355992839
68,Linfen,pm_only,full72,weather,day3,-0.04701042575260644
68,Linfen,pm_only,full72,joint,day3,-0.030312577578144394
68,Linfen,pm_only,full72,pm,full72,0.249880779970195
68,Linfen,pm_only,full72,weather,full72,-0.024453454613363654
68,Linfen,pm_only,full72,joint,full72,0.02145895436473859
68,Linfen,weather_only,full72,pm,day1,0.1240608220152055
68,Linfen,weather_only,full72,weather,day1,0.27829630857407717
68,Linfen,weather_only,full72,joint,day1,0.2788803577200894
68,Linfen,weather_only,full72,pm,day3,-0.03380689445172361
68,Linfen,weather_only,full72,weather,day3,0.07316737229184307
68,Linfen,weather_only,full72,joint,day3,0.06357153689288422
68,Linfen,weather_only,full72,pm,full72,0.03346811336702834
68,Linfen,weather_only,full72,weather,full72,0.19556756339189083
68,Linfen,weather_only,full72,joint,full72,0.18910662677665668
68,Linfen,joint,full72,pm,day1,0.17580363795090947
68,Linfen,joint,full72,weather,day1,0.2567594381898596
68,Linfen,joint,full72,joint,day1,0.271003716250929
68,Linfen,joint,full72,pm,day3,-0.01288273672068418
68,Linfen,joint,full72,weather,day3,0.06217589754397437
68,Linfen,joint,full72,joint,day3,0.055800088950022225
68,Linfen,joint,full72,pm,full72,0.07928860232215057
68,Linfen,joint,full72,weather,full72,0.17467835116958777
68,Linfen,joint,full72,joint,full72,0.17783389745847436
69,Yangquan,pm_only,recent24,pm,day1,0.3926297976574494
69,Yangquan,pm_only,recent24,weather,day1,0.09696934074233517
69,Yangquan,pm_only,recent24,joint,day1,0.17324986781246696
69,Yangquan,pm_only,recent24,pm,day3,0.03462161815540454
69,Yangquan,pm_only,recent24,weather,day3,-0.03633737258434314
69,Yangquan,pm_only,recent24,joint,day3,-0.022596868149217037
69,Yangquan,pm_only,recent24,pm,full72,0.2545453146363286
69,Yangquan,pm_only,recent24,weather,full72,0.0443867915966979
69,Yangquan,pm_only,recent24,joint,full72,0.08881287870321966
69,Yangquan,weather_only,recent24,pm,day1,0.17631345207836302
69,Yangquan,weather_only,recent24,weather,day1,0.4506847951711988
69,Yangquan,weather_only,recent24,joint,day1,0.45448424062106013
69,Yangquan,weather_only,recent24,pm,day3,-0.03492383973095993
69,Yangquan,weather_only,recent24,weather,day3,0.08061044315261078
69,Yangquan,weather_only,recent24,joint,day3,0.07040258210064552
69,Yangquan,weather_only,recent24,pm,full72,0.07553098438274608
69,Yangquan,weather_only,recent24,weather,full72,0.2931902232975558
69,Yangquan,weather_only,recent24,joint,full72,0.2877568004392001
69,Yangquan,joint,recent24,pm,day1,0.2487878406969602
69,Yangquan,joint,recent24,weather,day1,0.43807760551940134
69,Yangquan,joint,recent24,joint,day1,0.46089833072458264
69,Yangquan,joint,recent24,pm,day3,-0.02426275056568764
69,Yangquan,joint,recent24,weather,day3,0.07024510006127502
69,Yangquan,joint,recent24,joint,day3,0.06335826533956634
69,Yangquan,joint,recent24,pm,full72,0.12701356975339242
69,Yangquan,joint,recent24,weather,full72,0.2853074213268553
69,Yangquan,joint,recent24,joint,full72,0.29000270000067496
69,Yangquan,pm_only,full72,pm,day1,0.26647539511884877
69,Yangquan,pm_only,full72,weather,day1,0.06195562698890675
69,Yangquan,pm_only,full72,joint,day1,0.11671964767991191
69,Yangquan,pm_only,full72,pm,day3,0.030862068215517055
69,Yangquan,pm_only,full72,weather,day3,-0.05025597356399339
69,Yangquan,pm_only,full72,joint,day3,-0.03860278565069641
69,Yangquan,pm_only,full72,pm,full72,0.19073718418429605
69,Yangquan,pm_only,full72,weather,full72,0.015723908430977106
69,Yangquan,pm_only,full72,joint,full72,0.04927999231999808
69,Yangquan,weather_only,full72,pm,day1,0.11562524290631071
69,Yangquan,weather_only,full72,weather,day1,0.30823944355986094
69,Yangquan,weather_only,full72,joint,day1,0.31030095707523925
69,Yangquan,weather_only,full72,pm,day3,-0.030097119024279757
69,Yangquan,weather_only,full72,weather,day3,0.06256185664046415
69,Yangquan,weather_only,full72,joint,day3,0.05566231391557847
69,Yangquan,weather_only,full72,pm,full72,0.04895904773976193
69,Yangquan,weather_only,full72,weather,full72,0.2186857491714373
69,Yangquan,weather_only,full72,joint,full72,0.21339715434928858
69,Yangquan,joint,full72,pm,day1,0.16263109215777302
69,Yangquan,joint,full72,weather,day1,0.29936652284163073
69,Yangquan,joint,full72,joint,day1,0.31407628701907175
69,Yangquan,joint,full72,pm,day3,-0.016868107217026803
69,Yangquan,joint,full72,weather,day3,0.051974937993734496
69,Yangquan,joint,full72,joint,day3,0.04839641409910352
69,Yangquan,joint,full72,pm,full72,0.08866283516570879
69,Yangquan,joint,full72,weather,full72,0.20933974033493508
69,Yangquan,joint,full72,joint,full72,0.2120426660106665
70,Jinzhou,pm_only,recent24,pm,day1,0.2943379725844931
70,Jinzhou,pm_only,recent24,weather,day1,0.10757301439325359
70,Jinzhou,pm_only,recent24,joint,day1,0.16253180713295176
70,Jinzhou,pm_only,recent24,pm,day3,0.05565406541351634
70,Jinzhou,pm_only,recent24,weather,day3,0.03226268756567189
70,Jinzhou,pm_only,recent24,joint,day3,0.03628298107074526
70,Jinzhou,pm_only,recent24,pm,full72,0.21408034152008537
70,Jinzhou,pm_only,recent24,weather,full72,0.08478131269532817
70,Jinzhou,pm_only,recent24,joint,full72,0.11521248180312045
70,Jinzhou,weather_only,recent24,pm,day1,0.14494670873667717
70,Jinzhou,weather_only,recent24,weather,day1,0.38968459192114796
70,Jinzhou,weather_only,recent24,joint,day1,0.38702537625634403
70,Jinzhou,weather_only,recent24,pm,day3,0.07437596009399002
70,Jinzhou,weather_only,recent24,weather,day3,0.09045660011415002
70,Jinzhou,weather_only,recent24,joint,day3,0.0892243168060792
70,Jinzhou,weather_only,recent24,pm,full72,0.09268269967067491
70,Jinzhou,weather_only,recent24,weather,full72,0.2523333420833355
70,Jinzhou,weather_only,recent24,joint,full72,0.24612936903234223
70,Jinzhou,joint,recent24,pm,day1,0.1974237508559377
70,Jinzhou,joint,recent24,weather,day1,0.3779013824753456
70,Jinzhou,joint,recent24,joint,day1,0.3888959787239947
70,Jinzhou,joint,recent24,pm,day3,0.08006981751745437
70,Jinzhou,joint,recent24,weather,day3,0.08691396072849018
70,Jinzhou,joint,recent24,joint,day3,0.0873576428394107
70,Jinzhou,joint,recent24,pm,full72,0.13193747848436962
70,Jinzhou,joint,recent24,weather,full72,0.246734940183735
70,Jinzhou,joint,recent24,joint,full72,0.24869715817428953
70,Jinzhou,pm_only,full72,pm,day1,0.22217765704441428
70,Jinzhou,pm_only,full72,weather,day1,0.09678810169702541
70,Jinzhou,pm_only,full72,joint,day1,0.1318748459687115
70,Jinzhou,pm_only,full72,pm,day3,0.09022906505726624
70,Jinzhou,pm_only,full72,weather,day3,0.014320692580173143
70,Jinzhou,pm_only,full72,joint,day3,0.029003875250968814
70,Jinzhou,pm_only,full72,pm,full72,0.1974413803603451
70,Jinzhou,pm_only,full72,weather,full72,0.04839727659931915
70,Jinzhou,pm_only,full72,joint,full72,0.07370711292677823
70,Jinzhou,weather_only,full72,pm,day1,0.06461429665357417
70,Jinzhou,weather_only,full72,weather,day1,0.23968728742182185
70,Jinzhou,weather_only,full72,joint,day1,0.22873901868475469
70,Jinzhou,weather_only,full72,pm,day3,0.014207489051872262
70,Jinzhou,weather_only,full72,weather,day3,0.06930174382543595
70,Jinzhou,weather_only,full72,joint,day3,0.058891385722846426
70,Jinzhou,weather_only,full72,pm,full72,0.010993931748482937
70,Jinzhou,weather_only,full72,weather,full72,0.15097278174319542
70,Jinzhou,weather_only,full72,joint,full72,0.1376634644158661
70,Jinzhou,joint,full72,pm,day1,0.10221030305257577
70,Jinzhou,joint,full72,weather,day1,0.23443820860955214
70,Jinzhou,joint,full72,joint,day1,0.23132666783166697
70,Jinzhou,joint,full72,pm,day3,0.026358128089532022
70,Jinzhou,joint,full72,weather,day3,0.06333547733386932
70,Jinzhou,joint,full72,joint,day3,0.055887873471968365
70,Jinzhou,joint,full72,pm,full72,0.043779412944853234
70,Jinzhou,joint,full72,weather,full72,0.1444090456022614
70,Jinzhou,joint,full72,joint,full72,0.1364459876114969
71,Wuhu,pm_only,recent24,pm,day1,0.29967431091857777
71,Wuhu,pm_only,recent24,weather,day1,0.05173478943369735
71,Wuhu,pm_only,recent24,joint,day1,0.12610374902593727
71,Wuhu,pm_only,recent24,pm,day3,0.04310803377700845
71,Wuhu,pm_only,recent24,weather,day3,0.019276257319064332
71,Wuhu,pm_only,recent24,joint,day3,0.030105333026333257
71,Wuhu,pm_only,recent24,pm,full72,0.1825704756426189
71,Wuhu,pm_only,recent24,weather,full72,0.023516965379241344
71,Wuhu,pm_only,recent24,joint,full72,0.06890648472662118
71,Wuhu,weather_only,recent24,pm,day1,0.11071266817816705
71,Wuhu,weather_only,recent24,weather,day1,0.4903656580914145
71,Wuhu,weather_only,recent24,joint,day1,0.48469136067284013
71,Wuhu,weather_only,recent24,pm,day3,-0.051430682357670586
71,Wuhu,weather_only,recent24,weather,day3,0.10622358255589563
71,Wuhu,weather_only,recent24,joint,day3,0.08606950701737676
71,Wuhu,weather_only,recent24,pm,full72,0.027659712914928226
71,Wuhu,weather_only,recent24,weather,full72,0.3011427812856953
71,Wuhu,weather_only,recent24,joint,full72,0.28760299190074795
71,Wuhu,joint,recent24,pm,day1,0.17680362520090628
71,Wuhu,joint,recent24,weather,day1,0.4646301246575311
71,Wuhu,joint,recent24,joint,day1,0.48070566767641687
71,Wuhu,joint,recent24,pm,day3,-0.03516595779148945
71,Wuhu,joint,recent24,weather,day3,0.10725085781271446
71,Wuhu,joint,recent24,joint,day3,0.09131902382975596
71,Wuhu,joint,recent24,pm,full72,0.07235223458805864
71,Wuhu,joint,recent24,weather,full72,0.2861189860297465
71,Wuhu,joint,recent24,joint,full72,0.2861699065424766
71,Wuhu,pm_only,full72,pm,day1,0.1864061221015305
71,Wuhu,pm_only,full72,weather,day1,0.025439268359817087
71,Wuhu,pm_only,full72,joint,day1,0.07698812224703055
71,Wuhu,pm_only,full72,pm,day3,0.040121461030365256
71,Wuhu,pm_only,full72,weather,day3,0.006512565128141283
71,Wuhu,pm_only,full72,joint,day3,0.014714597178649293
71,Wuhu,pm_only,full72,pm,full72,0.13806163501540875
71,Wuhu,pm_only,full72,weather,full72,0.012661272165318042
71,Wuhu,pm_only,full72,joint,full72,0.045511118377779596
71,Wuhu,weather_only,full72,pm,day1,0.03448745812186453
71,Wuhu,weather_only,full72,weather,day1,0.3263361875840469
71,Wuhu,weather_only,full72,joint,day1,0.31549940637485163
71,Wuhu,weather_only,full72,pm,day3,-0.03662416815604203
71,Wuhu,weather_only,full72,weather,day3,0.07036977259244315
71,Wuhu,weather_only,full72,joint,day3,0.05509665177416294
71,Wuhu,weather_only,full72,pm,full72,-0.007612981903245475
71,Wuhu,weather_only,full72,weather,full72,0.20838445309611325
71,Wuhu,weather_only,full72,joint,full72,0.19084602571150644
71,Wuhu,joint,full72,pm,day1,0.07619480954870239
71,Wuhu,joint,full72,weather,day1,0.30924536631134153
71,Wuhu,joint,full72,joint,day1,0.31209569102392276
71,Wuhu,joint,full72,pm,day3,-0.02062309715577429
71,Wuhu,joint,full72,weather,day3,0.07438244609561152
71,Wuhu,joint,full72,joint,day3,0.0626653191663298
71,Wuhu,joint,full72,pm,full72,0.029542247885561975
71,Wuhu,joint,full72,weather,full72,0.20015166353791589
71,Wuhu,joint,full72,joint,full72,0.19243268710817174
72,Maanshan,pm_only,recent24,pm,day1,0.33377779744444935
72,Maanshan,pm_only,recent24,weather,day1,0.07385981896495475
72,Maanshan,pm_only,recent24,joint,day1,0.15741865385466347
72,Maanshan,pm_only,recent24,pm,day3,0.06811299952824988
72,Maanshan,pm_only,recent24,weather,day3,0.022548850137212535
72,Maanshan,pm_only,recent24,joint,day3,0.03985055646263912
72,Maanshan,pm_only,recent24,pm,full72,0.21292306873076716
72,Maanshan,pm_only,recent24,weather,full72,0.045523014880753714
72,Maanshan,pm_only,recent24,joint,full72,0.09708742977185744
72,Maanshan,weather_only,recent24,pm,day1,0.12213441353360337
72,Maanshan,weather_only,recent24,weather,day1,0.4972019428004857
72,Maanshan,weather_only,recent24,joint,day1,0.4917875369468842
72,Maanshan,weather_only,recent24,pm,day3,0.0024766821191705294
72,Maanshan,weather_only,recent24,weather,day3,0.08916771129192781
72,Maanshan,weather_only,recent24,joint,day3,0.08258301864575467
72,Maanshan,weather_only,recent24,pm,full72,0.07268103167025791
72,Maanshan,weather_only,recent24,weather,full72,0.29153879938469984
72,Maanshan,weather_only,recent24,joint,full72,0.2897936794484199
72,Maanshan,joint,recent24,pm,day1,0.1938589684647421
72,Maanshan,joint,recent24,weather,day1,0.47329867332466835
72,Maanshan,joint,recent24,joint,day1,0.4920820425205107
72,Maanshan,joint,recent24,pm,day3,0.01810761752690438
72,Maanshan,joint,recent24,weather,day3,0.09201645950411487
72,Maanshan,joint,recent24,joint,day3,0.08943683385920846
72,Maanshan,joint,recent24,pm,full72,0.11841977060494265
72,Maanshan,joint,recent24,weather,full72,0.27975227943806985
72,Maanshan,joint,recent24,joint,full72,0.2914850108712527
72,Maanshan,pm_only,full72,pm,day1,0.20640685260171315
72,Maanshan,pm_only,full72,weather,day1,0.04189735047433761
72,Maanshan,pm_only,full72,joint,day1,0.09852371913092979
72,Maanshan,pm_only,full72,pm,day3,0.07672534168133541
72,Maanshan,pm_only,full72,weather,day3,0.010672651168162793
72,Maanshan,pm_only,full72,joint,day3,0.03130558982639746
72,Maanshan,pm_only,full72,pm,full72,0.1641235700308925
72,Maanshan,pm_only,full72,weather,full72,0.01657501164375291
72,Maanshan,pm_only,full72,joint,full72,0.055965000491250125
72,Maanshan,weather_only,full72,pm,day1,0.04912644178161044
72,Maanshan,weather_only,full72,weather,day1,0.3240818670204667
72,Maanshan,weather_only,full72,joint,day1,0.31490110272527566
72,Maanshan,weather_only,full72,pm,day3,0.010065748016437004
72,Maanshan,weather_only,full72,weather,day3,0.05740030735007683
72,Maanshan,weather_only,full72,joint,day3,0.05502472075618019
72,Maanshan,weather_only,full72,pm,full72,0.03185428846357211
72,Maanshan,weather_only,full72,weather,full72,0.19425223856305962
72,Maanshan,weather_only,full72,joint,full72,0.1894755743688936
72,Maanshan,joint,full72,pm,day1,0.09210498802624699
72,Maanshan,joint,full72,weather,day1,0.30801527750381935
72,Maanshan,joint,full72,joint,day1,0.31342771685692916
72,Maanshan,joint,full72,pm,day3,0.028651063162765784
72,Maanshan,joint,full72,weather,day3,0.06379952794988197
72,Maanshan,joint,full72,joint,day3,0.06577640544410135
72,Maanshan,joint,full72,pm,full72,0.06885105221276305
72,Maanshan,joint,full72,weather,full72,0.18711529677882419
72,Maanshan,joint,full72,joint,full72,0.19184725796181448
73,Jiujiang,pm_only,recent24,pm,day1,0.4227141396785349
73,Jiujiang,pm_only,recent24,weather,day1,0.07078291019572755
73,Jiujiang,pm_only,recent24,joint,day1,0.17715305778826443
73,Jiujiang,pm_only,recent24,pm,day3,0.03430244957561239
73,Jiujiang,pm_only,recent24,weather,day3,0.011872760968190243
73,Jiujiang,pm_only,recent24,joint,day3,0.025779369444842357
73,Jiujiang,pm_only,recent24,pm,full72,0.269692283923071
73,Jiujiang,pm_only,recent24,weather,full72,0.0315775923943981
73,Jiujiang,pm_only,recent24,joint,full72,0.10199793899948476
73,Jiujiang,weather_only,recent24,pm,day1,0.15445668711417176
73,Jiujiang,weather_only,recent24,weather,day1,0.49032745008186257
73,Jiujiang,weather_only,recent24,joint,day1,0.4867384966846241
73,Jiujiang,weather_only,recent24,pm,day3,-0.051489594872398715
73,Jiujiang,weather_only,recent24,weather,day3,0.09423514755878688
73,Jiujiang,weather_only,recent24,joint,day3,0.06499942774985694
73,Jiujiang,weather_only,recent24,pm,full72,0.0408209052052263
73,Jiujiang,weather_only,recent24,weather,full72,0.30804415551103886
73,Jiujiang,weather_only,recent24,joint,full72,0.28808880302220075
73,Jiujiang,joint,recent24,pm,day1,0.25286511921627974
73,Jiujiang,joint,recent24,weather,day1,0.4695343743835936
73,Jiujiang,joint,recent24,joint,day1,0.49881918470479614
73,Jiujiang,joint,recent24,pm,day3,-0.03497644624411156
73,Jiujiang,joint,recent24,weather,day3,0.08613380303345075
73,Jiujiang,joint,recent24,joint,day3,0.06420889455222363
73,Jiujiang,joint,recent24,pm,full72,0.11348089637022409
73,Jiujiang,joint,recent24,weather,full72,0.28910126427531607
73,Jiujiang,joint,recent24,joint,full72,0.2926019816504954
73,Jiujiang,pm_only,full72,pm,day1,0.28426057256514314
73,Jiujiang,pm_only,full72,weather,day1,0.063986055996514
73,Jiujiang,pm_only,full72,joint,day1,0.1323313215828304
73,Jiujiang,pm_only,full72,pm,day3,0.00035917808979452244
73,Jiujiang,pm_only,full72,weather,day3,0.019401420350355088
73,Jiujiang,pm_only,full72,joint,day3,0.01892764073191018
73,Jiujiang,pm_only,full72,pm,full72,0.16267162666790666
73,Jiujiang,pm_only,full72,weather,full72,0.03751098037774509
73,Jiujiang,pm_only,full72,joint,full72,0.07926353131588283
73,Jiujiang,weather_only,full72,pm,day1,0.09708091827022956
73,Jiujiang,weather_only,full72,weather,day1,0.3285324746331187
73,Jiujiang,weather_only,full72,joint,day1,0.32263537915884477
73,Jiujiang,weather_only,full72,pm,day3,-0.07740205485051371
73,Jiujiang,weather_only,full72,weather,day3,0.05397813149453287
73,Jiujiang,weather_only,full72,joint,day3,0.023466380866595214
73,Jiujiang,weather_only,full72,pm,full72,-0.00026907906726976683
73,Jiujiang,weather_only,full72,weather,full72,0.19695089673772417
73,Jiujiang,weather_only,full72,joint,full72,0.17499730074932518
73,Jiujiang,joint,full72,pm,day1,0.1537782444445611
73,Jiujiang,joint,full72,weather,day1,0.31914421078605265
73,Jiujiang,joint,full72,joint,day1,0.32990835747708935
73,Jiujiang,joint,full72,pm,day3,-0.06413942353485588
73,Jiujiang,joint,full72,weather,day3,0.05651869862967466
73,Jiujiang,joint,full72,joint,day3,0.02959507189876797
73,Jiujiang,joint,full72,pm,full72,0.041999230499807624
73,Jiujiang,joint,full72,weather,full72,0.19225940706485176
73,Jiujiang,joint,full72,joint,full72,0.18245921011480254
74,Luoyang,pm_only,recent24,pm,day1,0.4076550959137739
74,Luoyang,pm_only,recent24,weather,day1,0.10654604663651167
74,Luoyang,pm_only,recent24,joint,day1,0.19974619993654996
74,Luoyang,pm_only,recent24,pm,day3,0.05085939671484918
74,Luoyang,pm_only,recent24,weather,day3,0.0016462789115697276
74,Luoyang,pm_only,recent24,joint,day3,0.007633381908345477
74,Luoyang,pm_only,recent24,pm,full72,0.2613315773328943
74,Luoyang,pm_only,recent24,weather,full72,0.04710486577621644
74,Luoyang,pm_only,recent24,joint,full72,0.10145422786355697
74,Luoyang,weather_only,recent24,pm,day1,0.11553735938433986
74,Luoyang,weather_only,recent24,weather,day1,0.43723700230925056
74,Luoyang,weather_only,recent24,joint,day1,0.4262356350589087
74,Luoyang,weather_only,recent24,pm,day3,-0.035938550984637746
74,Luoyang,weather_only,recent24,weather,day3,0.055185063296265824
74,Luoyang,weather_only,recent24,joint,day3,0.03698361624590406
74,Luoyang,weather_only,recent24,pm,full72,0.04940094785023696
74,Luoyang,weather_only,recent24,weather,full72,0.28050137662534413
74,Luoyang,weather_only,recent24,joint,full72,0.26490361372590343
74,Luoyang,joint,recent24,pm,day1,0.2095447828861957
74,Luoyang,joint,recent24,weather,day1,0.42580317145079283
74,Luoyang,joint,recent24,joint,day1,0.44536406584101645
74,Luoyang,joint,recent24,pm,day3,-0.018085720521430128
74,Luoyang,joint,recent24,weather,day3,0.04994102898525725
74,Luoyang,joint,recent24,joint,day3,0.03592713898178475
74,Luoyang,joint,recent24,pm,full72,0.11265276866319215
74,Luoyang,joint,recent24,weather,full72,0.2670704872676218
74,Luoyang,joint,recent24,joint,full72,0.270335304083826
74,Luoyang,pm_only,full72,pm,day1,0.3056902289225572
74,Luoyang,pm_only,full72,weather,day1,0.08628500457125113
74,Luoyang,pm_only,full72,joint,day1,0.1559278574819644
74,Luoyang,pm_only,full72,pm,day3,0.07826379456594865
74,Luoyang,pm_only,full72,weather,day3,-0.016258541564635392
74,Luoyang,pm_only,full72,joint,day3,-0.0009424142356035588
74,Luoyang,pm_only,full72,pm,full72,0.24384353496088376
74,Luoyang,pm_only,full72,weather,full72,0.012032520008130002
74,Luoyang,pm_only,full72,joint,full72,0.06346079186519796
74,Luoyang,weather_only,full72,pm,day1,0.09720118530029632
74,Luoyang,weather_only,full72,weather,day1,0.265722103930526
74,Luoyang,weather_only,full72,joint,day1,0.25993271148317787
74,Luoyang,weather_only,full72,pm,day3,-0.05663787815946953
74,Luoyang,weather_only,full72,weather,day3,0.06678296119574029
74,Luoyang,weather_only,full72,joint,day3,0.04116828129207032
74,Luoyang,weather_only,full72,pm,full72,0.006329535082383771
74,Luoyang,weather_only,full72,weather,full72,0.17982391945597986
74,Luoyang,weather_only,full72,joint,full72,0.1591727347931837
74,Luoyang,joint,full72,pm,day1,0.16303542025885506
74,Luoyang,joint,full72,weather,day1,0.264739776184944
74,Luoyang,joint,full72,joint,day1,0.2781055910263977
74,Luoyang,joint,full72,pm,day3,-0.03354031738507935
74,Luoyang,joint,full72,weather,day3,0.06172131343032835
74,Luoyang,joint,full72,joint,day3,0.04281374420343605
74,Luoyang,joint,full72,pm,full72,0.06389897497474374
74,Luoyang,joint,full72,weather,full72,0.17021338105334527
74,Luoyang,joint,full72,joint,full72,0.16563272490818123
75,Anyang,pm_only,recent24,pm,day1,0.37040570060142514
75,Anyang,pm_only,recent24,weather,day1,0.07052451413112852
75,Anyang,pm_only,recent24,joint,day1,0.15929581282395322
75,Anyang,pm_only,recent24,pm,day3,0.01690029272507318
75,Anyang,pm_only,recent24,weather,day3,-0.029407783351945837
75,Anyang,pm_only,recent24,joint,day3,-0.025935918483979616
75,Anyang,pm_only,recent24,pm,full72,0.2309705017426254
75,Anyang,pm_only,recent24,weather,full72,-0.007395864348966088
75,Anyang,pm_only,recent24,joint,full72,0.045006624751656184
75,Anyang,weather_only,recent24,pm,day1,0.14221098255274564
75,Anyang,weather_only,recent24,weather,day1,0.3906181996545499
75,Anyang,weather_only,recent24,joint,day1,0.3932458238114559
75,Anyang,weather_only,recent24,pm,day3,-0.046130308032577005
75,Anyang,weather_only,recent24,weather,day3,0.03789229097307274
75,Anyang,weather_only,recent24,joint,day3,0.03054181063545266
75,Anyang,weather_only,recent24,pm,full72,0.06505567026391756
75,Anyang,weather_only,recent24,weather,full72,0.20486853021713253
75,Anyang,weather_only,recent24,joint,full72,0.20186260896565222
75,Anyang,joint,recent24,pm,day1,0.22111547977886992
75,Anyang,joint,recent24,weather,day1,0.3720162585040646
75,Anyang,joint,recent24,joint,day1,0.40326637681659416
75,Anyang,joint,recent24,pm,day3,-0.033887571971892995
75,Anyang,joint,recent24,weather,day3,0.029238844309711076
75,Anyang,joint,recent24,joint,day3,0.024291582072895515
75,Anyang,joint,recent24,pm,full72,0.12163785940946484
75,Anyang,joint,recent24,weather,full72,0.18585088346272086
75,Anyang,joint,recent24,joint,full72,0.19971599592899897
75,Anyang,pm_only,full72,pm,day1,0.2635325788831447
75,Anyang,pm_only,full72,weather,day1,0.04048309012077252
75,Anyang,pm_only,full72,joint,day1,0.11005064151266036
75,Anyang,pm_only,full72,pm,day3,0.047572688893172226
75,Anyang,pm_only,full72,weather,day3,-0.050036306009076506
75,Anyang,pm_only,full72,joint,day3,-0.04091221172805293
75,Anyang,pm_only,full72,pm,full72,0.20261200915300226
75,Anyang,pm_only,full72,weather,full72,-0.030950884737721188
75,Anyang,pm_only,full72,joint,full72,0.015570048892512223
75,Anyang,weather_only,full72,pm,day1,0.06551273387818347
75,Anyang,weather_only,full72,weather,day1,0.25634719308679826
75,Anyang,weather_only,full72,joint,day1,0.2539159669789917
75,Anyang,weather_only,full72,pm,day3,-0.039242813310703326
75,Anyang,weather_only,full72,weather,day3,0.05172525993131497
75,Anyang,weather_only,full72,joint,day3,0.04074812668703167
75,Anyang,weather_only,full72,pm,full72,0.011026159256539814
75,Anyang,weather_only,full72,weather,full72,0.14986440296610073
75,Anyang,weather_only,full72,joint,full72,0.14242346060586514
75,Anyang,joint,full72,pm,day1,0.12297349574337392
75,Anyang,joint,full72,weather,day1,0.2431657027914257
75,Anyang,joint,full72,joint,day1,0.25870625117656276
75,Anyang,joint,full72,pm,day3,-0.029608226902056722
75,Anyang,joint,full72,weather,day3,0.03461624965406242
75,Anyang,joint,full72,joint,day3,0.026501328625332155
75,Anyang,joint,full72,pm,full72,0.057290189322547334
75,Anyang,joint,full72,weather,full72,0.12765565841391457
75,Anyang,joint,full72,joint,full72,0.13311531027882756
76,Kaifeng,pm_only,recent24,pm,day1,0.2954901123725281
76,Kaifeng,pm_only,recent24,weather,day1,0.08889533072383267
76,Kaifeng,pm_only,recent24,joint,day1,0.1561828695457174
76,Kaifeng,pm_only,recent24,pm,day3,0.017123804780951195
76,Kaifeng,pm_only,recent24,weather,day3,0.04212167553041888
76,Kaifeng,pm_only,recent24,joint,day3,0.039599564399891096
76,Kaifeng,pm_only,recent24,pm,full72,0.16362519490629873
76,Kaifeng,pm_only,recent24,weather,full72,0.06329308432327108
76,Kaifeng,pm_only,recent24,joint,full72,0.09079231819807954
76,Kaifeng,weather_only,recent24,pm,day1,0.14320392280098068
76,Kaifeng,weather_only,recent24,weather,day1,0.4195389073847268
76,Kaifeng,weather_only,recent24,joint,day1,0.4128804912201228
76,Kaifeng,weather_only,recent24,pm,day3,-0.04931742182935545
76,Kaifeng,weather_only,recent24,weather,day3,0.07295977973994494
76,Kaifeng,weather_only,recent24,joint,day3,0.058900708225177054
76,Kaifeng,weather_only,recent24,pm,full72,0.04673642968410742
76,Kaifeng,weather_only,recent24,weather,full72,0.25187388296847074
76,Kaifeng,weather_only,recent24,joint,full72,0.24210532852633213
76,Kaifeng,joint,recent24,pm,day1,0.20586170596542647
76,Kaifeng,joint,recent24,weather,day1,0.4084138606034651
76,Kaifeng,joint,recent24,joint,day1,0.42392775398193844
76,Kaifeng,joint,recent24,pm,day3,-0.03391284097821024
76,Kaifeng,joint,recent24,weather,day3,0.07540001335000333
76,Kaifeng,joint,recent24,joint,day3,0.06423687255921814
76,Kaifeng,joint,recent24,pm,full72,0.09023108405777101
76,Kaifeng,joint,recent24,weather,full72,0.24581848195462044
76,Kaifeng,joint,recent24,joint,full72,0.2479080694770174
76,Kaifeng,pm_only,full72,pm,day1,0.1953294353323588
76,Kaifeng,pm_only,full72,weather,day1,0.0869892472473118
76,Kaifeng,pm_only,full72,joint,day1,0.1295918528979632
76,Kaifeng,pm_only,full72,pm,day3,0.028303942075985515
76,Kaifeng,pm_only,full72,weather,day3,0.00231549207887302
76,Kaifeng,pm_only,full72,joint,day3,0.0076239094059773515
76,Kaifeng,pm_only,full72,pm,full72,0.12839250059812515
76,Kaifeng,pm_only,full72,weather,full72,0.0376590664147666
76,Kaifeng,pm_only,full72,joint,full72,0.06198829699707425
76,Kaifeng,weather_only,full72,pm,day1,0.07455762063940516
76,Kaifeng,weather_only,full72,weather,day1,0.27700483375120843
76,Kaifeng,weather_only,full72,joint,day1,0.2653399488349872
76,Kaifeng,weather_only,full72,pm,day3,-0.061449825362456335
76,Kaifeng,weather_only,full72,weather,day3,0.05763452940863235
76,Kaifeng,weather_only,full72,joint,day3,0.043138284284571074
76,Kaifeng,weather_only,full72,pm,full72,-0.007050135262533815
76,Kaifeng,weather_only,full72,weather,full72,0.16007703401925852
76,Kaifeng,weather_only,full72,joint,full72,0.14545638786409695
76,Kaifeng,joint,full72,pm,day1,0.11198007099501774
76,Kaifeng,joint,full72,weather,day1,0.2737754769438693
76,Kaifeng,joint,full72,joint,day1,0.274441384110346
76,Kaifeng,joint,full72,pm,day3,-0.05012497403124351
76,Kaifeng,joint,full72,weather,day3,0.052177531044382754
76,Kaifeng,joint,full72,joint,day3,0.04022533755633439
76,Kaifeng,joint,full72,pm,full72,0.02247684411921103
76,Kaifeng,joint,full72,weather,full72,0.15232312108078028
76,Kaifeng,joint,full72,joint,full72,0.1458219979554995
77,Jiaozuo,pm_only,recent24,pm,day1,0.4334914113728528
77,Jiaozuo,pm_only,recent24,weather,day1,0.0817973244493311
77,Jiaozuo,pm_only,recent24,joint,day1,0.17930902032725507
77,Jiaozuo,pm_only,recent24,pm,day3,0.08882224770556192
77,Jiaozuo,pm_only,recent24,weather,day3,-0.02627440256860064
77,Jiaozuo,pm_only,recent24,joint,day3,-0.010216261054065262
77,Jiaozuo,pm_only,recent24,pm,full72,0.31229078707269675
77,Jiaozuo,pm_only,recent24,weather,full72,0.02243324060831015
77,Jiaozuo,pm_only,recent24,joint,full72,0.08422114805528702
77,Jiaozuo,weather_only,recent24,pm,day1,0.1653996608499152
77,Jiaozuo,weather_only,recent24,weather,day1,0.4109014717253679
77,Jiaozuo,weather_only,recent24,joint,day1,0.416362568090642
77,Jiaozuo,weather_only,recent24,pm,day3,0.01390972247743062
77,Jiaozuo,weather_only,recent24,weather,day3,0.06565564341391086
77,Jiaozuo,weather_only,recent24,joint,day3,0.06513038378259595
77,Jiaozuo,weather_only,recent24,pm,full72,0.10467008466752116
77,Jiaozuo,weather_only,recent24,weather,full72,0.2553255878313969
77,Jiaozuo,weather_only,recent24,joint,full72,0.2579851724962931
77,Jiaozuo,joint,recent24,pm,day1,0.2578345709586427
77,Jiaozuo,joint,recent24,weather,day1,0.3991943797985949
77,Jiaozuo,joint,recent24,joint,day1,0.4328381837095459
77,Jiaozuo,joint,recent24,pm,day3,0.03727608031902008
77,Jiaozuo,joint,recent24,weather,day3,0.05482397270599317
77,Jiaozuo,joint,recent24,joint,day3,0.05936683034170759
77,Jiaozuo,joint,recent24,pm,full72,0.17622068905517227
77,Jiaozuo,joint,recent24,weather,full72,0.23966531091632773
77,Jiaozuo,joint,recent24,joint,full72,0.2608180027045007
77,Jiaozuo,pm_only,full72,pm,day1,0.33516241479060366
77,Jiaozuo,pm_only,full72,weather,day1,0.05199481449870362
77,Jiaozuo,pm_only,full72,joint,day1,0.12566031141507783
77,Jiaozuo,pm_only,full72,pm,day3,0.1487050751762688
77,Jiaozuo,pm_only,full72,weather,day3,-0.0425519236379809
77,Jiaozuo,pm_only,full72,joint,day3,-0.009052418263104565
77,Jiaozuo,pm_only,full72,pm,full72,0.29798451849612956
77,Jiaozuo,pm_only,full72,weather,full72,-0.017677537419384354
77,Jiaozuo,pm_only,full72,joint,full72,0.043956715989178996
77,Jiaozuo,weather_only,full72,pm,day1,0.12549306737326685
77,Jiaozuo,weather_only,full72,weather,day1,0.2830954412738603
77,Jiaozuo,weather_only,full72,joint,day1,0.2892774483193621
77,Jiaozuo,weather_only,full72,pm,day3,-0.0005210536302634076
77,Jiaozuo,weather_only,full72,weather,day3,0.053701237425309356
77,Jiaozuo,weather_only,full72,joint,day3,0.050853021713255425
77,Jiaozuo,weather_only,full72,pm,full72,0.06919407079851769
77,Jiaozuo,weather_only,full72,weather,full72,0.18303184725796182
77,Jiaozuo,weather_only,full72,joint,full72,0.18067593916898478
77,Jiaozuo,joint,full72,pm,day1,0.19302486475621616
77,Jiaozuo,joint,full72,weather,day1,0.273993735998434
77,Jiaozuo,joint,full72,joint,day1,0.29860427065106765
77,Jiaozuo,joint,full72,pm,day3,0.03609545552386388
77,Jiaozuo,joint,full72,weather,day3,0.044274788068697016
77,Jiaozuo,joint,full72,joint,day3,0.049270863317715824
77,Jiaozuo,joint,full72,pm,full72,0.1340684540171135
77,Jiaozuo,joint,full72,weather,full72,0.165901827975457
77,Jiaozuo,joint,full72,joint,full72,0.17950578587644647
78,Pingdingshan,pm_only,recent24,pm,day1,0.3955833628958407
78,Pingdingshan,pm_only,recent24,weather,day1,0.08505065276266319
78,Pingdingshan,pm_only,recent24,joint,day1,0.18356894039223512
78,Pingdingshan,pm_only,recent24,pm,day3,0.12116369729092431
78,Pingdingshan,pm_only,recent24,weather,day3,0.015280754320188578
78,Pingdingshan,pm_only,recent24,joint,day3,0.0456254544063636
78,Pingdingshan,pm_only,recent24,pm,full72,0.3064330966082741
78,Pingdingshan,pm_only,recent24,weather,full72,0.026391557097889273
78,Pingdingshan,pm_only,recent24,joint,full72,0.10590411997602998
78,Pingdingshan,weather_only,recent24,pm,day1,0.09657813614453403
78,Pingdingshan,weather_only,recent24,weather,day1,0.44585718796429696
78,Pingdingshan,weather_only,recent24,joint,day1,0.4406134956533739
78,Pingdingshan,weather_only,recent24,pm,day3,0.011619635904908976
78,Pingdingshan,weather_only,recent24,weather,day3,0.053501054875263715
78,Pingdingshan,weather_only,recent24,joint,day3,0.059166217291554316
78,Pingdingshan,weather_only,recent24,pm,full72,0.05497904874476218
78,Pingdingshan,weather_only,recent24,weather,full72,0.25763389040847257
78,Pingdingshan,weather_only,recent24,joint,full72,0.2583936900984225
78,Pingdingshan,joint,recent24,pm,day1,0.19181128195282046
78,Pingdingshan,joint,recent24,weather,day1,0.43154290638572657
78,Pingdingshan,joint,recent24,joint,day1,0.45838348109587024
78,Pingdingshan,joint,recent24,pm,day3,0.04017446204361551
78,Pingdingshan,joint,recent24,weather,day3,0.050349504587376144
78,Pingdingshan,joint,recent24,joint,day3,0.06379664644916161
78,Pingdingshan,joint,recent24,pm,full72,0.13227684906921228
78,Pingdingshan,joint,recent24,weather,full72,0.2432930153232538
78,Pingdingshan,joint,recent24,joint,full72,0.2685210416302604
78,Pingdingshan,pm_only,full72,pm,day1,0.3085157346289336
78,Pingdingshan,pm_only,full72,weather,day1,0.043146451786612944
78,Pingdingshan,pm_only,full72,joint,day1,0.1267558831889708
78,Pingdingshan,pm_only,full72,pm,day3,0.1207560556890139
78,Pingdingshan,pm_only,full72,weather,day3,0.016603973650993413
78,Pingdingshan,pm_only,full72,joint,day3,0.04305115526278881
78,Pingdingshan,pm_only,full72,pm,full72,0.2533152903288226
78,Pingdingshan,pm_only,full72,weather,full72,0.024236436059109013
78,Pingdingshan,pm_only,full72,joint,full72,0.08916500379125095
78,Pingdingshan,weather_only,full72,pm,day1,0.05335589833897458
78,Pingdingshan,weather_only,full72,weather,day1,0.28055386463846615
78,Pingdingshan,weather_only,full72,joint,day1,0.27579500694875175
78,Pingdingshan,weather_only,full72,pm,day3,-0.03143857235964309
78,Pingdingshan,weather_only,full72,weather,day3,0.04302093625523406
78,Pingdingshan,weather_only,full72,joint,day3,0.03824517056129264
78,Pingdingshan,weather_only,full72,pm,full72,-0.008630910657727664
78,Pingdingshan,weather_only,full72,weather,full72,0.16708594177148545
78,Pingdingshan,weather_only,full72,joint,full72,0.15814270703567676
78,Pingdingshan,joint,full72,pm,day1,0.11745181436295359
78,Pingdingshan,joint,full72,weather,day1,0.2683129795782449
78,Pingdingshan,joint,full72,joint,day1,0.2853229538307384
78,Pingdingshan,joint,full72,pm,day3,0.0013162773290693321
78,Pingdingshan,joint,full72,weather,day3,0.04527957981989495
78,Pingdingshan,joint,full72,joint,day3,0.04778960544740136
78,Pingdingshan,joint,full72,pm,full72,0.050128403032100755
78,Pingdingshan,joint,full72,weather,full72,0.1610649912662478
78,Pingdingshan,joint,full72,joint,full72,0.16926400981600245
79,Sanmenxia,pm_only,recent24,pm,day1,0.3380937620234405
79,Sanmenxia,pm_only,recent24,weather,day1,0.11401493250373312
79,Sanmenxia,pm_only,recent24,joint,day1,0.18414840253710063
79,Sanmenxia,pm_only,recent24,pm,day3,0.004936015234003808
79,Sanmenxia,pm_only,recent24,weather,day3,-0.022392941598235398
79,Sanmenxia,pm_only,recent24,joint,day3,-0.019398891349722835
79,Sanmenxia,pm_only,recent24,pm,full72,0.19694146623536657
79,Sanmenxia,pm_only,recent24,weather,full72,0.03053470963367741
79,Sanmenxia,pm_only,recent24,joint,full72,0.06453972863493215
79,Sanmenxia,weather_only,recent24,pm,day1,0.21273327968331993
79,Sanmenxia,weather_only,recent24,weather,day1,0.4715878553969638
79,Sanmenxia,weather_only,recent24,joint,day1,0.48125915881478964
79,Sanmenxia,weather_only,recent24,pm,day3,0.02857288014322004
79,Sanmenxia,weather_only,recent24,weather,day3,0.06526796831699207
79,Sanmenxia,weather_only,recent24,joint,day3,0.06824180606045152
79,Sanmenxia,weather_only,recent24,pm,full72,0.13752654438163608
79,Sanmenxia,weather_only,recent24,weather,full72,0.2955137568784392
79,Sanmenxia,weather_only,recent24,joint,full72,0.29818359254589816
79,Sanmenxia,joint,recent24,pm,day1,0.2655071223767806
79,Sanmenxia,joint,recent24,weather,day1,0.45162939940734986
79,Sanmenxia,joint,recent24,joint,day1,0.47794756748689193
79,Sanmenxia,joint,recent24,pm,day3,0.02852569013142253
79,Sanmenxia,joint,recent24,weather,day3,0.05220924255231064
79,Sanmenxia,joint,recent24,joint,day3,0.05627296556824139
79,Sanmenxia,joint,recent24,pm,full72,0.17112419778104943
79,Sanmenxia,joint,recent24,weather,full72,0.2721450635362659
79,Sanmenxia,joint,recent24,joint,full72,0.28326702481675614
79,Sanmenxia,pm_only,full72,pm,day1,0.22982949045737258
79,Sanmenxia,pm_only,full72,weather,day1,0.06284696471174117
79,Sanmenxia,pm_only,full72,joint,day1,0.1149611267402817
79,Sanmenxia,pm_only,full72,pm,day3,0.035888606972151745
79,Sanmenxia,pm_only,full72,weather,day3,-0.04673736418434104
79,Sanmenxia,pm_only,full72,joint,day3,-0.03905315926328981
79,Sanmenxia,pm_only,full72,pm,full72,0.15084070821017703
79,Sanmenxia,pm_only,full72,weather,full72,-0.021073313268328318
79,Sanmenxia,pm_only,full72,joint,full72,0.006590521647630412
79,Sanmenxia,weather_only,full72,pm,day1,0.13526717631679405
79,Sanmenxia,weather_only,full72,weather,day1,0.2839903219975805
79,Sanmenxia,weather_only,full72,joint,day1,0.29166813241703304
79,Sanmenxia,weather_only,full72,pm,day3,0.008541330635332658
79,Sanmenxia,weather_only,full72,weather,day3,0.05421704405426101
79,Sanmenxia,weather_only,full72,joint,day3,0.05385416546354137
79,Sanmenxia,weather_only,full72,pm,full72,0.06225347456336863
79,Sanmenxia,weather_only,full72,weather,full72,0.17664437616109405
79,Sanmenxia,weather_only,full72,joint,full72,0.1741821315455329
79,Sanmenxia,joint,full72,pm,day1,0.16781026945256736
79,Sanmenxia,joint,full72,weather,day1,0.26810208252552065
79,Sanmenxia,joint,full72,joint,day1,0.28581147695286924
79,Sanmenxia,joint,full72,pm,day3,0.016224076056019013
79,Sanmenxia,joint,full72,weather,day3,0.04038755509688877
79,Sanmenxia,joint,full72,joint,day3,0.04189560297390074
79,Sanmenxia,joint,full72,pm,full72,0.08645244811311202
79,Sanmenxia,joint,full72,weather,full72,0.1542853810713453
79,Sanmenxia,joint,full72,joint,full72,0.15773342143335534
80,Yichang,pm_only,recent24,pm,day1,0.3808847347211836
80,Yichang,pm_only,recent24,weather,day1,0.1247014031753508
80,Yichang,pm_only,recent24,joint,day1,0.20821009755252437
80,Yichang,pm_only,recent24,pm,day3,0.05072675018168754
80,Yichang,pm_only,recent24,weather,day3,-0.03161019190254798
80,Yichang,pm_only,recent24,joint,day3,-0.015960014490003623
80,Yichang,pm_only,recent24,pm,full72,0.22261862865465715
80,Yichang,pm_only,recent24,weather,full72,0.030826459706614923
80,Yichang,pm_only,recent24,joint,full72,0.08181732995433248
80,Yichang,weather_only,recent24,pm,day1,0.16293208823302205
80,Yichang,weather_only,recent24,weather,day1,0.46754406288601574
80,Yichang,weather_only,recent24,joint,day1,0.4708385077096269
80,Yichang,weather_only,recent24,pm,day3,-0.0551100347775087
80,Yichang,weather_only,recent24,weather,day3,0.06003466200866551
80,Yichang,weather_only,recent24,joint,day3,0.042174498043624505
80,Yichang,weather_only,recent24,pm,full72,0.05453250913312728
80,Yichang,weather_only,recent24,weather,full72,0.2753804308451077
80,Yichang,weather_only,recent24,joint,full72,0.26611636402909095
80,Yichang,joint,recent24,pm,day1,0.24057962264490565
80,Yichang,joint,recent24,weather,day1,0.45814380203595056
80,Yichang,joint,recent24,joint,day1,0.4845257111314278
80,Yichang,joint,recent24,pm,day3,-0.040686343171585794
80,Yichang,joint,recent24,weather,day3,0.05062523165630791
80,Yichang,joint,recent24,joint,day3,0.03821969905492477
80,Yichang,joint,recent24,pm,full72,0.10537136634284157
80,Yichang,joint,recent24,weather,full72,0.26378591544647884
80,Yichang,joint,recent24,joint,full72,0.26952889788222445
80,Yichang,pm_only,full72,pm,day1,0.22704251826062957
80,Yichang,pm_only,full72,weather,day1,0.06314944278736069
80,Yichang,pm_only,full72,joint,day1,0.11717697529424383
80,Yichang,pm_only,full72,pm,day3,0.042032137508034376
80,Yichang,pm_only,full72,weather,day3,-0.01572135843033961
80,Yichang,pm_only,full72,joint,day3,-0.010433524108381028
80,Yichang,pm_only,full72,pm,full72,0.14615808803952202
80,Yichang,pm_only,full72,weather,full72,0.02070900817725204
80,Yichang,pm_only,full72,joint,full72,0.05020647955161989
80,Yichang,weather_only,full72,pm,day1,0.04662704065676016
80,Yichang,weather_only,full72,weather,day1,0.2978275569568892
80,Yichang,weather_only,full72,joint,day1,0.2829268457317114
80,Yichang,weather_only,full72,pm,day3,-0.05153361538340385
80,Yichang,weather_only,full72,weather,day3,0.04788058947014736
80,Yichang,weather_only,full72,joint,day3,0.027884414471103614
80,Yichang,weather_only,full72,pm,full72,-0.023887928971982244
80,Yichang,weather_only,full72,weather,full72,0.1719353424838356
80,Yichang,weather_only,full72,joint,full72,0.15089469472367367
80,Yichang,joint,full72,pm,day1,0.09844900111225029
80,Yichang,joint,full72,weather,day1,0.287734475933619
80,Yichang,joint,full72,joint,day1,0.28914707428676856
80,Yichang,joint,full72,pm,day3,-0.03830369907592477
80,Yichang,joint,full72,weather,day3,0.043336926334231585
80,Yichang,joint,full72,joint,day3,0.026429789107447272
80,Yichang,joint,full72,pm,full72,0.015354065338516333
80,Yichang,joint,full72,weather,full72,0.16610644902661226
80,Yichang,joint,full72,joint,full72,0.1544703896175974
81,Jingzhou,pm_only,recent24,pm,day1,0.3975120153780038
81,Jingzhou,pm_only,recent24,weather,day1,0.05351934587983647
81,Jingzhou,pm_only,recent24,joint,day1,0.15413424103356027
81,Jingzhou,pm_only,recent24,pm,day3,0.05048659412164853
81,Jingzhou,pm_only,recent24,weather,day3,0.0017408134352033587
81,Jingzhou,pm_only,recent24,joint,day3,0.017983639495909875
81,Jingzhou,pm_only,recent24,pm,full72,0.23737405134351286
81,Jingzhou,pm_only,recent24,weather,full72,0.025725474431368606
81,Jingzhou,pm_only,recent24,joint,full72,0.09126131731532931
81,Jingzhou,weather_only,recent24,pm,day1,0.05204102951025738
81,Jingzhou,weather_only,recent24,weather,day1,0.4736750519187629
81,Jingzhou,weather_only,recent24,joint,day1,0.45918806779701693
81,Jingzhou,weather_only,recent24,pm,day3,0.0007985266996316748
81,Jingzhou,weather_only,recent24,weather,day3,0.10591879897969975
81,Jingzhou,weather_only,recent24,joint,day3,0.10497860174465044
81,Jingzhou,weather_only,recent24,pm,full72,0.03398174499543625
81,Jingzhou,weather_only,recent24,weather,full72,0.3173510248377562
81,Jingzhou,weather_only,recent24,joint,full72,0.3043952485988121
81,Jingzhou,joint,recent24,pm,day1,0.1554852583713146
81,Jingzhou,joint,recent24,weather,day1,0.4532463458115864
81,Jingzhou,joint,recent24,joint,day1,0.4714982828745707
81,Jingzhou,joint,recent24,pm,day3,0.015728297432074358
81,Jingzhou,joint,recent24,weather,day3,0.09911722127930532
81,Jingzhou,joint,recent24,joint,day3,0.1028128952032238
81,Jingzhou,joint,recent24,pm,full72,0.09877680819420206
81,Jingzhou,joint,recent24,weather,full72,0.3017434009358502
81,Jingzhou,joint,recent24,joint,full72,0.31011542502885625
81,Jingzhou,pm_only,full72,pm,day1,0.2912730308182577
81,Jingzhou,pm_only,full72,weather,day1,0.02693661373415343
81,Jingzhou,pm_only,full72,joint,day1,0.09873185768296441
81,Jingzhou,pm_only,full72,pm,day3,0.032227671556917886
81,Jingzhou,pm_only,full72,weather,day3,0.0032059388014847004
81,Jingzhou,pm_only,full72,joint,day3,0.012754929188732297
81,Jingzhou,pm_only,full72,pm,full72,0.17097814274453568
81,Jingzhou,pm_only,full72,weather,full72,0.015145857786464444
81,Jingzhou,pm_only,full72,joint,full72,0.06086868471717117
81,Jingzhou,weather_only,full72,pm,day1,-0.020887527721881932
81,Jingzhou,weather_only,full72,weather,day1,0.3241364580341145
81,Jingzhou,weather_only,full72,joint,day1,0.30491850872962717
81,Jingzhou,weather_only,full72,pm,day3,-0.04212254103063526
81,Jingzhou,weather_only,full72,weather,day3,0.08465036866259217
81,Jingzhou,weather_only,full72,joint,day3,0.07256809064202266
81,Jingzhou,weather_only,full72,pm,full72,-0.03231552657888165
81,Jingzhou,weather_only,full72,weather,full72,0.22454719113679777
81,Jingzhou,weather_only,full72,joint,full72,0.20373388343347082
81,Jingzhou,joint,full72,pm,day1,0.05669814967453742
81,Jingzhou,joint,full72,weather,day1,0.3111049527762381
81,Jingzhou,joint,full72,joint,day1,0.3129341102335275
81,Jingzhou,joint,full72,pm,day3,-0.029029405257351315
81,Jingzhou,joint,full72,weather,day3,0.08322009580502394
81,Jingzhou,joint,full72,joint,day3,0.07421510755377689
81,Jingzhou,joint,full72,pm,full72,0.014632299658074914
81,Jingzhou,joint,full72,weather,full72,0.2188810132202533
81,Jingzhou,joint,full72,joint,full72,0.210485688121422
82,Yueyang,pm_only,recent24,pm,day1,0.4043981975995494
82,Yueyang,pm_only,recent24,weather,day1,0.0911713187928297
82,Yueyang,pm_only,recent24,joint,day1,0.18394795898698973
82,Yueyang,pm_only,recent24,pm,day3,0.03578812194703048
82,Yueyang,pm_only,recent24,weather,day3,0.04010722152680538
82,Yueyang,pm_only,recent24,joint,day3,0.05071634767908692
82,Yueyang,pm_only,recent24,pm,full72,0.2322213925553481
82,Yueyang,pm_only,recent24,weather,full72,0.07279266469816617
82,Yueyang,pm_only,recent24,joint,full72,0.12846273811568454
82,Yueyang,weather_only,recent24,pm,day1,0.0796884544221136
82,Yueyang,weather_only,recent24,weather,day1,0.4808065007016251
82,Yueyang,weather_only,recent24,joint,day1,0.4617017759254439
82,Yueyang,weather_only,recent24,pm,day3,-0.018193162548290634
82,Yueyang,weather_only,recent24,weather,day3,0.1352196968049242
82,Yueyang,weather_only,recent24,joint,day3,0.1216155424038856
82,Yueyang,weather_only,recent24,pm,full72,0.02552498288124572
82,Yueyang,weather_only,recent24,weather,full72,0.3385441716360429
82,Yueyang,weather_only,recent24,joint,full72,0.3184660471165118
82,Yueyang,joint,recent24,pm,day1,0.17365214391303596
82,Yueyang,joint,recent24,weather,day1,0.4660116280029069
82,Yueyang,joint,recent24,joint,day1,0.4766849181712295
82,Yueyang,joint,recent24,pm,day3,-0.006700162675040669
82,Yueyang,joint,recent24,weather,day3,0.13651734862933715
82,Yueyang,joint,recent24,joint,day3,0.12595366948841738
82,Yueyang,joint,recent24,pm,full72,0.08334047233511807
82,Yueyang,joint,recent24,weather,full72,0.3317883289470822
82,Yueyang,joint,recent24,joint,full72,0.3292832638208159
82,Yueyang,pm_only,full72,pm,day1,0.2671643527910882
82,Yueyang,pm_only,full72,weather,day1,0.052851355212838805
82,Yueyang,pm_only,full72,joint,day1,0.11559483939870985
82,Yueyang,pm_only,full72,pm,day3,0.023728735432183855
82,Yueyang,pm_only,full72,weather,day3,0.03452120663030165
82,Yueyang,pm_only,full72,joint,day3,0.03973089543272386
82,Yueyang,pm_only,full72,pm,full72,0.14729353132338283
82,Yueyang,pm_only,full72,weather,full72,0.05498538324634581
82,Yueyang,pm_only,full72,joint,full72,0.08961415490353873
82,Yueyang,weather_only,full72,pm,day1,0.022293736073434017
82,Yueyang,weather_only,full72,weather,day1,0.3481912590478147
82,Yueyang,weather_only,full72,joint,day1,0.33025342656335666
82,Yueyang,weather_only,full72,pm,day3,-0.04035416208854052
82,Yueyang,weather_only,full72,weather,day3,0.09431306357826588
82,Yueyang,weather_only,full72,joint,day3,0.07792946098236524
82,Yueyang,weather_only,full72,pm,full72,-0.00826276256569064
82,Yueyang,weather_only,full72,weather,full72,0.24085360071340017
82,Yueyang,weather_only,full72,joint,full72,0.22368469242117311
82,Yueyang,joint,full72,pm,day1,0.08614964453741114
82,Yueyang,joint,full72,weather,day1,0.33684667221166803
82,Yueyang,joint,full72,joint,day1,0.3375791343947836
82,Yueyang,joint,full72,pm,day3,-0.03073631268407817
82,Yueyang,joint,full72,weather,day3,0.10183570495892623
82,Yueyang,joint,full72,joint,day3,0.08759918489979622
82,Yueyang,joint,full72,pm,full72,0.030581185645296407
82,Yueyang,joint,full72,weather,full72,0.24096988674247172
82,Yueyang,joint,full72,joint,full72,0.23427071406767852
83,Changde,pm_only,recent24,pm,day1,0.3950452782613196
83,Changde,pm_only,recent24,weather,day1,0.024964882741220683
83,Changde,pm_only,recent24,joint,day1,0.1256717744179436
83,Changde,pm_only,recent24,pm,day3,0.05299370224842556
83,Changde,pm_only,recent24,weather,day3,-0.018256953064238263
83,Changde,pm_only,recent24,joint,day3,-0.0035946533986633503
83,Changde,pm_only,recent24,pm,full72,0.24181964445491114
83,Changde,pm_only,recent24,weather,full72,-0.015216321804080451
83,Changde,pm_only,recent24,joint,full72,0.050910477727619426
83,Changde,weather_only,recent24,pm,day1,0.05922907330726832
83,Changde,weather_only,recent24,weather,day1,0.4724324111081027
83,Changde,weather_only,recent24,joint,day1,0.4507007191751798
83,Changde,weather_only,recent24,pm,day3,-0.014928005232001306
83,Changde,weather_only,recent24,weather,day3,0.11964376941094236
83,Changde,weather_only,recent24,joint,day3,0.10992195348048837
83,Changde,weather_only,recent24,pm,full72,0.011651678912919728
83,Changde,weather_only,recent24,weather,full72,0.33254503563625887
83,Changde,weather_only,recent24,joint,full72,0.30950448387612095
83,Changde,joint,recent24,pm,day1,0.1586964936741234
83,Changde,joint,recent24,weather,day1,0.44957330089332526
83,Changde,joint,recent24,joint,day1,0.46252259713064925
83,Changde,joint,recent24,pm,day3,0.0024592431148107784
83,Changde,joint,recent24,weather,day3,0.11260360765090191
83,Changde,joint,recent24,joint,day3,0.10726153331538331
83,Changde,joint,recent24,pm,full72,0.08082195820548956
83,Changde,joint,recent24,weather,full72,0.3113120428280107
83,Changde,joint,recent24,joint,full72,0.3118497419624355
83,Changde,pm_only,full72,pm,day1,0.29387618546904637
83,Changde,pm_only,full72,weather,day1,0.016530143632535906
83,Changde,pm_only,full72,joint,day1,0.0898256444564111
83,Changde,pm_only,full72,pm,day3,0.052428548607137145
83,Changde,pm_only,full72,weather,day3,-0.0004731346182836546
83,Changde,pm_only,full72,joint,day3,0.010978468244617061
83,Changde,pm_only,full72,pm,full72,0.18294392473598117
83,Changde,pm_only,full72,weather,full72,0.006350799087699771
83,Changde,pm_only,full72,joint,full72,0.05404976251244063
83,Changde,weather_only,full72,pm,day1,0.008576511644127911
83,Changde,weather_only,full72,weather,day1,0.3103386115846529
83,Changde,weather_only,full72,joint,day1,0.286072300018075
83,Changde,weather_only,full72,pm,day3,-0.05056240264060066
83,Changde,weather_only,full72,weather,day3,0.09769780692445172
83,Changde,weather_only,full72,joint,day3,0.08011875052968763
83,Changde,weather_only,full72,pm,full72,-0.04032078108019527
83,Changde,weather_only,full72,weather,full72,0.23060484365121092
83,Changde,weather_only,full72,joint,full72,0.20741563135390786
83,Changde,joint,full72,pm,day1,0.08327576981894246
83,Changde,joint,full72,weather,day1,0.2990262582565646
83,Changde,joint,full72,joint,day1,0.2984566691141673
83,Changde,joint,full72,pm,day3,-0.038227509556877384
83,Changde,joint,full72,weather,day3,0.09983616695904174
83,Changde,joint,full72,joint,day3,0.0849135332283833
83,Changde,joint,full72,pm,full72,0.01056787164196791
83,Changde,joint,full72,weather,full72,0.2258338389584597
83,Changde,joint,full72,joint,full72,0.2181807485451871
84,Zhangjiajie,pm_only,recent24,pm,day1,0.4580086550021637
84,Zhangjiajie,pm_only,recent24,weather,day1,0.06610853102713275
84,Zhangjiajie,pm_only,recent24,joint,day1,0.1824548451137113
84,Zhangjiajie,pm_only,recent24,pm,day3,0.07528256482064119
84,Zhangjiajie,pm_only,recent24,weather,day3,0.02863164415791104
84,Zhangjiajie,pm_only,recent24,joint,day3,0.05034346708586677
84,Zhangjiajie,pm_only,recent24,pm,full72,0.290928668232167
84,Zhangjiajie,pm_only,recent24,weather,full72,0.04264667716166929
84,Zhangjiajie,pm_only,recent24,joint,full72,0.1178267139566785
84,Zhangjiajie,weather_only,recent24,pm,day1,0.1008204312051078
84,Zhangjiajie,weather_only,recent24,weather,day1,0.48461525215381307
84,Zhangjiajie,weather_only,recent24,joint,day1,0.4775019878754969
84,Zhangjiajie,weather_only,recent24,pm,day3,-0.013096011274002818
84,Zhangjiajie,weather_only,recent24,weather,day3,0.11822943255735814
84,Zhangjiajie,weather_only,recent24,joint,day3,0.11505553826388457
84,Zhangjiajie,weather_only,recent24,pm,full72,0.032945717236429306
84,Zhangjiajie,weather_only,recent24,weather,full72,0.3221765005441251
84,Zhangjiajie,weather_only,recent24,joint,full72,0.309892527973132
84,Zhangjiajie,joint,recent24,pm,day1,0.21496209424052354
84,Zhangjiajie,joint,recent24,weather,day1,0.46110470227617556
84,Zhangjiajie,joint,recent24,joint,day1,0.49316561279140325
84,Zhangjiajie,joint,recent24,pm,day3,0.013693762923440732
84,Zhangjiajie,joint,recent24,weather,day3,0.11416545004136251
84,Zhangjiajie,joint,recent24,joint,day3,0.11932856233214059
84,Zhangjiajie,joint,recent24,pm,full72,0.11256226464056615
84,Zhangjiajie,joint,recent24,weather,full72,0.3066102736525684
84,Zhangjiajie,joint,recent24,joint,full72,0.3199719034929759
84,Zhangjiajie,pm_only,full72,pm,day1,0.3235741723935431
84,Zhangjiajie,pm_only,full72,weather,day1,0.03462814915703729
84,Zhangjiajie,pm_only,full72,joint,day1,0.1229107732276933
84,Zhangjiajie,pm_only,full72,pm,day3,0.04740658935164733
84,Zhangjiajie,pm_only,full72,weather,day3,0.025656841914210478
84,Zhangjiajie,pm_only,full72,joint,day3,0.037480969870242464
84,Zhangjiajie,pm_only,full72,pm,full72,0.21026036706509174
84,Zhangjiajie,pm_only,full72,weather,full72,0.030131613032903255
84,Zhangjiajie,pm_only,full72,joint,full72,0.08797085049271262
84,Zhangjiajie,weather_only,full72,pm,day1,0.015295851823962956
84,Zhangjiajie,weather_only,full72,weather,day1,0.31188104097026026
84,Zhangjiajie,weather_only,full72,joint,day1,0.30209093152273286
84,Zhangjiajie,weather_only,full72,pm,day3,-0.025020562755140686
84,Zhangjiajie,weather_only,full72,weather,day3,0.10176268344067085
84,Zhangjiajie,weather_only,full72,joint,day3,0.08921033980258494
84,Zhangjiajie,weather_only,full72,pm,full72,-0.022804307701076925
84,Zhangjiajie,weather_only,full72,weather,full72,0.22613464303366074
84,Zhangjiajie,weather_only,full72,joint,full72,0.2074868888717222
84,Zhangjiajie,joint,full72,pm,day1,0.10197783149445788
84,Zhangjiajie,joint,full72,weather,day1,0.29931159582789896
84,Zhangjiajie,joint,full72,joint,day1,0.3168778827194707
84,Zhangjiajie,joint,full72,pm,day3,-0.006462507115626777
84,Zhangjiajie,joint,full72,weather,day3,0.10145499586374895
84,Zhangjiajie,joint,full72,joint,day3,0.09392887898221974
84,Zhangjiajie,joint,full72,pm,full72,0.03733421133355283
84,Zhangjiajie,joint,full72,weather,full72,0.2200578820144705
84,Zhangjiajie,joint,full72,joint,full72,0.21997095849273962
85,Mianyang,pm_only,recent24,pm,day1,0.4517017624254406
85,Mianyang,pm_only,recent24,weather,day1,0.06689896672474169
85,Mianyang,pm_only,recent24,joint,day1,0.18267122466780616
85,Mianyang,pm_only,recent24,pm,day3,0.03902534175633544
85,Mianyang,pm_only,recent24,weather,day3,0.024901650225412558
85,Mianyang,pm_only,recent24,joint,day3,0.035426473356618346
85,Mianyang,pm_only,recent24,pm,full72,0.25820402255100566
85,Mianyang,pm_only,recent24,weather,full72,0.052326094081523514
85,Mianyang,pm_only,recent24,joint,full72,0.11996293799073449
85,Mianyang,weather_only,recent24,pm,day1,0.17800571200142798
85,Mianyang,weather_only,recent24,weather,day1,0.48602300850575214
85,Mianyang,weather_only,recent24,joint,day1,0.48931035232758807
85,Mianyang,weather_only,recent24,pm,day3,0.04471224817806204
85,Mianyang,weather_only,recent24,weather,day3,0.07388717297179324
85,Mianyang,weather_only,recent24,joint,day3,0.07669067817266954
85,Mianyang,weather_only,recent24,pm,full72,0.12398722899680724
85,Mianyang,weather_only,recent24,weather,full72,0.3184506766126691
85,Mianyang,weather_only,recent24,joint,full72,0.32269123617280904
85,Mianyang,joint,recent24,pm,day1,0.29117814979453743
85,Mianyang,joint,recent24,weather,day1,0.45711058527764636
85,Mianyang,joint,recent24,joint,day1,0.5002272950568237
85,Mianyang,joint,recent24,pm,day3,0.055543071385767855
85,Mianyang,joint,recent24,weather,day3,0.07325788531447132
85,Mianyang,joint,recent24,joint,day3,0.07963829590957397
85,Mianyang,joint,recent24,pm,full72,0.19133417233354308
85,Mianyang,joint,recent24,weather,full72,0.301076676269169
85,Mianyang,joint,recent24,joint,full72,0.32754608038652006
85,Mianyang,pm_only,full72,pm,day1,0.31926326131581534
85,Mianyang,pm_only,full72,weather,day1,0.03950128737532184
85,Mianyang,pm_only,full72,joint,day1,0.12187501546875386
85,Mianyang,pm_only,full72,pm,day3,0.00013728903432225857
85,Mianyang,pm_only,full72,weather,day3,-0.024163954540988634
85,Mianyang,pm_only,full72,joint,day3,-0.014895620223905058
85,Mianyang,pm_only,full72,pm,full72,0.1625008111252028
85,Mianyang,pm_only,full72,weather,full72,-0.0014427888606972153
85,Mianyang,pm_only,full72,joint,full72,0.047204117801029455
85,Mianyang,weather_only,full72,pm,day1,0.14645561761390438
85,Mianyang,weather_only,full72,weather,day1,0.3396386664096666
85,Mianyang,weather_only,full72,joint,day1,0.3466533836633459
85,Mianyang,weather_only,full72,pm,day3,0.033973622493405624
85,Mianyang,weather_only,full72,weather,day3,0.06961391340347835
85,Mianyang,weather_only,full72,joint,day3,0.0723973755993439
85,Mianyang,weather_only,full72,pm,full72,0.09693283673320918
85,Mianyang,weather_only,full72,weather,full72,0.23003848250962064
85,Mianyang,weather_only,full72,joint,full72,0.23098358474589617
85,Mianyang,joint,full72,pm,day1,0.21142910585727645
85,Mianyang,joint,full72,weather,day1,0.3200032085008021
85,Mianyang,joint,full72,joint,day1,0.348261468065367
85,Mianyang,joint,full72,pm,day3,0.03756754389188598
85,Mianyang,joint,full72,weather,day3,0.05863581415895354
85,Mianyang,joint,full72,joint,day3,0.0647695511923878
85,Mianyang,joint,full72,pm,full72,0.13185575546393888
85,Mianyang,joint,full72,weather,full72,0.20823913155978288
85,Mianyang,joint,full72,joint,full72,0.22239364809841206
86,Yibin,pm_only,recent24,pm,day1,0.3572933528233382
86,Yibin,pm_only,recent24,weather,day1,0.09835340758835188
86,Yibin,pm_only,recent24,joint,day1,0.17757904739476182
86,Yibin,pm_only,recent24,pm,day3,-0.002051129012782253
86,Yibin,pm_only,recent24,weather,day3,-0.013112284778071194
86,Yibin,pm_only,recent24,joint,day3,-0.01618226204556551
86,Yibin,pm_only,recent24,pm,full72,0.17479559419889854
86,Yibin,pm_only,recent24,weather,full72,0.05108117027029257
86,Yibin,pm_only,recent24,joint,full72,0.08559804939951236
86,Yibin,weather_only,recent24,pm,day1,0.16695686223921555
86,Yibin,weather_only,recent24,weather,day1,0.42429356207339053
86,Yibin,weather_only,recent24,joint,day1,0.43545074186268545
86,Yibin,weather_only,recent24,pm,day3,-0.03521678980419745
86,Yibin,weather_only,recent24,weather,day3,0.06914438778609694
86,Yibin,weather_only,recent24,joint,day3,0.057641148910287224
86,Yibin,weather_only,recent24,pm,full72,0.08048542262135566
86,Yibin,weather_only,recent24,weather,full72,0.28676603969150993
86,Yibin,weather_only,recent24,joint,full72,0.28333512183378046
86,Yibin,joint,recent24,pm,day1,0.24135258783814695
86,Yibin,joint,recent24,weather,day1,0.40259551364887836
86,Yibin,joint,recent24,joint,day1,0.43602078700519675
86,Yibin,joint,recent24,pm,day3,-0.0332934788233697
86,Yibin,joint,recent24,weather,day3,0.0560870780217695
86,Yibin,joint,recent24,joint,day3,0.04575396543849136
86,Yibin,joint,recent24,pm,full72,0.11921780680445168
86,Yibin,joint,recent24,weather,full72,0.26781338045334513
86,Yibin,joint,recent24,joint,full72,0.2751489387872347
86,Yibin,pm_only,full72,pm,day1,0.2123642300910575
86,Yibin,pm_only,full72,weather,day1,0.03605092951273237
86,Yibin,pm_only,full72,joint,day1,0.08471894117973529
86,Yibin,pm_only,full72,pm,day3,-0.024330967582741895
86,Yibin,pm_only,full72,weather,day3,-0.047565385391346346
86,Yibin,pm_only,full72,joint,day3,-0.047826932956733244
86,Yibin,pm_only,full72,pm,full72,0.08145791186447797
86,Yibin,pm_only,full72,weather,full72,-0.007775314943828735
86,Yibin,pm_only,full72,joint,full72,0.01160512940128235
86,Yibin,weather_only,full72,pm,day1,0.08410331702582925
86,Yibin,weather_only,full72,weather,day1,0.2822154375538594
86,Yibin,weather_only,full72,joint,day1,0.2809849047462262
86,Yibin,weather_only,full72,pm,day3,-0.05564093291023322
86,Yibin,weather_only,full72,weather,day3,0.02017945704486426
86,Yibin,weather_only,full72,joint,day3,0.013230043807510953
86,Yibin,weather_only,full72,pm,full72,0.011110780277695069
86,Yibin,weather_only,full72,weather,full72,0.17611857502964376
86,Yibin,weather_only,full72,joint,full72,0.16530934582733645
86,Yibin,joint,full72,pm,day1,0.12416006054001512
86,Yibin,joint,full72,weather,day1,0.26016666054166515
86,Yibin,joint,full72,joint,day1,0.27146752086688025
86,Yibin,joint,full72,pm,day3,-0.05732028533007133
86,Yibin,joint,full72,weather,day3,0.010114871528717881
86,Yibin,joint,full72,joint,day3,0.003818714454678613
86,Yibin,joint,full72,pm,full72,0.02934750883687721
86,Yibin,joint,full72,weather,full72,0.15663257265814315
86,Yibin,joint,full72,joint,full72,0.15140290985072746
87,Luzhou,pm_only,recent24,pm,day1,0.48820938055234514
87,Luzhou,pm_only,recent24,weather,day1,0.060849133712283426
87,Luzhou,pm_only,recent24,joint,day1,0.1972035088008772
87,Luzhou,pm_only,recent24,pm,day3,0.04534848983712246
87,Luzhou,pm_only,recent24,weather,day3,-0.002845511211377803
87,Luzhou,pm_only,recent24,joint,day3,0.0076282759070689776
87,Luzhou,pm_only,recent24,pm,full72,0.3147052746763187
87,Luzhou,pm_only,recent24,weather,full72,0.044974787243696815
87,Luzhou,pm_only,recent24,joint,full72,0.13129658382414597
87,Luzhou,weather_only,recent24,pm,day1,0.10765414791353697
87,Luzhou,weather_only,recent24,weather,day1,0.4152045828011457
87,Luzhou,weather_only,recent24,joint,day1,0.414681660170415
87,Luzhou,weather_only,recent24,pm,day3,-0.048962430240607556
87,Luzhou,weather_only,recent24,weather,day3,0.10365939941484986
87,Luzhou,weather_only,recent24,joint,day3,0.08019835254958813
87,Luzhou,weather_only,recent24,pm,full72,0.037870605467651364
87,Luzhou,weather_only,recent24,weather,full72,0.30192445548111385
87,Luzhou,weather_only,recent24,joint,full72,0.28979265344816335
87,Luzhou,joint,recent24,pm,day1,0.2387565716891429
87,Luzhou,joint,recent24,weather,day1,0.3854238393559598
87,Luzhou,joint,recent24,joint,day1,0.43592705498176376
87,Luzhou,joint,recent24,pm,day3,-0.02390965647741412
87,Luzhou,joint,recent24,weather,day3,0.09084260271065067
87,Luzhou,joint,recent24,joint,day3,0.07641756110439028
87,Luzhou,joint,recent24,pm,full72,0.13469726317431577
87,Luzhou,joint,recent24,weather,full72,0.2774936313734078
87,Luzhou,joint,recent24,joint,full72,0.3009831437457859
87,Luzhou,pm_only,full72,pm,day1,0.34754144388536096
87,Luzhou,pm_only,full72,weather,day1,0.052630349657587415
87,Luzhou,pm_only,full72,joint,day1,0.1518659224664806
87,Luzhou,pm_only,full72,pm,day3,0.040848493212123305
87,Luzhou,pm_only,full72,weather,day3,-0.023814619453654862
87,Luzhou,pm_only,full72,joint,day3,-0.012683886170971543
87,Luzhou,pm_only,full72,pm,full72,0.23451510162877542
87,Luzhou,pm_only,full72,weather,full72,0.009854117463529367
87,Luzhou,pm_only,full72,joint,full72,0.07497452624363156
87,Luzhou,weather_only,full72,pm,day1,0.057276303819075954
87,Luzhou,weather_only,full72,weather,day1,0.27281425420356353
87,Luzhou,weather_only,full72,joint,day1,0.271083427770857
87,Luzhou,weather_only,full72,pm,day3,-0.045341993335498335
87,Luzhou,weather_only,full72,weather,day3,0.039807038451759605
87,Luzhou,weather_only,full72,joint,day3,0.025456354864088718
87,Luzhou,weather_only,full72,pm,full72,0.0030466057616514402
87,Luzhou,weather_only,full72,weather,full72,0.1853019448254862
87,Luzhou,weather_only,full72,joint,full72,0.17547832236958058
87,Luzhou,joint,full72,pm,day1,0.15584049746012435
87,Luzhou,joint,full72,weather,day1,0.25726765331691337
87,Luzhou,joint,full72,joint,day1,0.29256572514143125
87,Luzhou,joint,full72,pm,day3,-0.018846873211718303
87,Luzhou,joint,full72,weather,day3,0.03650166912541728
87,Luzhou,joint,full72,joint,day3,0.02986772246693061
87,Luzhou,joint,full72,pm,full72,0.08260716865179216
87,Luzhou,joint,full72,weather,full72,0.167832371958093
87,Luzhou,joint,full72,joint,full72,0.18487694371923594
88,Zigong,pm_only,recent24,pm,day1,0.47818071554517894
88,Zigong,pm_only,recent24,weather,day1,0.09487275421818855
88,Zigong,pm_only,recent24,joint,day1,0.20905245126311278
88,Zigong,pm_only,recent24,pm,day3,0.018853336713334178
88,Zigong,pm_only,recent24,weather,day3,0.027525773381443342
88,Zigong,pm_only,recent24,joint,day3,0.024885415721353926
88,Zigong,pm_only,recent24,pm,full72,0.2799316989829247
88,Zigong,pm_only,recent24,weather,full72,0.07364167991041998
88,Zigong,pm_only,recent24,joint,full72,0.1350167407541852
88,Zigong,weather_only,recent24,pm,day1,0.15071120267780067
88,Zigong,weather_only,recent24,weather,day1,0.4491453282863321
88,Zigong,weather_only,recent24,joint,day1,0.45591179247794805
88,Zigong,weather_only,recent24,pm,day3,0.03628629307157327
88,Zigong,weather_only,recent24,weather,day3,0.0913555863388966
88,Zigong,weather_only,recent24,joint,day3,0.09432003858000963
88,Zigong,weather_only,recent24,pm,full72,0.12266423466605866
88,Zigong,weather_only,recent24,weather,full72,0.3214878068719517
88,Zigong,weather_only,recent24,joint,full72,0.32505706976426746
88,Zigong,joint,recent24,pm,day1,0.2588326532081633
88,Zigong,joint,recent24,weather,day1,0.4305125951281487
88,Zigong,joint,recent24,joint,day1,0.47037278909319724
88,Zigong,joint,recent24,pm,day3,0.03793716198429049
88,Zigong,joint,recent24,weather,day3,0.0865293576323394
88,Zigong,joint,recent24,joint,day3,0.08904763476190869
88,Zigong,joint,recent24,pm,full72,0.1841670940417735
88,Zigong,joint,recent24,weather,full72,0.3089072077268019
88,Zigong,joint,recent24,joint,full72,0.3287349731837433
88,Zigong,pm_only,full72,pm,day1,0.2934481708620427
88,Zigong,pm_only,full72,weather,day1,0.06346873736718434
88,Zigong,pm_only,full72,joint,day1,0.13476843219210805
88,Zigong,pm_only,full72,pm,day3,-0.02951639687909922
88,Zigong,pm_only,full72,weather,day3,-0.01697784124446031
88,Zigong,pm_only,full72,joint,day3,-0.022134118033529507
88,Zigong,pm_only,full72,pm,full72,0.14631544407886102
88,Zigong,pm_only,full72,weather,full72,0.026734238183559543
88,Zigong,pm_only,full72,joint,full72,0.061991539997884995
88,Zigong,weather_only,full72,pm,day1,0.08750256387564097
88,Zigong,weather_only,full72,weather,day1,0.3052943728235932
88,Zigong,weather_only,full72,joint,day1,0.3060855105213776
88,Zigong,weather_only,full72,pm,day3,0.013557300389325096
88,Zigong,weather_only,full72,weather,day3,0.04516766179191545
88,Zigong,weather_only,full72,joint,day3,0.04514700978675245
88,Zigong,weather_only,full72,pm,full72,0.06400627750156937
88,Zigong,weather_only,full72,weather,full72,0.2066172516543129
88,Zigong,weather_only,full72,joint,full72,0.20471401817850457
88,Zigong,joint,full72,pm,day1,0.14973638693409672
88,Zigong,joint,full72,weather,day1,0.2914244888561222
88,Zigong,joint,full72,joint,day1,0.31043288060822016
88,Zigong,joint,full72,pm,day3,0.004115563028890757
88,Zigong,joint,full72,weather,day3,0.03973678143419536
88,Zigong,joint,full72,joint,day3,0.03818438004609501
88,Zigong,joint,full72,pm,full72,0.0931815787953947
88,Zigong,joint,full72,weather,full72,0.19503750525937633
88,Zigong,joint,full72,joint,full72,0.2011651867912967
89,Deyang,pm_only,recent24,pm,day1,0.41607066951766736
89,Deyang,pm_only,recent24,weather,day1,0.06273111368277842
89,Deyang,pm_only,recent24,joint,day1,0.1720964785241196
89,Deyang,pm_only,recent24,pm,day3,0.06550654937663733
89,Deyang,pm_only,recent24,weather,day3,0.0410675847668962
89,Deyang,pm_only,recent24,joint,day3,0.053067475266868815
89,Deyang,pm_only,recent24,pm,full72,0.2595434463858616
89,Deyang,pm_only,recent24,weather,full72,0.06570465142616286
89,Deyang,pm_only,recent24,joint,full72,0.12459983214995804
89,Deyang,weather_only,recent24,pm,day1,0.10554574588643646
89,Deyang,weather_only,recent24,weather,day1,0.4732094968023742
89,Deyang,weather_only,recent24,joint,day1,0.4695056253764062
89,Deyang,weather_only,recent24,pm,day3,0.028027576006894005
89,Deyang,weather_only,recent24,weather,day3,0.06894679573669893
89,Deyang,weather_only,recent24,joint,day3,0.07429263657315914
89,Deyang,weather_only,recent24,pm,full72,0.05767788541947136
89,Deyang,weather_only,recent24,weather,full72,0.304286500071625
89,Deyang,weather_only,recent24,joint,full72,0.3025299351324838
89,Deyang,joint,recent24,pm,day1,0.2048079062019765
89,Deyang,joint,recent24,weather,day1,0.45284382671095663
89,Deyang,joint,recent24,joint,day1,0.4826187741546935
89,Deyang,joint,recent24,pm,day3,0.04669779417444854
89,Deyang,joint,recent24,weather,day3,0.06951848787962196
89,Deyang,joint,recent24,joint,day3,0.07914916228729056
89,Deyang,joint,recent24,pm,full72,0.12548240987060247
89,Deyang,joint,recent24,weather,full72,0.29646812161703046
89,Deyang,joint,recent24,joint,full72,0.3133538253384563
89,Deyang,pm_only,full72,pm,day1,0.27642206110551526
89,Deyang,pm_only,full72,weather,day1,0.047936635484158864
89,Deyang,pm_only,full72,joint,day1,0.11820672255168063
89,Deyang,pm_only,full72,pm,day3,0.017228782307195576
89,Deyang,pm_only,full72,weather,day3,0.005733794933448733
89,Deyang,pm_only,full72,joint,day3,0.011735219933804983
89,Deyang,pm_only,full72,pm,full72,0.14456360414090103
89,Deyang,pm_only,full72,weather,full72,0.031135744783936194
89,Deyang,pm_only,full72,joint,full72,0.06632646458161615
89,Deyang,weather_only,full72,pm,day1,0.09226725056681265
89,Deyang,weather_only,full72,weather,day1,0.3375780573945143
89,Deyang,weather_only,full72,joint,day1,0.3326472906618227
89,Deyang,weather_only,full72,pm,day3,0.023962070990517746
89,Deyang,weather_only,full72,weather,day3,0.07482288520572129
89,Deyang,weather_only,full72,joint,day3,0.07614989953747489
89,Deyang,weather_only,full72,pm,full72,0.052117448529362134
89,Deyang,weather_only,full72,weather,full72,0.23832398058099513
89,Deyang,weather_only,full72,joint,full72,0.23101527675381917
89,Deyang,joint,full72,pm,day1,0.1477635684408921
89,Deyang,joint,full72,weather,day1,0.33078727969681987
89,Deyang,joint,full72,joint,day1,0.3430179227544807
89,Deyang,joint,full72,pm,day3,0.03157782789445697
89,Deyang,joint,full72,weather,day3,0.06929640982410246
89,Deyang,joint,full72,joint,day3,0.07349785537446385
89,Deyang,joint,full72,pm,full72,0.08489933272483317
89,Deyang,joint,full72,weather,full72,0.22858107914526976
89,Deyang,joint,full72,joint,full72,0.23146827986706994
90,Nanchong,pm_only,recent24,pm,day1,0.5227009096752274
90,Nanchong,pm_only,recent24,weather,day1,0.08236822309205578
90,Nanchong,pm_only,recent24,joint,day1,0.22444901461225364
90,Nanchong,pm_only,recent24,pm,day3,0.06050046462511616
90,Nanchong,pm_only,recent24,weather,day3,-0.012577857144464284
90,Nanchong,pm_only,recent24,joint,day3,0.01152952188238047
90,Nanchong,pm_only,recent24,pm,full72,0.3161663305415826
90,Nanchong,pm_only,recent24,weather,full72,0.023255153813788454
90,Nanchong,pm_only,recent24,joint,full72,0.1150677632669408
90,Nanchong,weather_only,recent24,pm,day1,0.21079972969993238
90,Nanchong,weather_only,recent24,weather,day1,0.47639619359904845
90,Nanchong,weather_only,recent24,joint,day1,0.4917715934428983
90,Nanchong,weather_only,recent24,pm,day3,0.04501417125354281
90,Nanchong,weather_only,recent24,weather,day3,0.08229052457263114
90,Nanchong,weather_only,recent24,joint,day3,0.0873392468348117
90,Nanchong,weather_only,recent24,pm,full72,0.15768667092166772
90,Nanchong,weather_only,recent24,weather,full72,0.31852296013074
90,Nanchong,weather_only,recent24,joint,full72,0.32950555037638757
90,Nanchong,joint,recent24,pm,day1,0.33386432346608086
90,Nanchong,joint,recent24,weather,day1,0.4490317542579385
90,Nanchong,joint,recent24,joint,day1,0.5094083698520924
90,Nanchong,joint,recent24,pm,day3,0.06475358668839667
90,Nanchong,joint,recent24,weather,day3,0.0747148251787063
90,Nanchong,joint,recent24,joint,day3,0.08824796506199126
90,Nanchong,joint,recent24,pm,full72,0.23955838188959547
90,Nanchong,joint,recent24,weather,full72,0.29284303921075977
90,Nanchong,joint,recent24,joint,full72,0.3335407073851768
90,Nanchong,pm_only,full72,pm,day1,0.3648173817043454
90,Nanchong,pm_only,full72,weather,day1,0.05389741047435262
90,Nanchong,pm_only,full72,joint,day1,0.1593225248306312
90,Nanchong,pm_only,full72,pm,day3,0.012353319088329772
90,Nanchong,pm_only,full72,weather,day3,-0.02212180153045038
90,Nanchong,pm_only,full72,joint,day3,-0.005757611939402984
90,Nanchong,pm_only,full72,pm,full72,0.2013618983404746
90,Nanchong,pm_only,full72,weather,full72,-0.005411750852937713
90,Nanchong,pm_only,full72,joint,full72,0.06069833867458466
90,Nanchong,weather_only,full72,pm,day1,0.187929643982411
90,Nanchong,weather_only,full72,weather,day1,0.3176569049142262
90,Nanchong,weather_only,full72,joint,day1,0.34215888153972035
90,Nanchong,weather_only,full72,pm,day3,0.04173789893447473
90,Nanchong,weather_only,full72,weather,day3,0.08443673560918388
90,Nanchong,weather_only,full72,joint,day3,0.09167154491788622
90,Nanchong,weather_only,full72,pm,full72,0.1420879300219825
90,Nanchong,weather_only,full72,weather,full72,0.22273851168462794
90,Nanchong,weather_only,full72,joint,full72,0.23739485484871373
90,Nanchong,joint,full72,pm,day1,0.2572905418226354
90,Nanchong,joint,full72,weather,day1,0.29179161244790314
90,Nanchong,joint,full72,joint,day1,0.34353857288464323
90,Nanchong,joint,full72,pm,day3,0.04715709128927282
90,Nanchong,joint,full72,weather,day3,0.070120876030219
90,Nanchong,joint,full72,joint,day3,0.08299225774806443
90,Nanchong,joint,full72,pm,full72,0.18452992463248113
90,Nanchong,joint,full72,weather,full72,0.19402222700555674
90,Nanchong,joint,full72,joint,full72,0.22704097626024405
91,Xianyang,pm_only,recent24,pm,day1,0.39646620461655113
91,Xianyang,pm_only,recent24,weather,day1,0.1113356888339222
91,Xianyang,pm_only,recent24,joint,day1,0.19886147571536894
91,Xianyang,pm_only,recent24,pm,day3,0.0104381876095469
91,Xianyang,pm_only,recent24,weather,day3,-0.08059149814787454
91,Xianyang,pm_only,recent24,joint,day3,-0.07264884616221155
91,Xianyang,pm_only,recent24,pm,full72,0.22898579124644783
91,Xianyang,pm_only,recent24,weather,full72,-0.00048410112102528026
91,Xianyang,pm_only,recent24,joint,full72,0.052847269211817295
91,Xianyang,weather_only,recent24,pm,day1,0.1691850752962688
91,Xianyang,weather_only,recent24,weather,day1,0.4574629713657428
91,Xianyang,weather_only,recent24,joint,day1,0.457473631868408
91,Xianyang,weather_only,recent24,pm,day3,-0.020299518574879643
91,Xianyang,weather_only,recent24,weather,day3,0.021568892392223097
91,Xianyang,weather_only,recent24,joint,day3,0.016078879019719754
91,Xianyang,weather_only,recent24,pm,full72,0.08869303767325941
91,Xianyang,weather_only,recent24,weather,full72,0.26281429620357405
91,Xianyang,weather_only,recent24,joint,full72,0.2615242028810507
91,Xianyang,joint,recent24,pm,day1,0.2504371136092784
91,Xianyang,joint,recent24,weather,day1,0.44527756231939053
91,Xianyang,joint,recent24,joint,day1,0.4704575256143814
91,Xianyang,joint,recent24,pm,day3,-0.013370562342640587
91,Xianyang,joint,recent24,weather,day3,-0.0019575949893987474
91,Xianyang,joint,recent24,joint,day3,-0.004053457013364253
91,Xianyang,joint,recent24,pm,full72,0.13849002612250652
91,Xianyang,joint,recent24,weather,full72,0.2377960344490086
91,Xianyang,joint,recent24,joint,full72,0.2512221388055347
91,Xianyang,pm_only,full72,pm,day1,0.29563370740842687
91,Xianyang,pm_only,full72,weather,day1,0.06549210887302721
91,Xianyang,pm_only,full72,joint,day1,0.13643607260901813
91,Xianyang,pm_only,full72,pm,day3,0.053156990789247696
91,Xianyang,pm_only,full72,weather,day3,-0.056611653652913416
91,Xianyang,pm_only,full72,joint,day3,-0.0392278988069747
91,Xianyang,pm_only,full72,pm,full72,0.212124236031059
91,Xianyang,pm_only,full72,weather,full72,-0.0332340128085032
91,Xianyang,pm_only,full72,joint,full72,0.01935753183938296
91,Xianyang,weather_only,full72,pm,day1,0.09347018636754659
91,Xianyang,weather_only,full72,weather,day1,0.2525876836469209
91,Xianyang,weather_only,full72,joint,day1,0.25649358712339676
91,Xianyang,weather_only,full72,pm,day3,-0.026797124199281052
91,Xianyang,weather_only,full72,weather,day3,0.015909276977319246
91,Xianyang,weather_only,full72,joint,day3,0.011082650770662691
91,Xianyang,weather_only,full72,pm,full72,0.034097749024437254
91,Xianyang,weather_only,full72,weather,full72,0.13649722912430728
91,Xianyang,weather_only,full72,joint,full72,0.13497829424457355
91,Xianyang,joint,full72,pm,day1,0.1456689304172326
91,Xianyang,joint,full72,weather,day1,0.2422610705652676
91,Xianyang,joint,full72,joint,day1,0.262030984007746
91,Xianyang,joint,full72,pm,day3,-0.012995047748761937
91,Xianyang,joint,full72,weather,day3,0.005331980832995208
91,Xianyang,joint,full72,joint,day3,0.004743989685997421
91,Xianyang,joint,full72,pm,full72,0.07420871755217939
91,Xianyang,joint,full72,weather,full72,0.118350364087591
91,Xianyang,joint,full72,joint,full72,0.12788613797153447
92,Tongchuan,pm_only,recent24,pm,day1,0.41623958605989647
92,Tongchuan,pm_only,recent24,weather,day1,0.05173322343330585
92,Tongchuan,pm_only,recent24,joint,day1,0.1538301024575256
92,Tongchuan,pm_only,recent24,pm,day3,0.012756564189141046
92,Tongchuan,pm_only,recent24,weather,day3,-0.07452792063198016
92,Tongchuan,pm_only,recent24,joint,day3,-0.06698303424575856
92,Tongchuan,pm_only,recent24,pm,full72,0.24097209924302482
92,Tongchuan,pm_only,recent24,weather,full72,-0.03548341937085484
92,Tongchuan,pm_only,recent24,joint,full72,0.021214589303647325
92,Tongchuan,weather_only,recent24,pm,day1,0.178039060009765
92,Tongchuan,weather_only,recent24,weather,day1,0.44580095745023934
92,Tongchuan,weather_only,recent24,joint,day1,0.4575684423921105
92,Tongchuan,weather_only,recent24,pm,day3,-0.04492592023148006
92,Tongchuan,weather_only,recent24,weather,day3,0.061427584856896214
92,Tongchuan,weather_only,recent24,joint,day3,0.039997599999399995
92,Tongchuan,weather_only,recent24,pm,full72,0.0678567484641871
92,Tongchuan,weather_only,recent24,weather,full72,0.2718629644657411
92,Tongchuan,weather_only,recent24,joint,full72,0.2693453383363346
92,Tongchuan,joint,recent24,pm,day1,0.2679053124763281
92,Tongchuan,joint,recent24,weather,day1,0.416164016041004
92,Tongchuan,joint,recent24,joint,day1,0.4571865827966457
92,Tongchuan,joint,recent24,pm,day3,-0.04162192940548235
92,Tongchuan,joint,recent24,weather,day3,0.034884787221196804
92,Tongchuan,joint,recent24,joint,day3,0.017133521783380443
92,Tongchuan,joint,recent24,pm,full72,0.12203670650917663
92,Tongchuan,joint,recent24,weather,full72,0.2337475784368946
92,Tongchuan,joint,recent24,joint,full72,0.2479861099965275
92,Tongchuan,pm_only,full72,pm,day1,0.30104346026086504
92,Tongchuan,pm_only,full72,weather,day1,0.011606645901661475
92,Tongchuan,pm_only,full72,joint,day1,0.08367312741828185
92,Tongchuan,pm_only,full72,pm,day3,0.06189985247496312
92,Tongchuan,pm_only,full72,weather,day3,-0.052199528549882135
92,Tongchuan,pm_only,full72,joint,day3,-0.03581424145356036
92,Tongchuan,pm_only,full72,pm,full72,0.20381840095460022
92,Tongchuan,pm_only,full72,weather,full72,-0.06072497568124392
92,Tongchuan,pm_only,full72,joint,full72,-0.013143118785779697
92,Tongchuan,weather_only,full72,pm,day1,0.07584149046037261
92,Tongchuan,weather_only,full72,weather,day1,0.2705466181366545
92,Tongchuan,weather_only,full72,joint,day1,0.27217709304427323
92,Tongchuan,weather_only,full72,pm,day3,-0.029413799853449964
92,Tongchuan,weather_only,full72,weather,day3,0.08916415329103833
92,Tongchuan,weather_only,full72,joint,day3,0.06868467517116879
92,Tongchuan,weather_only,full72,pm,full72,0.004427923106980776
92,Tongchuan,weather_only,full72,weather,full72,0.1909963887490972
92,Tongchuan,weather_only,full72,joint,full72,0.17874740518685128
92,Tongchuan,joint,full72,pm,day1,0.13509452027363006
92,Tongchuan,joint,full72,weather,day1,0.24981823595455896
92,Tongchuan,joint,full72,joint,day1,0.2689795227448807
92,Tongchuan,joint,full72,pm,day3,-0.013286116821529205
92,Tongchuan,joint,full72,weather,day3,0.07233377108344276
92,Tongchuan,joint,full72,joint,day3,0.0577066524266631
92,Tongchuan,joint,full72,pm,full72,0.04800334500083625
92,Tongchuan,joint,full72,weather,full72,0.16043890910972727
92,Tongchuan,joint,full72,joint,full72,0.16123885780971445
93,Yanan,pm_only,recent24,pm,day1,0.37292189873047465
93,Yanan,pm_only,recent24,weather,day1,0.11130895732723935
93,Yanan,pm_only,recent24,joint,day1,0.1798857524714381
93,Yanan,pm_only,recent24,pm,day3,0.040689665672416414
93,Yanan,pm_only,recent24,weather,day3,0.006112851028212757
93,Yanan,pm_only,recent24,joint,day3,0.010866794716698679
93,Yanan,pm_only,recent24,pm,full72,0.23881801470450364
93,Yanan,pm_only,recent24,weather,full72,0.06186682096670524
93,Yanan,pm_only,recent24,joint,full72,0.10016969954242488
93,Yanan,weather_only,recent24,pm,day1,0.1929236072309018
93,Yanan,weather_only,recent24,weather,day1,0.4558596029649007
93,Yanan,weather_only,recent24,joint,day1,0.46241544610386154
93,Yanan,weather_only,recent24,pm,day3,-0.040734022183505546
93,Yanan,weather_only,recent24,weather,day3,0.08624341256085313
93,Yanan,weather_only,recent24,joint,day3,0.07374121693530424
93,Yanan,weather_only,recent24,pm,full72,0.08164260991065247
93,Yanan,weather_only,recent24,weather,full72,0.2931514782878695
93,Yanan,weather_only,recent24,joint,full72,0.2870763402690851
93,Yanan,joint,recent24,pm,day1,0.2647512901878225
93,Yanan,joint,recent24,weather,day1,0.4386312466578116
93,Yanan,joint,recent24,joint,day1,0.46458203914550983
93,Yanan,joint,recent24,pm,day3,-0.030230190057547516
93,Yanan,joint,recent24,weather,day3,0.07983413595853399
93,Yanan,joint,recent24,joint,day3,0.06847731061932766
93,Yanan,joint,recent24,pm,full72,0.12915776328944084
93,Yanan,joint,recent24,weather,full72,0.2780872970218243
93,Yanan,joint,recent24,joint,full72,0.2826638326659582
93,Yanan,pm_only,full72,pm,day1,0.24066898666724665
93,Yanan,pm_only,full72,weather,day1,0.04622860755715189
93,Yanan,pm_only,full72,joint,day1,0.09300837525209381
93,Yanan,pm_only,full72,pm,day3,0.06270751867687967
93,Yanan,pm_only,full72,weather,day3,0.009699131424782854
93,Yanan,pm_only,full72,joint,day3,0.01895615123903781
93,Yanan,pm_only,full72,pm,full72,0.17997621749405435
93,Yanan,pm_only,full72,weather,full72,0.022014137503534374
93,Yanan,pm_only,full72,joint,full72,0.053005060251265064
93,Yanan,weather_only,full72,pm,day1,0.10048898962224741
93,Yanan,weather_only,full72,weather,day1,0.25962710740677686
93,Yanan,weather_only,full72,joint,day1,0.2586549076637269
93,Yanan,weather_only,full72,pm,day3,-0.040652296163074045
93,Yanan,weather_only,full72,weather,day3,0.06608439902109975
93,Yanan,weather_only,full72,joint,day3,0.053938925984731496
93,Yanan,weather_only,full72,pm,full72,0.023028665757166437
93,Yanan,weather_only,full72,weather,full72,0.1708021972005493
93,Yanan,weather_only,full72,joint,full72,0.16290114622528656
93,Yanan,joint,full72,pm,day1,0.14712274428068606
93,Yanan,joint,full72,weather,day1,0.24550890287722574
93,Yanan,joint,full72,joint,day1,0.2570976132744033
93,Yanan,joint,full72,pm,day3,-0.02610882952720738
93,Yanan,joint,full72,weather,day3,0.061826254956563735
93,Yanan,joint,full72,joint,day3,0.052134724033681
93,Yanan,joint,full72,pm,full72,0.05916181029045257
93,Yanan,joint,full72,weather,full72,0.15781026195256548
93,Yanan,joint,full72,joint,full72,0.15837681659420413
94,Baoji,pm_only,recent24,pm,day1,0.4137620804405201
94,Baoji,pm_only,recent24,weather,day1,0.0909279092319773
94,Baoji,pm_only,recent24,joint,day1,0.18070611167652792
94,Baoji,pm_only,recent24,pm,day3,0.010477886619471655
94,Baoji,pm_only,recent24,weather,day3,-0.050672852168213045
94,Baoji,pm_only,recent24,joint,day3,-0.04729288482322121
94,Baoji,pm_only,recent24,pm,full72,0.23138101734525435
94,Baoji,pm_only,recent24,weather,full72,0.009349944837486208
94,Baoji,pm_only,recent24,joint,full72,0.06376250344062585
94,Baoji,weather_only,recent24,pm,day1,0.13474586168646543
94,Baoji,weather_only,recent24,weather,day1,0.45107667026916753
94,Baoji,weather_only,recent24,joint,day1,0.4476600369150092
94,Baoji,weather_only,recent24,pm,day3,-0.05003756150939038
94,Baoji,weather_only,recent24,weather,day3,0.07776308394077099
94,Baoji,weather_only,recent24,joint,day3,0.05748370287092571
94,Baoji,weather_only,recent24,pm,full72,0.010893034223258555
94,Baoji,weather_only,recent24,weather,full72,0.2989151697287924
94,Baoji,weather_only,recent24,joint,full72,0.2836406569101642
94,Baoji,joint,recent24,pm,day1,0.22365977141494287
94,Baoji,joint,recent24,weather,day1,0.4311691947922987
94,Baoji,joint,recent24,joint,day1,0.4543918585979646
94,Baoji,joint,recent24,pm,day3,-0.040068092517023125
94,Baoji,joint,recent24,weather,day3,0.059313056828264196
94,Baoji,joint,recent24,joint,day3,0.04329819782454945
94,Baoji,joint,recent24,pm,full72,0.07135732633933159
94,Baoji,joint,recent24,weather,full72,0.2741685940421485
94,Baoji,joint,recent24,joint,full72,0.2760932625233157
94,Baoji,pm_only,full72,pm,day1,0.2691732537933134
94,Baoji,pm_only,full72,weather,day1,0.032231450057862515
94,Baoji,pm_only,full72,joint,day1,0.09400349500087375
94,Baoji,pm_only,full72,pm,day3,-0.009621272405318102
94,Baoji,pm_only,full72,weather,day3,-0.06202570250642562
94,Baoji,pm_only,full72,joint,day3,-0.06282352720588179
94,Baoji,pm_only,full72,pm,full72,0.13667069816767455
94,Baoji,pm_only,full72,weather,full72,-0.040284401571100394
94,Baoji,pm_only,full72,joint,full72,-0.005123576780894195
94,Baoji,weather_only,full72,pm,day1,0.03177879194469798
94,Baoji,weather_only,full72,weather,day1,0.30517925829481457
94,Baoji,weather_only,full72,joint,day1,0.2882863620715905
94,Baoji,weather_only,full72,pm,day3,-0.03503683325920831
94,Baoji,weather_only,full72,weather,day3,0.11110343177585794
94,Baoji,weather_only,full72,joint,day3,0.08912893778223444
94,Baoji,weather_only,full72,pm,full72,-0.05023509655877414
94,Baoji,weather_only,full72,weather,full72,0.23903420375855092
94,Baoji,weather_only,full72,joint,full72,0.21172560193140047
94,Baoji,joint,full72,pm,day1,0.08502820225705056
94,Baoji,joint,full72,weather,day1,0.28633732908433224
94,Baoji,joint,full72,joint,day1,0.2848077787019447
94,Baoji,joint,full72,pm,day3,-0.029938315484578867
94,Baoji,joint,full72,weather,day3,0.09207547851886963
94,Baoji,joint,full72,joint,day3,0.07290569422642355
94,Baoji,joint,full72,pm,full72,-0.014746974686743672
94,Baoji,joint,full72,weather,full72,0.21186440746610186
94,Baoji,joint,full72,joint,full72,0.19481504020376003
95,Weinan,pm_only,recent24,pm,day1,0.41607648651912166
95,Weinan,pm_only,recent24,weather,day1,0.11791388497847123
95,Weinan,pm_only,recent24,joint,day1,0.2094310108577527
95,Weinan,pm_only,recent24,pm,day3,0.016370176092544025
95,Weinan,pm_only,recent24,weather,day3,-0.06551713487928372
95,Weinan,pm_only,recent24,joint,day3,-0.05654963013740753
95,Weinan,pm_only,recent24,pm,full72,0.25852377763094436
95,Weinan,pm_only,recent24,weather,full72,0.011516158379039593
95,Weinan,pm_only,recent24,joint,full72,0.07100940875235219
95,Weinan,weather_only,recent24,pm,day1,0.18530781282695322
95,Weinan,weather_only,recent24,weather,day1,0.43753468788367195
95,Weinan,weather_only,recent24,joint,day1,0.4447612591903148
95,Weinan,weather_only,recent24,pm,day3,-0.005865089966272492
95,Weinan,weather_only,recent24,weather,day3,0.036233682058420515
95,Weinan,weather_only,recent24,joint,day3,0.03598691849672962
95,Weinan,weather_only,recent24,pm,full72,0.12433411908352977
95,Weinan,weather_only,recent24,weather,full72,0.2682503725625931
95,Weinan,weather_only,recent24,joint,full72,0.2724564606141151
95,Weinan,joint,recent24,pm,day1,0.27538118084529517
95,Weinan,joint,recent24,weather,day1,0.4229692507423126
95,Weinan,joint,recent24,joint,day1,0.45710012877503214
95,Weinan,joint,recent24,pm,day3,-0.0005450101362525341
95,Weinan,joint,recent24,weather,day3,0.01250403912600978
95,Weinan,joint,recent24,joint,day3,0.015620010905002726
95,Weinan,joint,recent24,pm,full72,0.18032165708041425
95,Weinan,joint,recent24,weather,full72,0.2398520414630104
95,Weinan,joint,recent24,joint,full72,0.26089567872391967
95,Weinan,pm_only,full72,pm,day1,0.3109115967278992
95,Weinan,pm_only,full72,weather,day1,0.06146520186630046
95,Weinan,pm_only,full72,joint,day1,0.13278271669567918
95,Weinan,pm_only,full72,pm,day3,0.048737580184395043
95,Weinan,pm_only,full72,weather,day3,-0.058603036150759034
95,Weinan,pm_only,full72,joint,day3,-0.03826521056630264
95,Weinan,pm_only,full72,pm,full72,0.21869256217314054
95,Weinan,pm_only,full72,weather,full72,-0.02893044123261031
95,Weinan,pm_only,full72,joint,full72,0.02572249993062498
95,Weinan,weather_only,full72,pm,day1,0.10462331615582902
95,Weinan,weather_only,full72,weather,day1,0.24041974810493702
95,Weinan,weather_only,full72,joint,day1,0.24999476949869232
95,Weinan,weather_only,full72,pm,day3,-0.01699056724764181
95,Weinan,weather_only,full72,weather,day3,0.021693251423312857
95,Weinan,weather_only,full72,joint,day3,0.021534899383724843
95,Weinan,weather_only,full72,pm,full72,0.055079544269886066
95,Weinan,weather_only,full72,weather,full72,0.1393477128369282
95,Weinan,weather_only,full72,joint,full72,0.1422921535730384
95,Weinan,joint,full72,pm,day1,0.1640108105027026
95,Weinan,joint,full72,weather,day1,0.22872535518133877
95,Weinan,joint,full72,joint,day1,0.25604356151089036
95,Weinan,joint,full72,pm,day3,-0.003783210945802736
95,Weinan,joint,full72,weather,day3,0.012435349608837402
95,Weinan,joint,full72,joint,day3,0.016901116225279057
95,Weinan,joint,full72,pm,full72,0.0992043728010932
95,Weinan,joint,full72,weather,full72,0.12095536523884132
95,Weinan,joint,full72,joint,full72,0.1362197335549334
96,Shizuishan,pm_only,recent24,pm,day1,0.24690986722746677
96,Shizuishan,pm_only,recent24,weather,day1,0.08564523341130835
96,Shizuishan,pm_only,recent24,joint,day1,0.1345427736356934
96,Shizuishan,pm_only,recent24,pm,day3,0.06339242634810659
96,Shizuishan,pm_only,recent24,weather,day3,-0.04535276483819121
96,Shizuishan,pm_only,recent24,joint,day3,-0.035919274479818616
96,Shizuishan,pm_only,recent24,pm,full72,0.1493618728404682
96,Shizuishan,pm_only,recent24,weather,full72,0.006023202005800501
96,Shizuishan,pm_only,recent24,joint,full72,0.0345302636325659
96,Shizuishan,weather_only,recent24,pm,day1,0.09566867991716997
96,Shizuishan,weather_only,recent24,weather,day1,0.45848828012207
96,Shizuishan,weather_only,recent24,joint,day1,0.4465160511290127
96,Shizuishan,weather_only,recent24,pm,day3,-0.009151620787905197
96,Shizuishan,weather_only,recent24,weather,day3,0.09366192691548172
96,Shizuishan,weather_only,recent24,joint,day3,0.08008457302114326
96,Shizuishan,weather_only,recent24,pm,full72,0.05378899494724874
96,Shizuishan,weather_only,recent24,weather,full72,0.2977252329313082
96,Shizuishan,weather_only,recent24,joint,full72,0.2865913421478355
96,Shizuishan,joint,recent24,pm,day1,0.14669195017298753
96,Shizuishan,joint,recent24,weather,day1,0.4363713295928323
96,Shizuishan,joint,recent24,joint,day1,0.4388670392167598
96,Shizuishan,joint,recent24,pm,day3,0.009847655461913865
96,Shizuishan,joint,recent24,weather,day3,0.07567732291933073
96,Shizuishan,joint,recent24,joint,day3,0.0677856904464226
96,Shizuishan,joint,recent24,pm,full72,0.08916684729171183
96,Shizuishan,joint,recent24,weather,full72,0.27411400752850185
96,Shizuishan,joint,recent24,joint,full72,0.2725044486261122
96,Shizuishan,pm_only,full72,pm,day1,0.17865295466323866
96,Shizuishan,pm_only,full72,weather,day1,0.031075125268781315
96,Shizuishan,pm_only,full72,joint,day1,0.06670422017605504
96,Shizuishan,pm_only,full72,pm,day3,0.09284826221206555
96,Shizuishan,pm_only,full72,weather,day3,-0.07210500452625113
96,Shizuishan,pm_only,full72,joint,day3,-0.04701688325422081
96,Shizuishan,pm_only,full72,pm,full72,0.14309501527375382
96,Shizuishan,pm_only,full72,weather,full72,-0.011101217775304442
96,Shizuishan,pm_only,full72,joint,full72,0.01623787155946789
96,Shizuishan,weather_only,full72,pm,day1,0.059516386379096585
96,Shizuishan,weather_only,full72,weather,day1,0.3195565443891361
96,Shizuishan,weather_only,full72,joint,day1,0.3078547144636786
96,Shizuishan,weather_only,full72,pm,day3,-0.03079581019895255
96,Shizuishan,weather_only,full72,weather,day3,0.05725763031440758
96,Shizuishan,weather_only,full72,joint,day3,0.03950695737673934
96,Shizuishan,weather_only,full72,pm,full72,9.660002415000604e-07
96,Shizuishan,weather_only,full72,weather,full72,0.2086921496730374
96,Shizuishan,weather_only,full72,joint,full72,0.19218824704706175
96,Shizuishan,joint,full72,pm,day1,0.091995475998869
96,Shizuishan,joint,full72,weather,day1,0.3054472243618061
96,Shizuishan,joint,full72,joint,day1,0.3024844701211175
96,Shizuishan,joint,full72,pm,day3,-0.0037912254478063624
96,Shizuishan,joint,full72,weather,day3,0.04011632802908201
96,Shizuishan,joint,full72,joint,day3,0.030962094240523555
96,Shizuishan,joint,full72,pm,full72,0.03262756415689104
96,Shizuishan,joint,full72,weather,full72,0.1941113075278269
96,Shizuishan,joint,full72,joint,full72,0.1857101264275316
97,Zhangqiu,pm_only,recent24,pm,day1,0.33314605128651276
97,Zhangqiu,pm_only,recent24,weather,day1,0.09061009815252453
97,Zhangqiu,pm_only,recent24,joint,day1,0.16376555894138972
97,Zhangqiu,pm_only,recent24,pm,day3,-0.021654587413646852
97,Zhangqiu,pm_only,recent24,weather,day3,-0.03244390261097565
97,Zhangqiu,pm_only,recent24,joint,day3,-0.03245878411469603
97,Zhangqiu,pm_only,recent24,pm,full72,0.19297982274495568
97,Zhangqiu,pm_only,recent24,weather,full72,0.03455641013910253
97,Zhangqiu,pm_only,recent24,joint,full72,0.07086307771576943
97,Zhangqiu,weather_only,recent24,pm,day1,0.11238251509562876
97,Zhangqiu,weather_only,recent24,weather,day1,0.4048045072011268
97,Zhangqiu,weather_only,recent24,joint,day1,0.39958767389691846
97,Zhangqiu,weather_only,recent24,pm,day3,-0.022169546542386634
97,Zhangqiu,weather_only,recent24,weather,day3,0.004003319500829876
97,Zhangqiu,weather_only,recent24,joint,day3,0.002439026109756527
97,Zhangqiu,weather_only,recent24,pm,full72,0.05915584778896195
97,Zhangqiu,weather_only,recent24,weather,full72,0.1992350193087548
97,Zhangqiu,weather_only,recent24,joint,full72,0.19556932139233033
97,Zhangqiu,joint,recent24,pm,day1,0.17491002622750657
97,Zhangqiu,joint,recent24,weather,day1,0.3957918044479511
97,Zhangqiu,joint,recent24,joint,day1,0.40817132404283096
97,Zhangqiu,joint,recent24,pm,day3,-0.023329571832392957
97,Zhangqiu,joint,recent24,weather,day3,-0.0024011976002994003
97,Zhangqiu,joint,recent24,joint,day3,-0.003196400299100074
97,Zhangqiu,joint,recent24,pm,full72,0.09963530340882586
97,Zhangqiu,joint,recent24,weather,full72,0.19343142185785545
97,Zhangqiu,joint,recent24,joint,full72,0.19873979418494858
97,Zhangqiu,pm_only,full72,pm,day1,0.20847324861831212
97,Zhangqiu,pm_only,full72,weather,day1,0.0632087768021942
97,Zhangqiu,pm_only,full72,joint,day1,0.11134531283632822
97,Zhangqiu,pm_only,full72,pm,day3,0.0012413433103358276
97,Zhangqiu,pm_only,full72,weather,day3,-0.043723689430922356
97,Zhangqiu,pm_only,full72,joint,day3,-0.03764868341217085
97,Zhangqiu,pm_only,full72,pm,full72,0.15165793991448498
97,Zhangqiu,pm_only,full72,weather,full72,-0.00034494608623652156
97,Zhangqiu,pm_only,full72,joint,full72,0.029548499887124973
97,Zhangqiu,weather_only,full72,pm,day1,0.035105936776484194
97,Zhangqiu,weather_only,full72,weather,day1,0.25709437027359255
97,Zhangqiu,weather_only,full72,joint,day1,0.2471696327924082
97,Zhangqiu,weather_only,full72,pm,day3,-0.04894775723693931
97,Zhangqiu,weather_only,full72,weather,day3,0.02266749716687429
97,Zhangqiu,weather_only,full72,joint,day3,0.012906579226644807
97,Zhangqiu,weather_only,full72,pm,full72,-0.002749002687250672
97,Zhangqiu,weather_only,full72,weather,full72,0.13611652152913037
97,Zhangqiu,weather_only,full72,joint,full72,0.126033504008376
97,Zhangqiu,joint,full72,pm,day1,0.0735434988858747
97,Zhangqiu,joint,full72,weather,day1,0.25392816348204084
97,Zhangqiu,joint,full72,joint,day1,0.2541796610449153
97,Zhangqiu,joint,full72,pm,day3,-0.04379679044919761
97,Zhangqiu,joint,full72,weather,day3,0.014264007566001892
97,Zhangqiu,joint,full72,joint,day3,0.00576829944207486
97,Zhangqiu,joint,full72,pm,full72,0.02721343580335895
97,Zhangqiu,joint,full72,weather,full72,0.12915968478992118
97,Zhangqiu,joint,full72,joint,full72,0.12555050388762595
98,Jimo,pm_only,recent24,pm,day1,0.24125974324588062
98,Jimo,pm_only,recent24,weather,day1,0.0666630789407684
98,Jimo,pm_only,recent24,joint,day1,0.11816703933607249
98,Jimo,pm_only,recent24,pm,day3,0.018314117342264926
98,Jimo,pm_only,recent24,weather,day3,-0.022190028305828335
98,Jimo,pm_only,recent24,joint,day3,-0.017763684697582556
98,Jimo,pm_only,recent24,pm,full72,0.16535532321284732
98,Jimo,pm_only,recent24,weather,full72,0.023157446798045746
98,Jimo,pm_only,recent24,joint,full72,0.053851158732983864
98,Jimo,weather_only,recent24,pm,day1,0.051061462534513685
98,Jimo,weather_only,recent24,weather,day1,0.4186727531681882
98,Jimo,weather_only,recent24,joint,day1,0.4083983625995906
98,Jimo,weather_only,recent24,pm,day3,-0.01980727020924528
98,Jimo,weather_only,recent24,weather,day3,-0.0042559690639922656
98,Jimo,weather_only,recent24,joint,day3,-0.011108384777096194
98,Jimo,weather_only,recent24,pm,full72,0.02628397033084907
98,Jimo,weather_only,recent24,weather,full72,0.19158751789687947
98,Jimo,weather_only,recent24,joint,full72,0.18588960297240073
98,Jimo,joint,recent24,pm,day1,0.10471920896907197
98,Jimo,joint,recent24,weather,day1,0.4103253350813338
98,Jimo,joint,recent24,joint,day1,0.41423189105797276
98,Jimo,joint,recent24,pm,day3,-0.010443414364769872
98,Jimo,joint,recent24,weather,day3,-0.006432123108030776
98,Jimo,joint,recent24,joint,day3,-0.011083700770925194
98,Jimo,joint,recent24,pm,full72,0.06627515484364191
98,Jimo,joint,recent24,weather,full72,0.18644803061200765
98,Jimo,joint,recent24,joint,full72,0.18982756895689223
98,Jimo,pm_only,full72,pm,day1,0.17471506005980134
98,Jimo,pm_only,full72,weather,day1,0.09252850491682442
98,Jimo,pm_only,full72,joint,day1,0.12580376174811686
98,Jimo,pm_only,full72,pm,day3,0.0539078077673828
98,Jimo,pm_only,full72,weather,day3,-0.04213694030003643
98,Jimo,pm_only,full72,joint,day3,-0.031344020597759155
98,Jimo,pm_only,full72,pm,full72,0.15982151282524437
98,Jimo,pm_only,full72,weather,full72,0.009105501779790009
98,Jimo,pm_only,full72,joint,full72,0.03638636936023723
98,Jimo,weather_only,full72,pm,day1,0.008688889425480692
98,Jimo,weather_only,full72,weather,day1,0.250058284014571
98,Jimo,weather_only,full72,joint,day1,0.23844911061227764
98,Jimo,weather_only,full72,pm,day3,-0.024282488329728017
98,Jimo,weather_only,full72,weather,day3,0.025428771357192837
98,Jimo,weather_only,full72,joint,day3,0.017437111359277842
98,Jimo,weather_only,full72,pm,full72,0.001853483714065985
98,Jimo,weather_only,full72,weather,full72,0.12524907581226896
98,Jimo,weather_only,full72,joint,full72,0.11995571398892849
98,Jimo,joint,full72,pm,day1,0.04725235258080778
98,Jimo,joint,full72,weather,day1,0.2566814471703618
98,Jimo,joint,full72,joint,day1,0.2531099027774757
98,Jimo,joint,full72,pm,day3,-0.011190213551749718
98,Jimo,joint,full72,weather,day3,0.016798364699591173
98,Jimo,joint,full72,joint,day3,0.012195748548937136
98,Jimo,joint,full72,pm,full72,0.036583076409487755
98,Jimo,joint,full72,weather,full72,0.1213330008332502
98,Jimo,joint,full72,joint,full72,0.12279563469890867
99,Jiaonan,pm_only,recent24,pm,day1,0.2671819057954764
99,Jiaonan,pm_only,recent24,weather,day1,0.055410687352671836
99,Jiaonan,pm_only,recent24,joint,day1,0.11109882527470633
99,Jiaonan,pm_only,recent24,pm,day3,0.010258408064602015
99,Jiaonan,pm_only,recent24,weather,day3,-0.02432242208060552
99,Jiaonan,pm_only,recent24,joint,day3,-0.022817078704269675
99,Jiaonan,pm_only,recent24,pm,full72,0.17327531231882806
99,Jiaonan,pm_only,recent24,weather,full72,0.0010899617724904431
99,Jiaonan,pm_only,recent24,joint,full72,0.031792495948123986
99,Jiaonan,weather_only,recent24,pm,day1,0.05458036664509166
99,Jiaonan,weather_only,recent24,weather,day1,0.40466630616657656
99,Jiaonan,weather_only,recent24,joint,day1,0.38892312573078147
99,Jiaonan,weather_only,recent24,pm,day3,0.004378636094659023
99,Jiaonan,weather_only,recent24,weather,day3,-0.0019125199781299946
99,Jiaonan,weather_only,recent24,joint,day3,-0.004723976680994169
99,Jiaonan,weather_only,recent24,pm,full72,0.026242977560744393
99,Jiaonan,weather_only,recent24,weather,full72,0.1831520872880218
99,Jiaonan,weather_only,recent24,joint,full72,0.17654724813681202
99,Jiaonan,joint,recent24,pm,day1,0.1077688784422196
99,Jiaonan,joint,recent24,weather,day1,0.3902295930573983
99,Jiaonan,joint,recent24,joint,day1,0.38932460833115207
99,Jiaonan,joint,recent24,pm,day3,0.009587481896870474
99,Jiaonan,joint,recent24,weather,day3,-0.0049068492267123065
99,Jiaonan,joint,recent24,joint,day3,-0.006698638674659668
99,Jiaonan,joint,recent24,pm,full72,0.06235819258954814
99,Jiaonan,joint,recent24,weather,full72,0.1710494212623553
99,Jiaonan,joint,recent24,joint,full72,0.1722019915504979
99,Jiaonan,pm_only,full72,pm,day1,0.16798378349594587
99,Jiaonan,pm_only,full72,weather,day1,0.06099726474931618
99,Jiaonan,pm_only,full72,joint,day1,0.09344154386038597
99,Jiaonan,pm_only,full72,pm,day3,0.028088188022047003
99,Jiaonan,pm_only,full72,weather,day3,-0.0065470231367557846
99,Jiaonan,pm_only,full72,joint,day3,-0.006776677694169423
99,Jiaonan,pm_only,full72,pm,full72,0.1307875271968818
99,Jiaonan,pm_only,full72,weather,full72,0.01835502608875652
99,Jiaonan,pm_only,full72,joint,full72,0.03833674858418714
99,Jiaonan,weather_only,full72,pm,day1,0.014068370017092501
99,Jiaonan,weather_only,full72,weather,day1,0.23347614436903608
99,Jiaonan,weather_only,full72,joint,day1,0.21723474630868655
99,Jiaonan,weather_only,full72,pm,day3,0.017633738908434726
99,Jiaonan,weather_only,full72,weather,day3,0.026916989229247307
99,Jiaonan,weather_only,full72,joint,day3,0.023681048920262227
99,Jiaonan,weather_only,full72,pm,full72,-0.0012544038136009534
99,Jiaonan,weather_only,full72,weather,full72,0.11606978901744727
99,Jiaonan,weather_only,full72,joint,full72,0.10815863853965962
99,Jiaonan,joint,full72,pm,day1,0.040489414122353524
99,Jiaonan,joint,full72,weather,day1,0.22861372815343206
99,Jiaonan,joint,full72,joint,day1,0.21942434635608657
99,Jiaonan,joint,full72,pm,day3,0.022097014024253504
99,Jiaonan,joint,full72,weather,day3,0.02139928434982109
99,Jiaonan,joint,full72,joint,day3,0.018568240642060158
99,Jiaonan,joint,full72,pm,full72,0.019707105426776356
99,Jiaonan,joint,full72,weather,full72,0.108148428037107
99,Jiaonan,joint,full72,joint,full72,0.10436179409044853
100,Jiaozhou,pm_only,recent24,pm,day1,0.25850784462696114
100,Jiaozhou,pm_only,recent24,weather,day1,0.049219381804845454
100,Jiaozhou,pm_only,recent24,joint,day1,0.1058422464605616
100,Jiaozhou,pm_only,recent24,pm,day3,-0.009982211495552874
100,Jiaozhou,pm_only,recent24,weather,day3,-0.02723248730812183
100,Jiaozhou,pm_only,recent24,joint,day3,-0.029732815433203857
100,Jiaozhou,pm_only,recent24,pm,full72,0.14962572290643072
100,Jiaozhou,pm_only,recent24,weather,full72,-0.004505140126285031
100,Jiaozhou,pm_only,recent24,joint,full72,0.026116421029105257
100,Jiaozhou,weather_only,recent24,pm,day1,0.0877609044402261
100,Jiaozhou,weather_only,recent24,weather,day1,0.42301314825328706
100,Jiaozhou,weather_only,recent24,joint,day1,0.41781620195405045
100,Jiaozhou,weather_only,recent24,pm,day3,-0.06447258411814603
100,Jiaozhou,weather_only,recent24,weather,day3,-0.004668209667052416
100,Jiaozhou,weather_only,recent24,joint,day3,-0.016239403059850763
100,Jiaozhou,weather_only,recent24,pm,full72,0.011478731869682965
100,Jiaozhou,weather_only,recent24,weather,full72,0.19796046749011686
100,Jiaozhou,weather_only,recent24,joint,full72,0.19350830737707683
100,Jiaozhou,joint,recent24,pm,day1,0.14262500665625163
100,Jiaozhou,joint,recent24,weather,day1,0.4072576408144102
100,Jiaozhou,joint,recent24,joint,day1,0.4169913457478365
100,Jiaozhou,joint,recent24,pm,day3,-0.062457978614494654
100,Jiaozhou,joint,recent24,weather,day3,-0.010112828528207132
100,Jiaozhou,joint,recent24,joint,day3,-0.02140440685110171
100,Jiaozhou,joint,recent24,pm,full72,0.04708468177117044
100,Jiaozhou,joint,recent24,weather,full72,0.18347976686994172
100,Jiaozhou,joint,recent24,joint,full72,0.18721774830443705
100,Jiaozhou,pm_only,full72,pm,day1,0.17341163235290807
100,Jiaozhou,pm_only,full72,weather,day1,0.05673701318425329
100,Jiaozhou,pm_only,full72,joint,day1,0.08796947499236875
100,Jiaozhou,pm_only,full72,pm,day3,0.0023224700806175197
100,Jiaozhou,pm_only,full72,weather,day3,-0.03833323258330815
100,Jiaozhou,pm_only,full72,joint,day3,-0.0348024252006063
100,Jiaozhou,pm_only,full72,pm,full72,0.1036723564180891
100,Jiaozhou,pm_only,full72,weather,full72,-0.023425837356459336
100,Jiaozhou,pm_only,full72,joint,full72,0.0017817094454273613
100,Jiaozhou,weather_only,full72,pm,day1,0.004023208005802002
100,Jiaozhou,weather_only,full72,weather,day1,0.25367000141750035
100,Jiaozhou,weather_only,full72,joint,day1,0.2366083131520783
100,Jiaozhou,weather_only,full72,pm,day3,-0.04599546249886562
100,Jiaozhou,weather_only,full72,weather,day3,0.031241473810368455
100,Jiaozhou,weather_only,full72,joint,day3,0.018779974694993675
100,Jiaozhou,weather_only,full72,pm,full72,-0.03406832501708125
100,Jiaozhou,weather_only,full72,weather,full72,0.13701613625403405
100,Jiaozhou,weather_only,full72,joint,full72,0.12547192336798083
100,Jiaozhou,joint,full72,pm,day1,0.036697458174364546
100,Jiaozhou,joint,full72,weather,day1,0.24814430453607608
100,Jiaozhou,joint,full72,joint,day1,0.23901225575306392
100,Jiaozhou,joint,full72,pm,day3,-0.038732193683048415
100,Jiaozhou,joint,full72,weather,day3,0.020644989661247413
100,Jiaozhou,joint,full72,joint,day3,0.010853267713316928
100,Jiaozhou,joint,full72,pm,full72,-0.007988772497193123
100,Jiaozhou,joint,full72,weather,full72,0.12286205171551291
100,Jiaozhou,joint,full72,joint,full72,0.118361272090318
101,Laixi,pm_only,recent24,pm,day1,0.26068470067117516
101,Laixi,pm_only,recent24,weather,day1,0.04672354168088542
101,Laixi,pm_only,recent24,joint,day1,0.10747773436943359
101,Laixi,pm_only,recent24,pm,day3,0.011196322299080574
101,Laixi,pm_only,recent24,weather,day3,-0.006259564564891141
101,Laixi,pm_only,recent24,joint,day3,-0.014836019209004802
101,Laixi,pm_only,recent24,pm,full72,0.16379506544876635
101,Laixi,pm_only,recent24,weather,full72,0.024586296146574035
101,Laixi,pm_only,recent24,joint,full72,0.05425544406386102
101,Laixi,weather_only,recent24,pm,day1,0.11044629661157417
101,Laixi,weather_only,recent24,weather,day1,0.43066171466542863
101,Laixi,weather_only,recent24,joint,day1,0.4251006852751713
101,Laixi,weather_only,recent24,pm,day3,-0.05005892151473038
101,Laixi,weather_only,recent24,weather,day3,-0.000494871123717781
101,Laixi,weather_only,recent24,joint,day3,-0.008852604713151177
101,Laixi,weather_only,recent24,pm,full72,0.060407586101896525
101,Laixi,weather_only,recent24,weather,full72,0.21503951375987843
101,Laixi,weather_only,recent24,joint,full72,0.21106122026530508
101,Laixi,joint,recent24,pm,day1,0.166198468049617
101,Laixi,joint,recent24,weather,day1,0.41255849063962263
101,Laixi,joint,recent24,joint,day1,0.42443824610956155
101,Laixi,joint,recent24,pm,day3,-0.04576210894052723
101,Laixi,joint,recent24,weather,day3,-0.0023273480818370206
101,Laixi,joint,recent24,joint,day3,-0.011683522420880605
101,Laixi,joint,recent24,pm,full72,0.09885227021306754
101,Laixi,joint,recent24,weather,full72,0.20874740518685128
101,Laixi,joint,recent24,joint,full72,0.21331310632827657
101,Laixi,pm_only,full72,pm,day1,0.16800209400052352
101,Laixi,pm_only,full72,weather,day1,0.07483680520920129
101,Laixi,pm_only,full72,joint,day1,0.11205035501258875
101,Laixi,pm_only,full72,pm,day3,0.05229229907307476
101,Laixi,pm_only,full72,weather,day3,-0.014636432159108039
101,Laixi,pm_only,full72,joint,day3,-0.00864584616146154
101,Laixi,pm_only,full72,pm,full72,0.1568390777097694
101,Laixi,pm_only,full72,weather,full72,0.03425134756283689
101,Laixi,pm_only,full72,joint,full72,0.06262254065563515
101,Laixi,weather_only,full72,pm,day1,0.0056150984037746
101,Laixi,weather_only,full72,weather,day1,0.2636099594024898
101,Laixi,weather_only,full72,joint,day1,0.24652560313140076
101,Laixi,weather_only,full72,pm,day3,-0.028734076183519044
101,Laixi,weather_only,full72,weather,day3,0.041843678960919735
101,Laixi,weather_only,full72,joint,day3,0.033550892387723096
101,Laixi,weather_only,full72,pm,full72,-0.0022241420560355136
101,Laixi,weather_only,full72,weather,full72,0.14601549200387298
101,Laixi,weather_only,full72,joint,full72,0.13565075041268762
101,Laixi,joint,full72,pm,day1,0.040509617627404404
101,Laixi,joint,full72,weather,day1,0.260425544106386
101,Laixi,joint,full72,joint,day1,0.25299518124879533
101,Laixi,joint,full72,pm,day3,-0.018857794714448678
101,Laixi,joint,full72,weather,day3,0.03295416223854056
101,Laixi,joint,full72,joint,day3,0.026190549547637387
101,Laixi,joint,full72,pm,full72,0.028008571002142747
101,Laixi,joint,full72,weather,full72,0.1400580140145035
101,Laixi,joint,full72,joint,full72,0.13658222064555514
102,Pingdu,pm_only,recent24,pm,day1,0.2568496497124124
102,Pingdu,pm_only,recent24,weather,day1,0.07432219108054776
102,Pingdu,pm_only,recent24,joint,day1,0.1294172723543181
102,Pingdu,pm_only,recent24,pm,day3,0.06596049299012324
102,Pingdu,pm_only,recent24,weather,day3,0.016048558012139502
102,Pingdu,pm_only,recent24,joint,day3,0.0244364416091104
102,Pingdu,pm_only,recent24,pm,full72,0.21140556035139008
102,Pingdu,pm_only,recent24,weather,full72,0.04505071576267894
102,Pingdu,pm_only,recent24,joint,full72,0.08238454909613727
102,Pingdu,weather_only,recent24,pm,day1,0.08240786960196739
102,Pingdu,weather_only,recent24,weather,day1,0.4384283581070895
102,Pingdu,weather_only,recent24,joint,day1,0.4306393496598374
102,Pingdu,weather_only,recent24,pm,day3,-0.023381992345498086
102,Pingdu,weather_only,recent24,weather,day3,-0.0032151173037793255
102,Pingdu,weather_only,recent24,joint,day3,-0.0066895606723901685
102,Pingdu,weather_only,recent24,pm,full72,0.0649119792279948
102,Pingdu,weather_only,recent24,weather,full72,0.21500770025192506
102,Pingdu,weather_only,recent24,joint,full72,0.2124086901021725
102,Pingdu,joint,recent24,pm,day1,0.1379753339938335
102,Pingdu,joint,recent24,weather,day1,0.43105903326475836
102,Pingdu,joint,recent24,joint,day1,0.43800253650063414
102,Pingdu,joint,recent24,pm,day3,-0.0024137316034329006
102,Pingdu,joint,recent24,weather,day3,-0.0015669288917322228
102,Pingdu,joint,recent24,joint,day3,-0.0015806733951683487
102,Pingdu,joint,recent24,pm,full72,0.11317698729424683
102,Pingdu,joint,recent24,weather,full72,0.21337268784317195
102,Pingdu,joint,recent24,joint,full72,0.22108103077025767
102,Pingdu,pm_only,full72,pm,day1,0.20619536754884188
102,Pingdu,pm_only,full72,weather,day1,0.0992533808133452
102,Pingdu,pm_only,full72,joint,day1,0.13779217344804337
102,Pingdu,pm_only,full72,pm,day3,0.1002270535567634
102,Pingdu,pm_only,full72,weather,day3,0.02030763507690877
102,Pingdu,pm_only,full72,joint,day3,0.04063419415854854
102,Pingdu,pm_only,full72,pm,full72,0.20556689589172397
102,Pingdu,pm_only,full72,weather,full72,0.06805194501298624
102,Pingdu,pm_only,full72,joint,full72,0.1041854060463515
102,Pingdu,weather_only,full72,pm,day1,0.03997350849337712
102,Pingdu,weather_only,full72,weather,day1,0.274078756019689
102,Pingdu,weather_only,full72,joint,day1,0.2664840981210245
102,Pingdu,weather_only,full72,pm,day3,0.008671944667986167
102,Pingdu,weather_only,full72,weather,day3,0.03031249057812264
102,Pingdu,weather_only,full72,joint,day3,0.03166586891646723
102,Pingdu,weather_only,full72,pm,full72,0.05005513551378388
102,Pingdu,weather_only,full72,weather,full72,0.14687334671833668
102,Pingdu,weather_only,full72,joint,full72,0.1458835009708752
102,Pingdu,joint,full72,pm,day1,0.08092403023100755
102,Pingdu,joint,full72,weather,day1,0.2760326820081705
102,Pingdu,joint,full72,joint,day1,0.27744288636072156
102,Pingdu,joint,full72,pm,day3,0.03169758192439548
102,Pingdu,joint,full72,weather,day3,0.030244641061160267
102,Pingdu,joint,full72,joint,day3,0.03685636821409205
102,Pingdu,joint,full72,pm,full72,0.09028712707178176
102,Pingdu,joint,full72,weather,full72,0.14946330136582534
102,Pingdu,joint,full72,joint,full72,0.15714625378656344
103,Penglai,pm_only,recent24,pm,day1,0.3160963780240945
103,Penglai,pm_only,recent24,weather,day1,0.08330573532643383
103,Penglai,pm_only,recent24,joint,day1,0.1416043944010986
103,Penglai,pm_only,recent24,pm,day3,0.08301447725361931
103,Penglai,pm_only,recent24,weather,day3,0.04551053787763447
103,Penglai,pm_only,recent24,joint,day3,0.058021387005346745
103,Penglai,pm_only,recent24,pm,full72,0.2680522915130729
103,Penglai,pm_only,recent24,weather,full72,0.06790167047541762
103,Penglai,pm_only,recent24,joint,full72,0.10872467568116892
103,Penglai,weather_only,recent24,pm,day1,0.17421346505336624
103,Penglai,weather_only,recent24,weather,day1,0.4355068643767161
103,Penglai,weather_only,recent24,joint,day1,0.4350896107724027
103,Penglai,weather_only,recent24,pm,day3,0.022793468698367174
103,Penglai,weather_only,recent24,weather,day3,0.06555249438812359
103,Penglai,weather_only,recent24,joint,day3,0.061751124437781114
103,Penglai,weather_only,recent24,pm,full72,0.12678062419515607
103,Penglai,weather_only,recent24,weather,full72,0.24545923186480795
103,Penglai,weather_only,recent24,joint,full72,0.24850947362736836
103,Penglai,joint,recent24,pm,day1,0.22937969884492473
103,Penglai,joint,recent24,weather,day1,0.4192949218237304
103,Penglai,joint,recent24,joint,day1,0.4334942928735732
103,Penglai,joint,recent24,pm,day3,0.034833106208276544
103,Penglai,joint,recent24,weather,day3,0.0677729764432441
103,Penglai,joint,recent24,joint,day3,0.06627163056790765
103,Penglai,joint,recent24,pm,full72,0.1705371036342759
103,Penglai,joint,recent24,weather,full72,0.2405357776339444
103,Penglai,joint,recent24,joint,full72,0.252206004051501
103,Penglai,pm_only,full72,pm,day1,0.23960734640183662
103,Penglai,pm_only,full72,weather,day1,0.1285555476388869
103,Penglai,pm_only,full72,joint,day1,0.16591653847913462
103,Penglai,pm_only,full72,pm,day3,0.13979657744914437
103,Penglai,pm_only,full72,weather,day3,0.055080522270130564
103,Penglai,pm_only,full72,joint,day3,0.07383240045810012
103,Penglai,pm_only,full72,pm,full72,0.2624780606195152
103,Penglai,pm_only,full72,weather,full72,0.0843325635831409
103,Penglai,pm_only,full72,joint,full72,0.12235799008949752
103,Penglai,weather_only,full72,pm,day1,0.08455489813872454
103,Penglai,weather_only,full72,weather,day1,0.2767199896799974
103,Penglai,weather_only,full72,joint,day1,0.26750063487515874
103,Penglai,weather_only,full72,pm,day3,0.041563751890937965
103,Penglai,weather_only,full72,weather,day3,0.09201849500462375
103,Penglai,weather_only,full72,joint,day3,0.08547770736942684
103,Penglai,weather_only,full72,pm,full72,0.07326461731615433
103,Penglai,weather_only,full72,weather,full72,0.1855402063850516
103,Penglai,weather_only,full72,joint,full72,0.1805662096415524
103,Penglai,joint,full72,pm,day1,0.1245484436371109
103,Penglai,joint,full72,weather,day1,0.27859395214848803
103,Penglai,joint,full72,joint,day1,0.27788882897220724
103,Penglai,joint,full72,pm,day3,0.06443523260880815
103,Penglai,joint,full72,weather,day3,0.09435003408750853
103,Penglai,joint,full72,joint,day3,0.09170250942562735
103,Penglai,joint,full72,pm,full72,0.11516310629077657
103,Penglai,joint,full72,weather,full72,0.18576988944247233
103,Penglai,joint,full72,joint,full72,0.18868190617047653
104,Zhaoyuan,pm_only,recent24,pm,day1,0.272437928109482
104,Zhaoyuan,pm_only,recent24,weather,day1,0.06291884172971043
104,Zhaoyuan,pm_only,recent24,joint,day1,0.12051358662839665
104,Zhaoyuan,pm_only,recent24,pm,day3,0.06998192949548236
104,Zhaoyuan,pm_only,recent24,weather,day3,0.022482361120590277
104,Zhaoyuan,pm_only,recent24,joint,day3,0.02682996820749205
104,Zhaoyuan,pm_only,recent24,pm,full72,0.20759747339936832
104,Zhaoyuan,pm_only,recent24,weather,full72,0.05136483984120996
104,Zhaoyuan,pm_only,recent24,joint,full72,0.08817290504322625
104,Zhaoyuan,weather_only,recent24,pm,day1,0.12966172741543183
104,Zhaoyuan,weather_only,recent24,weather,day1,0.43079418269854564
104,Zhaoyuan,weather_only,recent24,joint,day1,0.4262475420618855
104,Zhaoyuan,weather_only,recent24,pm,day3,-0.008439092109773028
104,Zhaoyuan,weather_only,recent24,weather,day3,0.012639568659892164
104,Zhaoyuan,weather_only,recent24,joint,day3,0.010082305020576254
104,Zhaoyuan,weather_only,recent24,pm,full72,0.07783559995889998
104,Zhaoyuan,weather_only,recent24,weather,full72,0.2236047184011796
104,Zhaoyuan,weather_only,recent24,joint,full72,0.22163542790885696
104,Zhaoyuan,joint,recent24,pm,day1,0.1855638388909597
104,Zhaoyuan,joint,recent24,weather,day1,0.4206235741558935
104,Zhaoyuan,joint,recent24,joint,day1,0.4321518330379582
104,Zhaoyuan,joint,recent24,pm,day3,0.006047974511993627
104,Zhaoyuan,joint,recent24,weather,day3,0.012581974645493661
104,Zhaoyuan,joint,recent24,joint,day3,0.01110279127569782
104,Zhaoyuan,joint,recent24,pm,full72,0.12201007850251962
104,Zhaoyuan,joint,recent24,weather,full72,0.221603891900973
104,Zhaoyuan,joint,recent24,joint,full72,0.22912437028109253
104,Zhaoyuan,pm_only,full72,pm,day1,0.1947076836769209
104,Zhaoyuan,pm_only,full72,weather,day1,0.11267244266811068
104,Zhaoyuan,pm_only,full72,joint,day1,0.14876035169008792
104,Zhaoyuan,pm_only,full72,pm,day3,0.0805379796344949
104,Zhaoyuan,pm_only,full72,weather,day3,0.0026098626524656628
104,Zhaoyuan,pm_only,full72,joint,day3,0.012287073071768267
104,Zhaoyuan,pm_only,full72,pm,full72,0.188314148078537
104,Zhaoyuan,pm_only,full72,weather,full72,0.06427272256818065
104,Zhaoyuan,pm_only,full72,joint,full72,0.09596163449040862
104,Zhaoyuan,weather_only,full72,pm,day1,0.04391079647769912
104,Zhaoyuan,weather_only,full72,weather,day1,0.26898035224508804
104,Zhaoyuan,weather_only,full72,joint,day1,0.25681815720453927
104,Zhaoyuan,weather_only,full72,pm,day3,0.010538944134736033
104,Zhaoyuan,weather_only,full72,weather,day3,0.05881179270294818
104,Zhaoyuan,weather_only,full72,joint,day3,0.056740869685217424
104,Zhaoyuan,weather_only,full72,pm,full72,0.02047771111942778
104,Zhaoyuan,weather_only,full72,weather,full72,0.16402469300617326
104,Zhaoyuan,weather_only,full72,joint,full72,0.15689397472349367
104,Zhaoyuan,joint,full72,pm,day1,0.08093750173437543
104,Zhaoyuan,joint,full72,weather,day1,0.2731063657765914
104,Zhaoyuan,joint,full72,joint,day1,0.26940581985145495
104,Zhaoyuan,joint,full72,pm,day3,0.027025292256323063
104,Zhaoyuan,joint,full72,weather,day3,0.057550452887613214
104,Zhaoyuan,joint,full72,joint,day3,0.058034896008724
104,Zhaoyuan,joint,full72,pm,full72,0.05757399539349885
104,Zhaoyuan,joint,full72,weather,full72,0.1669082052270513
104,Zhaoyuan,joint,full72,joint,full72,0.1672626553156638
105,Laizhou,pm_only,recent24,pm,day1,0.312547992136998
105,Laizhou,pm_only,recent24,weather,day1,0.07293750623437655
105,Laizhou,pm_only,recent24,joint,day1,0.13918776779694192
105,Laizhou,pm_only,recent24,pm,day3,0.06966421291605322
105,Laizhou,pm_only,recent24,weather,day3,-0.011642609910652477
105,Laizhou,pm_only,recent24,joint,day3,-0.00027980556995139245
105,Laizhou,pm_only,recent24,pm,full72,0.23423256305814077
105,Laizhou,pm_only,recent24,weather,full72,0.022496351624087904
105,Laizhou,pm_only,recent24,joint,full72,0.0676780564195141
105,Laizhou,weather_only,recent24,pm,day1,0.11547254136813533
105,Laizhou,weather_only,recent24,weather,day1,0.44972692793173197
105,Laizhou,weather_only,recent24,joint,day1,0.4424631176157794
105,Laizhou,weather_only,recent24,pm,day3,-0.0007640836910209228
105,Laizhou,weather_only,recent24,weather,day3,0.0026198511549627886
105,Laizhou,weather_only,recent24,joint,day3,-0.001267518316879579
105,Laizhou,weather_only,recent24,pm,full72,0.06515258678814669
105,Laizhou,weather_only,recent24,weather,full72,0.231484647871162
105,Laizhou,weather_only,recent24,joint,full72,0.22536123084030774
105,Laizhou,joint,recent24,pm,day1,0.18454675463668863
105,Laizhou,joint,recent24,weather,day1,0.4367505956876489
105,Laizhou,joint,recent24,joint,day1,0.4490099427524857
105,Laizhou,joint,recent24,pm,day3,0.021713499928374982
105,Laizhou,joint,recent24,weather,day3,0.0009366212341553084
105,Laizhou,joint,recent24,joint,day3,0.0013418328354582087
105,Laizhou,joint,recent24,pm,full72,0.12137043334260834
105,Laizhou,joint,recent24,weather,full72,0.22709937877484465
105,Laizhou,joint,recent24,joint,full72,0.23397357149339285
105,Laizhou,pm_only,full72,pm,day1,0.23594288448572112
105,Laizhou,pm_only,full72,weather,day1,0.08102851125712782
105,Laizhou,pm_only,full72,joint,day1,0.12825974306493576
105,Laizhou,pm_only,full72,pm,day3,0.13531423732855932
105,Laizhou,pm_only,full72,weather,day3,-0.01287110271777568
105,Laizhou,pm_only,full72,joint,day3,0.012033921008480252
105,Laizhou,pm_only,full72,pm,full72,0.24823525555881384
105,Laizhou,pm_only,full72,weather,full72,0.037407132351783084
105,Laizhou,pm_only,full72,joint,full72,0.08369160292290073
105,Laizhou,weather_only,full72,pm,day1,0.04232429108107277
105,Laizhou,weather_only,full72,weather,day1,0.2779091929772982
105,Laizhou,weather_only,full72,joint,day1,0.26539051684762915
105,Laizhou,weather_only,full72,pm,day3,0.03256644364161091
105,Laizhou,weather_only,full72,weather,day3,0.048208749052187264
105,Laizhou,weather_only,full72,joint,day3,0.04930000382500096
105,Laizhou,weather_only,full72,pm,full72,0.03462706765676691
105,Laizhou,weather_only,full72,weather,full72,0.17389349997337497
105,Laizhou,weather_only,full72,joint,full72,0.16636375909093976
105,Laizhou,joint,full72,pm,day1,0.08923826980956745
105,Laizhou,joint,full72,weather,day1,0.2760369060092265
105,Laizhou,joint,full72,joint,day1,0.27538061384515344
105,Laizhou,joint,full72,pm,day3,0.06304821826205456
105,Laizhou,joint,full72,weather,day3,0.043966465991616493
105,Laizhou,joint,full72,joint,day3,0.05168438192109547
105,Laizhou,joint,full72,pm,full72,0.08446805861701465
105,Laizhou,joint,full72,weather,full72,0.17141980735495185
105,Laizhou,joint,full72,joint,full72,0.1753300848325212
106,Rushan,pm_only,recent24,pm,day1,0.3549227807306952
106,Rushan,pm_only,recent24,weather,day1,0.07649566012391504
106,Rushan,pm_only,recent24,joint,day1,0.1512883983220996
106,Rushan,pm_only,recent24,pm,day3,0.1177090644272661
106,Rushan,pm_only,recent24,weather,day3,0.05138216934554233
106,Rushan,pm_only,recent24,joint,day3,0.0700491580122895
106,Rushan,pm_only,recent24,pm,full72,0.3075262458815614
106,Rushan,pm_only,recent24,weather,full72,0.04894425023606255
106,Rushan,pm_only,recent24,joint,full72,0.10331137382784344
106,Rushan,weather_only,recent24,pm,day1,0.10143239535809884
106,Rushan,weather_only,recent24,weather,day1,0.4191189192797298
106,Rushan,weather_only,recent24,joint,day1,0.41155445638861404
106,Rushan,weather_only,recent24,pm,day3,0.016033418508354626
106,Rushan,weather_only,recent24,weather,day3,0.029539717384929345
106,Rushan,weather_only,recent24,joint,day3,0.030212554553138638
106,Rushan,weather_only,recent24,pm,full72,0.07745643586410896
106,Rushan,weather_only,recent24,weather,full72,0.20968885942221488
106,Rushan,weather_only,recent24,joint,full72,0.21118976579744142
106,Rushan,joint,recent24,pm,day1,0.1709698612424653
106,Rushan,joint,recent24,weather,day1,0.40619363804840947
106,Rushan,joint,recent24,joint,day1,0.4181016250254062
106,Rushan,joint,recent24,pm,day3,0.04074256318564079
106,Rushan,joint,recent24,weather,day3,0.03487951471987868
106,Rushan,joint,recent24,joint,day3,0.03915345978836494
106,Rushan,joint,recent24,pm,full72,0.1400561735140434
106,Rushan,joint,recent24,weather,full72,0.20376120594030148
106,Rushan,joint,recent24,joint,full72,0.21860675465168866
106,Rushan,pm_only,full72,pm,day1,0.30806382351595585
106,Rushan,pm_only,full72,weather,day1,0.11948767937191984
106,Rushan,pm_only,full72,joint,day1,0.1789555947388987
106,Rushan,pm_only,full72,pm,day3,0.1577439064359766
106,Rushan,pm_only,full72,weather,day3,0.06635342558835639
106,Rushan,pm_only,full72,joint,day3,0.090194712048678
106,Rushan,pm_only,full72,pm,full72,0.3200329505082376
106,Rushan,pm_only,full72,weather,full72,0.08585775346443837
106,Rushan,pm_only,full72,joint,full72,0.14051856062964016
106,Rushan,weather_only,full72,pm,day1,0.05724047781011945
106,Rushan,weather_only,full72,weather,day1,0.26328149382037347
106,Rushan,weather_only,full72,joint,day1,0.256257172064293
106,Rushan,weather_only,full72,pm,day3,-0.009475074868768718
106,Rushan,weather_only,full72,weather,day3,0.05885969971492493
106,Rushan,weather_only,full72,joint,day3,0.05427883656970913
106,Rushan,weather_only,full72,pm,full72,0.03510235177558794
106,Rushan,weather_only,full72,weather,full72,0.15542592585648143
106,Rushan,weather_only,full72,joint,full72,0.1527313956828489
106,Rushan,joint,full72,pm,day1,0.11931187482796872
106,Rushan,joint,full72,weather,day1,0.26907609576902397
106,Rushan,joint,full72,joint,day1,0.27625737156434294
106,Rushan,joint,full72,pm,day3,0.02491145572786393
106,Rushan,joint,full72,weather,day3,0.06315836478959119
106,Rushan,joint,full72,joint,day3,0.06382359695589924
106,Rushan,joint,full72,pm,full72,0.0992961008240252
106,Rushan,joint,full72,weather,full72,0.15878531769632945
106,Rushan,joint,full72,joint,full72,0.16844221061055265
107,Wujiang,pm_only,recent24,pm,day1,0.25787718146929534
107,Wujiang,pm_only,recent24,weather,day1,0.07227599106899776
107,Wujiang,pm_only,recent24,joint,day1,0.13023844155961037
107,Wujiang,pm_only,recent24,pm,day3,0.05622852505713126
107,Wujiang,pm_only,recent24,weather,day3,0.008675130668782666
107,Wujiang,pm_only,recent24,joint,day3,0.021620387405096853
107,Wujiang,pm_only,recent24,pm,full72,0.1893983903495976
107,Wujiang,pm_only,recent24,weather,full72,0.04759367989841997
107,Wujiang,pm_only,recent24,joint,full72,0.08340499185124796
107,Wujiang,weather_only,recent24,pm,day1,0.08943906735976684
107,Wujiang,weather_only,recent24,weather,day1,0.47382749245687306
107,Wujiang,weather_only,recent24,joint,day1,0.46718656629664157
107,Wujiang,weather_only,recent24,pm,day3,0.008097698024424506
107,Wujiang,weather_only,recent24,weather,day3,0.06315222978805744
107,Wujiang,weather_only,recent24,joint,day3,0.0643606075901519
107,Wujiang,weather_only,recent24,pm,full72,0.05106931726732932
107,Wujiang,weather_only,recent24,weather,full72,0.2715670053917514
107,Wujiang,weather_only,recent24,joint,full72,0.2712735888183972
107,Wujiang,joint,recent24,pm,day1,0.13961274040318508
107,Wujiang,joint,recent24,weather,day1,0.45670034417508604
107,Wujiang,joint,recent24,joint,day1,0.4653089063272266
107,Wujiang,joint,recent24,pm,day3,0.0172112848028212
107,Wujiang,joint,recent24,weather,day3,0.06420828255207063
107,Wujiang,joint,recent24,joint,day3,0.06724964731241183
107,Wujiang,joint,recent24,pm,full72,0.08633749858437464
107,Wujiang,joint,recent24,weather,full72,0.2629227807306952
107,Wujiang,joint,recent24,joint,full72,0.2707823236955809
107,Wujiang,pm_only,full72,pm,day1,0.19766315691578923
107,Wujiang,pm_only,full72,weather,day1,0.03585508046377012
107,Wujiang,pm_only,full72,joint,day1,0.07794387298596823
107,Wujiang,pm_only,full72,pm,day3,0.054075978018994504
107,Wujiang,pm_only,full72,weather,day3,-0.0020210570052642514
107,Wujiang,pm_only,full72,joint,day3,0.010740292185073044
107,Wujiang,pm_only,full72,pm,full72,0.1576124704031176
107,Wujiang,pm_only,full72,weather,full72,0.0030649537662384412
107,Wujiang,pm_only,full72,joint,full72,0.033178976294744075
107,Wujiang,weather_only,full72,pm,day1,0.009155574788893697
107,Wujiang,weather_only,full72,weather,day1,0.3201796175449043
107,Wujiang,weather_only,full72,joint,day1,0.30439772659943165
107,Wujiang,weather_only,full72,pm,day3,0.04564819891204973
107,Wujiang,weather_only,full72,weather,day3,0.07708072627018156
107,Wujiang,weather_only,full72,joint,day3,0.0871529467882367
107,Wujiang,weather_only,full72,pm,full72,0.03444428661107165
107,Wujiang,weather_only,full72,weather,full72,0.21704738276184568
107,Wujiang,weather_only,full72,joint,full72,0.21690199372549843
107,Wujiang,joint,full72,pm,day1,0.048005791501447875
107,Wujiang,joint,full72,weather,day1,0.3106360406590102
107,Wujiang,joint,full72,joint,day1,0.3055150768787692
107,Wujiang,joint,full72,pm,day3,0.056478368119592025
107,Wujiang,joint,full72,weather,day3,0.07550555037638759
107,Wujiang,joint,full72,joint,day3,0.08889878372469594
107,Wujiang,joint,full72,pm,full72,0.06619385704846427
107,Wujiang,joint,full72,weather,full72,0.20889977222494308
107,Wujiang,joint,full72,joint,full72,0.21526261331565333
108,Taicang,pm_only,recent24,pm,day1,0.314708540177135
108,Taicang,pm_only,recent24,weather,day1,0.06744018636004658
108,Taicang,pm_only,recent24,joint,day1,0.14317754379438594
108,Taicang,pm_only,recent24,pm,day3,0.059352472338118085
108,Taicang,pm_only,recent24,weather,day3,0.028952129738032434
108,Taicang,pm_only,recent24,joint,day3,0.040409512102378024
108,Taicang,pm_only,recent24,pm,full72,0.21160470190117547
108,Taicang,pm_only,recent24,weather,full72,0.05297268574317144
108,Taicang,pm_only,recent24,joint,full72,0.09325242981310745
108,Taicang,weather_only,recent24,pm,day1,0.13039872709968175
108,Taicang,weather_only,recent24,weather,day1,0.4762907885726971
108,Taicang,weather_only,recent24,joint,day1,0.48017971354492833
108,Taicang,weather_only,recent24,pm,day3,-0.0006337381584345396
108,Taicang,weather_only,recent24,weather,day3,0.06471205617801405
108,Taicang,weather_only,recent24,joint,day3,0.07089041972260493
108,Taicang,weather_only,recent24,pm,full72,0.10154046288511571
108,Taicang,weather_only,recent24,weather,full72,0.2635569898892475
108,Taicang,weather_only,recent24,joint,full72,0.27275280368820093
108,Taicang,joint,recent24,pm,day1,0.1895211743802936
108,Taicang,joint,recent24,weather,day1,0.4539360309840077
108,Taicang,joint,recent24,joint,day1,0.4774923443730861
108,Taicang,joint,recent24,pm,day3,0.017385232346308087
108,Taicang,joint,recent24,weather,day3,0.06510797527699382
108,Taicang,joint,recent24,joint,day3,0.07459008514752129
108,Taicang,joint,recent24,pm,full72,0.14378540544635135
108,Taicang,joint,recent24,weather,full72,0.2531241302810326
108,Taicang,joint,recent24,joint,full72,0.2725011996252999
108,Taicang,pm_only,full72,pm,day1,0.22392293898073473
108,Taicang,pm_only,full72,weather,day1,0.05586939946734987
108,Taicang,pm_only,full72,joint,day1,0.10685762371440592
108,Taicang,pm_only,full72,pm,day3,0.08472362418090604
108,Taicang,pm_only,full72,weather,day3,0.011271694317923579
108,Taicang,pm_only,full72,joint,day3,0.029210554302638574
108,Taicang,pm_only,full72,pm,full72,0.1947107151776788
108,Taicang,pm_only,full72,weather,full72,0.04034248458562115
108,Taicang,pm_only,full72,joint,full72,0.07882463870615967
108,Taicang,weather_only,full72,pm,day1,0.06721252530313132
108,Taicang,weather_only,full72,weather,day1,0.3160052935013234
108,Taicang,weather_only,full72,joint,day1,0.3133858728464682
108,Taicang,weather_only,full72,pm,day3,0.057309270827317696
108,Taicang,weather_only,full72,weather,day3,0.061788093447023365
108,Taicang,weather_only,full72,joint,day3,0.08060041115010277
108,Taicang,weather_only,full72,pm,full72,0.10725873581468394
108,Taicang,weather_only,full72,weather,full72,0.19364810141202535
108,Taicang,weather_only,full72,joint,full72,0.2070774832693708
108,Taicang,joint,full72,pm,day1,0.10818268654567165
108,Taicang,joint,full72,weather,day1,0.3065498191374548
108,Taicang,joint,full72,joint,day1,0.31636474009118504
108,Taicang,joint,full72,pm,day3,0.07747039786759946
108,Taicang,joint,full72,weather,day3,0.058520396630099156
108,Taicang,joint,full72,joint,day3,0.08158943789735947
108,Taicang,joint,full72,pm,full72,0.1450495952623988
108,Taicang,joint,full72,weather,full72,0.18838180409545102
108,Taicang,joint,full72,joint,full72,0.21071734067933517
109,Jurong,pm_only,recent24,pm,day1,0.4212708148836569
109,Jurong,pm_only,recent24,weather,day1,0.07317520682124241
109,Jurong,pm_only,recent24,joint,day1,0.1716161027183817
109,Jurong,pm_only,recent24,pm,day3,0.14270874353421747
109,Jurong,pm_only,recent24,weather,day3,0.0233193365885789
109,Jurong,pm_only,recent24,joint,day3,0.0574930951448337
109,Jurong,pm_only,recent24,pm,full72,0.32390689446965387
109,Jurong,pm_only,recent24,weather,full72,0.053682447690742846
109,Jurong,pm_only,recent24,joint,full72,0.12235337163422544
109,Jurong,weather_only,recent24,pm,day1,0.13702569955780955
109,Jurong,weather_only,recent24,weather,day1,0.4937797969449492
109,Jurong,weather_only,recent24,joint,day1,0.48780532995133247
109,Jurong,weather_only,recent24,pm,day3,-0.006933053485863267
109,Jurong,weather_only,recent24,weather,day3,0.08054401113600279
109,Jurong,weather_only,recent24,joint,day3,0.07941554585388647
109,Jurong,weather_only,recent24,pm,full72,0.06998205777175773
109,Jurong,weather_only,recent24,weather,full72,0.2883235665808916
109,Jurong,weather_only,recent24,joint,full72,0.2845021746255436
109,Jurong,joint,recent24,pm,day1,0.23483492729679495
109,Jurong,joint,recent24,weather,day1,0.47081854270463563
109,Jurong,joint,recent24,joint,day1,0.49667435366858836
109,Jurong,joint,recent24,pm,day3,0.03016658405295848
109,Jurong,joint,recent24,weather,day3,0.09037025109256278
109,Jurong,joint,recent24,joint,day3,0.09780452295113073
109,Jurong,joint,recent24,pm,full72,0.14688277727577537
109,Jurong,joint,recent24,weather,full72,0.28591511947877984
109,Jurong,joint,recent24,joint,full72,0.3011506187876547
109,Jurong,pm_only,full72,pm,day1,0.3521372930484263
109,Jurong,pm_only,full72,weather,day1,0.06824495008682938
109,Jurong,pm_only,full72,joint,day1,0.1498311967639859
109,Jurong,pm_only,full72,pm,day3,0.17901368463768144
109,Jurong,pm_only,full72,weather,day3,0.020663987923745977
109,Jurong,pm_only,full72,joint,day3,0.05990122724776978
109,Jurong,pm_only,full72,pm,full72,0.29784149143375405
109,Jurong,pm_only,full72,weather,full72,0.04096737500720652
109,Jurong,pm_only,full72,joint,full72,0.10453205767221393
109,Jurong,weather_only,full72,pm,day1,0.0978905885093561
109,Jurong,weather_only,full72,weather,day1,0.32632272208068047
109,Jurong,weather_only,full72,joint,day1,0.32718639229659807
109,Jurong,weather_only,full72,pm,day3,-0.014244416066445675
109,Jurong,weather_only,full72,weather,day3,0.05291507222876806
109,Jurong,weather_only,full72,joint,day3,0.05274399268599817
109,Jurong,weather_only,full72,pm,full72,0.04283044222367198
109,Jurong,weather_only,full72,weather,full72,0.19531751032937758
109,Jurong,weather_only,full72,joint,full72,0.19359767139941783
109,Jurong,joint,full72,pm,day1,0.17139581716322771
109,Jurong,joint,full72,weather,day1,0.31338858184714546
109,Jurong,joint,full72,joint,day1,0.3368032712008178
109,Jurong,joint,full72,pm,day3,0.028613502414105672
109,Jurong,joint,full72,weather,day3,0.057652850413212595
109,Jurong,joint,full72,joint,day3,0.06670541567635391
109,Jurong,joint,full72,pm,full72,0.11166770570880181
109,Jurong,joint,full72,weather,full72,0.19287384771846194
109,Jurong,joint,full72,joint,full72,0.20850948412737103
110,Jiangyin,pm_only,recent24,pm,day1,0.27163361440840356
110,Jiangyin,pm_only,recent24,weather,day1,0.04968397092099273
110,Jiangyin,pm_only,recent24,joint,day1,0.1179219204804801
110,Jiangyin,pm_only,recent24,pm,day3,0.05093372323343081
110,Jiangyin,pm_only,recent24,weather,day3,0.006235867558966889
110,Jiangyin,pm_only,recent24,joint,day3,0.02226776356694089
110,Jiangyin,pm_only,recent24,pm,full72,0.19076265119066277
110,Jiangyin,pm_only,recent24,weather,full72,0.022305908576477143
110,Jiangyin,pm_only,recent24,joint,full72,0.06695977223994305
110,Jiangyin,weather_only,recent24,pm,day1,0.14937465434366357
110,Jiangyin,weather_only,recent24,weather,day1,0.48117875129468785
110,Jiangyin,weather_only,recent24,joint,day1,0.481303404325851
110,Jiangyin,weather_only,recent24,pm,day3,0.007948753987188497
110,Jiangyin,weather_only,recent24,weather,day3,0.0608366012091503
110,Jiangyin,weather_only,recent24,joint,day3,0.06131235932808984
110,Jiangyin,weather_only,recent24,pm,full72,0.09543501135875283
110,Jiangyin,weather_only,recent24,weather,full72,0.2578006544501636
110,Jiangyin,weather_only,recent24,joint,full72,0.2625215876303969
110,Jiangyin,joint,recent24,pm,day1,0.2009192692298173
110,Jiangyin,joint,recent24,weather,day1,0.4582236575559143
110,Jiangyin,joint,recent24,joint,day1,0.4768245307061327
110,Jiangyin,joint,recent24,pm,day3,0.019846561961640488
110,Jiangyin,joint,recent24,weather,day3,0.06322119530529882
110,Jiangyin,joint,recent24,joint,day3,0.0668768072192018
110,Jiangyin,joint,recent24,pm,full72,0.13158553339638335
110,Jiangyin,joint,recent24,weather,full72,0.2491232032808008
110,Jiangyin,joint,recent24,joint,full72,0.264100512025128
110,Jiangyin,pm_only,full72,pm,day1,0.1824382776095694
110,Jiangyin,pm_only,full72,weather,day1,0.033158462289615574
110,Jiangyin,pm_only,full72,joint,day1,0.0796472044118011
110,Jiangyin,pm_only,full72,pm,day3,0.05802747250686812
110,Jiangyin,pm_only,full72,weather,day3,-0.021230307807576954
110,Jiangyin,pm_only,full72,joint,day3,-0.005373385343346335
110,Jiangyin,pm_only,full72,pm,full72,0.15633114458278613
110,Jiangyin,pm_only,full72,weather,full72,-0.009469944867486218
110,Jiangyin,pm_only,full72,joint,full72,0.029234791308697827
110,Jiangyin,weather_only,full72,pm,day1,0.074013524003381
110,Jiangyin,weather_only,full72,weather,day1,0.32214737353684336
110,Jiangyin,weather_only,full72,joint,day1,0.3198074914518728
110,Jiangyin,weather_only,full72,pm,day3,0.04261401465350366
110,Jiangyin,weather_only,full72,weather,day3,0.06224942306235576
110,Jiangyin,weather_only,full72,joint,day3,0.07268619917154978
110,Jiangyin,weather_only,full72,pm,full72,0.081960051990013
110,Jiangyin,weather_only,full72,weather,full72,0.19801222350305586
110,Jiangyin,weather_only,full72,joint,full72,0.20645293561323388
110,Jiangyin,joint,full72,pm,day1,0.10170267892566973
110,Jiangyin,joint,full72,weather,day1,0.3105154346288586
110,Jiangyin,joint,full72,joint,day1,0.317789915947479
110,Jiangyin,joint,full72,pm,day3,0.05549589937397483
110,Jiangyin,joint,full72,weather,day3,0.05628706257176564
110,Jiangyin,joint,full72,joint,day3,0.07042466810616703
110,Jiangyin,joint,full72,pm,full72,0.11016254304063575
110,Jiangyin,joint,full72,weather,full72,0.18664365616091405
110,Jiangyin,joint,full72,joint,full72,0.20256193914048481
111,Yixing,pm_only,recent24,pm,day1,0.292163596040899
111,Yixing,pm_only,recent24,weather,day1,0.04854595213648803
111,Yixing,pm_only,recent24,joint,day1,0.11584148896037225
111,Yixing,pm_only,recent24,pm,day3,0.04000826950206737
111,Yixing,pm_only,recent24,weather,day3,0.013941768485442119
111,Yixing,pm_only,recent24,joint,day3,0.01892809073202268
111,Yixing,pm_only,recent24,pm,full72,0.19671950367987592
111,Yixing,pm_only,recent24,weather,full72,0.027878222469555614
111,Yixing,pm_only,recent24,joint,full72,0.07028638157159539
111,Yixing,weather_only,recent24,pm,day1,0.1294420448605112
111,Yixing,weather_only,recent24,weather,day1,0.4917220424305106
111,Yixing,weather_only,recent24,joint,day1,0.491310820327705
111,Yixing,weather_only,recent24,pm,day3,0.020499420624855155
111,Yixing,weather_only,recent24,weather,day3,0.0774909463727366
111,Yixing,weather_only,recent24,joint,day3,0.075971103992776
111,Yixing,weather_only,recent24,pm,full72,0.1046754231688558
111,Yixing,weather_only,recent24,weather,full72,0.28887518421879604
111,Yixing,weather_only,recent24,joint,full72,0.2921786500446625
111,Yixing,joint,recent24,pm,day1,0.18809163352290836
111,Yixing,joint,recent24,weather,day1,0.4728634572158643
111,Yixing,joint,recent24,joint,day1,0.4903565815891453
111,Yixing,joint,recent24,pm,day3,0.029111969777992443
111,Yixing,joint,recent24,weather,day3,0.0817274124318531
111,Yixing,joint,recent24,joint,day3,0.08190072547518137
111,Yixing,joint,recent24,pm,full72,0.14408098202024547
111,Yixing,joint,recent24,weather,full72,0.2818240259560065
111,Yixing,joint,recent24,joint,full72,0.2951389157847289
111,Yixing,pm_only,full72,pm,day1,0.19002498400624598
111,Yixing,pm_only,full72,weather,day1,0.03058509914627479
111,Yixing,pm_only,full72,joint,day1,0.07407147201786801
111,Yixing,pm_only,full72,pm,day3,0.035272525318131326
111,Yixing,pm_only,full72,weather,day3,0.022709728177432043
111,Yixing,pm_only,full72,joint,day3,0.02775222843805711
111,Yixing,pm_only,full72,pm,full72,0.1432482928120732
111,Yixing,pm_only,full72,weather,full72,0.014197053549263388
111,Yixing,pm_only,full72,joint,full72,0.04449186212296553
111,Yixing,weather_only,full72,pm,day1,0.07320623730155931
111,Yixing,weather_only,full72,weather,day1,0.32895990873997716
111,Yixing,weather_only,full72,joint,day1,0.3226671206667801
111,Yixing,weather_only,full72,pm,day3,0.0477265664316416
111,Yixing,weather_only,full72,weather,day3,0.09030247507561877
111,Yixing,weather_only,full72,joint,day3,0.09432167358041839
111,Yixing,weather_only,full72,pm,full72,0.0772516588129147
111,Yixing,weather_only,full72,weather,full72,0.22631961407990353
111,Yixing,weather_only,full72,joint,full72,0.22724190731047683
111,Yixing,joint,full72,pm,day1,0.10695603423900855
111,Yixing,joint,full72,weather,day1,0.3202236005559001
111,Yixing,joint,full72,joint,day1,0.32362573040643255
111,Yixing,joint,full72,pm,day3,0.05405956501489125
111,Yixing,joint,full72,weather,day3,0.09330942082735522
111,Yixing,joint,full72,joint,day3,0.09893958673489668
111,Yixing,joint,full72,pm,full72,0.10280094470023617
111,Yixing,joint,full72,weather,full72,0.2204618276154569
111,Yixing,joint,full72,joint,full72,0.2277436349359087
112,Jintan,pm_only,recent24,pm,day1,0.33098965674741415
112,Jintan,pm_only,recent24,weather,day1,0.05571962592990647
112,Jintan,pm_only,recent24,joint,day1,0.13073978218494553
112,Jintan,pm_only,recent24,pm,day3,0.06612345153086288
112,Jintan,pm_only,recent24,weather,day3,0.056752589188147295
112,Jintan,pm_only,recent24,joint,day3,0.06393673748418437
112,Jintan,pm_only,recent24,pm,full72,0.20060320715080182
112,Jintan,pm_only,recent24,weather,full72,0.061899991974997993
112,Jintan,pm_only,recent24,joint,full72,0.10218306604576649
112,Jintan,weather_only,recent24,pm,day1,0.11217765854441462
112,Jintan,weather_only,recent24,weather,day1,0.48585544646386153
112,Jintan,weather_only,recent24,joint,day1,0.47945509786377444
112,Jintan,weather_only,recent24,pm,day3,0.03863313965828491
112,Jintan,weather_only,recent24,weather,day3,0.07968796392199098
112,Jintan,weather_only,recent24,joint,day3,0.08305851576462894
112,Jintan,weather_only,recent24,pm,full72,0.07210215452553863
112,Jintan,weather_only,recent24,weather,full72,0.2828547407136852
112,Jintan,weather_only,recent24,joint,full72,0.28005418901354723
112,Jintan,joint,recent24,pm,day1,0.18590865147716287
112,Jintan,joint,recent24,weather,day1,0.46479976869994216
112,Jintan,joint,recent24,joint,day1,0.4808922947230737
112,Jintan,joint,recent24,pm,day3,0.04510734227683556
112,Jintan,joint,recent24,weather,day3,0.09123510030877507
112,Jintan,joint,recent24,joint,day3,0.09520701430175357
112,Jintan,joint,recent24,pm,full72,0.11476118569029642
112,Jintan,joint,recent24,weather,full72,0.2798131749532937
112,Jintan,joint,recent24,joint,full72,0.28751911187977797
112,Jintan,pm_only,full72,pm,day1,0.24954171088542768
112,Jintan,pm_only,full72,weather,day1,0.06209270902317726
112,Jintan,pm_only,full72,joint,day1,0.1182442780610695
112,Jintan,pm_only,full72,pm,day3,0.07782697795674448
112,Jintan,pm_only,full72,weather,day3,0.05181461195365298
112,Jintan,pm_only,full72,joint,day3,0.061626634906658734
112,Jintan,pm_only,full72,pm,full72,0.17280700620175155
112,Jintan,pm_only,full72,weather,full72,0.05437951209487802
112,Jintan,pm_only,full72,joint,full72,0.08854150913537728
112,Jintan,weather_only,full72,pm,day1,0.06193652148413037
112,Jintan,weather_only,full72,weather,day1,0.32871503367875843
112,Jintan,weather_only,full72,joint,day1,0.3249792707448177
112,Jintan,weather_only,full72,pm,day3,0.05536933234233308
112,Jintan,weather_only,full72,weather,day3,0.07352628188157047
112,Jintan,weather_only,full72,joint,day3,0.08211968652992163
112,Jintan,weather_only,full72,pm,full72,0.056856726714181675
112,Jintan,weather_only,full72,weather,full72,0.20911272577818144
112,Jintan,weather_only,full72,joint,full72,0.21015454653863663
112,Jintan,joint,full72,pm,day1,0.1103179835794959
112,Jintan,joint,full72,weather,day1,0.32049307862326964
112,Jintan,joint,full72,joint,day1,0.3299774069943518
112,Jintan,joint,full72,pm,day3,0.07130274582568645
112,Jintan,joint,full72,weather,day3,0.08297019274254819
112,Jintan,joint,full72,joint,day3,0.09414761353690339
112,Jintan,joint,full72,pm,full72,0.09453405713351429
112,Jintan,joint,full72,weather,full72,0.21031075057768764
112,Jintan,joint,full72,joint,full72,0.21928378432094608
113,Liyang,pm_only,recent24,pm,day1,0.2741547460386865
113,Liyang,pm_only,recent24,weather,day1,0.07056964914241229
113,Liyang,pm_only,recent24,joint,day1,0.13186532546633137
113,Liyang,pm_only,recent24,pm,day3,0.040271575067893764
113,Liyang,pm_only,recent24,weather,day3,0.015501539375384843
113,Liyang,pm_only,recent24,joint,day3,0.018436635109158776
113,Liyang,pm_only,recent24,pm,full72,0.16715006528751633
113,Liyang,pm_only,recent24,weather,full72,0.055773625943406485
113,Liyang,pm_only,recent24,joint,full72,0.08790133147533287
113,Liyang,weather_only,recent24,pm,day1,0.1088516312129078
113,Liyang,weather_only,recent24,weather,day1,0.4819169704792426
113,Liyang,weather_only,recent24,joint,day1,0.474521136130284
113,Liyang,weather_only,recent24,pm,day3,-0.01305253376313344
113,Liyang,weather_only,recent24,weather,day3,0.07837949709487427
113,Liyang,weather_only,recent24,joint,day3,0.07047651861912965
113,Liyang,weather_only,recent24,pm,full72,0.05908545127136281
113,Liyang,weather_only,recent24,weather,full72,0.2894862888715722
113,Liyang,weather_only,recent24,joint,full72,0.28201593150398285
113,Liyang,joint,recent24,pm,day1,0.1689992507498127
113,Liyang,joint,recent24,weather,day1,0.4599136059784015
113,Liyang,joint,recent24,joint,day1,0.4718002689500672
113,Liyang,joint,recent24,pm,day3,0.0005381446345361587
113,Liyang,joint,recent24,weather,day3,0.081987219996805
113,Liyang,joint,recent24,joint,day3,0.07564619491154873
113,Liyang,joint,recent24,pm,full72,0.09750034687508671
113,Liyang,joint,recent24,weather,full72,0.2831037707759427
113,Liyang,joint,recent24,joint,full72,0.28540465285116323
113,Liyang,pm_only,full72,pm,day1,0.1867966096991524
113,Liyang,pm_only,full72,weather,day1,0.04946966586741647
113,Liyang,pm_only,full72,joint,day1,0.09275688368922091
113,Liyang,pm_only,full72,pm,day3,0.04870577117644279
113,Liyang,pm_only,full72,weather,day3,-0.0061758420439605105
113,Liyang,pm_only,full72,joint,day3,0.0022522595630648907
113,Liyang,pm_only,full72,pm,full72,0.13228828057207015
113,Liyang,pm_only,full72,weather,full72,0.013940019485004873
113,Liyang,pm_only,full72,joint,full72,0.04188013497003374
113,Liyang,weather_only,full72,pm,day1,0.047001013250253305
113,Liyang,weather_only,full72,weather,day1,0.3198593059648265
113,Liyang,weather_only,full72,joint,day1,0.3146370756592689
113,Liyang,weather_only,full72,pm,day3,0.010402432100608025
113,Liyang,weather_only,full72,weather,day3,0.07373691643422911
113,Liyang,weather_only,full72,joint,day3,0.07436201159050289
113,Liyang,weather_only,full72,pm,full72,0.04055596913899229
113,Liyang,weather_only,full72,weather,full72,0.21532389583097394
113,Liyang,weather_only,full72,joint,full72,0.2117559964389991
113,Liyang,joint,full72,pm,day1,0.08501198275299568
113,Liyang,joint,full72,weather,day1,0.30615081903770475
113,Liyang,joint,full72,joint,day1,0.3123594735898684
113,Liyang,joint,full72,pm,day3,0.01971225192806298
113,Liyang,joint,full72,weather,day3,0.07365284291321073
113,Liyang,joint,full72,joint,day3,0.0756069084017271
113,Liyang,joint,full72,pm,full72,0.06700410625102657
113,Liyang,joint,full72,weather,full72,0.20685081971270491
113,Liyang,joint,full72,joint,full72,0.20959573189893296
114,Linan,pm_only,recent24,pm,day1,0.31944475686118917
114,Linan,pm_only,recent24,weather,day1,0.07667039366759842
114,Linan,pm_only,recent24,joint,day1,0.15555896088974022
114,Linan,pm_only,recent24,pm,day3,0.07522507730626932
114,Linan,pm_only,recent24,weather,day3,-0.031787733446933364
114,Linan,pm_only,recent24,joint,day3,-0.012782512695628172
114,Linan,pm_only,recent24,pm,full72,0.1989293177323294
114,Linan,pm_only,recent24,weather,full72,0.018144607536151887
114,Linan,pm_only,recent24,joint,full72,0.07058184864546216
114,Linan,weather_only,recent24,pm,day1,0.08210312652578163
114,Linan,weather_only,recent24,weather,day1,0.4902993760748439
114,Linan,weather_only,recent24,joint,day1,0.47563235590808894
114,Linan,weather_only,recent24,pm,day3,-0.047871943467985865
114,Linan,weather_only,recent24,weather,day3,0.10338063934515984
114,Linan,weather_only,recent24,joint,day3,0.07895947973986994
114,Linan,weather_only,recent24,pm,full72,0.01851741312935328
114,Linan,weather_only,recent24,weather,full72,0.32278072619518156
114,Linan,weather_only,recent24,joint,full72,0.29964297441074356
114,Linan,joint,recent24,pm,day1,0.15341905135476283
114,Linan,joint,recent24,weather,day1,0.47317969929492487
114,Linan,joint,recent24,joint,day1,0.483567819891955
114,Linan,joint,recent24,pm,day3,-0.027328839832209954
114,Linan,joint,recent24,weather,day3,0.0859127764781941
114,Linan,joint,recent24,joint,day3,0.06778604144651036
114,Linan,joint,recent24,pm,full72,0.0710970027742507
114,Linan,joint,recent24,weather,full72,0.30270772717693173
114,Linan,joint,recent24,joint,full72,0.2969138377284594
114,Linan,pm_only,full72,pm,day1,0.19962878590719646
114,Linan,pm_only,full72,weather,day1,0.04259910464977616
114,Linan,pm_only,full72,joint,day1,0.09817968504492126
114,Linan,pm_only,full72,pm,day3,0.06923586230896558
114,Linan,pm_only,full72,weather,day3,-0.07028149307037326
114,Linan,pm_only,full72,joint,day3,-0.05418179104544776
114,Linan,pm_only,full72,pm,full72,0.14527468231867058
114,Linan,pm_only,full72,weather,full72,-0.03586886996721749
114,Linan,pm_only,full72,joint,full72,0.004550633637658409
114,Linan,weather_only,full72,pm,day1,0.0028891072222768056
114,Linan,weather_only,full72,weather,day1,0.3085357311339328
114,Linan,weather_only,full72,joint,day1,0.2840142155035539
114,Linan,weather_only,full72,pm,day3,-0.03833326408331601
114,Linan,weather_only,full72,weather,day3,0.0874434368608592
114,Linan,weather_only,full72,joint,day3,0.06389834647458661
114,Linan,weather_only,full72,pm,full72,-0.03181010895252724
114,Linan,weather_only,full72,weather,full72,0.21950153037538256
114,Linan,weather_only,full72,joint,full72,0.19002011350502837
114,Linan,joint,full72,pm,day1,0.04777322994330748
114,Linan,joint,full72,weather,day1,0.2979715224928806
114,Linan,joint,full72,joint,day1,0.28966716491679123
114,Linan,joint,full72,pm,day3,-0.02166310741577685
114,Linan,joint,full72,weather,day3,0.06663308115827028
114,Linan,joint,full72,joint,day3,0.04800206700051675
114,Linan,joint,full72,pm,full72,0.003937475484368871
114,Linan,joint,full72,weather,full72,0.19852480813120205
114,Linan,joint,full72,joint,full72,0.18111580677895167
115,Fuyang,pm_only,recent24,pm,day1,0.366647352161838
115,Fuyang,pm_only,recent24,weather,day1,0.09250180712545178
115,Fuyang,pm_only,recent24,joint,day1,0.18752262788065696
115,Fuyang,pm_only,recent24,pm,day3,0.03937660734415184
115,Fuyang,pm_only,recent24,weather,day3,0.011485396371349092
115,Fuyang,pm_only,recent24,joint,day3,0.025878363469590864
115,Fuyang,pm_only,recent24,pm,full72,0.23136394434098606
115,Fuyang,pm_only,recent24,weather,full72,0.06881361970340491
115,Fuyang,pm_only,recent24,joint,full72,0.12631313557828389
115,Fuyang,weather_only,recent24,pm,day1,0.08368828942207235
115,Fuyang,weather_only,recent24,weather,day1,0.5119875619968906
115,Fuyang,weather_only,recent24,joint,day1,0.5028653367163342
115,Fuyang,weather_only,recent24,pm,day3,-0.023483582870895716
115,Fuyang,weather_only,recent24,weather,day3,0.10260780915195228
115,Fuyang,weather_only,recent24,joint,day3,0.0932285888071472
115,Fuyang,weather_only,recent24,pm,full72,0.029913440978360246
115,Fuyang,weather_only,recent24,weather,full72,0.31749308837327206
115,Fuyang,weather_only,recent24,joint,full72,0.30735765183941294
115,Fuyang,joint,recent24,pm,day1,0.16741374735343684
115,Fuyang,joint,recent24,weather,day1,0.49237089459272365
115,Fuyang,joint,recent24,joint,day1,0.511277988319497
115,Fuyang,joint,recent24,pm,day3,-0.006708685677171419
115,Fuyang,joint,recent24,weather,day3,0.10139465984866496
115,Fuyang,joint,recent24,joint,day3,0.09657397514349378
115,Fuyang,joint,recent24,pm,full72,0.09065868466467115
115,Fuyang,joint,recent24,weather,full72,0.30907684876921215
115,Fuyang,joint,recent24,joint,full72,0.31661682415420606
115,Fuyang,pm_only,full72,pm,day1,0.23073904568476142
115,Fuyang,pm_only,full72,weather,day1,0.043527285381821344
115,Fuyang,pm_only,full72,joint,day1,0.1110077887519472
115,Fuyang,pm_only,full72,pm,day3,0.003710402427600606
115,Fuyang,pm_only,full72,weather,day3,-0.005932946983236745
115,Fuyang,pm_only,full72,joint,day3,0.002822552205638051
115,Fuyang,pm_only,full72,pm,full72,0.13965509891377473
115,Fuyang,pm_only,full72,weather,full72,0.019300018825004706
115,Fuyang,pm_only,full72,joint,full72,0.06141810485452621
115,Fuyang,weather_only,full72,pm,day1,0.009250745312686328
115,Fuyang,weather_only,full72,weather,day1,0.3440471645117911
115,Fuyang,weather_only,full72,joint,day1,0.32736963384240847
115,Fuyang,weather_only,full72,pm,day3,-0.003393729848432462
115,Fuyang,weather_only,full72,weather,day3,0.06915665028916257
115,Fuyang,weather_only,full72,joint,day3,0.06700461925115482
115,Fuyang,weather_only,full72,pm,full72,-0.00480400020100005
115,Fuyang,weather_only,full72,weather,full72,0.21317073979268494
115,Fuyang,weather_only,full72,joint,full72,0.2042465655616414
115,Fuyang,joint,full72,pm,day1,0.06322480730620184
115,Fuyang,joint,full72,weather,day1,0.329492219873055
115,Fuyang,joint,full72,joint,day1,0.3308505287126322
115,Fuyang,joint,full72,pm,day3,-4.279501069875268e-06
115,Fuyang,joint,full72,weather,day3,0.06826403006600752
115,Fuyang,joint,full72,joint,day3,0.06810678502669625
115,Fuyang,joint,full72,pm,full72,0.03148702537175634
115,Fuyang,joint,full72,weather,full72,0.2055020208755052
115,Fuyang,joint,full72,joint,full72,0.20781648545412137
116,Yiwu,pm_only,recent24,pm,day1,0.3793452348363087
116,Yiwu,pm_only,recent24,weather,day1,0.056266131566532894
116,Yiwu,pm_only,recent24,joint,day1,0.1604688356172089
116,Yiwu,pm_only,recent24,pm,day3,0.03249017462254366
116,Yiwu,pm_only,recent24,weather,day3,0.02555744288936072
116,Yiwu,pm_only,recent24,joint,day3,0.03377639344409836
116,Yiwu,pm_only,recent24,pm,full72,0.22178297844574463
116,Yiwu,pm_only,recent24,weather,full72,0.04418259354564839
116,Yiwu,pm_only,recent24,joint,full72,0.101903099975775
116,Yiwu,weather_only,recent24,pm,day1,0.07287688671922168
116,Yiwu,weather_only,recent24,weather,day1,0.46649372662343164
116,Yiwu,weather_only,recent24,joint,day1,0.4450196282549071
116,Yiwu,weather_only,recent24,pm,day3,-0.026844426711106675
116,Yiwu,weather_only,recent24,weather,day3,0.07846466261616565
116,Yiwu,weather_only,recent24,joint,day3,0.0636313644078411
116,Yiwu,weather_only,recent24,pm,full72,0.02018108604527151
116,Yiwu,weather_only,recent24,weather,full72,0.2861956900489225
116,Yiwu,weather_only,recent24,joint,full72,0.26671184617796156
116,Yiwu,joint,recent24,pm,day1,0.17375883593970898
116,Yiwu,joint,recent24,weather,day1,0.4429679532419883
116,Yiwu,joint,recent24,joint,day1,0.45824749706187434
116,Yiwu,joint,recent24,pm,day3,-0.0077029624257406075
116,Yiwu,joint,recent24,weather,day3,0.07578824494706124
116,Yiwu,joint,recent24,joint,day3,0.06673045068261267
116,Yiwu,joint,recent24,pm,full72,0.08924764781191195
116,Yiwu,joint,recent24,weather,full72,0.27258961864740466
116,Yiwu,joint,recent24,joint,full72,0.2758786424696606
116,Yiwu,pm_only,full72,pm,day1,0.25275846318961576
116,Yiwu,pm_only,full72,weather,day1,0.05462835165708791
116,Yiwu,pm_only,full72,joint,day1,0.12576040044010012
116,Yiwu,pm_only,full72,pm,day3,0.0648053172013293
116,Yiwu,pm_only,full72,weather,day3,0.014799779199944798
116,Yiwu,pm_only,full72,joint,day3,0.03334288583572145
116,Yiwu,pm_only,full72,pm,full72,0.17829297107324277
116,Yiwu,pm_only,full72,weather,full72,0.02867521166880292
116,Yiwu,pm_only,full72,joint,full72,0.07658517714629427
116,Yiwu,weather_only,full72,pm,day1,0.021430374857593713
116,Yiwu,weather_only,full72,weather,day1,0.28960308640077154
116,Yiwu,weather_only,full72,joint,day1,0.2663029265757317
116,Yiwu,weather_only,full72,pm,day3,-0.0013682193420548356
116,Yiwu,weather_only,full72,weather,day3,0.06675431118857779
116,Yiwu,weather_only,full72,joint,day3,0.055957891989473006
116,Yiwu,weather_only,full72,pm,full72,-0.004826693706673426
116,Yiwu,weather_only,full72,weather,full72,0.19068283317070828
116,Yiwu,weather_only,full72,joint,full72,0.1726062836515709
116,Yiwu,joint,full72,pm,day1,0.08385965996491498
116,Yiwu,joint,full72,weather,day1,0.2813240173310043
116,Yiwu,joint,full72,joint,day1,0.2803773925943482
116,Yiwu,joint,full72,pm,day3,0.018825019706254924
116,Yiwu,joint,full72,weather,day3,0.06641671210417802
116,Yiwu,joint,full72,joint,day3,0.06161555740388935
116,Yiwu,joint,full72,pm,full72,0.045558035389508846
116,Yiwu,joint,full72,weather,full72,0.18335623433905857
116,Yiwu,joint,full72,joint,full72,0.18080387270096818
117,Xinyang,pm_only,recent24,pm,day1,0.36487057921764476
117,Xinyang,pm_only,recent24,weather,day1,0.07024323706080926
117,Xinyang,pm_only,recent24,joint,day1,0.16046483661620914
117,Xinyang,pm_only,recent24,pm,day3,0.02936699084174771
117,Xinyang,pm_only,recent24,weather,day3,-0.0074519808629952165
117,Xinyang,pm_only,recent24,joint,day3,0.002259777564944391
117,Xinyang,pm_only,recent24,pm,full72,0.2312686733171683
117,Xinyang,pm_only,recent24,weather,full72,0.030205890051472513
117,Xinyang,pm_only,recent24,joint,full72,0.08060967365241842
117,Xinyang,weather_only,recent24,pm,day1,0.06711503127875781
117,Xinyang,weather_only,recent24,weather,day1,0.5150476137619034
117,Xinyang,weather_only,recent24,joint,day1,0.4976289314072328
117,Xinyang,weather_only,recent24,pm,day3,-0.05501393575348394
117,Xinyang,weather_only,recent24,weather,day3,0.06503789825947456
117,Xinyang,weather_only,recent24,joint,day3,0.05260682365170591
117,Xinyang,weather_only,recent24,pm,full72,0.01234085408521352
117,Xinyang,weather_only,recent24,weather,full72,0.3158229684557421
117,Xinyang,weather_only,recent24,joint,full72,0.29929202082300516
117,Xinyang,joint,recent24,pm,day1,0.1497419564354891
117,Xinyang,joint,recent24,weather,day1,0.49207885801971446
117,Xinyang,joint,recent24,joint,day1,0.5026870646717662
117,Xinyang,joint,recent24,pm,day3,-0.04895065373766343
117,Xinyang,joint,recent24,weather,day3,0.05952566688141672
117,Xinyang,joint,recent24,joint,day3,0.04946505936626485
117,Xinyang,joint,recent24,pm,full72,0.06731510432877608
117,Xinyang,joint,recent24,weather,full72,0.29914367978591994
117,Xinyang,joint,recent24,joint,full72,0.29717933479483366
117,Xinyang,pm_only,full72,pm,day1,0.24765713591428398
117,Xinyang,pm_only,full72,weather,day1,0.04770022342505586
117,Xinyang,pm_only,full72,joint,day1,0.10915401628850406
117,Xinyang,pm_only,full72,pm,day3,0.04580443145110786
117,Xinyang,pm_only,full72,weather,day3,0.006308470577117644
117,Xinyang,pm_only,full72,joint,day3,0.015666830416707606
117,Xinyang,pm_only,full72,pm,full72,0.1753780863445216
117,Xinyang,pm_only,full72,weather,full72,0.02936479634119908
117,Xinyang,pm_only,full72,joint,full72,0.06563338940834734
117,Xinyang,weather_only,full72,pm,day1,-0.008954085738521435
117,Xinyang,weather_only,full72,weather,day1,0.3234054448513612
117,Xinyang,weather_only,full72,joint,day1,0.3028780297195074
117,Xinyang,weather_only,full72,pm,day3,-0.05822855655713914
117,Xinyang,weather_only,full72,weather,day3,0.028312016578004143
117,Xinyang,weather_only,full72,joint,day3,0.013087596271899067
117,Xinyang,weather_only,full72,pm,full72,-0.04604704751176187
117,Xinyang,weather_only,full72,weather,full72,0.17551052437763107
117,Xinyang,weather_only,full72,joint,full72,0.1530688747672187
117,Xinyang,joint,full72,pm,day1,0.04473197468299367
117,Xinyang,joint,full72,weather,day1,0.3134933958733489
117,Xinyang,joint,full72,joint,day1,0.30936606384151594
117,Xinyang,joint,full72,pm,day3,-0.046348982587245645
117,Xinyang,joint,full72,weather,day3,0.03187212346803086
117,Xinyang,joint,full72,joint,day3,0.020015154503788626
117,Xinyang,joint,full72,pm,full72,-0.004529816632454158
117,Xinyang,joint,full72,weather,full72,0.17323504180876043
117,Xinyang,joint,full72,joint,full72,0.1607585351896338
118,Zhoukou,pm_only,recent24,pm,day1,0.3719292494823124
118,Zhoukou,pm_only,recent24,weather,day1,0.13782019045504762
118,Zhoukou,pm_only,recent24,joint,day1,0.2152311793077948
118,Zhoukou,pm_only,recent24,pm,day3,0.04241071510267877
118,Zhoukou,pm_only,recent24,weather,day3,0.024429265607316397
118,Zhoukou,pm_only,recent24,joint,day3,0.029465132866283213
118,Zhoukou,pm_only,recent24,pm,full72,0.20782032395508096
118,Zhoukou,pm_only,recent24,weather,full72,0.0710206452551613
118,Zhoukou,pm_only,recent24,joint,full72,0.11185455546363887
118,Zhoukou,weather_only,recent24,pm,day1,0.14327288231822055
118,Zhoukou,weather_only,recent24,weather,day1,0.48374405343601334
118,Zhoukou,weather_only,recent24,joint,day1,0.47418086404521603
118,Zhoukou,weather_only,recent24,pm,day3,0.014038725509681377
118,Zhoukou,weather_only,recent24,weather,day3,0.07254193513548378
118,Zhoukou,weather_only,recent24,joint,day3,0.0708973812243453
118,Zhoukou,weather_only,recent24,pm,full72,0.08653164213291052
118,Zhoukou,weather_only,recent24,weather,full72,0.2931567012891753
118,Zhoukou,weather_only,recent24,joint,full72,0.2840304275076069
118,Zhoukou,joint,recent24,pm,day1,0.21712672228168056
118,Zhoukou,joint,recent24,weather,day1,0.47452939063234756
118,Zhoukou,joint,recent24,joint,day1,0.4857015134253783
118,Zhoukou,joint,recent24,pm,day3,0.030676582669145663
118,Zhoukou,joint,recent24,weather,day3,0.07192565848141462
118,Zhoukou,joint,recent24,joint,day3,0.074016824004206
118,Zhoukou,joint,recent24,pm,full72,0.1320951915237979
118,Zhoukou,joint,recent24,weather,full72,0.28641986360496585
118,Zhoukou,joint,recent24,joint,full72,0.2889402992350748
118,Zhoukou,pm_only,full72,pm,day1,0.2468163182040795
118,Zhoukou,pm_only,full72,weather,day1,0.09005769901442476
118,Zhoukou,pm_only,full72,joint,day1,0.14619812454953113
118,Zhoukou,pm_only,full72,pm,day3,0.08196325749081437
118,Zhoukou,pm_only,full72,weather,day3,0.03857454814363704
118,Zhoukou,pm_only,full72,joint,day3,0.05258676714669178
118,Zhoukou,pm_only,full72,pm,full72,0.16822069355517338
118,Zhoukou,pm_only,full72,weather,full72,0.04502358975589744
118,Zhoukou,pm_only,full72,joint,full72,0.080027756006939
118,Zhoukou,weather_only,full72,pm,day1,0.0744417696104424
118,Zhoukou,weather_only,full72,weather,day1,0.30543478485869624
118,Zhoukou,weather_only,full72,joint,day1,0.29641351710337926
118,Zhoukou,weather_only,full72,pm,day3,-0.005051734262933566
118,Zhoukou,weather_only,full72,weather,day3,0.02912306678076669
118,Zhoukou,weather_only,full72,joint,day3,0.02728208332052083
118,Zhoukou,weather_only,full72,pm,full72,0.03685917171479292
118,Zhoukou,weather_only,full72,weather,full72,0.16476700269175065
118,Zhoukou,weather_only,full72,joint,full72,0.15811588702897175
118,Zhoukou,joint,full72,pm,day1,0.1271082167770542
118,Zhoukou,joint,full72,weather,day1,0.2991009582752395
118,Zhoukou,joint,full72,joint,day1,0.30495169323792326
118,Zhoukou,joint,full72,pm,day3,0.016135567033891757
118,Zhoukou,joint,full72,weather,day3,0.035161483290370825
118,Zhoukou,joint,full72,joint,day3,0.03818830554707638
118,Zhoukou,joint,full72,pm,full72,0.07347692286923072
118,Zhoukou,joint,full72,weather,full72,0.16085104021276006
118,Zhoukou,joint,full72,joint,full72,0.1629551372387843
119,Jincheng,pm_only,recent24,pm,day1,0.3781575345393836
119,Jincheng,pm_only,recent24,weather,day1,0.1078910984727746
119,Jincheng,pm_only,recent24,joint,day1,0.18256997914249476
119,Jincheng,pm_only,recent24,pm,day3,0.040014947503736874
119,Jincheng,pm_only,recent24,weather,day3,-0.028039258009814497
119,Jincheng,pm_only,recent24,joint,day3,-0.01639445059861265
119,Jincheng,pm_only,recent24,pm,full72,0.21858002614500652
119,Jincheng,pm_only,recent24,weather,full72,0.02785393596348399
119,Jincheng,pm_only,recent24,joint,full72,0.07091667872916968
119,Jincheng,weather_only,recent24,pm,day1,0.22319707829926957
119,Jincheng,weather_only,recent24,weather,day1,0.43846613711653426
119,Jincheng,weather_only,recent24,joint,day1,0.4444569166142291
119,Jincheng,weather_only,recent24,pm,day3,0.0057845684461421115
119,Jincheng,weather_only,recent24,weather,day3,0.05745743036435759
119,Jincheng,weather_only,recent24,joint,day3,0.054519199629799904
119,Jincheng,weather_only,recent24,pm,full72,0.1219551739887935
119,Jincheng,weather_only,recent24,weather,full72,0.2711973392993348
119,Jincheng,weather_only,recent24,joint,full72,0.27220938505234626
119,Jincheng,joint,recent24,pm,day1,0.28903825075956263
119,Jincheng,joint,recent24,weather,day1,0.4205871106467777
119,Jincheng,joint,recent24,joint,day1,0.4455049293762324
119,Jincheng,joint,recent24,pm,day3,0.00974202843550711
119,Jincheng,joint,recent24,weather,day3,0.04632519258129814
119,Jincheng,joint,recent24,joint,day3,0.044880806220201554
119,Jincheng,joint,recent24,pm,full72,0.15990528097632023
119,Jincheng,joint,recent24,weather,full72,0.25307098226774555
119,Jincheng,joint,recent24,joint,full72,0.26384781296195325
119,Jincheng,pm_only,full72,pm,day1,0.24509765227441307
119,Jincheng,pm_only,full72,weather,day1,0.05338739084684771
119,Jincheng,pm_only,full72,joint,day1,0.10208940302235076
119,Jincheng,pm_only,full72,pm,day3,0.09073102068275517
119,Jincheng,pm_only,full72,weather,day3,-0.016129451532362882
119,Jincheng,pm_only,full72,joint,day3,0.0011293667823416955
119,Jincheng,pm_only,full72,pm,full72,0.18232835458208863
119,Jincheng,pm_only,full72,weather,full72,0.004566598141649536
119,Jincheng,pm_only,full72,joint,full72,0.038755289188822296
119,Jincheng,weather_only,full72,pm,day1,0.15414628153657037
119,Jincheng,weather_only,full72,weather,day1,0.2984596706149176
119,Jincheng,weather_only,full72,joint,day1,0.29895633873908467
119,Jincheng,weather_only,full72,pm,day3,0.009814535453633862
119,Jincheng,weather_only,full72,weather,day3,0.06361373190343296
119,Jincheng,weather_only,full72,joint,day3,0.06040590460147614
119,Jincheng,weather_only,full72,pm,full72,0.08986175696543924
119,Jincheng,weather_only,full72,weather,full72,0.19434209008552253
119,Jincheng,weather_only,full72,joint,full72,0.1918083779520945
119,Jincheng,joint,full72,pm,day1,0.19242354010588503
119,Jincheng,joint,full72,weather,day1,0.2815109728777432
119,Jincheng,joint,full72,joint,day1,0.2929407057351764
119,Jincheng,joint,full72,pm,day3,0.021823202455800612
119,Jincheng,joint,full72,weather,day3,0.05382099295524824
119,Jincheng,joint,full72,joint,day3,0.05371646092911523
119,Jincheng,joint,full72,pm,full72,0.11811416352854087
119,Jincheng,joint,full72,weather,full72,0.1769764432441108
119,Jincheng,joint,full72,joint,full72,0.1815068148767037
120,Shuozhou,pm_only,recent24,pm,day1,0.34853361463340365
120,Shuozhou,pm_only,recent24,weather,day1,0.097909447977362
120,Shuozhou,pm_only,recent24,joint,day1,0.1611942012985503
120,Shuozhou,pm_only,recent24,pm,day3,0.03052856713214178
120,Shuozhou,pm_only,recent24,weather,day3,-0.048975618243904555
120,Shuozhou,pm_only,recent24,joint,day3,-0.040544603636150915
120,Shuozhou,pm_only,recent24,pm,full72,0.2053258833314708
120,Shuozhou,pm_only,recent24,weather,full72,0.01601066500266625
120,Shuozhou,pm_only,recent24,joint,full72,0.05425362456340614
120,Shuozhou,weather_only,recent24,pm,day1,0.1757240944310236
120,Shuozhou,weather_only,recent24,weather,day1,0.4509067832266958
120,Shuozhou,weather_only,recent24,joint,day1,0.4511053682763421
120,Shuozhou,weather_only,recent24,pm,day3,-0.04349355487338871
120,Shuozhou,weather_only,recent24,weather,day3,0.051933993983498496
120,Shuozhou,weather_only,recent24,joint,day3,0.042226798556699634
120,Shuozhou,weather_only,recent24,pm,full72,0.052443929610982404
120,Shuozhou,weather_only,recent24,weather,full72,0.2644189516047379
120,Shuozhou,weather_only,recent24,joint,full72,0.25484054321013583
120,Shuozhou,joint,recent24,pm,day1,0.23338111334527833
120,Shuozhou,joint,recent24,weather,day1,0.43684842721210676
120,Shuozhou,joint,recent24,joint,day1,0.4526963121740781
120,Shuozhou,joint,recent24,pm,day3,-0.02426926056731514
120,Shuozhou,joint,recent24,weather,day3,0.04023497355874339
120,Shuozhou,joint,recent24,joint,day3,0.035035843258960815
120,Shuozhou,joint,recent24,pm,full72,0.09746592336648084
120,Shuozhou,joint,recent24,weather,full72,0.24968647892161974
120,Shuozhou,joint,recent24,joint,full72,0.2509653672413418
120,Shuozhou,pm_only,full72,pm,day1,0.20950051187512797
120,Shuozhou,pm_only,full72,weather,day1,0.011076676269169068
120,Shuozhou,pm_only,full72,joint,day1,0.05140597885149472
120,Shuozhou,pm_only,full72,pm,day3,0.05834376108594026
120,Shuozhou,pm_only,full72,weather,day3,-0.08201116000278999
120,Shuozhou,pm_only,full72,joint,day3,-0.06615793953948489
120,Shuozhou,pm_only,full72,pm,full72,0.14559763539940884
120,Shuozhou,pm_only,full72,weather,full72,-0.06683365220841304
120,Shuozhou,pm_only,full72,joint,full72,-0.03540994785248697
120,Shuozhou,weather_only,full72,pm,day1,0.08494975073743768
120,Shuozhou,weather_only,full72,weather,day1,0.2740407625101906
120,Shuozhou,weather_only,full72,joint,day1,0.2681269585317396
120,Shuozhou,weather_only,full72,pm,day3,-0.03646160411540103
120,Shuozhou,weather_only,full72,weather,day3,0.04370221992555498
120,Shuozhou,weather_only,full72,joint,day3,0.03404660501165125
120,Shuozhou,weather_only,full72,pm,full72,4.7319011829752956e-05
120,Shuozhou,weather_only,full72,weather,full72,0.1700289380072345
120,Shuozhou,weather_only,full72,joint,full72,0.15767469491867372
120,Shuozhou,joint,full72,pm,day1,0.11990976747744188
120,Shuozhou,joint,full72,weather,day1,0.25426578056644517
120,Shuozhou,joint,full72,joint,day1,0.25816813654203413
120,Shuozhou,joint,full72,pm,day3,-0.01845079211269803
120,Shuozhou,joint,full72,weather,day3,0.025463712365928086
120,Shuozhou,joint,full72,joint,day3,0.02021137105284276
120,Shuozhou,joint,full72,pm,full72,0.03292604923151231
120,Shuozhou,joint,full72,weather,full72,0.14544771186192795
120,Shuozhou,joint,full72,joint,full72,0.14164523641130908
121,Jinzhong,pm_only,recent24,pm,day1,0.34042406660601665
121,Jinzhong,pm_only,recent24,weather,day1,0.06898914974728743
121,Jinzhong,pm_only,recent24,joint,day1,0.13388809997202497
121,Jinzhong,pm_only,recent24,pm,day3,0.0016809514202378551
121,Jinzhong,pm_only,recent24,weather,day3,-0.030020578505144627
121,Jinzhong,pm_only,recent24,joint,day3,-0.027500259875064968
121,Jinzhong,pm_only,recent24,pm,full72,0.2091914232978558
121,Jinzhong,pm_only,recent24,weather,full72,0.032807430701857675
121,Jinzhong,pm_only,recent24,joint,full72,0.06909050927262732
121,Jinzhong,weather_only,recent24,pm,day1,0.18086280621570155
121,Jinzhong,weather_only,recent24,weather,day1,0.4521503855375963
121,Jinzhong,weather_only,recent24,joint,day1,0.454516408129102
121,Jinzhong,weather_only,recent24,pm,day3,0.00021921755480438867
121,Jinzhong,weather_only,recent24,weather,day3,0.10178162694540673
121,Jinzhong,weather_only,recent24,joint,day3,0.09282369070592268
121,Jinzhong,weather_only,recent24,pm,full72,0.10812184653046163
121,Jinzhong,weather_only,recent24,weather,full72,0.30737046784261696
121,Jinzhong,weather_only,recent24,joint,full72,0.306229896057474
121,Jinzhong,joint,recent24,pm,day1,0.2416364974091243
121,Jinzhong,joint,recent24,weather,day1,0.4284418821104705
121,Jinzhong,joint,recent24,joint,day1,0.44742537235634305
121,Jinzhong,joint,recent24,pm,day3,0.002113181028295257
121,Jinzhong,joint,recent24,weather,day3,0.08854207463551865
121,Jinzhong,joint,recent24,joint,day3,0.08063166515791628
121,Jinzhong,joint,recent24,pm,full72,0.14750438787609696
121,Jinzhong,joint,recent24,weather,full72,0.29071782517945627
121,Jinzhong,joint,recent24,joint,full72,0.2982016420504105
121,Jinzhong,pm_only,full72,pm,day1,0.23915478728869682
121,Jinzhong,pm_only,full72,weather,day1,0.08295951423987855
121,Jinzhong,pm_only,full72,joint,day1,0.12629212207303053
121,Jinzhong,pm_only,full72,pm,day3,0.015562124390531097
121,Jinzhong,pm_only,full72,weather,day3,-0.027908688977172247
121,Jinzhong,pm_only,full72,joint,day3,-0.02262272815568204
121,Jinzhong,pm_only,full72,pm,full72,0.17247846861961716
121,Jinzhong,pm_only,full72,weather,full72,0.038803967200991794
121,Jinzhong,pm_only,full72,joint,full72,0.06751819087954773
121,Jinzhong,weather_only,full72,pm,day1,0.11644028611007153
121,Jinzhong,weather_only,full72,weather,day1,0.309107108276777
121,Jinzhong,weather_only,full72,joint,day1,0.3084738891184723
121,Jinzhong,weather_only,full72,pm,day3,-0.017251951312987828
121,Jinzhong,weather_only,full72,weather,day3,0.08303079725769931
121,Jinzhong,weather_only,full72,joint,day3,0.07361464090366023
121,Jinzhong,weather_only,full72,pm,full72,0.045084740271185066
121,Jinzhong,weather_only,full72,weather,full72,0.2243684735921184
121,Jinzhong,weather_only,full72,joint,full72,0.22029569957392486
121,Jinzhong,joint,full72,pm,day1,0.15747599136899784
121,Jinzhong,joint,full72,weather,day1,0.30173936143484037
121,Jinzhong,joint,full72,joint,day1,0.31128749532187383
121,Jinzhong,joint,full72,pm,day3,-0.00857790364447591
121,Jinzhong,joint,full72,weather,day3,0.07467673566918391
121,Jinzhong,joint,full72,joint,day3,0.0677124364281091
121,Jinzhong,joint,full72,pm,full72,0.07896199674049918
121,Jinzhong,joint,full72,weather,full72,0.21631054057763513
121,Jinzhong,joint,full72,joint,full72,0.21898479524619882
122,Yuncheng,pm_only,recent24,pm,day1,0.4434625288656322
122,Yuncheng,pm_only,recent24,weather,day1,0.07328389232097307
122,Yuncheng,pm_only,recent24,joint,day1,0.18409372752343187
122,Yuncheng,pm_only,recent24,pm,day3,0.028662553165638288
122,Yuncheng,pm_only,recent24,weather,day3,-0.04420679455169863
122,Yuncheng,pm_only,recent24,joint,day3,-0.032883578220894556
122,Yuncheng,pm_only,recent24,pm,full72,0.2914113728528432
122,Yuncheng,pm_only,recent24,weather,full72,0.008274921568730392
122,Yuncheng,pm_only,recent24,joint,full72,0.07429076907269226
122,Yuncheng,weather_only,recent24,pm,day1,0.12219454704863676
122,Yuncheng,weather_only,recent24,weather,day1,0.439480212370053
122,Yuncheng,weather_only,recent24,joint,day1,0.42956899439224855
122,Yuncheng,weather_only,recent24,pm,day3,-0.025989387497346878
122,Yuncheng,weather_only,recent24,weather,day3,0.032978624244656064
122,Yuncheng,weather_only,recent24,joint,day3,0.02464652116163029
122,Yuncheng,weather_only,recent24,pm,full72,0.058852060213015055
122,Yuncheng,weather_only,recent24,weather,full72,0.2641466685366672
122,Yuncheng,weather_only,recent24,joint,full72,0.25459218814804707
122,Yuncheng,joint,recent24,pm,day1,0.23138931234732807
122,Yuncheng,joint,recent24,weather,day1,0.4149907412476853
122,Yuncheng,joint,recent24,joint,day1,0.4445534656383664
122,Yuncheng,joint,recent24,pm,day3,-0.010541407135351783
122,Yuncheng,joint,recent24,weather,day3,0.015095513273878319
122,Yuncheng,joint,recent24,joint,day3,0.012729037682259421
122,Yuncheng,joint,recent24,pm,full72,0.13635265908816477
122,Yuncheng,joint,recent24,weather,full72,0.23634946258736564
122,Yuncheng,joint,recent24,joint,full72,0.25019095904773975
122,Yuncheng,pm_only,full72,pm,day1,0.32786395296598825
122,Yuncheng,pm_only,full72,weather,day1,0.029998675499668875
122,Yuncheng,pm_only,full72,joint,day1,0.11607192501798125
122,Yuncheng,pm_only,full72,pm,day3,0.050582843145710786
122,Yuncheng,pm_only,full72,weather,day3,-0.0464032856008214
122,Yuncheng,pm_only,full72,joint,day3,-0.03480637020159255
122,Yuncheng,pm_only,full72,pm,full72,0.2436175749043937
122,Yuncheng,pm_only,full72,weather,full72,-0.0355619983904996
122,Yuncheng,pm_only,full72,joint,full72,0.018874863218715805
122,Yuncheng,weather_only,full72,pm,day1,0.08171134892783723
122,Yuncheng,weather_only,full72,weather,day1,0.26731430932857736
122,Yuncheng,weather_only,full72,joint,day1,0.26145532586383147
122,Yuncheng,weather_only,full72,pm,day3,-0.041706421426605356
122,Yuncheng,weather_only,full72,weather,day3,0.037941085985271496
122,Yuncheng,weather_only,full72,joint,day3,0.021684197421049354
122,Yuncheng,weather_only,full72,pm,full72,0.018324444081111023
122,Yuncheng,weather_only,full72,weather,full72,0.15725422831355707
122,Yuncheng,weather_only,full72,joint,full72,0.14637300059325015
122,Yuncheng,joint,full72,pm,day1,0.15087225021806253
122,Yuncheng,joint,full72,weather,day1,0.24847134661783665
122,Yuncheng,joint,full72,joint,day1,0.26696061224015305
122,Yuncheng,joint,full72,pm,day3,-0.02267092316773079
122,Yuncheng,joint,full72,weather,day3,0.02349084437271109
122,Yuncheng,joint,full72,joint,day3,0.012835786708946677
122,Yuncheng,joint,full72,pm,full72,0.07349944987486247
122,Yuncheng,joint,full72,weather,full72,0.132109020027255
122,Yuncheng,joint,full72,joint,full72,0.1370666067666517
123,Xinzhou,pm_only,recent24,pm,day1,0.4229125147281287
123,Xinzhou,pm_only,recent24,weather,day1,0.11016596754149188
123,Xinzhou,pm_only,recent24,joint,day1,0.19693154373288593
123,Xinzhou,pm_only,recent24,pm,day3,0.04980958995239749
123,Xinzhou,pm_only,recent24,weather,day3,-0.02605546551386638
123,Xinzhou,pm_only,recent24,joint,day3,-0.015387101346775338
123,Xinzhou,pm_only,recent24,pm,full72,0.264314604078651
123,Xinzhou,pm_only,recent24,weather,full72,0.04255651513912878
123,Xinzhou,pm_only,recent24,joint,full72,0.09273919418479855
123,Xinzhou,weather_only,recent24,pm,day1,0.2050989647747412
123,Xinzhou,weather_only,recent24,weather,day1,0.45881148520287124
123,Xinzhou,weather_only,recent24,joint,day1,0.4622831325707832
123,Xinzhou,weather_only,recent24,pm,day3,-0.02579625044906261
123,Xinzhou,weather_only,recent24,weather,day3,0.05283416370854093
123,Xinzhou,weather_only,recent24,joint,day3,0.038862741715685434
123,Xinzhou,weather_only,recent24,pm,full72,0.09342870385717596
123,Xinzhou,weather_only,recent24,weather,full72,0.26824862506215624
123,Xinzhou,weather_only,recent24,joint,full72,0.2644289866072466
123,Xinzhou,joint,recent24,pm,day1,0.2867960216990054
123,Xinzhou,joint,recent24,weather,day1,0.4478461704615427
123,Xinzhou,joint,recent24,joint,day1,0.4746769591692398
123,Xinzhou,joint,recent24,pm,day3,-0.005235112308778078
123,Xinzhou,joint,recent24,weather,day3,0.04521060980265245
123,Xinzhou,joint,recent24,joint,day3,0.03694129223532306
123,Xinzhou,joint,recent24,pm,full72,0.15446232861558215
123,Xinzhou,joint,recent24,weather,full72,0.2603966795991699
123,Xinzhou,joint,recent24,joint,full72,0.2708921552230388
123,Xinzhou,pm_only,full72,pm,day1,0.28603263100815773
123,Xinzhou,pm_only,full72,weather,day1,0.0636837624209406
123,Xinzhou,pm_only,full72,joint,day1,0.1259365649841412
123,Xinzhou,pm_only,full72,pm,day3,0.07991579897894974
123,Xinzhou,pm_only,full72,weather,day3,-0.018004159501039875
123,Xinzhou,pm_only,full72,joint,day3,-1.7413504353376087e-05
123,Xinzhou,pm_only,full72,pm,full72,0.24268837867209464
123,Xinzhou,pm_only,full72,weather,full72,0.02269823517455879
123,Xinzhou,pm_only,full72,joint,full72,0.07120156480039119
123,Xinzhou,weather_only,full72,pm,day1,0.12732152733038182
123,Xinzhou,weather_only,full72,weather,day1,0.2918304744576186
123,Xinzhou,weather_only,full72,joint,day1,0.2911373452843363
123,Xinzhou,weather_only,full72,pm,day3,-0.01508041877010469
123,Xinzhou,weather_only,full72,weather,day3,0.044174568543642136
123,Xinzhou,weather_only,full72,joint,day3,0.031788673947168486
123,Xinzhou,weather_only,full72,pm,full72,0.0587394971848743
123,Xinzhou,weather_only,full72,weather,full72,0.19131423282855817
123,Xinzhou,weather_only,full72,joint,full72,0.18668097467024367
123,Xinzhou,joint,full72,pm,day1,0.17681827870456968
123,Xinzhou,joint,full72,weather,day1,0.2792293733073433
123,Xinzhou,joint,full72,joint,day1,0.2931354297838574
123,Xinzhou,joint,full72,pm,day3,0.008868593217148304
123,Xinzhou,joint,full72,weather,day3,0.0424380196095049
123,Xinzhou,joint,full72,joint,day3,0.036523840630960154
123,Xinzhou,joint,full72,pm,full72,0.10921501830375457
123,Xinzhou,joint,full72,weather,full72,0.18317856379464093
123,Xinzhou,joint,full72,joint,full72,0.19021631505407877
124,Lu:liang,pm_only,recent24,pm,day1,0.3506688706802194
124,Lu:liang,pm_only,recent24,weather,day1,0.09268023070481277
124,Lu:liang,pm_only,recent24,joint,day1,0.16314304984694114
124,Lu:liang,pm_only,recent24,pm,day3,-0.053402960890792446
124,Lu:liang,pm_only,recent24,weather,day3,-0.05193208750249641
124,Lu:liang,pm_only,recent24,joint,day3,-0.0576239664276006
124,Lu:liang,pm_only,recent24,pm,full72,0.185285795140931
124,Lu:liang,pm_only,recent24,weather,full72,0.019466728123982053
124,Lu:liang,pm_only,recent24,joint,full72,0.05518969531811997
124,Lu:liang,weather_only,recent24,pm,day1,0.21319493487868185
124,Lu:liang,weather_only,recent24,weather,day1,0.4709069842267461
124,Lu:liang,weather_only,recent24,joint,day1,0.48168513642128413
124,Lu:liang,weather_only,recent24,pm,day3,-0.03154424439789019
124,Lu:liang,weather_only,recent24,weather,day3,0.042924786231196554
124,Lu:liang,weather_only,recent24,joint,day3,0.03387675846918962
124,Lu:liang,weather_only,recent24,pm,full72,0.11833325658331414
124,Lu:liang,weather_only,recent24,weather,full72,0.2886883126720782
124,Lu:liang,weather_only,recent24,joint,full72,0.2905010421252605
124,Lu:liang,joint,recent24,pm,day1,0.26864164926115297
124,Lu:liang,joint,recent24,weather,day1,0.4552304923076231
124,Lu:liang,joint,recent24,joint,day1,0.4823488865872217
124,Lu:liang,joint,recent24,pm,day3,-0.03407500078152832
124,Lu:liang,joint,recent24,weather,day3,0.030611871152967783
124,Lu:liang,joint,recent24,joint,day3,0.0223746055936514
124,Lu:liang,joint,recent24,pm,full72,0.15205788501447123
124,Lu:liang,joint,recent24,weather,full72,0.27300724575181146
124,Lu:liang,joint,recent24,joint,full72,0.2833528023382006
124,Lu:liang,pm_only,full72,pm,day1,0.20775427751647724
124,Lu:liang,pm_only,full72,weather,day1,0.034649665162416285
124,Lu:liang,pm_only,full72,joint,day1,0.08085152171288042
124,Lu:liang,pm_only,full72,pm,day3,-0.010603648154888408
124,Lu:liang,pm_only,full72,weather,day3,-0.026222903055725763
124,Lu:liang,pm_only,full72,joint,day3,-0.02625116156279039
124,Lu:liang,pm_only,full72,pm,full72,0.12451611712902928
124,Lu:liang,pm_only,full72,weather,full72,0.0021157250289312573
124,Lu:liang,pm_only,full72,joint,full72,0.029035780258945064
124,Lu:liang,weather_only,full72,pm,day1,0.1516424749674847
124,Lu:liang,weather_only,full72,weather,day1,0.27499109524777376
124,Lu:liang,weather_only,full72,joint,day1,0.2893501893375473
124,Lu:liang,weather_only,full72,pm,day3,-0.019385485853641023
124,Lu:liang,weather_only,full72,weather,day3,0.04747827436956859
124,Lu:liang,weather_only,full72,joint,day3,0.04635729858932465
124,Lu:liang,weather_only,full72,pm,full72,0.08735338133834533
124,Lu:liang,weather_only,full72,weather,full72,0.1896375909093977
124,Lu:liang,weather_only,full72,joint,full72,0.19543253335813332
124,Lu:liang,joint,full72,pm,day1,0.1804854474390439
124,Lu:liang,joint,full72,weather,day1,0.25872949668237416
124,Lu:liang,joint,full72,joint,day1,0.28206784501696125
124,Lu:liang,joint,full72,pm,day3,-0.01422860381248668
124,Lu:liang,joint,full72,weather,day3,0.03941535985383996
124,Lu:liang,joint,full72,joint,day3,0.040502962125740526
124,Lu:liang,joint,full72,pm,full72,0.10897378974344743
124,Lu:liang,joint,full72,weather,full72,0.17463968415992104
124,Lu:liang,joint,full72,joint,full72,0.18655443913860978
125,Wuhai,pm_only,recent24,pm,day1,0.22124528531132134
125,Wuhai,pm_only,recent24,weather,day1,0.04199670449917612
125,Wuhai,pm_only,recent24,joint,day1,0.09774755593688898
125,Wuhai,pm_only,recent24,pm,day3,0.03800425550106387
125,Wuhai,pm_only,recent24,weather,day3,-0.05519236529809132
125,Wuhai,pm_only,recent24,joint,day3,-0.04661365915341479
125,Wuhai,pm_only,recent24,pm,full72,0.16147246336811585
125,Wuhai,pm_only,recent24,weather,full72,-0.015008661752165439
125,Wuhai,pm_only,recent24,joint,full72,0.015294945823736458
125,Wuhai,weather_only,recent24,pm,day1,0.06751082137770535
125,Wuhai,weather_only,recent24,weather,day1,0.4585545066386267
125,Wuhai,weather_only,recent24,joint,day1,0.4388265662066415
125,Wuhai,weather_only,recent24,pm,day3,0.0027949536987384245
125,Wuhai,weather_only,recent24,weather,day3,0.08358894889723723
125,Wuhai,weather_only,recent24,joint,day3,0.0838709624677406
125,Wuhai,weather_only,recent24,pm,full72,0.05500067875016968
125,Wuhai,weather_only,recent24,weather,full72,0.30053561113390276
125,Wuhai,weather_only,recent24,joint,full72,0.29615520203880047
125,Wuhai,joint,recent24,pm,day1,0.12853915113478778
125,Wuhai,joint,recent24,weather,day1,0.43098697174674294
125,Wuhai,joint,recent24,joint,day1,0.43186547846636963
125,Wuhai,joint,recent24,pm,day3,0.019210800302700077
125,Wuhai,joint,recent24,weather,day3,0.07338284134571033
125,Wuhai,joint,recent24,joint,day3,0.07767087891771973
125,Wuhai,joint,recent24,pm,full72,0.10395591648897913
125,Wuhai,joint,recent24,weather,full72,0.2771821607955402
125,Wuhai,joint,recent24,joint,full72,0.2845885386471347
125,Wuhai,pm_only,full72,pm,day1,0.161857295964324
125,Wuhai,pm_only,full72,weather,day1,0.0007720756930189232
125,Wuhai,pm_only,full72,joint,day1,0.04249752012438003
125,Wuhai,pm_only,full72,pm,day3,0.07785102596275649
125,Wuhai,pm_only,full72,weather,day3,-0.050085776021444
125,Wuhai,pm_only,full72,joint,day3,-0.03135144033786008
125,Wuhai,pm_only,full72,pm,full72,0.17085984821496206
125,Wuhai,pm_only,full72,weather,full72,-0.03825897656474414
125,Wuhai,pm_only,full72,joint,full72,-0.008052354513088627
125,Wuhai,weather_only,full72,pm,day1,0.04089204272301068
125,Wuhai,weather_only,full72,weather,day1,0.2935816288954072
125,Wuhai,weather_only,full72,joint,day1,0.28231408807852204
125,Wuhai,weather_only,full72,pm,day3,-0.0005308591327147831
125,Wuhai,weather_only,full72,weather,day3,0.06382813445703361
125,Wuhai,weather_only,full72,joint,day3,0.062280068070017014
125,Wuhai,weather_only,full72,pm,full72,0.04944893286223321
125,Wuhai,weather_only,full72,weather,full72,0.20474042868510714
125,Wuhai,weather_only,full72,joint,full72,0.2047711291927823
125,Wuhai,joint,full72,pm,day1,0.07321984230496058
125,Wuhai,joint,full72,weather,day1,0.27903376875844216
125,Wuhai,joint,full72,joint,day1,0.2773038468259617
125,Wuhai,joint,full72,pm,day3,0.014693036173259044
125,Wuhai,joint,full72,weather,day3,0.05557143339285834
125,Wuhai,joint,full72,joint,day3,0.058034581008645246
125,Wuhai,joint,full72,pm,full72,0.08356873789218447
125,Wuhai,joint,full72,weather,full72,0.1906016096504024
125,Wuhai,joint,full72,joint,full72,0.19716785529196382
126,Bayannaoer,pm_only,recent24,pm,day1,0.28479491619872904
126,Bayannaoer,pm_only,recent24,weather,day1,0.029716408429102104
126,Bayannaoer,pm_only,recent24,joint,day1,0.09075969168992291
126,Bayannaoer,pm_only,recent24,pm,day3,0.024100173025043255
126,Bayannaoer,pm_only,recent24,weather,day3,0.027873662468415616
126,Bayannaoer,pm_only,recent24,joint,day3,0.03025831656457914
126,Bayannaoer,pm_only,recent24,pm,full72,0.1995992748998187
126,Bayannaoer,pm_only,recent24,weather,full72,0.0077333584333396065
126,Bayannaoer,pm_only,recent24,joint,full72,0.04031143607785902
126,Bayannaoer,weather_only,recent24,pm,day1,0.030291253572813395
126,Bayannaoer,weather_only,recent24,weather,day1,0.4446857971714492
126,Bayannaoer,weather_only,recent24,joint,day1,0.42219726654931666
126,Bayannaoer,weather_only,recent24,pm,day3,0.00023813555953388987
126,Bayannaoer,weather_only,recent24,weather,day3,0.09338331084582771
126,Bayannaoer,weather_only,recent24,joint,day3,0.08717262379315595
126,Bayannaoer,weather_only,recent24,pm,full72,0.0017051809262952314
126,Bayannaoer,weather_only,recent24,weather,full72,0.30275296268824065
126,Bayannaoer,weather_only,recent24,joint,full72,0.29038873559718387
126,Bayannaoer,joint,recent24,pm,day1,0.10076351369087842
126,Bayannaoer,joint,recent24,weather,day1,0.4246632341658085
126,Bayannaoer,joint,recent24,joint,day1,0.422498144124536
126,Bayannaoer,joint,recent24,pm,day3,0.009471344367836091
126,Bayannaoer,joint,recent24,weather,day3,0.09945625436406358
126,Bayannaoer,joint,recent24,joint,day3,0.09506721276680317
126,Bayannaoer,joint,recent24,pm,full72,0.054264681066170266
126,Bayannaoer,joint,recent24,weather,full72,0.2910383092595773
126,Bayannaoer,joint,recent24,joint,full72,0.28979519894879974
126,Bayannaoer,pm_only,full72,pm,day1,0.23880407820101957
126,Bayannaoer,pm_only,full72,weather,day1,0.024359500589875144
126,Bayannaoer,pm_only,full72,joint,day1,0.07264332016083004
126,Bayannaoer,pm_only,full72,pm,day3,0.08946462436615608
126,Bayannaoer,pm_only,full72,weather,day3,0.006734877183719295
126,Bayannaoer,pm_only,full72,joint,day3,0.0256116424029106
126,Bayannaoer,pm_only,full72,pm,full72,0.2345666716416679
126,Bayannaoer,pm_only,full72,weather,full72,0.011433530858382713
126,Bayannaoer,pm_only,full72,joint,full72,0.046370846592711644
126,Bayannaoer,weather_only,full72,pm,day1,0.0004866616216654054
126,Bayannaoer,weather_only,full72,weather,day1,0.32020888105222023
126,Bayannaoer,weather_only,full72,joint,day1,0.30306403726600933
126,Bayannaoer,weather_only,full72,pm,day3,0.0180034140008535
126,Bayannaoer,weather_only,full72,weather,day3,0.07330157132539283
126,Bayannaoer,weather_only,full72,joint,day3,0.07951932487983122
126,Bayannaoer,weather_only,full72,pm,full72,0.006124206031051507
126,Bayannaoer,weather_only,full72,weather,full72,0.22259991914997979
126,Bayannaoer,weather_only,full72,joint,full72,0.2174821953705488
126,Bayannaoer,joint,full72,pm,day1,0.051839153459788366
126,Bayannaoer,joint,full72,weather,day1,0.30825662906415724
126,Bayannaoer,joint,full72,joint,day1,0.3037476669369167
126,Bayannaoer,joint,full72,pm,day3,0.034698734674683665
126,Bayannaoer,joint,full72,weather,day3,0.0764954156238539
126,Bayannaoer,joint,full72,joint,day3,0.0872336408084102
126,Bayannaoer,joint,full72,pm,full72,0.058145524036381006
126,Bayannaoer,joint,full72,weather,full72,0.2177020744255186
126,Bayannaoer,joint,full72,joint,full72,0.22226060556515134
127,Wulanchabu,pm_only,recent24,pm,day1,0.33998761449690357
127,Wulanchabu,pm_only,recent24,weather,day1,0.04781916445479112
127,Wulanchabu,pm_only,recent24,joint,day1,0.12750245287561324
127,Wulanchabu,pm_only,recent24,pm,day3,0.048692526173131544
127,Wulanchabu,pm_only,recent24,weather,day3,-0.013204185301046324
127,Wulanchabu,pm_only,recent24,joint,day3,-0.00024891006222751554
127,Wulanchabu,pm_only,recent24,pm,full72,0.25218001504500376
127,Wulanchabu,pm_only,recent24,weather,full72,0.014824169206042301
127,Wulanchabu,pm_only,recent24,joint,full72,0.06526739981684995
127,Wulanchabu,weather_only,recent24,pm,day1,0.10498809974702494
127,Wulanchabu,weather_only,recent24,weather,day1,0.4051298617824654
127,Wulanchabu,weather_only,recent24,joint,day1,0.40115727278931823
127,Wulanchabu,weather_only,recent24,pm,day3,-0.022844993711248426
127,Wulanchabu,weather_only,recent24,weather,day3,0.05882357820589454
127,Wulanchabu,weather_only,recent24,joint,day3,0.04268640917160229
127,Wulanchabu,weather_only,recent24,pm,full72,0.043449891362472834
127,Wulanchabu,weather_only,recent24,weather,full72,0.241576303894076
127,Wulanchabu,weather_only,recent24,joint,full72,0.23326457231614306
127,Wulanchabu,joint,recent24,pm,day1,0.17937403034350757
127,Wulanchabu,joint,recent24,weather,day1,0.3935268278817069
127,Wulanchabu,joint,recent24,joint,day1,0.4109621587405397
127,Wulanchabu,joint,recent24,pm,day3,-0.008391224097806023
127,Wulanchabu,joint,recent24,weather,day3,0.05866101716525429
127,Wulanchabu,joint,recent24,joint,day3,0.04715824328956082
127,Wulanchabu,joint,recent24,pm,full72,0.10064244716061178
127,Wulanchabu,joint,recent24,weather,full72,0.23376562494140624
127,Wulanchabu,joint,recent24,joint,full72,0.2389361397340349
127,Wulanchabu,pm_only,full72,pm,day1,0.2562636235659059
127,Wulanchabu,pm_only,full72,weather,day1,0.03596420849105212
127,Wulanchabu,pm_only,full72,joint,day1,0.09470004867501217
127,Wulanchabu,pm_only,full72,pm,day3,0.10319326529831632
127,Wulanchabu,pm_only,full72,weather,day3,-0.04859030264757566
127,Wulanchabu,pm_only,full72,joint,day3,-0.020694372673593166
127,Wulanchabu,pm_only,full72,pm,full72,0.25184192096048025
127,Wulanchabu,pm_only,full72,weather,full72,-0.010825417206354302
127,Wulanchabu,pm_only,full72,joint,full72,0.04042052210513052
127,Wulanchabu,weather_only,full72,pm,day1,0.014671563667890916
127,Wulanchabu,weather_only,full72,weather,day1,0.23717160079290017
127,Wulanchabu,weather_only,full72,joint,day1,0.22258369214592302
127,Wulanchabu,weather_only,full72,pm,day3,-0.026120709530177384
127,Wulanchabu,weather_only,full72,weather,day3,0.0729281612320403
127,Wulanchabu,weather_only,full72,joint,day3,0.06593132998283249
127,Wulanchabu,weather_only,full72,pm,full72,-0.019471879867969964
127,Wulanchabu,weather_only,full72,weather,full72,0.17037040859260213
127,Wulanchabu,weather_only,full72,joint,full72,0.1569071777267944
127,Wulanchabu,joint,full72,pm,day1,0.0708499452124863
127,Wulanchabu,joint,full72,weather,day1,0.227908763977191
127,Wulanchabu,joint,full72,joint,day1,0.22912904878226217
127,Wulanchabu,joint,full72,pm,day3,-0.0024067776016944
127,Wulanchabu,joint,full72,weather,day3,0.061850083962520994
127,Wulanchabu,joint,full72,joint,day3,0.062410685102671275
127,Wulanchabu,joint,full72,pm,full72,0.03645095861273965
127,Wulanchabu,joint,full72,weather,full72,0.15937043784260946
127,Wulanchabu,joint,full72,joint,full72,0.15921473330368333
128,Alashanmeng,pm_only,recent24,pm,day1,0.26128718782179694
128,Alashanmeng,pm_only,recent24,weather,day1,0.10785762446440612
128,Alashanmeng,pm_only,recent24,joint,day1,0.1490610492652623
128,Alashanmeng,pm_only,recent24,pm,day3,-0.013509022877255718
128,Alashanmeng,pm_only,recent24,weather,day3,-0.005565103391275847
128,Alashanmeng,pm_only,recent24,joint,day3,-0.007712469428117356
128,Alashanmeng,pm_only,recent24,pm,full72,0.11999284199821052
128,Alashanmeng,pm_only,recent24,weather,full72,0.04612892953223238
128,Alashanmeng,pm_only,recent24,joint,full72,0.059608190902047734
128,Alashanmeng,weather_only,recent24,pm,day1,0.09669376967344241
128,Alashanmeng,weather_only,recent24,weather,day1,0.4414725563681391
128,Alashanmeng,weather_only,recent24,joint,day1,0.42908686727171674
128,Alashanmeng,weather_only,recent24,pm,day3,0.012198894049723512
128,Alashanmeng,weather_only,recent24,weather,day3,0.082001008000252
128,Alashanmeng,weather_only,recent24,joint,day3,0.07294105373526343
128,Alashanmeng,weather_only,recent24,pm,full72,0.054221400055350005
128,Alashanmeng,weather_only,recent24,weather,full72,0.28196066099016526
128,Alashanmeng,weather_only,recent24,joint,full72,0.2769584822396205
128,Alashanmeng,joint,recent24,pm,day1,0.15080358320089582
128,Alashanmeng,joint,recent24,weather,day1,0.4348575067143767
128,Alashanmeng,joint,recent24,joint,day1,0.4337659009414752
128,Alashanmeng,joint,recent24,pm,day3,0.007198458299614575
128,Alashanmeng,joint,recent24,weather,day3,0.07796391899097974
128,Alashanmeng,joint,recent24,joint,day3,0.06826730456682614
128,Alashanmeng,joint,recent24,pm,full72,0.07928274632068658
128,Alashanmeng,joint,recent24,weather,full72,0.2750593047648262
128,Alashanmeng,joint,recent24,joint,full72,0.2730792592698148
128,Alashanmeng,pm_only,full72,pm,day1,0.13075442668860665
128,Alashanmeng,pm_only,full72,weather,day1,0.0949392372348093
128,Alashanmeng,pm_only,full72,joint,day1,0.11653568913392229
128,Alashanmeng,pm_only,full72,pm,day3,0.009589773897443475
128,Alashanmeng,pm_only,full72,weather,day3,-0.010275080568770141
128,Alashanmeng,pm_only,full72,joint,day3,-0.007975080493770124
128,Alashanmeng,pm_only,full72,pm,full72,0.07491305622826405
128,Alashanmeng,pm_only,full72,weather,full72,0.053027120756780184
128,Alashanmeng,pm_only,full72,joint,full72,0.060553953138488284
128,Alashanmeng,weather_only,full72,pm,day1,0.059423042855760715
128,Alashanmeng,weather_only,full72,weather,day1,0.2848899622224905
128,Alashanmeng,weather_only,full72,joint,day1,0.2745078776269694
128,Alashanmeng,weather_only,full72,pm,day3,0.0040178740044685005
128,Alashanmeng,weather_only,full72,weather,day3,0.07320314130078531
128,Alashanmeng,weather_only,full72,joint,day3,0.06312164178041045
128,Alashanmeng,weather_only,full72,pm,full72,0.021915269478817372
128,Alashanmeng,weather_only,full72,weather,full72,0.19789189797297446
128,Alashanmeng,weather_only,full72,joint,full72,0.18862589015647252
128,Alashanmeng,joint,full72,pm,day1,0.08078799369699843
128,Alashanmeng,joint,full72,weather,day1,0.2814747883686971
128,Alashanmeng,joint,full72,joint,day1,0.2760858330214582
128,Alashanmeng,joint,full72,pm,day3,0.0030816997704249424
128,Alashanmeng,joint,full72,weather,day3,0.0664178716044679
128,Alashanmeng,joint,full72,joint,day3,0.056591100647775165
128,Alashanmeng,joint,full72,pm,full72,0.03372108093027023
128,Alashanmeng,joint,full72,weather,full72,0.19366096541524133
128,Alashanmeng,joint,full72,joint,full72,0.18610700102675024
129,Chaoyang,pm_only,recent24,pm,day1,0.3498262669565667
129,Chaoyang,pm_only,recent24,weather,day1,0.0954069208517302
129,Chaoyang,pm_only,recent24,joint,day1,0.17059815064953765
129,Chaoyang,pm_only,recent24,pm,day3,0.028775020193755052
129,Chaoyang,pm_only,recent24,weather,day3,0.00869971867492967
129,Chaoyang,pm_only,recent24,joint,day3,0.018478150619537656
129,Chaoyang,pm_only,recent24,pm,full72,0.21970624142656034
129,Chaoyang,pm_only,recent24,weather,full72,0.03904459426114856
129,Chaoyang,pm_only,recent24,joint,full72,0.0821684020421005
129,Chaoyang,weather_only,recent24,pm,day1,0.10091932022983006
129,Chaoyang,weather_only,recent24,weather,day1,0.38346665986666495
129,Chaoyang,weather_only,recent24,joint,day1,0.36957483089370774
129,Chaoyang,weather_only,recent24,pm,day3,0.008031080007770001
129,Chaoyang,weather_only,recent24,weather,day3,0.12627487956871988
129,Chaoyang,weather_only,recent24,joint,day3,0.11233256958314239
129,Chaoyang,weather_only,recent24,pm,full72,0.04134042133510533
129,Chaoyang,weather_only,recent24,weather,full72,0.2658911074727769
129,Chaoyang,weather_only,recent24,joint,full72,0.2482664615666154
129,Chaoyang,joint,recent24,pm,day1,0.16985698546424635
129,Chaoyang,joint,recent24,weather,day1,0.3721833780458445
129,Chaoyang,joint,recent24,joint,day1,0.3789654737413684
129,Chaoyang,joint,recent24,pm,day3,0.01566852391713098
129,Chaoyang,joint,recent24,weather,day3,0.11992085998021501
129,Chaoyang,joint,recent24,joint,day3,0.10952676338169083
129,Chaoyang,joint,recent24,pm,full72,0.08976378294094574
129,Chaoyang,joint,recent24,weather,full72,0.255417087854272
129,Chaoyang,joint,recent24,joint,full72,0.2505737876434469
129,Chaoyang,pm_only,full72,pm,day1,0.2559096324774081
129,Chaoyang,pm_only,full72,weather,day1,0.07139227184806797
129,Chaoyang,pm_only,full72,joint,day1,0.12295512823878205
129,Chaoyang,pm_only,full72,pm,day3,0.07447309111827277
129,Chaoyang,pm_only,full72,weather,day3,-0.017572093393023347
129,Chaoyang,pm_only,full72,joint,day3,0.0024562161140540286
129,Chaoyang,pm_only,full72,pm,full72,0.19092522573130644
129,Chaoyang,pm_only,full72,weather,full72,-0.005810348952587238
129,Chaoyang,pm_only,full72,joint,full72,0.032233059558264894
129,Chaoyang,weather_only,full72,pm,day1,0.03414751153687789
129,Chaoyang,weather_only,full72,weather,day1,0.28916512379128095
129,Chaoyang,weather_only,full72,joint,day1,0.2699892779973195
129,Chaoyang,weather_only,full72,pm,day3,-0.0063888435972109
129,Chaoyang,weather_only,full72,weather,day3,0.11382605095651274
129,Chaoyang,weather_only,full72,joint,day3,0.09835644658911165
129,Chaoyang,weather_only,full72,pm,full72,-0.016065859016464755
129,Chaoyang,weather_only,full72,weather,full72,0.2082816700704175
129,Chaoyang,weather_only,full72,joint,full72,0.1837754979438745
129,Chaoyang,joint,full72,pm,day1,0.07912116028029006
129,Chaoyang,joint,full72,weather,day1,0.2810457912614478
129,Chaoyang,joint,full72,joint,day1,0.2740323955080989
129,Chaoyang,joint,full72,pm,day3,0.01025095456273864
129,Chaoyang,joint,full72,weather,day3,0.10139164034791008
129,Chaoyang,joint,full72,joint,day3,0.09128908982227245
129,Chaoyang,joint,full72,pm,full72,0.01983669495917374
129,Chaoyang,joint,full72,weather,full72,0.1898368044592011
129,Chaoyang,joint,full72,joint,full72,0.1749111092277773
130,Bangbu,pm_only,recent24,pm,day1,0.31978819544704884
130,Bangbu,pm_only,recent24,weather,day1,0.07736153834038458
130,Bangbu,pm_only,recent24,joint,day1,0.15333774533443634
130,Bangbu,pm_only,recent24,pm,day3,0.00983851595962899
130,Bangbu,pm_only,recent24,weather,day3,0.021723209430802356
130,Bangbu,pm_only,recent24,joint,day3,0.02249032012258003
130,Bangbu,pm_only,recent24,pm,full72,0.1747136071784018
130,Bangbu,pm_only,recent24,weather,full72,0.044706810676702666
130,Bangbu,pm_only,recent24,joint,full72,0.08267432516858128
130,Bangbu,weather_only,recent24,pm,day1,0.09577909944477485
130,Bangbu,weather_only,recent24,weather,day1,0.49557231239307814
130,Bangbu,weather_only,recent24,joint,day1,0.4884359646089911
130,Bangbu,weather_only,recent24,pm,day3,-0.0016773724193431048
130,Bangbu,weather_only,recent24,weather,day3,0.11203007800751952
130,Bangbu,weather_only,recent24,joint,day3,0.10578704044676009
130,Bangbu,weather_only,recent24,pm,full72,0.03065451016362754
130,Bangbu,weather_only,recent24,weather,full72,0.31050574462643615
130,Bangbu,weather_only,recent24,joint,full72,0.302131844032961
130,Bangbu,joint,recent24,pm,day1,0.16097957974489494
130,Bangbu,joint,recent24,weather,day1,0.46836211509052883
130,Bangbu,joint,recent24,joint,day1,0.4816831219207804
130,Bangbu,joint,recent24,pm,day3,-0.0025668066417016606
130,Bangbu,joint,recent24,weather,day3,0.11327786231946557
130,Bangbu,joint,recent24,joint,day3,0.10618974104743525
130,Bangbu,joint,recent24,pm,full72,0.06801606950401737
130,Bangbu,joint,recent24,weather,full72,0.2953335723333931
130,Bangbu,joint,recent24,joint,full72,0.29628492057123007
130,Bangbu,pm_only,full72,pm,day1,0.2054010288502572
130,Bangbu,pm_only,full72,weather,day1,0.05533797033449258
130,Bangbu,pm_only,full72,joint,day1,0.10732448683112171
130,Bangbu,pm_only,full72,pm,day3,0.008535929133982285
130,Bangbu,pm_only,full72,weather,day3,0.010654379663594915
130,Bangbu,pm_only,full72,joint,day3,0.011916217479054369
130,Bangbu,pm_only,full72,pm,full72,0.12512832128208032
130,Bangbu,pm_only,full72,weather,full72,0.009790017947504486
130,Bangbu,pm_only,full72,joint,full72,0.038442161110540274
130,Bangbu,weather_only,full72,pm,day1,0.03317129329282332
130,Bangbu,weather_only,full72,weather,day1,0.3258407809601952
130,Bangbu,weather_only,full72,joint,day1,0.3187417276854319
130,Bangbu,weather_only,full72,pm,day3,-0.030821517205379297
130,Bangbu,weather_only,full72,weather,day3,0.07569760742440186
130,Bangbu,weather_only,full72,joint,day3,0.06468466467116617
130,Bangbu,weather_only,full72,pm,full72,-0.01980867945216986
130,Bangbu,weather_only,full72,weather,full72,0.20125276581319143
130,Bangbu,weather_only,full72,joint,full72,0.1913138983284746
130,Bangbu,joint,full72,pm,day1,0.06846495511623878
130,Bangbu,joint,full72,weather,day1,0.31095220173805044
130,Bangbu,joint,full72,joint,day1,0.31537248384312094
130,Bangbu,joint,full72,pm,day3,-0.02762273340568335
130,Bangbu,joint,full72,weather,day3,0.07642872860718215
130,Bangbu,joint,full72,joint,day3,0.06598763999691
130,Bangbu,joint,full72,pm,full72,0.005024989256247314
130,Bangbu,joint,full72,weather,full72,0.1895202503800626
130,Bangbu,joint,full72,joint,full72,0.18584657546164388
131,Huainan,pm_only,recent24,pm,day1,0.32614943753735937
131,Huainan,pm_only,recent24,weather,day1,0.050111769527942385
131,Huainan,pm_only,recent24,joint,day1,0.13624130056032513
131,Huainan,pm_only,recent24,pm,day3,0.04751670137917534
131,Huainan,pm_only,recent24,weather,day3,0.0108106452026613
131,Huainan,pm_only,recent24,joint,day3,0.023658617914654477
131,Huainan,pm_only,recent24,pm,full72,0.21259278664819667
131,Huainan,pm_only,recent24,weather,full72,0.04246310261577565
131,Huainan,pm_only,recent24,joint,full72,0.08752308988077245
131,Huainan,weather_only,recent24,pm,day1,0.0545024596256149
131,Huainan,weather_only,recent24,weather,day1,0.5017977729494433
131,Huainan,weather_only,recent24,joint,day1,0.4839366144841536
131,Huainan,weather_only,recent24,pm,day3,-0.005042701260675315
131,Huainan,weather_only,recent24,weather,day3,0.1297049124262281
131,Huainan,weather_only,recent24,joint,day3,0.12139916734979182
131,Huainan,weather_only,recent24,pm,full72,0.021610101902525478
131,Huainan,weather_only,recent24,weather,full72,0.33073698318424577
131,Huainan,weather_only,recent24,joint,full72,0.3215149943787486
131,Huainan,joint,recent24,pm,day1,0.1353399008349752
131,Huainan,joint,recent24,weather,day1,0.4768487767121941
131,Huainan,joint,recent24,joint,day1,0.4867768471942118
131,Huainan,joint,recent24,pm,day3,-0.00021941255485313871
131,Huainan,joint,recent24,weather,day3,0.13157736739434187
131,Huainan,joint,recent24,joint,day3,0.12463834465958615
131,Huainan,joint,recent24,pm,full72,0.0728946872236718
131,Huainan,joint,recent24,weather,full72,0.31969498242374556
131,Huainan,joint,recent24,joint,full72,0.323554499888625
131,Huainan,pm_only,full72,pm,day1,0.2506973021743255
131,Huainan,pm_only,full72,weather,day1,0.030818380704595173
131,Huainan,pm_only,full72,joint,day1,0.09621645455411364
131,Huainan,pm_only,full72,pm,day3,0.025960099990024993
131,Huainan,pm_only,full72,weather,day3,0.027084239271059816
131,Huainan,pm_only,full72,joint,day3,0.03700682875170719
131,Huainan,pm_only,full72,pm,full72,0.17123539430884857
131,Huainan,pm_only,full72,weather,full72,0.02801155300288825
131,Huainan,pm_only,full72,joint,full72,0.06885708221427055
131,Huainan,weather_only,full72,pm,day1,0.015644609411152352
131,Huainan,weather_only,full72,weather,day1,0.344834660208665
131,Huainan,weather_only,full72,joint,day1,0.33296670224167557
131,Huainan,weather_only,full72,pm,day3,-0.026188104547026136
131,Huainan,weather_only,full72,weather,day3,0.07900077775019443
131,Huainan,weather_only,full72,joint,day3,0.06832141558035389
131,Huainan,weather_only,full72,pm,full72,-0.01671053067763267
131,Huainan,weather_only,full72,weather,full72,0.22179421194855298
131,Huainan,weather_only,full72,joint,full72,0.21263145065786265
131,Huainan,joint,full72,pm,day1,0.06766250441562609
131,Huainan,joint,full72,weather,day1,0.327736539934135
131,Huainan,joint,full72,joint,day1,0.3331795162948791
131,Huainan,joint,full72,pm,day3,-0.01847937911984478
131,Huainan,joint,full72,weather,day3,0.0855192783798196
131,Huainan,joint,full72,joint,day3,0.07704767676191919
131,Huainan,joint,full72,pm,full72,0.02129355832338958
131,Huainan,joint,full72,weather,full72,0.21643299910824976
131,Huainan,joint,full72,joint,full72,0.21750030337507584
132,Huaibei,pm_only,recent24,pm,day1,0.33220632505158126
132,Huaibei,pm_only,recent24,weather,day1,0.07992505098126274
132,Huaibei,pm_only,recent24,joint,day1,0.15704818826204706
132,Huaibei,pm_only,recent24,pm,day3,0.0299912699978175
132,Huaibei,pm_only,recent24,weather,day3,0.004400686100171525
132,Huaibei,pm_only,recent24,joint,day3,0.008496284124071031
132,Huaibei,pm_only,recent24,pm,full72,0.19194086098521526
132,Huaibei,pm_only,recent24,weather,full72,0.05618953704738427
132,Huaibei,pm_only,recent24,joint,full72,0.09148959637239908
132,Huaibei,weather_only,recent24,pm,day1,0.06405099251274812
132,Huaibei,weather_only,recent24,weather,day1,0.46713766328441575
132,Huaibei,weather_only,recent24,joint,day1,0.4433438338359585
132,Huaibei,weather_only,recent24,pm,day3,-0.04900129975032493
132,Huaibei,weather_only,recent24,weather,day3,0.05525745181436295
132,Huaibei,weather_only,recent24,joint,day3,0.04027760656940164
132,Huaibei,weather_only,recent24,pm,full72,-0.018821242705310676
132,Huaibei,weather_only,recent24,weather,full72,0.2668676992169248
132,Huaibei,weather_only,recent24,joint,full72,0.24353248588312146
132,Huaibei,joint,recent24,pm,day1,0.14082009820502453
132,Huaibei,joint,recent24,weather,day1,0.44928575532143883
132,Huaibei,joint,recent24,joint,day1,0.4479289674822418
132,Huaibei,joint,recent24,pm,day3,-0.035519264879816215
132,Huaibei,joint,recent24,weather,day3,0.05836243609060902
132,Huaibei,joint,recent24,joint,day3,0.045148746787186694
132,Huaibei,joint,recent24,pm,full72,0.033036290259072565
132,Huaibei,joint,recent24,weather,full72,0.2632167823041956
132,Huaibei,joint,recent24,joint,full72,0.25040188160047033
132,Huaibei,pm_only,full72,pm,day1,0.22218283504570877
132,Huaibei,pm_only,full72,weather,day1,0.036252000063000014
132,Huaibei,pm_only,full72,joint,day1,0.08633467558366889
132,Huaibei,pm_only,full72,pm,day3,0.013324591831147956
132,Huaibei,pm_only,full72,weather,day3,-0.024893317723329426
132,Huaibei,pm_only,full72,joint,day3,-0.02170257092564273
132,Huaibei,pm_only,full72,pm,full72,0.13593668348417087
132,Huaibei,pm_only,full72,weather,full72,-0.016793615698403923
132,Huaibei,pm_only,full72,joint,full72,0.010441220610305151
132,Huaibei,weather_only,full72,pm,day1,0.005315273828818456
132,Huaibei,weather_only,full72,weather,day1,0.2683508725877181
132,Huaibei,weather_only,full72,joint,day1,0.2418113854528464
132,Huaibei,weather_only,full72,pm,day3,-0.051350973837743466
132,Huaibei,weather_only,full72,weather,day3,0.04947531486882872
132,Huaibei,weather_only,full72,joint,day3,0.03817643304410826
132,Huaibei,weather_only,full72,pm,full72,-0.043818669454667364
132,Huaibei,weather_only,full72,weather,full72,0.1551227007806752
132,Huaibei,weather_only,full72,joint,full72,0.13395437148859288
132,Huaibei,joint,full72,pm,day1,0.05080177420044355
132,Huaibei,joint,full72,weather,day1,0.2589982742495685
132,Huaibei,joint,full72,joint,day1,0.24495439623859905
132,Huaibei,joint,full72,pm,day3,-0.0447377511844378
132,Huaibei,joint,full72,weather,day3,0.044220684555171134
132,Huaibei,joint,full72,joint,day3,0.034068835017208754
132,Huaibei,joint,full72,pm,full72,-0.01503639375909844
132,Huaibei,joint,full72,weather,full72,0.14341731735432933
132,Huaibei,joint,full72,joint,full72,0.12907712326928084
133,Tongling,pm_only,recent24,pm,day1,0.3781847835461959
133,Tongling,pm_only,recent24,weather,day1,0.09610411502602877
133,Tongling,pm_only,recent24,joint,day1,0.1832816333204083
133,Tongling,pm_only,recent24,pm,day3,0.08827231006807751
133,Tongling,pm_only,recent24,weather,day3,0.008430684607671152
133,Tongling,pm_only,recent24,joint,day3,0.03126896431724108
133,Tongling,pm_only,recent24,pm,full72,0.25399036699759175
133,Tongling,pm_only,recent24,weather,full72,0.052733138683284664
133,Tongling,pm_only,recent24,joint,full72,0.10972759093189771
133,Tongling,weather_only,recent24,pm,day1,0.12397882299470574
133,Tongling,weather_only,recent24,weather,day1,0.4947182886795721
133,Tongling,weather_only,recent24,joint,day1,0.48212263553065887
133,Tongling,weather_only,recent24,pm,day3,-0.021172337293084324
133,Tongling,weather_only,recent24,weather,day3,0.12362378340594585
133,Tongling,weather_only,recent24,joint,day3,0.10613669503417375
133,Tongling,weather_only,recent24,pm,full72,0.049421674855418714
133,Tongling,weather_only,recent24,weather,full72,0.3228355497088874
133,Tongling,weather_only,recent24,joint,full72,0.3064874356218589
133,Tongling,joint,recent24,pm,day1,0.2033129128282282
133,Tongling,joint,recent24,weather,day1,0.4771628062907016
133,Tongling,joint,recent24,joint,day1,0.4904482106120527
133,Tongling,joint,recent24,pm,day3,-0.002529197132299283
133,Tongling,joint,recent24,weather,day3,0.1164850836212709
133,Tongling,joint,recent24,joint,day3,0.10418612904653225
133,Tongling,joint,recent24,pm,full72,0.1030782692695673
133,Tongling,joint,recent24,weather,full72,0.3072391803097951
133,Tongling,joint,recent24,joint,full72,0.3064397776099444
133,Tongling,pm_only,full72,pm,day1,0.24857391814347948
133,Tongling,pm_only,full72,weather,day1,0.050368826092206526
133,Tongling,pm_only,full72,joint,day1,0.11707150876787718
133,Tongling,pm_only,full72,pm,day3,0.09787244746811187
133,Tongling,pm_only,full72,weather,day3,0.016536940134235033
133,Tongling,pm_only,full72,joint,day3,0.038863479715869925
133,Tongling,pm_only,full72,pm,full72,0.20296756624189155
133,Tongling,pm_only,full72,weather,full72,0.023994373498593374
133,Tongling,pm_only,full72,joint,full72,0.07070129817532454
133,Tongling,weather_only,full72,pm,day1,0.0741420980355245
133,Tongling,weather_only,full72,weather,day1,0.3320235515058879
133,Tongling,weather_only,full72,joint,day1,0.32037811109452774
133,Tongling,weather_only,full72,pm,day3,-0.0048672867168216795
133,Tongling,weather_only,full72,weather,day3,0.08146319636579909
133,Tongling,weather_only,full72,joint,day3,0.0706988291747073
133,Tongling,weather_only,full72,pm,full72,0.028555115638778907
133,Tongling,weather_only,full72,weather,full72,0.2261583625395906
133,Tongling,weather_only,full72,joint,full72,0.21098041074510268
133,Tongling,joint,full72,pm,day1,0.12132511833127957
133,Tongling,joint,full72,weather,day1,0.31795050448762613
133,Tongling,joint,full72,joint,day1,0.32289100322275077
133,Tongling,joint,full72,pm,day3,0.01405735251433813
133,Tongling,joint,full72,weather,day3,0.08019795654948914
133,Tongling,joint,full72,joint,day3,0.07447454161863541
133,Tongling,joint,full72,pm,full72,0.06879699369924842
133,Tongling,joint,full72,weather,full72,0.21449034112258528
133,Tongling,joint,full72,joint,full72,0.21037917909479475
134,Anqing,pm_only,recent24,pm,day1,0.38943129135782284
134,Anqing,pm_only,recent24,weather,day1,0.07254904213726053
134,Anqing,pm_only,recent24,joint,day1,0.1700414285103571
134,Anqing,pm_only,recent24,pm,day3,0.05715562128890532
134,Anqing,pm_only,recent24,weather,day3,0.03129726332431583
134,Anqing,pm_only,recent24,joint,day3,0.046266652066663014
134,Anqing,pm_only,recent24,pm,full72,0.24475826218956556
134,Anqing,pm_only,recent24,weather,full72,0.04890249472562368
134,Anqing,pm_only,recent24,joint,full72,0.11067678966919742
134,Anqing,weather_only,recent24,pm,day1,0.10732705783176445
134,Anqing,weather_only,recent24,weather,day1,0.5120767070191767
134,Anqing,weather_only,recent24,joint,day1,0.49867859266964815
134,Anqing,weather_only,recent24,pm,day3,-0.045223919305979826
134,Anqing,weather_only,recent24,weather,day3,0.12787313296828326
134,Anqing,weather_only,recent24,joint,day3,0.09762423040605761
134,Anqing,weather_only,recent24,pm,full72,0.03273354218338555
134,Anqing,weather_only,recent24,weather,full72,0.34335680433920107
134,Anqing,weather_only,recent24,joint,full72,0.31886286321571583
134,Anqing,joint,recent24,pm,day1,0.19984868746217188
134,Anqing,joint,recent24,weather,day1,0.49079980019995006
134,Anqing,joint,recent24,joint,day1,0.5097194219298554
134,Anqing,joint,recent24,pm,day3,-0.029818240454560115
134,Anqing,joint,recent24,weather,day3,0.1290393172598293
134,Anqing,joint,recent24,joint,day3,0.10343556335889084
134,Anqing,joint,recent24,pm,full72,0.09303396825849206
134,Anqing,joint,recent24,weather,full72,0.330479544119886
134,Anqing,joint,recent24,joint,full72,0.32695384873846217
134,Anqing,pm_only,full72,pm,day1,0.26177651644412914
134,Anqing,pm_only,full72,weather,day1,0.060487426621856646
134,Anqing,pm_only,full72,joint,day1,0.13200479100119775
134,Anqing,pm_only,full72,pm,day3,0.04558389539597385
134,Anqing,pm_only,full72,weather,day3,0.033840468960117234
134,Anqing,pm_only,full72,joint,day3,0.044289848072462015
134,Anqing,pm_only,full72,pm,full72,0.1649237407309352
134,Anqing,pm_only,full72,weather,full72,0.050689511172377785
134,Anqing,pm_only,full72,joint,full72,0.09652154263038566
134,Anqing,weather_only,full72,pm,day1,0.07614079153519789
134,Anqing,weather_only,full72,weather,day1,0.34720860580215146
134,Anqing,weather_only,full72,joint,day1,0.3359589044897261
134,Anqing,weather_only,full72,pm,day3,-0.039742013435503355
134,Anqing,weather_only,full72,weather,day3,0.08178616894654224
134,Anqing,weather_only,full72,joint,day3,0.05841918260479565
134,Anqing,weather_only,full72,pm,full72,0.010702918175729544
134,Anqing,weather_only,full72,weather,full72,0.2309063077265769
134,Anqing,weather_only,full72,joint,full72,0.20496205074051266
134,Anqing,joint,full72,pm,day1,0.13078060019515003
134,Anqing,joint,full72,weather,day1,0.3325539141384785
134,Anqing,joint,full72,joint,day1,0.3395514248878562
134,Anqing,joint,full72,pm,day3,-0.025112658278164567
134,Anqing,joint,full72,weather,day3,0.08621434555358638
134,Anqing,joint,full72,joint,day3,0.06776393294098323
134,Anqing,joint,full72,pm,full72,0.050569343142335785
134,Anqing,joint,full72,weather,full72,0.2232499353124838
134,Anqing,joint,full72,joint,full72,0.2111937827984457
135,Huangshan,pm_only,recent24,pm,day1,0.4160076230019057
135,Huangshan,pm_only,recent24,weather,day1,0.05966408391602098
135,Huangshan,pm_only,recent24,joint,day1,0.17105521576380392
135,Huangshan,pm_only,recent24,pm,day3,0.07394934648733661
135,Huangshan,pm_only,recent24,weather,day3,0.018795220698805175
135,Huangshan,pm_only,recent24,joint,day3,0.045057093764273436
135,Huangshan,pm_only,recent24,pm,full72,0.2773162548290637
135,Huangshan,pm_only,recent24,weather,full72,0.042466758116689526
135,Huangshan,pm_only,recent24,joint,full72,0.11321953480488371
135,Huangshan,weather_only,recent24,pm,day1,0.08956885189221298
135,Huangshan,weather_only,recent24,weather,day1,0.48330489682622424
135,Huangshan,weather_only,recent24,joint,day1,0.468559068139767
135,Huangshan,weather_only,recent24,pm,day3,-0.039395325848831465
135,Huangshan,weather_only,recent24,weather,day3,0.10868643017160755
135,Huangshan,weather_only,recent24,joint,day3,0.08742909985727496
135,Huangshan,weather_only,recent24,pm,full72,0.017134265783566447
135,Huangshan,weather_only,recent24,weather,full72,0.31636155709038927
135,Huangshan,weather_only,recent24,joint,full72,0.2950602992650748
135,Huangshan,joint,recent24,pm,day1,0.19354849388712345
135,Huangshan,joint,recent24,weather,day1,0.4669545507386377
135,Huangshan,joint,recent24,joint,day1,0.48905564626391157
135,Huangshan,joint,recent24,pm,day3,-0.022255691563922892
135,Huangshan,joint,recent24,weather,day3,0.10303641925910481
135,Huangshan,joint,recent24,joint,day3,0.09103012675753168
135,Huangshan,joint,recent24,pm,full72,0.08737016334254083
135,Huangshan,joint,recent24,weather,full72,0.30270301417575357
135,Huangshan,joint,recent24,joint,full72,0.3054898588724647
135,Huangshan,pm_only,full72,pm,day1,0.263809427952357
135,Huangshan,pm_only,full72,weather,day1,0.04198536899634225
135,Huangshan,pm_only,full72,joint,day1,0.1194334588583647
135,Huangshan,pm_only,full72,pm,day3,0.06439303759825939
135,Huangshan,pm_only,full72,weather,day3,0.021294291823572953
135,Huangshan,pm_only,full72,joint,day3,0.03752004788001197
135,Huangshan,pm_only,full72,pm,full72,0.1887457971864493
135,Huangshan,pm_only,full72,weather,full72,0.02984375996093999
135,Huangshan,pm_only,full72,joint,full72,0.07756797439199359
135,Huangshan,weather_only,full72,pm,day1,0.030947283236820805
135,Huangshan,weather_only,full72,weather,day1,0.32543799185949795
135,Huangshan,weather_only,full72,joint,day1,0.3076423414105854
135,Huangshan,weather_only,full72,pm,day3,-0.0725604556401139
135,Huangshan,weather_only,full72,weather,day3,0.09459057714764428
135,Huangshan,weather_only,full72,joint,day3,0.0695342243835561
135,Huangshan,weather_only,full72,pm,full72,-0.03345458036364509
135,Huangshan,weather_only,full72,weather,full72,0.22808647652161912
135,Huangshan,weather_only,full72,joint,full72,0.2013355508338877
135,Huangshan,joint,full72,pm,day1,0.09641705410426352
135,Huangshan,joint,full72,weather,day1,0.319528531882133
135,Huangshan,joint,full72,joint,day1,0.32665284066321015
135,Huangshan,joint,full72,pm,day3,-0.0493170888292722
135,Huangshan,joint,full72,weather,day3,0.09045822611455652
135,Huangshan,joint,full72,joint,day3,0.0744646836161709
135,Huangshan,joint,full72,pm,full72,0.020823075705768922
135,Huangshan,joint,full72,weather,full72,0.22158768589692143
135,Huangshan,joint,full72,joint,full72,0.21353218138304536
136,Chuzhou,pm_only,recent24,pm,day1,0.33810266902566727
136,Chuzhou,pm_only,recent24,weather,day1,0.07753746438436608
136,Chuzhou,pm_only,recent24,joint,day1,0.15365164891291222
136,Chuzhou,pm_only,recent24,pm,day3,0.02707741876935469
136,Chuzhou,pm_only,recent24,weather,day3,-0.0006675361668840417
136,Chuzhou,pm_only,recent24,joint,day3,0.014104172026043004
136,Chuzhou,pm_only,recent24,pm,full72,0.19197171149292785
136,Chuzhou,pm_only,recent24,weather,full72,0.023774702943675736
136,Chuzhou,pm_only,recent24,joint,full72,0.07218478954619738
136,Chuzhou,weather_only,recent24,pm,day1,0.1396044304011076
136,Chuzhou,weather_only,recent24,weather,day1,0.5096714564178642
136,Chuzhou,weather_only,recent24,joint,day1,0.5055128193782048
136,Chuzhou,weather_only,recent24,pm,day3,0.010766414691603674
136,Chuzhou,weather_only,recent24,weather,day3,0.09955528138882035
136,Chuzhou,weather_only,recent24,joint,day3,0.09629050957262739
136,Chuzhou,weather_only,recent24,pm,full72,0.059815615453903855
136,Chuzhou,weather_only,recent24,weather,full72,0.3085984656496164
136,Chuzhou,weather_only,recent24,joint,full72,0.30267929766982443
136,Chuzhou,joint,recent24,pm,day1,0.205612267903067
136,Chuzhou,joint,recent24,weather,day1,0.47893547973386985
136,Chuzhou,joint,recent24,joint,day1,0.4960725715181428
136,Chuzhou,joint,recent24,pm,day3,0.014518307129576781
136,Chuzhou,joint,recent24,weather,day3,0.09126758731689683
136,Chuzhou,joint,recent24,joint,day3,0.09073918968479741
136,Chuzhou,joint,recent24,pm,full72,0.09825637706409425
136,Chuzhou,joint,recent24,weather,full72,0.2833318803329701
136,Chuzhou,joint,recent24,joint,full72,0.28996755199188795
136,Chuzhou,pm_only,full72,pm,day1,0.20389881897470472
136,Chuzhou,pm_only,full72,weather,day1,0.03332062733015683
136,Chuzhou,pm_only,full72,joint,day1,0.08618934504733626
136,Chuzhou,pm_only,full72,pm,day3,-0.001488670872167718
136,Chuzhou,pm_only,full72,weather,day3,-0.01896904224226056
136,Chuzhou,pm_only,full72,joint,day3,-0.01719816579954145
136,Chuzhou,pm_only,full72,pm,full72,0.11751467337866836
136,Chuzhou,pm_only,full72,weather,full72,-0.0172689148172287
136,Chuzhou,pm_only,full72,joint,full72,0.01568679692169923
136,Chuzhou,weather_only,full72,pm,day1,0.06827115506778877
136,Chuzhou,weather_only,full72,weather,day1,0.34624634356158585
136,Chuzhou,weather_only,full72,joint,day1,0.33944701586175396
136,Chuzhou,weather_only,full72,pm,day3,-0.011795123948780987
136,Chuzhou,weather_only,full72,weather,day3,0.06997535649383912
136,Chuzhou,weather_only,full72,joint,day3,0.06566917641729411
136,Chuzhou,weather_only,full72,pm,full72,0.02050228712557178
136,Chuzhou,weather_only,full72,weather,full72,0.21643057810764452
136,Chuzhou,weather_only,full72,joint,full72,0.21000442500110622
136,Chuzhou,joint,full72,pm,day1,0.10470738517684629
136,Chuzhou,joint,full72,weather,day1,0.320454428113607
136,Chuzhou,joint,full72,joint,day1,0.32688189972047493
136,Chuzhou,joint,full72,pm,day3,-0.010167511041877759
136,Chuzhou,joint,full72,weather,day3,0.0624550896137724
136,Chuzhou,joint,full72,joint,day3,0.05863029565757391
136,Chuzhou,joint,full72,pm,full72,0.04349385787346447
136,Chuzhou,joint,full72,weather,full72,0.19260543615135903
136,Chuzhou,joint,full72,joint,full72,0.19454214513553628
137,Liuan,pm_only,recent24,pm,day1,0.3471083142770786
137,Liuan,pm_only,recent24,weather,day1,0.0756126924031731
137,Liuan,pm_only,recent24,joint,day1,0.15702427375606842
137,Liuan,pm_only,recent24,pm,day3,0.05235217008804252
137,Liuan,pm_only,recent24,weather,day3,0.004221484055371014
137,Liuan,pm_only,recent24,joint,day3,0.017093164273291068
137,Liuan,pm_only,recent24,pm,full72,0.20752255288063823
137,Liuan,pm_only,recent24,weather,full72,0.029737294434323602
137,Liuan,pm_only,recent24,joint,full72,0.07598354049588511
137,Liuan,weather_only,recent24,pm,day1,0.12201656300414075
137,Liuan,weather_only,recent24,weather,day1,0.4895144603786151
137,Liuan,weather_only,recent24,joint,day1,0.48399160299790067
137,Liuan,weather_only,recent24,pm,day3,0.025278634819658707
137,Liuan,weather_only,recent24,weather,day3,0.12466138016534505
137,Liuan,weather_only,recent24,joint,day3,0.12378610144652534
137,Liuan,weather_only,recent24,pm,full72,0.08289160172290043
137,Liuan,weather_only,recent24,weather,full72,0.3145731576432894
137,Liuan,weather_only,recent24,joint,full72,0.3094461023615256
137,Liuan,joint,recent24,pm,day1,0.19931015282753817
137,Liuan,joint,recent24,weather,day1,0.4598292924573231
137,Liuan,joint,recent24,joint,day1,0.4784513306128326
137,Liuan,joint,recent24,pm,day3,0.03579099894774974
137,Liuan,joint,recent24,weather,day3,0.12221504455376113
137,Liuan,joint,recent24,joint,day3,0.12416369654092414
137,Liuan,joint,recent24,pm,full72,0.1294622648655662
137,Liuan,joint,recent24,weather,full72,0.29489071822267954
137,Liuan,joint,recent24,joint,full72,0.30207987951996984
137,Liuan,pm_only,full72,pm,day1,0.2187518751879688
137,Liuan,pm_only,full72,weather,day1,0.041455517863879465
137,Liuan,pm_only,full72,joint,day1,0.09636573309143327
137,Liuan,pm_only,full72,pm,day3,0.05060857415214354
137,Liuan,pm_only,full72,weather,day3,0.010412431103107776
137,Liuan,pm_only,full72,joint,day3,0.024521106130276533
137,Liuan,pm_only,full72,pm,full72,0.1420760860190215
137,Liuan,pm_only,full72,weather,full72,0.019756498939124734
137,Liuan,pm_only,full72,joint,full72,0.053516273879068474
137,Liuan,weather_only,full72,pm,day1,0.05427387906846976
137,Liuan,weather_only,full72,weather,day1,0.3415911463977866
137,Liuan,weather_only,full72,joint,day1,0.33215173703793427
137,Liuan,weather_only,full72,pm,day3,0.015313814328453582
137,Liuan,weather_only,full72,weather,day3,0.09429448907362227
137,Liuan,weather_only,full72,joint,day3,0.09383813945953486
137,Liuan,weather_only,full72,pm,full72,0.03719580329895082
137,Liuan,weather_only,full72,weather,full72,0.22613180653295162
137,Liuan,weather_only,full72,joint,full72,0.2190072547518137
137,Liuan,joint,full72,pm,day1,0.09893756473439119
137,Liuan,joint,full72,weather,day1,0.3239617529904383
137,Liuan,joint,full72,joint,day1,0.328515628128907
137,Liuan,joint,full72,pm,day3,0.02513288878322219
137,Liuan,joint,full72,weather,day3,0.09414073303518325
137,Liuan,joint,full72,joint,day3,0.09666097216524304
137,Liuan,joint,full72,pm,full72,0.06654387913596978
137,Liuan,joint,full72,weather,full72,0.21617076304269078
137,Liuan,joint,full72,joint,full72,0.2171598602899651
138,Chizhou,pm_only,recent24,pm,day1,0.4710298417574604
138,Chizhou,pm_only,recent24,weather,day1,0.06408205752051438
138,Chizhou,pm_only,recent24,joint,day1,0.17869961667490417
138,Chizhou,pm_only,recent24,pm,day3,0.13342000685500172
138,Chizhou,pm_only,recent24,weather,day3,0.0567277011819253
138,Chizhou,pm_only,recent24,joint,day3,0.0897864644466161
138,Chizhou,pm_only,recent24,pm,full72,0.33773655493413873
138,Chizhou,pm_only,recent24,weather,full72,0.06077225719306429
138,Chizhou,pm_only,recent24,joint,full72,0.14235233208808304
138,Chizhou,weather_only,recent24,pm,day1,0.066264912066228
138,Chizhou,weather_only,recent24,weather,day1,0.4946199396549849
138,Chizhou,weather_only,recent24,joint,day1,0.47844810411202604
138,Chizhou,weather_only,recent24,pm,day3,-0.00512404028101007
138,Chizhou,weather_only,recent24,weather,day3,0.12276267519066879
138,Chizhou,weather_only,recent24,joint,day3,0.11602947650736914
138,Chizhou,weather_only,recent24,pm,full72,0.029250322312580575
138,Chizhou,weather_only,recent24,weather,full72,0.32189943997486
138,Chizhou,weather_only,recent24,joint,full72,0.3039537984884496
138,Chizhou,joint,recent24,pm,day1,0.1787782691945673
138,Chizhou,joint,recent24,weather,day1,0.4820580305145076
138,Chizhou,joint,recent24,joint,day1,0.501679263919816
138,Chizhou,joint,recent24,pm,day3,0.03074274168568542
138,Chizhou,joint,recent24,weather,day3,0.13281955820488953
138,Chizhou,joint,recent24,joint,day3,0.13465741716435428
138,Chizhou,joint,recent24,pm,full72,0.11366584641646157
138,Chizhou,joint,recent24,weather,full72,0.3211800007950002
138,Chizhou,joint,recent24,joint,full72,0.32733301733325426
138,Chizhou,pm_only,full72,pm,day1,0.3671981492995373
138,Chizhou,pm_only,full72,weather,day1,0.07622909355727338
138,Chizhou,pm_only,full72,joint,day1,0.16828241257060314
138,Chizhou,pm_only,full72,pm,day3,0.14694053323513329
138,Chizhou,pm_only,full72,weather,day3,0.06805205751301438
138,Chizhou,pm_only,full72,joint,day3,0.10518602029650508
138,Chizhou,pm_only,full72,pm,full72,0.2987994311998578
138,Chizhou,pm_only,full72,weather,full72,0.08411943452985862
138,Chizhou,pm_only,full72,joint,full72,0.15303389175847293
138,Chizhou,weather_only,full72,pm,day1,0.019835313458828364
138,Chizhou,weather_only,full72,weather,day1,0.3245810686452671
138,Chizhou,weather_only,full72,joint,day1,0.3109630452407613
138,Chizhou,weather_only,full72,pm,day3,-0.023210824302706073
138,Chizhou,weather_only,full72,weather,day3,0.07776127044031761
138,Chizhou,weather_only,full72,joint,day3,0.06910915577728895
138,Chizhou,weather_only,full72,pm,full72,-0.006688795672198918
138,Chizhou,weather_only,full72,weather,full72,0.21446831811707953
138,Chizhou,weather_only,full72,joint,full72,0.19457316064329017
138,Chizhou,joint,full72,pm,day1,0.10230718657679665
138,Chizhou,joint,full72,weather,day1,0.3194580618645155
138,Chizhou,joint,full72,joint,day1,0.32980539745134935
138,Chizhou,joint,full72,pm,day3,0.010161859040464759
138,Chizhou,joint,full72,weather,day3,0.09335783033945758
138,Chizhou,joint,full72,joint,day3,0.09264782766195691
138,Chizhou,joint,full72,pm,full72,0.06130420232605058
138,Chizhou,joint,full72,weather,full72,0.22200206100051523
138,Chizhou,joint,full72,joint,full72,0.2191375087843772
139,Xuancheng,pm_only,recent24,pm,day1,0.36236905559226384
139,Xuancheng,pm_only,recent24,weather,day1,0.0622410035602509
139,Xuancheng,pm_only,recent24,joint,day1,0.1524518571129643
139,Xuancheng,pm_only,recent24,pm,day3,0.014669900167475044
139,Xuancheng,pm_only,recent24,weather,day3,-0.006621486155371539
139,Xuancheng,pm_only,recent24,joint,day3,-0.0006218806554701638
139,Xuancheng,pm_only,recent24,pm,full72,0.22313645578411395
139,Xuancheng,pm_only,recent24,weather,full72,0.035161067790266946
139,Xuancheng,pm_only,recent24,joint,full72,0.08787142146785536
139,Xuancheng,weather_only,recent24,pm,day1,0.0928284832071208
139,Xuancheng,weather_only,recent24,weather,day1,0.48495093573773396
139,Xuancheng,weather_only,recent24,joint,day1,0.4765327686331921
139,Xuancheng,weather_only,recent24,pm,day3,-0.04844095661023915
139,Xuancheng,weather_only,recent24,weather,day3,0.12226081556520389
139,Xuancheng,weather_only,recent24,joint,day3,0.10012489753122436
139,Xuancheng,weather_only,recent24,pm,full72,0.019729219932304982
139,Xuancheng,weather_only,recent24,weather,full72,0.32029005807251454
139,Xuancheng,weather_only,recent24,joint,full72,0.30074837268709315
139,Xuancheng,joint,recent24,pm,day1,0.1734217768554442
139,Xuancheng,joint,recent24,weather,day1,0.4623921030980257
139,Xuancheng,joint,recent24,joint,day1,0.48140230535057627
139,Xuancheng,joint,recent24,pm,day3,-0.039644894411223604
139,Xuancheng,joint,recent24,weather,day3,0.11646113761528441
139,Xuancheng,joint,recent24,joint,day3,0.09744049836012458
139,Xuancheng,joint,recent24,pm,full72,0.07484520671130168
139,Xuancheng,joint,recent24,weather,full72,0.30658549064637264
139,Xuancheng,joint,recent24,joint,full72,0.3035485433871358
139,Xuancheng,pm_only,full72,pm,day1,0.22324929781232447
139,Xuancheng,pm_only,full72,weather,day1,0.01879329619832405
139,Xuancheng,pm_only,full72,joint,day1,0.08282181270545318
139,Xuancheng,pm_only,full72,pm,day3,0.03024232656058164
139,Xuancheng,pm_only,full72,weather,day3,-0.005968603492150872
139,Xuancheng,pm_only,full72,joint,day3,0.006273625568406392
139,Xuancheng,pm_only,full72,pm,full72,0.1717848324462081
139,Xuancheng,pm_only,full72,weather,full72,0.003985319496329874
139,Xuancheng,pm_only,full72,joint,full72,0.05131712182928046
139,Xuancheng,weather_only,full72,pm,day1,0.015448176862044216
139,Xuancheng,weather_only,full72,weather,day1,0.3314735973683994
139,Xuancheng,weather_only,full72,joint,day1,0.31356417039104256
139,Xuancheng,weather_only,full72,pm,day3,-0.027034350758587688
139,Xuancheng,weather_only,full72,weather,day3,0.0949165332291333
139,Xuancheng,weather_only,full72,joint,day3,0.08113917228479307
139,Xuancheng,weather_only,full72,pm,full72,-0.013214877303719324
139,Xuancheng,weather_only,full72,weather,full72,0.2371921537980384
139,Xuancheng,weather_only,full72,joint,full72,0.21464987366246843
139,Xuancheng,joint,full72,pm,day1,0.06389717947429487
139,Xuancheng,joint,full72,weather,day1,0.31731750282937565
139,Xuancheng,joint,full72,joint,day1,0.3172996273249068
139,Xuancheng,joint,full72,pm,day3,-0.012600354150088538
139,Xuancheng,joint,full72,weather,day3,0.09382372145593036
139,Xuancheng,joint,full72,joint,day3,0.08484290421072606
139,Xuancheng,joint,full72,pm,full72,0.029455841863960462
139,Xuancheng,joint,full72,weather,full72,0.22966996541749132
139,Xuancheng,joint,full72,joint,full72,0.2208238947059737
140,Jingdezhen,pm_only,recent24,pm,day1,0.47394106198526553
140,Jingdezhen,pm_only,recent24,weather,day1,0.09701443525360881
140,Jingdezhen,pm_only,recent24,joint,day1,0.2244006501001625
140,Jingdezhen,pm_only,recent24,pm,day3,0.04755570888892722
140,Jingdezhen,pm_only,recent24,weather,day3,0.022810034702508673
140,Jingdezhen,pm_only,recent24,joint,day3,0.04118966979741744
140,Jingdezhen,pm_only,recent24,pm,full72,0.30326279481569873
140,Jingdezhen,pm_only,recent24,weather,full72,0.05858848764712191
140,Jingdezhen,pm_only,recent24,joint,full72,0.14248418812104702
140,Jingdezhen,weather_only,recent24,pm,day1,0.1356722064180516
140,Jingdezhen,weather_only,recent24,weather,day1,0.4882861745715436
140,Jingdezhen,weather_only,recent24,joint,day1,0.47898313024578254
140,Jingdezhen,weather_only,recent24,pm,day3,-0.024359800589950145
140,Jingdezhen,weather_only,recent24,weather,day3,0.07523384780846194
140,Jingdezhen,weather_only,recent24,joint,day3,0.05702022525505631
140,Jingdezhen,weather_only,recent24,pm,full72,0.05388228597057149
140,Jingdezhen,weather_only,recent24,weather,full72,0.30303131175782794
140,Jingdezhen,weather_only,recent24,joint,full72,0.2867580926895231
140,Jingdezhen,joint,recent24,pm,day1,0.2530153532538383
140,Jingdezhen,joint,recent24,weather,day1,0.47391327297831826
140,Jingdezhen,joint,recent24,joint,day1,0.5058774904693726
140,Jingdezhen,joint,recent24,pm,day3,-0.0007545421886355472
140,Jingdezhen,joint,recent24,weather,day3,0.06674851818712954
140,Jingdezhen,joint,recent24,joint,day3,0.058313530078382525
140,Jingdezhen,joint,recent24,pm,full72,0.13795048198762047
140,Jingdezhen,joint,recent24,weather,full72,0.289088412272103
140,Jingdezhen,joint,recent24,joint,full72,0.3023159660789915
140,Jingdezhen,pm_only,full72,pm,day1,0.31130763432690856
140,Jingdezhen,pm_only,full72,weather,day1,0.06751537387884347
140,Jingdezhen,pm_only,full72,joint,day1,0.1572838548209637
140,Jingdezhen,pm_only,full72,pm,day3,0.07351848787962197
140,Jingdezhen,pm_only,full72,weather,day3,0.0244393576098394
140,Jingdezhen,pm_only,full72,joint,day3,0.04868585717146429
140,Jingdezhen,pm_only,full72,pm,full72,0.2374998203749551
140,Jingdezhen,pm_only,full72,weather,full72,0.04519487179871795
140,Jingdezhen,pm_only,full72,joint,full72,0.11525022481255619
140,Jingdezhen,weather_only,full72,pm,day1,0.07579212394803099
140,Jingdezhen,weather_only,full72,weather,day1,0.33136902634225657
140,Jingdezhen,weather_only,full72,joint,day1,0.3241764765441191
140,Jingdezhen,weather_only,full72,pm,day3,-0.04251318162829541
140,Jingdezhen,weather_only,full72,weather,day3,0.06546741436685359
140,Jingdezhen,weather_only,full72,joint,day3,0.044067338016834504
140,Jingdezhen,weather_only,full72,pm,full72,-0.0010606457651614412
140,Jingdezhen,weather_only,full72,weather,full72,0.21485480371370094
140,Jingdezhen,weather_only,full72,joint,full72,0.19360715590178895
140,Jingdezhen,joint,full72,pm,day1,0.1514492028623007
140,Jingdezhen,joint,full72,weather,day1,0.31771622992905746
140,Jingdezhen,joint,full72,joint,day1,0.3384788136197034
140,Jingdezhen,joint,full72,pm,day3,-0.011491802872950718
140,Jingdezhen,joint,full72,weather,day3,0.060929460232365056
140,Jingdezhen,joint,full72,joint,day3,0.05170889792722448
140,Jingdezhen,joint,full72,pm,full72,0.06615465153866289
140,Jingdezhen,joint,full72,weather,full72,0.20349944687486174
140,Jingdezhen,joint,full72,joint,full72,0.20727065181766297
141,Yingtan,pm_only,recent24,pm,day1,0.3915099198774799
141,Yingtan,pm_only,recent24,weather,day1,0.10605022901255724
141,Yingtan,pm_only,recent24,joint,day1,0.21165870191467545
141,Yingtan,pm_only,recent24,pm,day3,0.08284361671090418
141,Yingtan,pm_only,recent24,weather,day3,0.008321529580382394
141,Yingtan,pm_only,recent24,joint,day3,0.03720341580085395
141,Yingtan,pm_only,recent24,pm,full72,0.26446725611681404
141,Yingtan,pm_only,recent24,weather,full72,0.06766430291607574
141,Yingtan,pm_only,recent24,joint,full72,0.1384488436122109
141,Yingtan,weather_only,recent24,pm,day1,0.1561939935484984
141,Yingtan,weather_only,recent24,weather,day1,0.5291655017913753
141,Yingtan,weather_only,recent24,joint,day1,0.5273404828351207
141,Yingtan,weather_only,recent24,pm,day3,0.004543826635956659
141,Yingtan,weather_only,recent24,weather,day3,0.09251889212972303
141,Yingtan,weather_only,recent24,joint,day3,0.08468622017155504
141,Yingtan,weather_only,recent24,pm,full72,0.09059301464825366
141,Yingtan,weather_only,recent24,weather,full72,0.34554582238645554
141,Yingtan,weather_only,recent24,joint,full72,0.33580038295009573
141,Yingtan,joint,recent24,pm,day1,0.2586331036582759
141,Yingtan,joint,recent24,weather,day1,0.5091794727948682
141,Yingtan,joint,recent24,joint,day1,0.5449235277308819
141,Yingtan,joint,recent24,pm,day3,0.03652045513011378
141,Yingtan,joint,recent24,weather,day3,0.09058622714655677
141,Yingtan,joint,recent24,joint,day3,0.09376743244185812
141,Yingtan,joint,recent24,pm,full72,0.16572271893067972
141,Yingtan,joint,recent24,weather,full72,0.33400440700110173
141,Yingtan,joint,recent24,joint,full72,0.35108928977232245
141,Yingtan,pm_only,full72,pm,day1,0.29286361471590366
141,Yingtan,pm_only,full72,weather,day1,0.0845201056300264
141,Yingtan,pm_only,full72,joint,day1,0.1632005208001302
141,Yingtan,pm_only,full72,pm,day3,0.04948965637241409
141,Yingtan,pm_only,full72,weather,day3,0.011772557943139486
141,Yingtan,pm_only,full72,joint,day3,0.03013721553430388
141,Yingtan,pm_only,full72,pm,full72,0.19164288591072146
141,Yingtan,pm_only,full72,weather,full72,0.05676961719240429
141,Yingtan,pm_only,full72,joint,full72,0.10780856845214211
141,Yingtan,weather_only,full72,pm,day1,0.10084463971115992
141,Yingtan,weather_only,full72,weather,day1,0.35223559005889754
141,Yingtan,weather_only,full72,joint,day1,0.3521145115286279
141,Yingtan,weather_only,full72,pm,day3,-0.018700183675045917
141,Yingtan,weather_only,full72,weather,day3,0.05688157722039431
141,Yingtan,weather_only,full72,joint,day3,0.046706320176580045
141,Yingtan,weather_only,full72,pm,full72,0.04850556612639153
141,Yingtan,weather_only,full72,weather,full72,0.23446621361655337
141,Yingtan,weather_only,full72,joint,full72,0.2261696395424099
141,Yingtan,joint,full72,pm,day1,0.1686151591537898
141,Yingtan,joint,full72,weather,day1,0.33819928554982137
141,Yingtan,joint,full72,joint,day1,0.3633697478424369
141,Yingtan,joint,full72,pm,day3,0.002125694031423508
141,Yingtan,joint,full72,weather,day3,0.06010958552739639
141,Yingtan,joint,full72,joint,day3,0.05593949748487436
141,Yingtan,joint,full72,pm,full72,0.0986029896507474
141,Yingtan,joint,full72,weather,full72,0.22856496764124187
141,Yingtan,joint,full72,joint,full72,0.23703123825780953
142,Shangrao,pm_only,recent24,pm,day1,0.4165524126381031
142,Shangrao,pm_only,recent24,weather,day1,0.05449623162405791
142,Shangrao,pm_only,recent24,joint,day1,0.16594300748575186
142,Shangrao,pm_only,recent24,pm,day3,0.08710901327725333
142,Shangrao,pm_only,recent24,weather,day3,0.01225614456403614
142,Shangrao,pm_only,recent24,joint,day3,0.04609444752361188
142,Shangrao,pm_only,recent24,pm,full72,0.2832444048111012
142,Shangrao,pm_only,recent24,weather,full72,0.02788946197236549
142,Shangrao,pm_only,recent24,joint,full72,0.10788373197093298
142,Shangrao,weather_only,recent24,pm,day1,0.12225665306416325
142,Shangrao,weather_only,recent24,weather,day1,0.52063384015846
142,Shangrao,weather_only,recent24,joint,day1,0.5145071966267991
142,Shangrao,weather_only,recent24,pm,day3,-0.004311580077895019
142,Shangrao,weather_only,recent24,weather,day3,0.07303786075946518
142,Shangrao,weather_only,recent24,joint,day3,0.07042373210593302
142,Shangrao,weather_only,recent24,pm,full72,0.06086026821506705
142,Shangrao,weather_only,recent24,weather,full72,0.3161078425269606
142,Shangrao,weather_only,recent24,joint,full72,0.30858976864744214
142,Shangrao,joint,recent24,pm,day1,0.22014909853727463
142,Shangrao,joint,recent24,weather,day1,0.5030302392575597
142,Shangrao,joint,recent24,joint,day1,0.5319792489948122
142,Shangrao,joint,recent24,pm,day3,0.023575448893862223
142,Shangrao,joint,recent24,weather,day3,0.07422073405518352
142,Shangrao,joint,recent24,joint,day3,0.08409318452329613
142,Shangrao,joint,recent24,pm,full72,0.13306897076724267
142,Shangrao,joint,recent24,weather,full72,0.3053606578401645
142,Shangrao,joint,recent24,joint,full72,0.3250647992661998
142,Shangrao,pm_only,full72,pm,day1,0.28178655294663824
142,Shangrao,pm_only,full72,weather,day1,0.05002729400682349
142,Shangrao,pm_only,full72,joint,day1,0.1300371940092985
142,Shangrao,pm_only,full72,pm,day3,0.08768660942165235
142,Shangrao,pm_only,full72,weather,day3,0.018390115597528896
142,Shangrao,pm_only,full72,joint,day3,0.049031023757755934
142,Shangrao,pm_only,full72,pm,full72,0.21572064593016146
142,Shangrao,pm_only,full72,weather,full72,0.033657536414384105
142,Shangrao,pm_only,full72,joint,full72,0.09653479213369802
142,Shangrao,weather_only,full72,pm,day1,0.05095189123797281
142,Shangrao,weather_only,full72,weather,day1,0.33766022441505605
142,Shangrao,weather_only,full72,joint,day1,0.32935744333936084
142,Shangrao,weather_only,full72,pm,day3,-0.021805901451475363
142,Shangrao,weather_only,full72,weather,day3,0.05788469647117412
142,Shangrao,weather_only,full72,joint,day3,0.04974111793527948
142,Shangrao,weather_only,full72,pm,full72,0.004622504655626163
142,Shangrao,weather_only,full72,weather,full72,0.21456582864145712
142,Shangrao,weather_only,full72,joint,full72,0.20145539486384872
142,Shangrao,joint,full72,pm,day1,0.11486067321516828
142,Shangrao,joint,full72,weather,day1,0.32601836000459
142,Shangrao,joint,full72,joint,day1,0.34123734580933646
142,Shangrao,joint,full72,pm,day3,0.012049180512295126
142,Shangrao,joint,full72,weather,day3,0.06084939471234867
142,Shangrao,joint,full72,joint,day3,0.06561468140367036
142,Shangrao,joint,full72,pm,full72,0.06247292461823115
142,Shangrao,joint,full72,weather,full72,0.20883965820991454
142,Shangrao,joint,full72,joint,full72,0.21757493589373395
143,Hebi,pm_only,recent24,pm,day1,0.3929679217419804
143,Hebi,pm_only,recent24,weather,day1,0.04922282430570607
143,Hebi,pm_only,recent24,joint,day1,0.15379741894935473
143,Hebi,pm_only,recent24,pm,day3,0.018907744726936182
143,Hebi,pm_only,recent24,weather,day3,-0.01891853872963468
143,Hebi,pm_only,recent24,joint,day3,-0.011227154806788701
143,Hebi,pm_only,recent24,pm,full72,0.24434673708668428
143,Hebi,pm_only,recent24,weather,full72,0.0011976302994075748
143,Hebi,pm_only,recent24,joint,full72,0.05921146330286583
143,Hebi,weather_only,recent24,pm,day1,0.11868647067161765
143,Hebi,weather_only,recent24,weather,day1,0.38667435066858763
143,Hebi,weather_only,recent24,joint,day1,0.3840337380084345
143,Hebi,weather_only,recent24,pm,day3,-0.027619316404829095
143,Hebi,weather_only,recent24,weather,day3,0.04189810347452587
143,Hebi,weather_only,recent24,joint,day3,0.03388989697247424
143,Hebi,weather_only,recent24,pm,full72,0.043073187268296814
143,Hebi,weather_only,recent24,weather,full72,0.20794715498678873
143,Hebi,weather_only,recent24,joint,full72,0.19834837358709337
143,Hebi,joint,recent24,pm,day1,0.21492349023087254
143,Hebi,joint,recent24,weather,day1,0.365083636270909
143,Hebi,joint,recent24,joint,day1,0.3980922290230573
143,Hebi,joint,recent24,pm,day3,-0.018980140745035186
143,Hebi,joint,recent24,weather,day3,0.03511753477938369
143,Hebi,joint,recent24,joint,day3,0.031097949274487318
143,Hebi,joint,recent24,pm,full72,0.11078702019675504
143,Hebi,joint,recent24,weather,full72,0.1907291036822759
143,Hebi,joint,recent24,joint,full72,0.20306335026583755
143,Hebi,pm_only,full72,pm,day1,0.2597403769350942
143,Hebi,pm_only,full72,weather,day1,0.02199507099876775
143,Hebi,pm_only,full72,joint,day1,0.09096196824049206
143,Hebi,pm_only,full72,pm,day3,0.038529375632343904
143,Hebi,pm_only,full72,weather,day3,-0.05967350691837672
143,Hebi,pm_only,full72,joint,day3,-0.047284801321200325
143,Hebi,pm_only,full72,pm,full72,0.20110188827547207
143,Hebi,pm_only,full72,weather,full72,-0.03788682797170699
143,Hebi,pm_only,full72,joint,full72,0.00809025052256263
143,Hebi,weather_only,full72,pm,day1,0.05150320287580072
143,Hebi,weather_only,full72,weather,day1,0.25414507703626926
143,Hebi,weather_only,full72,joint,day1,0.25021689105422273
143,Hebi,weather_only,full72,pm,day3,-0.040093636023409006
143,Hebi,weather_only,full72,weather,day3,0.05913981128495282
143,Hebi,weather_only,full72,joint,day3,0.04759023589755897
143,Hebi,weather_only,full72,pm,full72,0.005512553878138469
143,Hebi,weather_only,full72,weather,full72,0.1542475300618825
143,Hebi,weather_only,full72,joint,full72,0.14292037623009404
143,Hebi,joint,full72,pm,day1,0.11367579891894972
143,Hebi,joint,full72,weather,day1,0.23906615076653767
143,Hebi,joint,full72,joint,day1,0.25569599942399984
143,Hebi,joint,full72,pm,day3,-0.027858767464691868
143,Hebi,joint,full72,weather,day3,0.04050436612609153
143,Hebi,joint,full72,joint,day3,0.03324436731109182
143,Hebi,joint,full72,pm,full72,0.055911529977882485
143,Hebi,joint,full72,weather,full72,0.12908490527122632
143,Hebi,joint,full72,joint,full72,0.1325823631455908
144,Xinxiang,pm_only,recent24,pm,day1,0.3777657299414325
144,Xinxiang,pm_only,recent24,weather,day1,0.09018785104696275
144,Xinxiang,pm_only,recent24,joint,day1,0.1750336007584002
144,Xinxiang,pm_only,recent24,pm,day3,0.0764635256158814
144,Xinxiang,pm_only,recent24,weather,day3,0.01711228627807157
144,Xinxiang,pm_only,recent24,joint,day3,0.03423705705926427
144,Xinxiang,pm_only,recent24,pm,full72,0.25418560704640175
144,Xinxiang,pm_only,recent24,weather,full72,0.043839343959835984
144,Xinxiang,pm_only,recent24,joint,full72,0.10586342946585738
144,Xinxiang,weather_only,recent24,pm,day1,0.12267770466942617
144,Xinxiang,weather_only,recent24,weather,day1,0.40312998328249583
144,Xinxiang,weather_only,recent24,joint,day1,0.39376247494061867
144,Xinxiang,weather_only,recent24,pm,day3,-0.013154136288534072
144,Xinxiang,weather_only,recent24,weather,day3,0.060354654088663515
144,Xinxiang,weather_only,recent24,joint,day3,0.05193282398320599
144,Xinxiang,weather_only,recent24,pm,full72,0.06484622221155556
144,Xinxiang,weather_only,recent24,weather,full72,0.22689155822288956
144,Xinxiang,weather_only,recent24,joint,full72,0.2196899979224995
144,Xinxiang,joint,recent24,pm,day1,0.2099956784989196
144,Xinxiang,joint,recent24,weather,day1,0.3892115653028913
144,Xinxiang,joint,recent24,joint,day1,0.4095885993971498
144,Xinxiang,joint,recent24,pm,day3,0.008945000236250058
144,Xinxiang,joint,recent24,weather,day3,0.06113754028438506
144,Xinxiang,joint,recent24,joint,day3,0.059479204369801086
144,Xinxiang,joint,recent24,pm,full72,0.12320049830012457
144,Xinxiang,joint,recent24,weather,full72,0.21802315400578848
144,Xinxiang,joint,recent24,joint,full72,0.23159661839915457
144,Xinxiang,pm_only,full72,pm,day1,0.28036209259052314
144,Xinxiang,pm_only,full72,weather,day1,0.05869024017256004
144,Xinxiang,pm_only,full72,joint,day1,0.12416122754030687
144,Xinxiang,pm_only,full72,pm,day3,0.08802329650582412
144,Xinxiang,pm_only,full72,weather,day3,-0.02581608495402124
144,Xinxiang,pm_only,full72,joint,day3,-0.0029430187357546837
144,Xinxiang,pm_only,full72,pm,full72,0.21508200877050218
144,Xinxiang,pm_only,full72,weather,full72,-0.0018816994704248674
144,Xinxiang,pm_only,full72,joint,full72,0.05139747384936846
144,Xinxiang,weather_only,full72,pm,day1,0.08343214185803546
144,Xinxiang,weather_only,full72,weather,day1,0.26676025569006395
144,Xinxiang,weather_only,full72,joint,day1,0.259307299826825
144,Xinxiang,weather_only,full72,pm,day3,-0.01584326496081624
144,Xinxiang,weather_only,full72,weather,day3,0.051493547373386836
144,Xinxiang,weather_only,full72,joint,day3,0.043964620991155244
144,Xinxiang,weather_only,full72,pm,full72,0.037168198792049696
144,Xinxiang,weather_only,full72,weather,full72,0.152176196044049
144,Xinxiang,weather_only,full72,joint,full72,0.14257275264318817
144,Xinxiang,joint,full72,pm,day1,0.13945129536282383
144,Xinxiang,joint,full72,weather,day1,0.2632962553240638
144,Xinxiang,joint,full72,joint,day1,0.2727989196997299
144,Xinxiang,joint,full72,pm,day3,0.004226330556582639
144,Xinxiang,joint,full72,weather,day3,0.04007956151989038
144,Xinxiang,joint,full72,joint,day3,0.03823301905825476
144,Xinxiang,joint,full72,pm,full72,0.07806656701664176
144,Xinxiang,joint,full72,weather,full72,0.13777472544368136
144,Xinxiang,joint,full72,joint,full72,0.14119514779878695
145,Puyang,pm_only,recent24,pm,day1,0.319836931959233
145,Puyang,pm_only,recent24,weather,day1,0.021831545457886365
145,Puyang,pm_only,recent24,joint,day1,0.10432766308191577
145,Puyang,pm_only,recent24,pm,day3,0.010852006213001553
145,Puyang,pm_only,recent24,weather,day3,-0.025175772293943074
145,Puyang,pm_only,recent24,joint,day3,-0.018187432546858135
145,Puyang,pm_only,recent24,pm,full72,0.1885388076347019
145,Puyang,pm_only,recent24,weather,full72,-0.011721797930449482
145,Puyang,pm_only,recent24,joint,full72,0.03652341163085291
145,Puyang,weather_only,recent24,pm,day1,0.11016427704106926
145,Puyang,weather_only,recent24,weather,day1,0.3847632301908075
145,Puyang,weather_only,recent24,joint,day1,0.3754139933534983
145,Puyang,weather_only,recent24,pm,day3,-0.03281854570463643
145,Puyang,weather_only,recent24,weather,day3,0.021252687813171953
145,Puyang,weather_only,recent24,joint,day3,0.013848474462118615
145,Puyang,weather_only,recent24,pm,full72,0.038202620050655015
145,Puyang,weather_only,recent24,weather,full72,0.20396651699162924
145,Puyang,weather_only,recent24,joint,full72,0.1931816387954097
145,Puyang,joint,recent24,pm,day1,0.1814941848735462
145,Puyang,joint,recent24,weather,day1,0.3492622653155663
145,Puyang,joint,recent24,joint,day1,0.36897283424320854
145,Puyang,joint,recent24,pm,day3,-0.018640737160184287
145,Puyang,joint,recent24,weather,day3,0.007402084850521212
145,Puyang,joint,recent24,joint,day3,0.00503215475803869
145,Puyang,joint,recent24,pm,full72,0.08996984699246174
145,Puyang,joint,recent24,weather,full72,0.17569851492462873
145,Puyang,joint,recent24,joint,full72,0.18399735549933888
145,Puyang,pm_only,full72,pm,day1,0.2281611795402949
145,Puyang,pm_only,full72,weather,day1,0.018954478738619683
145,Puyang,pm_only,full72,joint,day1,0.08389027347256837
145,Puyang,pm_only,full72,pm,day3,0.034815104703776176
145,Puyang,pm_only,full72,weather,day3,-0.051795989448997354
145,Puyang,pm_only,full72,joint,day3,-0.0400859860214965
145,Puyang,pm_only,full72,pm,full72,0.1571571407892852
145,Puyang,pm_only,full72,weather,full72,-0.03274597418649355
145,Puyang,pm_only,full72,joint,full72,0.0059858459964614984
145,Puyang,weather_only,full72,pm,day1,0.038738408184602044
145,Puyang,weather_only,full72,weather,day1,0.24389904397476098
145,Puyang,weather_only,full72,joint,day1,0.2314528928632232
145,Puyang,weather_only,full72,pm,day3,-0.03309074477268619
145,Puyang,weather_only,full72,weather,day3,0.039021981755495434
145,Puyang,weather_only,full72,joint,day3,0.03273012218253054
145,Puyang,weather_only,full72,pm,full72,-0.011714113428528355
145,Puyang,weather_only,full72,weather,full72,0.13752638388159596
145,Puyang,weather_only,full72,joint,full72,0.12219604554901138
145,Puyang,joint,full72,pm,day1,0.08638763609690903
145,Puyang,joint,full72,weather,day1,0.22537199784299944
145,Puyang,joint,full72,joint,day1,0.23047215061803764
145,Puyang,joint,full72,pm,day3,-0.027096962274240566
145,Puyang,joint,full72,weather,day3,0.014406327601581897
145,Puyang,joint,full72,joint,day3,0.01166330391582598
145,Puyang,joint,full72,pm,full72,0.02048999012249753
145,Puyang,joint,full72,weather,full72,0.10995123048780761
145,Puyang,joint,full72,joint,full72,0.10581821345455335
146,Xuchang,pm_only,recent24,pm,day1,0.3016550524137631
146,Xuchang,pm_only,recent24,weather,day1,0.09665004766251191
146,Xuchang,pm_only,recent24,joint,day1,0.1591010872752718
146,Xuchang,pm_only,recent24,pm,day3,0.04282930070732518
146,Xuchang,pm_only,recent24,weather,day3,0.012810354202588551
146,Xuchang,pm_only,recent24,joint,day3,0.021619518904879724
146,Xuchang,pm_only,recent24,pm,full72,0.18866774016693502
146,Xuchang,pm_only,recent24,weather,full72,0.03510557677639419
146,Xuchang,pm_only,recent24,joint,full72,0.07651735612933902
146,Xuchang,weather_only,recent24,pm,day1,0.11430301057575264
146,Xuchang,weather_only,recent24,weather,day1,0.43276868869217217
146,Xuchang,weather_only,recent24,joint,day1,0.4254968533742133
146,Xuchang,weather_only,recent24,pm,day3,-0.016741285185321298
146,Xuchang,weather_only,recent24,weather,day3,0.0898390139597535
146,Xuchang,weather_only,recent24,joint,day3,0.07969065342266335
146,Xuchang,weather_only,recent24,pm,full72,0.025285534821383706
146,Xuchang,weather_only,recent24,weather,full72,0.2635616593904148
146,Xuchang,weather_only,recent24,joint,full72,0.252174732043683
146,Xuchang,joint,recent24,pm,day1,0.17861551315387827
146,Xuchang,joint,recent24,weather,day1,0.4261015410253853
146,Xuchang,joint,recent24,joint,day1,0.43640971310242826
146,Xuchang,joint,recent24,pm,day3,0.0011648477912119476
146,Xuchang,joint,recent24,weather,day3,0.08688620022155005
146,Xuchang,joint,recent24,joint,day3,0.08109311627327906
146,Xuchang,joint,recent24,pm,full72,0.07509466727366682
146,Xuchang,joint,recent24,weather,full72,0.2559070779767695
146,Xuchang,joint,recent24,joint,full72,0.25765652541413137
146,Xuchang,pm_only,full72,pm,day1,0.23264079116019779
146,Xuchang,pm_only,full72,weather,day1,0.07522972730743183
146,Xuchang,pm_only,full72,joint,day1,0.1231599547899887
146,Xuchang,pm_only,full72,pm,day3,0.06743360735840184
146,Xuchang,pm_only,full72,weather,day3,0.020828748707187178
146,Xuchang,pm_only,full72,joint,day3,0.03500068175017044
146,Xuchang,pm_only,full72,pm,full72,0.1675449508862377
146,Xuchang,pm_only,full72,weather,full72,0.024132201033050256
146,Xuchang,pm_only,full72,joint,full72,0.059637445409361355
146,Xuchang,weather_only,full72,pm,day1,0.07039961509990378
146,Xuchang,weather_only,full72,weather,day1,0.2745178991294748
146,Xuchang,weather_only,full72,joint,day1,0.2673233618308405
146,Xuchang,weather_only,full72,pm,day3,-0.03065947516486879
146,Xuchang,weather_only,full72,weather,day3,0.051459059364764845
146,Xuchang,weather_only,full72,joint,day3,0.03935333333833334
146,Xuchang,weather_only,full72,pm,full72,-0.01773313343328336
146,Xuchang,weather_only,full72,weather,full72,0.15925684731421183
146,Xuchang,weather_only,full72,joint,full72,0.1459154284788571
146,Xuchang,joint,full72,pm,day1,0.11478069019517255
146,Xuchang,joint,full72,weather,day1,0.26873239168309787
146,Xuchang,joint,full72,joint,day1,0.2733978863494716
146,Xuchang,joint,full72,pm,day3,-0.01504212976053244
146,Xuchang,joint,full72,weather,day3,0.05161872390468097
146,Xuchang,joint,full72,joint,day3,0.043707346926836727
146,Xuchang,joint,full72,pm,full72,0.017258573814643453
146,Xuchang,joint,full72,weather,full72,0.15210009052502263
146,Xuchang,joint,full72,joint,full72,0.1475668883917221
147,Luohe,pm_only,recent24,pm,day1,0.36813302453325614
147,Luohe,pm_only,recent24,weather,day1,0.12145333086333271
147,Luohe,pm_only,recent24,joint,day1,0.20117897779474445
147,Luohe,pm_only,recent24,pm,day3,0.0667609711902428
147,Luohe,pm_only,recent24,weather,day3,0.01594365548591387
147,Luohe,pm_only,recent24,joint,day3,0.0308358392089598
147,Luohe,pm_only,recent24,pm,full72,0.23437325109331275
147,Luohe,pm_only,recent24,weather,full72,0.049568847392211846
147,Luohe,pm_only,recent24,joint,full72,0.10546789736697433
147,Luohe,weather_only,recent24,pm,day1,0.11530709282677322
147,Luohe,weather_only,recent24,weather,day1,0.46833600908400225
147,Luohe,weather_only,recent24,joint,day1,0.4574747328686832
147,Luohe,weather_only,recent24,pm,day3,-0.003709725927431481
147,Luohe,weather_only,recent24,weather,day3,0.07115974778993694
147,Luohe,weather_only,recent24,joint,day3,0.06841408260352065
147,Luohe,weather_only,recent24,pm,full72,0.05278988069747017
147,Luohe,weather_only,recent24,weather,full72,0.27912250878062717
147,Luohe,weather_only,recent24,joint,full72,0.26888139272034817
147,Luohe,joint,recent24,pm,day1,0.19592145098036273
147,Luohe,joint,recent24,weather,day1,0.4558846454711613
147,Luohe,joint,recent24,joint,day1,0.4698642664660666
147,Luohe,joint,recent24,pm,day3,0.018265146066286517
147,Luohe,joint,recent24,weather,day3,0.06544293586073396
147,Luohe,joint,recent24,joint,day3,0.06889719822429956
147,Luohe,joint,recent24,pm,full72,0.11156657939164484
147,Luohe,joint,recent24,weather,full72,0.26696904824226203
147,Luohe,joint,recent24,joint,full72,0.2746853921713481
147,Luohe,pm_only,full72,pm,day1,0.23868998817249704
147,Luohe,pm_only,full72,weather,day1,0.08469879617469904
147,Luohe,pm_only,full72,joint,day1,0.14746312586578147
147,Luohe,pm_only,full72,pm,day3,0.09213933653483414
147,Luohe,pm_only,full72,weather,day3,0.013957822989455746
147,Luohe,pm_only,full72,joint,day3,0.03428817707204427
147,Luohe,pm_only,full72,pm,full72,0.18358220489555122
147,Luohe,pm_only,full72,weather,full72,0.028209730052432515
147,Luohe,pm_only,full72,joint,full72,0.07508231177057795
147,Luohe,weather_only,full72,pm,day1,0.061133625283406316
147,Luohe,weather_only,full72,weather,day1,0.2898257074564269
147,Luohe,weather_only,full72,joint,day1,0.2841665825416456
147,Luohe,weather_only,full72,pm,day3,-0.017649866912466727
147,Luohe,weather_only,full72,weather,day3,0.02712638628159657
147,Luohe,weather_only,full72,joint,day3,0.025332210333052583
147,Luohe,weather_only,full72,pm,full72,0.017632448908112226
147,Luohe,weather_only,full72,weather,full72,0.15570610942652735
147,Luohe,weather_only,full72,joint,full72,0.14925619331404835
147,Luohe,joint,full72,pm,day1,0.11373392543348135
147,Luohe,joint,full72,weather,day1,0.2823521715880429
147,Luohe,joint,full72,joint,day1,0.2936484929121232
147,Luohe,joint,full72,pm,day3,0.010042493510623376
147,Luohe,joint,full72,weather,day3,0.02806665251666313
147,Luohe,joint,full72,joint,day3,0.033177444794361195
147,Luohe,joint,full72,pm,full72,0.064193224048306
147,Luohe,joint,full72,weather,full72,0.14931505782876445
147,Luohe,joint,full72,joint,full72,0.1564468456117114
148,Nanyang,pm_only,recent24,pm,day1,0.39307871326967836
148,Nanyang,pm_only,recent24,weather,day1,0.13527691581922896
148,Nanyang,pm_only,recent24,joint,day1,0.2168584787146197
148,Nanyang,pm_only,recent24,pm,day3,0.04669606617401654
148,Nanyang,pm_only,recent24,weather,day3,0.003873251468312867
148,Nanyang,pm_only,recent24,joint,day3,0.013304188826047206
148,Nanyang,pm_only,recent24,pm,full72,0.24172602343150587
148,Nanyang,pm_only,recent24,weather,full72,0.06770622192655548
148,Nanyang,pm_only,recent24,joint,full72,0.11757829139457285
148,Nanyang,weather_only,recent24,pm,day1,0.1622491935622984
148,Nanyang,weather_only,recent24,weather,day1,0.4679234414808603
148,Nanyang,weather_only,recent24,joint,day1,0.46775386793846696
148,Nanyang,weather_only,recent24,pm,day3,0.0007250566812641703
148,Nanyang,weather_only,recent24,weather,day3,0.04353411038352759
148,Nanyang,weather_only,recent24,joint,day3,0.04297931724482931
148,Nanyang,weather_only,recent24,pm,full72,0.10149278687319672
148,Nanyang,weather_only,recent24,weather,full72,0.28316340479085117
148,Nanyang,weather_only,recent24,joint,full72,0.2803984150996038
148,Nanyang,joint,recent24,pm,day1,0.2399538329884582
148,Nanyang,joint,recent24,weather,day1,0.4557137729284432
148,Nanyang,joint,recent24,joint,day1,0.4779004989751247
148,Nanyang,joint,recent24,pm,day3,0.009557742889435722
148,Nanyang,joint,recent24,weather,day3,0.03994839698709925
148,Nanyang,joint,recent24,joint,day3,0.04240401610100402
148,Nanyang,joint,recent24,pm,full72,0.15131483132870782
148,Nanyang,joint,recent24,weather,full72,0.27475947718986926
148,Nanyang,joint,recent24,joint,full72,0.28572179343044835
148,Nanyang,pm_only,full72,pm,day1,0.26069825167456284
148,Nanyang,pm_only,full72,weather,day1,0.11187590046897511
148,Nanyang,pm_only,full72,joint,day1,0.16500045225011306
148,Nanyang,pm_only,full72,pm,day3,0.06113259328314831
148,Nanyang,pm_only,full72,weather,day3,0.006281869570467393
148,Nanyang,pm_only,full72,joint,day3,0.01617381104345276
148,Nanyang,pm_only,full72,pm,full72,0.1759582459895615
148,Nanyang,pm_only,full72,weather,full72,0.04178280444570111
148,Nanyang,pm_only,full72,joint,full72,0.07585127646281911
148,Nanyang,weather_only,full72,pm,day1,0.09475876168969041
148,Nanyang,weather_only,full72,weather,day1,0.30965098291274573
148,Nanyang,weather_only,full72,joint,day1,0.3052871143217786
148,Nanyang,weather_only,full72,pm,day3,-0.009809681452420362
148,Nanyang,weather_only,full72,weather,day3,0.021811745452936362
148,Nanyang,weather_only,full72,joint,day3,0.016711622677905668
148,Nanyang,weather_only,full72,pm,full72,0.03874727168681792
148,Nanyang,weather_only,full72,weather,full72,0.1737244004311001
148,Nanyang,weather_only,full72,joint,full72,0.16645868211467052
148,Nanyang,joint,full72,pm,day1,0.14294777223694305
148,Nanyang,joint,full72,weather,day1,0.29836791859197964
148,Nanyang,joint,full72,joint,day1,0.30744515436128855
148,Nanyang,joint,full72,pm,day3,0.007683780420945105
148,Nanyang,joint,full72,weather,day3,0.020891186222796555
148,Nanyang,joint,full72,joint,day3,0.019536040884010224
148,Nanyang,joint,full72,pm,full72,0.07646667711666928
148,Nanyang,joint,full72,weather,full72,0.16417532754383188
148,Nanyang,joint,full72,joint,full72,0.166386376096594
149,Shangqiu,pm_only,recent24,pm,day1,0.32587946446986604
149,Shangqiu,pm_only,recent24,weather,day1,0.1168178812044703
149,Shangqiu,pm_only,recent24,joint,day1,0.1911272787818197
149,Shangqiu,pm_only,recent24,pm,day3,0.019551727887931972
149,Shangqiu,pm_only,recent24,weather,day3,0.013213369803342449
149,Shangqiu,pm_only,recent24,joint,day3,0.018258672064668014
149,Shangqiu,pm_only,recent24,pm,full72,0.1936128349032087
149,Shangqiu,pm_only,recent24,weather,full72,0.08213286853321712
149,Shangqiu,pm_only,recent24,joint,full72,0.12040712710178177
149,Shangqiu,weather_only,recent24,pm,day1,0.09308169227042307
149,Shangqiu,weather_only,recent24,weather,day1,0.4528125517031379
149,Shangqiu,weather_only,recent24,joint,day1,0.4373037838259459
149,Shangqiu,weather_only,recent24,pm,day3,-0.031138885784721446
149,Shangqiu,weather_only,recent24,weather,day3,0.04517372779343194
149,Shangqiu,weather_only,recent24,joint,day3,0.038600174150043534
149,Shangqiu,weather_only,recent24,pm,full72,0.030006693001673253
149,Shangqiu,weather_only,recent24,weather,full72,0.24960099390024845
149,Shangqiu,weather_only,recent24,joint,full72,0.2374153628538407
149,Shangqiu,joint,recent24,pm,day1,0.16454402013600503
149,Shangqiu,joint,recent24,weather,day1,0.44228102357025584
149,Shangqiu,joint,recent24,joint,day1,0.4510408217602054
149,Shangqiu,joint,recent24,pm,day3,-0.0195934203983551
149,Shangqiu,joint,recent24,weather,day3,0.04438905509726378
149,Shangqiu,joint,recent24,joint,day3,0.03984344496086124
149,Shangqiu,joint,recent24,pm,full72,0.0809644372411093
149,Shangqiu,joint,recent24,weather,full72,0.24521566330391584
149,Shangqiu,joint,recent24,joint,full72,0.246333648083412
149,Shangqiu,pm_only,full72,pm,day1,0.2199582864895716
149,Shangqiu,pm_only,full72,weather,day1,0.08193268448317112
149,Shangqiu,pm_only,full72,joint,day1,0.1355529023882256
149,Shangqiu,pm_only,full72,pm,day3,0.03306401476600369
149,Shangqiu,pm_only,full72,weather,day3,0.0392362988090747
149,Shangqiu,pm_only,full72,joint,day3,0.04590392647598162
149,Shangqiu,pm_only,full72,pm,full72,0.1455999063999766
149,Shangqiu,pm_only,full72,weather,full72,0.05178447694611924
149,Shangqiu,pm_only,full72,joint,full72,0.083991899997975
149,Shangqiu,weather_only,full72,pm,day1,0.015187382296845575
149,Shangqiu,weather_only,full72,weather,day1,0.27030184357546094
149,Shangqiu,weather_only,full72,joint,day1,0.25072252618063157
149,Shangqiu,weather_only,full72,pm,day3,-0.04823319455829864
149,Shangqiu,weather_only,full72,weather,day3,0.038791527697881925
149,Shangqiu,weather_only,full72,joint,day3,0.031762338440584605
149,Shangqiu,weather_only,full72,pm,full72,-0.03124692181173045
149,Shangqiu,weather_only,full72,weather,full72,0.14276542169135542
149,Shangqiu,weather_only,full72,joint,full72,0.1278408664602166
149,Shangqiu,joint,full72,pm,day1,0.06455725013931253
149,Shangqiu,joint,full72,weather,day1,0.2668424977106244
149,Shangqiu,joint,full72,joint,day1,0.26348377637094406
149,Shangqiu,joint,full72,pm,day3,-0.03253337913334479
149,Shangqiu,joint,full72,weather,day3,0.0452206688051672
149,Shangqiu,joint,full72,joint,day3,0.041724350931087735
149,Shangqiu,joint,full72,pm,full72,0.007482130870532718
149,Shangqiu,joint,full72,weather,full72,0.14339044184761043
149,Shangqiu,joint,full72,joint,full72,0.13909090827272708
150,Zhumadian,pm_only,recent24,pm,day1,0.36650034762508693
150,Zhumadian,pm_only,recent24,weather,day1,0.10226064606516151
150,Zhumadian,pm_only,recent24,joint,day1,0.18351200037800008
150,Zhumadian,pm_only,recent24,pm,day3,0.04773487343371836
150,Zhumadian,pm_only,recent24,weather,day3,-0.010444141111035277
150,Zhumadian,pm_only,recent24,joint,day3,-0.0014705118676279667
150,Zhumadian,pm_only,recent24,pm,full72,0.24189999347499833
150,Zhumadian,pm_only,recent24,weather,full72,0.04560614940153735
150,Zhumadian,pm_only,recent24,joint,full72,0.09417090104272524
150,Zhumadian,weather_only,recent24,pm,day1,0.1216185004046251
150,Zhumadian,weather_only,recent24,weather,day1,0.48247829911957474
150,Zhumadian,weather_only,recent24,joint,day1,0.4793258878314719
150,Zhumadian,weather_only,recent24,pm,day3,-0.01574503593625898
150,Zhumadian,weather_only,recent24,weather,day3,0.05701410975352743
150,Zhumadian,weather_only,recent24,joint,day3,0.054650419662604914
150,Zhumadian,weather_only,recent24,pm,full72,0.058084700521175134
150,Zhumadian,weather_only,recent24,weather,full72,0.2794411313602828
150,Zhumadian,weather_only,recent24,joint,full72,0.2739343914835979
150,Zhumadian,joint,recent24,pm,day1,0.19916135129033782
150,Zhumadian,joint,recent24,weather,day1,0.4705717461429365
150,Zhumadian,joint,recent24,joint,day1,0.49139162234790557
150,Zhumadian,joint,recent24,pm,day3,-0.008706633676658419
150,Zhumadian,joint,recent24,weather,day3,0.04669621467405367
150,Zhumadian,joint,recent24,joint,day3,0.0463875535968884
150,Zhumadian,joint,recent24,pm,full72,0.10960680940170235
150,Zhumadian,joint,recent24,weather,full72,0.2662147100536775
150,Zhumadian,joint,recent24,joint,full72,0.2747645846911461
150,Zhumadian,pm_only,full72,pm,day1,0.27998568549642133
150,Zhumadian,pm_only,full72,weather,day1,0.05778577144644287
150,Zhumadian,pm_only,full72,joint,day1,0.12517632579408144
150,Zhumadian,pm_only,full72,pm,day3,0.07524060831015207
150,Zhumadian,pm_only,full72,weather,day3,-0.02444094311023578
150,Zhumadian,pm_only,full72,joint,day3,-0.008872382218095554
150,Zhumadian,pm_only,full72,pm,full72,0.2123995460998865
150,Zhumadian,pm_only,full72,weather,full72,0.005647097911774477
150,Zhumadian,pm_only,full72,joint,full72,0.05134525433631358
150,Zhumadian,weather_only,full72,pm,day1,0.06933852683463171
150,Zhumadian,weather_only,full72,weather,day1,0.29239465309866325
150,Zhumadian,weather_only,full72,joint,day1,0.2903507975876994
150,Zhumadian,weather_only,full72,pm,day3,-0.04130664132666033
150,Zhumadian,weather_only,full72,weather,day3,0.026117786029446505
150,Zhumadian,weather_only,full72,joint,day3,0.02007534051883513
150,Zhumadian,weather_only,full72,pm,full72,0.011112001278000319
150,Zhumadian,weather_only,full72,weather,full72,0.16331559182889793
150,Zhumadian,weather_only,full72,joint,full72,0.15595147498786874
150,Zhumadian,joint,full72,pm,day1,0.12229224207306053
150,Zhumadian,joint,full72,weather,day1,0.28555146988786745
150,Zhumadian,joint,full72,joint,day1,0.2994435943608986
150,Zhumadian,joint,full72,pm,day3,-0.025354360838590207
150,Zhumadian,joint,full72,weather,day3,0.020864546216136554
150,Zhumadian,joint,full72,joint,day3,0.017965127991281995
150,Zhumadian,joint,full72,pm,full72,0.051752717438179364
150,Zhumadian,joint,full72,weather,full72,0.15562087940521985
150,Zhumadian,joint,full72,joint,full72,0.15831996357999087
151,Huangshi,pm_only,recent24,pm,day1,0.3883099270774818
151,Huangshi,pm_only,recent24,weather,day1,0.05203887550971888
151,Huangshi,pm_only,recent24,joint,day1,0.15034090808522702
151,Huangshi,pm_only,recent24,pm,day3,0.07168034542008635
151,Huangshi,pm_only,recent24,weather,day3,-0.020786297196574297
151,Huangshi,pm_only,recent24,joint,day3,-0.003965408491352122
151,Huangshi,pm_only,recent24,pm,full72,0.2531026352756588
151,Huangshi,pm_only,recent24,weather,full72,0.007196178299044574
151,Huangshi,pm_only,recent24,joint,full72,0.06838298759574689
151,Huangshi,weather_only,recent24,pm,day1,0.107789423947356
151,Huangshi,weather_only,recent24,weather,day1,0.4663763620940905
151,Huangshi,weather_only,recent24,joint,day1,0.4603794055948514
151,Huangshi,weather_only,recent24,pm,day3,-0.009316518829129707
151,Huangshi,weather_only,recent24,weather,day3,0.11447047661761915
151,Huangshi,weather_only,recent24,joint,day3,0.10092130473032619
151,Huangshi,weather_only,recent24,pm,full72,0.0631256407814102
151,Huangshi,weather_only,recent24,weather,full72,0.3267345891836473
151,Huangshi,weather_only,recent24,joint,full72,0.31250099712524926
151,Huangshi,joint,recent24,pm,day1,0.2014580948645237
151,Huangshi,joint,recent24,weather,day1,0.4456817494204373
151,Huangshi,joint,recent24,joint,day1,0.47073679418419856
151,Huangshi,joint,recent24,pm,day3,0.009564957891239472
151,Huangshi,joint,recent24,weather,day3,0.10617519854379964
151,Huangshi,joint,recent24,joint,day3,0.09713373478343369
151,Huangshi,joint,recent24,pm,full72,0.12673736418434106
151,Huangshi,joint,recent24,weather,full72,0.305897015974254
151,Huangshi,joint,recent24,joint,full72,0.31039057759764443
151,Huangshi,pm_only,full72,pm,day1,0.2578782989695747
151,Huangshi,pm_only,full72,weather,day1,0.035438894859723714
151,Huangshi,pm_only,full72,joint,day1,0.1033211748302937
151,Huangshi,pm_only,full72,pm,day3,0.051080649770162447
151,Huangshi,pm_only,full72,weather,day3,-0.017825257456314365
151,Huangshi,pm_only,full72,joint,day3,-0.0018487354621838652
151,Huangshi,pm_only,full72,pm,full72,0.17913644828411207
151,Huangshi,pm_only,full72,weather,full72,0.010378234094558523
151,Huangshi,pm_only,full72,joint,full72,0.05234380908595228
151,Huangshi,weather_only,full72,pm,day1,0.06141853085463271
151,Huangshi,weather_only,full72,weather,day1,0.3437694859423715
151,Huangshi,weather_only,full72,joint,day1,0.3338013744503436
151,Huangshi,weather_only,full72,pm,day3,-0.06033674858418715
151,Huangshi,weather_only,full72,weather,day3,0.08430964507741126
151,Huangshi,weather_only,full72,joint,day3,0.05547387786846946
151,Huangshi,weather_only,full72,pm,full72,0.0012280803070200768
151,Huangshi,weather_only,full72,weather,full72,0.2398548644637161
151,Huangshi,weather_only,full72,joint,full72,0.21459055314763828
151,Huangshi,joint,full72,pm,day1,0.11983857295964323
151,Huangshi,joint,full72,weather,day1,0.3262376795594199
151,Huangshi,joint,full72,joint,day1,0.33612182703045673
151,Huangshi,joint,full72,pm,day3,-0.04073413318353329
151,Huangshi,joint,full72,weather,day3,0.0755641103910276
151,Huangshi,joint,full72,joint,day3,0.05369464192366048
151,Huangshi,joint,full72,pm,full72,0.049013773753443436
151,Huangshi,joint,full72,weather,full72,0.22489849272462317
151,Huangshi,joint,full72,joint,full72,0.21349363587340897
152,Shiyan,pm_only,recent24,pm,day1,0.4314797893699473
152,Shiyan,pm_only,recent24,weather,day1,0.0823697035924259
152,Shiyan,pm_only,recent24,joint,day1,0.18998489949622485
152,Shiyan,pm_only,recent24,pm,day3,0.03315581778895445
152,Shiyan,pm_only,recent24,weather,day3,-0.029940467985116997
152,Shiyan,pm_only,recent24,joint,day3,-0.0228287292071823
152,Shiyan,pm_only,recent24,pm,full72,0.26048733512183375
152,Shiyan,pm_only,recent24,weather,full72,0.021920220980055246
152,Shiyan,pm_only,recent24,joint,full72,0.08436022209005552
152,Shiyan,weather_only,recent24,pm,day1,0.19603541350885337
152,Shiyan,weather_only,recent24,weather,day1,0.48826655756663934
152,Shiyan,weather_only,recent24,joint,day1,0.4927448566862141
152,Shiyan,weather_only,recent24,pm,day3,-0.03203255300813825
152,Shiyan,weather_only,recent24,weather,day3,0.030263952065988014
152,Shiyan,weather_only,recent24,joint,day3,0.021796490449122612
152,Shiyan,weather_only,recent24,pm,full72,0.09928149982037494
152,Shiyan,weather_only,recent24,weather,full72,0.27497477224369304
152,Shiyan,weather_only,recent24,joint,full72,0.2740621435155358
152,Shiyan,joint,recent24,pm,day1,0.2941615365403841
152,Shiyan,joint,recent24,weather,day1,0.4651385092846273
152,Shiyan,joint,recent24,joint,day1,0.5026348706587177
152,Shiyan,joint,recent24,pm,day3,-0.0187846111961528
152,Shiyan,joint,recent24,weather,day3,0.022858744214686054
152,Shiyan,joint,recent24,joint,day3,0.018159873039968258
152,Shiyan,joint,recent24,pm,full72,0.16317822179455546
152,Shiyan,joint,recent24,weather,full72,0.26050912712728175
152,Shiyan,joint,recent24,joint,full72,0.27877899069474765
152,Shiyan,pm_only,full72,pm,day1,0.3053333533333384
152,Shiyan,pm_only,full72,weather,day1,0.06943588435897108
152,Shiyan,pm_only,full72,joint,day1,0.14731552732888184
152,Shiyan,pm_only,full72,pm,day3,0.038595342648835664
152,Shiyan,pm_only,full72,weather,day3,-0.054028129507032376
152,Shiyan,pm_only,full72,joint,day3,-0.04455479463869866
152,Shiyan,pm_only,full72,pm,full72,0.20106730126682532
152,Shiyan,pm_only,full72,weather,full72,-0.004687544671886168
152,Shiyan,pm_only,full72,joint,full72,0.04412253203063301
152,Shiyan,weather_only,full72,pm,day1,0.1179337539834385
152,Shiyan,weather_only,full72,weather,day1,0.2948332127083032
152,Shiyan,weather_only,full72,joint,day1,0.29744323736080935
152,Shiyan,weather_only,full72,pm,day3,-0.029544943386235843
152,Shiyan,weather_only,full72,weather,day3,0.020028831507207877
152,Shiyan,weather_only,full72,joint,day3,0.008589344147336038
152,Shiyan,weather_only,full72,pm,full72,0.031725168431292104
152,Shiyan,weather_only,full72,weather,full72,0.15601108950277237
152,Shiyan,weather_only,full72,joint,full72,0.14884608721152182
152,Shiyan,joint,full72,pm,day1,0.18019859254964812
152,Shiyan,joint,full72,weather,day1,0.2828498552124638
152,Shiyan,joint,full72,joint,day1,0.30530062332515584
152,Shiyan,joint,full72,pm,day3,-0.017052112263028066
152,Shiyan,joint,full72,weather,day3,0.007130242782560695
152,Shiyan,joint,full72,joint,day3,0.0005641351410337852
152,Shiyan,joint,full72,pm,full72,0.07756730989182747
152,Shiyan,joint,full72,weather,full72,0.14229028907257227
152,Shiyan,joint,full72,joint,full72,0.14801090950272738
153,Xiangfan,pm_only,recent24,pm,day1,0.38852910413227604
153,Xiangfan,pm_only,recent24,weather,day1,0.12680401370100342
153,Xiangfan,pm_only,recent24,joint,day1,0.19917243479310867
153,Xiangfan,pm_only,recent24,pm,day3,-0.00024786456196614044
153,Xiangfan,pm_only,recent24,weather,day3,-0.031094778273694564
153,Xiangfan,pm_only,recent24,joint,day3,-0.026289237572309394
153,Xiangfan,pm_only,recent24,pm,full72,0.18113967028491756
153,Xiangfan,pm_only,recent24,weather,full72,0.02976516744129186
153,Xiangfan,pm_only,recent24,joint,full72,0.06781665645416411
153,Xiangfan,weather_only,recent24,pm,day1,0.16870306667576665
153,Xiangfan,weather_only,recent24,weather,day1,0.4870499297624825
153,Xiangfan,weather_only,recent24,joint,day1,0.4858188029547007
153,Xiangfan,weather_only,recent24,pm,day3,-0.010734973183743297
153,Xiangfan,weather_only,recent24,weather,day3,0.039510705877676466
153,Xiangfan,weather_only,recent24,joint,day3,0.039531263382815846
153,Xiangfan,weather_only,recent24,pm,full72,0.09274001768500442
153,Xiangfan,weather_only,recent24,weather,full72,0.2837670859417715
153,Xiangfan,weather_only,recent24,joint,full72,0.2754202678550669
153,Xiangfan,joint,recent24,pm,day1,0.24429846407461597
153,Xiangfan,joint,recent24,weather,day1,0.4732943368235842
153,Xiangfan,joint,recent24,joint,day1,0.4905918866479716
153,Xiangfan,joint,recent24,pm,day3,-0.009605397901349476
153,Xiangfan,joint,recent24,weather,day3,0.029593900398475096
153,Xiangfan,joint,recent24,joint,day3,0.030621811655452913
153,Xiangfan,joint,recent24,pm,full72,0.12985530546382637
153,Xiangfan,joint,recent24,weather,full72,0.26775612093903023
153,Xiangfan,joint,recent24,joint,full72,0.26935996783999194
153,Xiangfan,pm_only,full72,pm,day1,0.2693510113377528
153,Xiangfan,pm_only,full72,weather,day1,0.09912343278085821
153,Xiangfan,pm_only,full72,joint,day1,0.1523457215864304
153,Xiangfan,pm_only,full72,pm,day3,0.043639210909802724
153,Xiangfan,pm_only,full72,weather,day3,-0.002448297612074403
153,Xiangfan,pm_only,full72,joint,day3,0.004539761634940408
153,Xiangfan,pm_only,full72,pm,full72,0.1611243747810937
153,Xiangfan,pm_only,full72,weather,full72,0.03358090289522572
153,Xiangfan,pm_only,full72,joint,full72,0.06339749634937408
153,Xiangfan,weather_only,full72,pm,day1,0.09666760666690166
153,Xiangfan,weather_only,full72,weather,day1,0.29396404349101085
153,Xiangfan,weather_only,full72,joint,day1,0.2909930752482688
153,Xiangfan,weather_only,full72,pm,day3,-0.02748683787170947
153,Xiangfan,weather_only,full72,weather,day3,0.026467127116781775
153,Xiangfan,weather_only,full72,joint,day3,0.020825436706359175
153,Xiangfan,weather_only,full72,pm,full72,0.03782481495620374
153,Xiangfan,weather_only,full72,weather,full72,0.16394615148653788
153,Xiangfan,weather_only,full72,joint,full72,0.15495275823818955
153,Xiangfan,joint,full72,pm,day1,0.1440818775204694
153,Xiangfan,joint,full72,weather,day1,0.28562633190658293
153,Xiangfan,joint,full72,joint,day1,0.2949245342311336
153,Xiangfan,joint,full72,pm,day3,-0.018325482081370522
153,Xiangfan,joint,full72,weather,day3,0.025152541788135446
153,Xiangfan,joint,full72,joint,day3,0.02071179667794917
153,Xiangfan,joint,full72,pm,full72,0.06671733167933291
153,Xiangfan,joint,full72,weather,full72,0.1568492372123093
153,Xiangfan,joint,full72,joint,full72,0.1543728655932164
154,Ezhou,pm_only,recent24,pm,day1,0.4063969060992265
154,Ezhou,pm_only,recent24,weather,day1,0.03275176868794217
154,Ezhou,pm_only,recent24,joint,day1,0.13655102813775702
154,Ezhou,pm_only,recent24,pm,day3,0.05543209685802421
154,Ezhou,pm_only,recent24,weather,day3,-0.023537983384495843
154,Ezhou,pm_only,recent24,joint,day3,-0.007995691998922999
154,Ezhou,pm_only,recent24,pm,full72,0.2529906062476516
154,Ezhou,pm_only,recent24,weather,full72,-0.0015865743966435991
154,Ezhou,pm_only,recent24,joint,full72,0.06326963781740945
154,Ezhou,weather_only,recent24,pm,day1,0.10216323604080901
154,Ezhou,weather_only,recent24,weather,day1,0.47296431874107964
154,Ezhou,weather_only,recent24,joint,day1,0.4689654542413635
154,Ezhou,weather_only,recent24,pm,day3,-0.01817823304455826
154,Ezhou,weather_only,recent24,weather,day3,0.11721930380482595
154,Ezhou,weather_only,recent24,joint,day3,0.10260861465215367
154,Ezhou,weather_only,recent24,pm,full72,0.050914335728583934
154,Ezhou,weather_only,recent24,weather,full72,0.3293076553269138
154,Ezhou,weather_only,recent24,joint,full72,0.31550351337587834
154,Ezhou,joint,recent24,pm,day1,0.20329276632319154
154,Ezhou,joint,recent24,weather,day1,0.4434711733677933
154,Ezhou,joint,recent24,joint,day1,0.47461144965286245
154,Ezhou,joint,recent24,pm,day3,0.0006336511584127896
154,Ezhou,joint,recent24,weather,day3,0.1032639228159807
154,Ezhou,joint,recent24,joint,day3,0.09527470931867733
154,Ezhou,joint,recent24,pm,full72,0.11932997383249346
154,Ezhou,joint,recent24,weather,full72,0.3025320456330114
154,Ezhou,joint,recent24,joint,full72,0.3117973049493262
154,Ezhou,pm_only,full72,pm,day1,0.3063967770991943
154,Ezhou,pm_only,full72,weather,day1,0.016813751703437924
154,Ezhou,pm_only,full72,joint,day1,0.09555897138974284
154,Ezhou,pm_only,full72,pm,day3,0.06110984577746145
154,Ezhou,pm_only,full72,weather,day3,-0.009501305375326344
154,Ezhou,pm_only,full72,joint,day3,0.005734694933673733
154,Ezhou,pm_only,full72,pm,full72,0.1984168396042099
154,Ezhou,pm_only,full72,weather,full72,0.0007017541754385438
154,Ezhou,pm_only,full72,joint,full72,0.049425480356370094
154,Ezhou,weather_only,full72,pm,day1,0.04224943056235764
154,Ezhou,weather_only,full72,weather,day1,0.3492694338173584
154,Ezhou,weather_only,full72,joint,day1,0.33629242657310665
154,Ezhou,weather_only,full72,pm,day3,-0.0660264660066165
154,Ezhou,weather_only,full72,weather,day3,0.0923814035953509
154,Ezhou,weather_only,full72,joint,day3,0.06395661848915461
154,Ezhou,weather_only,full72,pm,full72,-0.01663184815796204
154,Ezhou,weather_only,full72,weather,full72,0.2443585375896344
154,Ezhou,weather_only,full72,joint,full72,0.2176586809146702
154,Ezhou,joint,full72,pm,day1,0.11297796274449068
154,Ezhou,joint,full72,weather,day1,0.32866661816665454
154,Ezhou,joint,full72,joint,day1,0.33860202965050745
154,Ezhou,joint,full72,pm,day3,-0.04297525674381418
154,Ezhou,joint,full72,weather,day3,0.0885035036258759
154,Ezhou,joint,full72,joint,day3,0.06659290064822515
154,Ezhou,joint,full72,pm,full72,0.03586905746726436
154,Ezhou,joint,full72,weather,full72,0.23086151621537906
154,Ezhou,joint,full72,joint,full72,0.22002791050697762
155,Jingmen,pm_only,recent24,pm,day1,0.4061423365355842
155,Jingmen,pm_only,recent24,weather,day1,0.11569786392446597
155,Jingmen,pm_only,recent24,joint,day1,0.20815144153786036
155,Jingmen,pm_only,recent24,pm,day3,0.05619320454830114
155,Jingmen,pm_only,recent24,weather,day3,-0.013420819855204965
155,Jingmen,pm_only,recent24,joint,day3,-0.001138509284627321
155,Jingmen,pm_only,recent24,pm,full72,0.2547583911895978
155,Jingmen,pm_only,recent24,weather,full72,0.054877642719410674
155,Jingmen,pm_only,recent24,joint,full72,0.10828585807146453
155,Jingmen,weather_only,recent24,pm,day1,0.14935569133892282
155,Jingmen,weather_only,recent24,weather,day1,0.47787243546810887
155,Jingmen,weather_only,recent24,joint,day1,0.47159744489936123
155,Jingmen,weather_only,recent24,pm,day3,0.025862470965617737
155,Jingmen,weather_only,recent24,weather,day3,0.059312779328194835
155,Jingmen,weather_only,recent24,joint,day3,0.05927399381849845
155,Jingmen,weather_only,recent24,pm,full72,0.10287666021916506
155,Jingmen,weather_only,recent24,weather,full72,0.2901471905367976
155,Jingmen,weather_only,recent24,joint,full72,0.2832050508012627
155,Jingmen,joint,recent24,pm,day1,0.23308088227022059
155,Jingmen,joint,recent24,weather,day1,0.46417356354339095
155,Jingmen,joint,recent24,joint,day1,0.4837507809376952
155,Jingmen,joint,recent24,pm,day3,0.03536747384186846
155,Jingmen,joint,recent24,weather,day3,0.05469580217395054
155,Jingmen,joint,recent24,joint,day3,0.05747267636816909
155,Jingmen,joint,recent24,pm,full72,0.15837731309432826
155,Jingmen,joint,recent24,weather,full72,0.2804618246154561
155,Jingmen,joint,recent24,joint,full72,0.2888250812062703
155,Jingmen,pm_only,full72,pm,day1,0.28430274357568586
155,Jingmen,pm_only,full72,weather,day1,0.07358958339739585
155,Jingmen,pm_only,full72,joint,day1,0.14211592302898074
155,Jingmen,pm_only,full72,pm,day3,0.04953493388373347
155,Jingmen,pm_only,full72,weather,day3,-0.0054644293661073404
155,Jingmen,pm_only,full72,joint,day3,0.005738143434535859
155,Jingmen,pm_only,full72,pm,full72,0.18169599792399949
155,Jingmen,pm_only,full72,weather,full72,0.02645645611411403
155,Jingmen,pm_only,full72,joint,full72,0.06768685392171347
155,Jingmen,weather_only,full72,pm,day1,0.05081835070458768
155,Jingmen,weather_only,full72,weather,day1,0.31625509756377435
155,Jingmen,weather_only,full72,joint,day1,0.29901084275271067
155,Jingmen,weather_only,full72,pm,day3,0.0027962751990687996
155,Jingmen,weather_only,full72,weather,day3,0.05771870192967547
155,Jingmen,weather_only,full72,joint,day3,0.05238004759501189
155,Jingmen,weather_only,full72,pm,full72,0.02663522915880729
155,Jingmen,weather_only,full72,weather,full72,0.19429038057259515
155,Jingmen,weather_only,full72,joint,full72,0.17754699988674996
155,Jingmen,joint,full72,pm,day1,0.10895632673908168
155,Jingmen,joint,full72,weather,day1,0.3051598347899587
155,Jingmen,joint,full72,joint,day1,0.3058662044665511
155,Jingmen,joint,full72,pm,day3,0.014501087125271782
155,Jingmen,joint,full72,weather,day3,0.05493996473499118
155,Jingmen,joint,full72,joint,day3,0.05324272331068082
155,Jingmen,joint,full72,pm,full72,0.06788575697143924
155,Jingmen,joint,full72,weather,full72,0.18716319479079868
155,Jingmen,joint,full72,joint,full72,0.18197249899312473
156,Xiaogan,pm_only,recent24,pm,day1,0.4676317679079419
156,Xiaogan,pm_only,recent24,weather,day1,0.08315931878982968
156,Xiaogan,pm_only,recent24,joint,day1,0.1960254100063525
156,Xiaogan,pm_only,recent24,pm,day3,0.09937859934464982
156,Xiaogan,pm_only,recent24,weather,day3,0.0021488045372011345
156,Xiaogan,pm_only,recent24,joint,day3,0.034304285576071396
156,Xiaogan,pm_only,recent24,pm,full72,0.3249685157421289
156,Xiaogan,pm_only,recent24,weather,full72,0.043896640974160246
156,Xiaogan,pm_only,recent24,joint,full72,0.12192685098171273
156,Xiaogan,weather_only,recent24,pm,day1,0.10283582870895717
156,Xiaogan,weather_only,recent24,weather,day1,0.4831079662769916
156,Xiaogan,weather_only,recent24,joint,day1,0.4733896603474151
156,Xiaogan,weather_only,recent24,pm,day3,0.021687980421995105
156,Xiaogan,weather_only,recent24,weather,day3,0.0972287628071907
156,Xiaogan,weather_only,recent24,joint,day3,0.0968042132010533
156,Xiaogan,weather_only,recent24,pm,full72,0.07010237352559337
156,Xiaogan,weather_only,recent24,weather,full72,0.31851556662889163
156,Xiaogan,weather_only,recent24,joint,full72,0.3114193348548337
156,Xiaogan,joint,recent24,pm,day1,0.21519597729899428
156,Xiaogan,joint,recent24,weather,day1,0.46757560939390236
156,Xiaogan,joint,recent24,joint,day1,0.4941127460281865
156,Xiaogan,joint,recent24,pm,day3,0.04423019005754752
156,Xiaogan,joint,recent24,weather,day3,0.09351334437833608
156,Xiaogan,joint,recent24,joint,day3,0.10132314433078608
156,Xiaogan,joint,recent24,pm,full72,0.15210244102561027
156,Xiaogan,joint,recent24,weather,full72,0.30832810258202564
156,Xiaogan,joint,recent24,joint,full72,0.32475234168808537
156,Xiaogan,pm_only,full72,pm,day1,0.33683647970911995
156,Xiaogan,pm_only,full72,weather,day1,0.03381517595379399
156,Xiaogan,pm_only,full72,joint,day1,0.11914673678668418
156,Xiaogan,pm_only,full72,pm,day3,0.12579614544903636
156,Xiaogan,pm_only,full72,weather,day3,0.008679494169873542
156,Xiaogan,pm_only,full72,joint,day3,0.043690516922629236
156,Xiaogan,pm_only,full72,pm,full72,0.2818171004542751
156,Xiaogan,pm_only,full72,weather,full72,0.030827059706764925
156,Xiaogan,pm_only,full72,joint,full72,0.09967677391919347
156,Xiaogan,weather_only,full72,pm,day1,0.05397017699254424
156,Xiaogan,weather_only,full72,weather,day1,0.3286372691593173
156,Xiaogan,weather_only,full72,joint,day1,0.32123031380757844
156,Xiaogan,weather_only,full72,pm,day3,-0.00025566606391651595
156,Xiaogan,weather_only,full72,weather,day3,0.06633100358275089
156,Xiaogan,weather_only,full72,joint,day3,0.06275134118783529
156,Xiaogan,weather_only,full72,pm,full72,0.028826654706663672
156,Xiaogan,weather_only,full72,weather,full72,0.20799266349816586
156,Xiaogan,weather_only,full72,joint,full72,0.20355399888849973
156,Xiaogan,joint,full72,pm,day1,0.13048439812109952
156,Xiaogan,joint,full72,weather,day1,0.3131874527968632
156,Xiaogan,joint,full72,joint,day1,0.3289430472357618
156,Xiaogan,joint,full72,pm,day3,0.03064004116001029
156,Xiaogan,joint,full72,weather,day3,0.07165453491363373
156,Xiaogan,joint,full72,joint,day3,0.07557966539491634
156,Xiaogan,joint,full72,pm,full72,0.0954081043520261
156,Xiaogan,joint,full72,weather,full72,0.2045220751305188
156,Xiaogan,joint,full72,joint,full72,0.21754326338581584
157,Huanggang,pm_only,recent24,pm,day1,0.3626156976539244
157,Huanggang,pm_only,recent24,weather,day1,0.03771228042807011
157,Huanggang,pm_only,recent24,joint,day1,0.12218525004631249
157,Huanggang,pm_only,recent24,pm,day3,0.03406603451650863
157,Huanggang,pm_only,recent24,weather,day3,-0.04929482432370608
157,Huanggang,pm_only,recent24,joint,day3,-0.03852434013108503
157,Huanggang,pm_only,recent24,pm,full72,0.224043632010908
157,Huanggang,pm_only,recent24,weather,full72,-0.025667811416952853
157,Huanggang,pm_only,recent24,joint,full72,0.029546899386724848
157,Huanggang,weather_only,recent24,pm,day1,0.0948271932067983
157,Huanggang,weather_only,recent24,weather,day1,0.47269282167320537
157,Huanggang,weather_only,recent24,joint,day1,0.4670034867508716
157,Huanggang,weather_only,recent24,pm,day3,0.01099102924775731
157,Huanggang,weather_only,recent24,weather,day3,0.11419204804801202
157,Huanggang,weather_only,recent24,joint,day3,0.10856403314100828
157,Huanggang,weather_only,recent24,pm,full72,0.06351501687875422
157,Huanggang,weather_only,recent24,weather,full72,0.3247150381787596
157,Huanggang,weather_only,recent24,joint,full72,0.3177512459378115
157,Huanggang,joint,recent24,pm,day1,0.17995629148907286
157,Huanggang,joint,recent24,weather,day1,0.4479942414985604
157,Huanggang,joint,recent24,joint,day1,0.47116361779090443
157,Huanggang,joint,recent24,pm,day3,0.018673060668265164
157,Huanggang,joint,recent24,weather,day3,0.09441790610447652
157,Huanggang,joint,recent24,joint,day3,0.09231163857790964
157,Huanggang,joint,recent24,pm,full72,0.11960099990024997
157,Huanggang,joint,recent24,weather,full72,0.2936505209126302
157,Huanggang,joint,recent24,joint,full72,0.30522487780621943
157,Huanggang,pm_only,full72,pm,day1,0.26805089051272263
157,Huanggang,pm_only,full72,weather,day1,0.0037443159360789845
157,Huanggang,pm_only,full72,joint,day1,0.06757558689389673
157,Huanggang,pm_only,full72,pm,day3,0.06427309756827439
157,Huanggang,pm_only,full72,weather,day3,-0.04082303070575767
157,Huanggang,pm_only,full72,joint,day3,-0.019139413784853444
157,Huanggang,pm_only,full72,pm,full72,0.18584575346143836
157,Huanggang,pm_only,full72,weather,full72,-0.04085093221273305
157,Huanggang,pm_only,full72,joint,full72,0.00790916147729037
157,Huanggang,weather_only,full72,pm,day1,0.05810041452510363
157,Huanggang,weather_only,full72,weather,day1,0.35030902107725526
157,Huanggang,weather_only,full72,joint,day1,0.3383241155810289
157,Huanggang,weather_only,full72,pm,day3,-0.040178419044604764
157,Huanggang,weather_only,full72,weather,day3,0.09122242830560708
157,Huanggang,weather_only,full72,joint,day3,0.07108040977010244
157,Huanggang,weather_only,full72,pm,full72,-0.005701396425349106
157,Huanggang,weather_only,full72,weather,full72,0.2409821657455414
157,Huanggang,weather_only,full72,joint,full72,0.2234694963673741
157,Huanggang,joint,full72,pm,day1,0.11502981775745444
157,Huanggang,joint,full72,weather,day1,0.32715843378960846
157,Huanggang,joint,full72,joint,day1,0.3348455202113801
157,Huanggang,joint,full72,pm,day3,-0.01841252860313215
157,Huanggang,joint,full72,weather,day3,0.07798047299511825
157,Huanggang,joint,full72,joint,day3,0.06515613428903357
157,Huanggang,joint,full72,pm,full72,0.04255081663770416
157,Huanggang,joint,full72,weather,full72,0.21764511641127912
157,Huanggang,joint,full72,joint,full72,0.2154776743694186
158,Xianning,pm_only,recent24,pm,day1,0.389953247988312
158,Xianning,pm_only,recent24,weather,day1,0.06823880905970227
158,Xianning,pm_only,recent24,joint,day1,0.17671390417847604
158,Xianning,pm_only,recent24,pm,day3,0.04191551397887849
158,Xianning,pm_only,recent24,weather,day3,0.02836458709114677
158,Xianning,pm_only,recent24,joint,day3,0.04419625104906276
158,Xianning,pm_only,recent24,pm,full72,0.22999880599970152
158,Xianning,pm_only,recent24,weather,full72,0.05275504768876192
158,Xianning,pm_only,recent24,joint,full72,0.1159029904757476
158,Xianning,weather_only,recent24,pm,day1,0.06776729444182361
158,Xianning,weather_only,recent24,weather,day1,0.46758698389674597
158,Xianning,weather_only,recent24,joint,day1,0.45067184116796033
158,Xianning,weather_only,recent24,pm,day3,-0.04249148712287178
158,Xianning,weather_only,recent24,weather,day3,0.10953780488445121
158,Xianning,weather_only,recent24,joint,day3,0.08810957952739487
158,Xianning,weather_only,recent24,pm,full72,0.015004206751051687
158,Xianning,weather_only,recent24,weather,full72,0.3245741446435362
158,Xianning,weather_only,recent24,joint,full72,0.2990810232702558
158,Xianning,joint,recent24,pm,day1,0.16885251771312942
158,Xianning,joint,recent24,weather,day1,0.44572406143101534
158,Xianning,joint,recent24,joint,day1,0.4686307756576939
158,Xianning,joint,recent24,pm,day3,-0.02329915932478983
158,Xianning,joint,recent24,weather,day3,0.11364903141225785
158,Xianning,joint,recent24,joint,day3,0.10031905907976477
158,Xianning,joint,recent24,pm,full72,0.08345479786369946
158,Xianning,joint,recent24,weather,full72,0.3149646622411656
158,Xianning,joint,recent24,joint,full72,0.31434408058602015
158,Xianning,pm_only,full72,pm,day1,0.29021790505447626
158,Xianning,pm_only,full72,weather,day1,0.03380780045195011
158,Xianning,pm_only,full72,joint,day1,0.12044889011222254
158,Xianning,pm_only,full72,pm,day3,0.025935741483935373
158,Xianning,pm_only,full72,weather,day3,0.012501637625409406
158,Xianning,pm_only,full72,joint,day3,0.024332026583006646
158,Xianning,pm_only,full72,pm,full72,0.15772026493006625
158,Xianning,pm_only,full72,weather,full72,0.03187912096978024
158,Xianning,pm_only,full72,joint,full72,0.0770058552514638
158,Xianning,weather_only,full72,pm,day1,0.02220666555166639
158,Xianning,weather_only,full72,weather,day1,0.3249989537497384
158,Xianning,weather_only,full72,joint,day1,0.3064605976151494
158,Xianning,weather_only,full72,pm,day3,-0.06169053342263335
158,Xianning,weather_only,full72,weather,day3,0.07315790428947606
158,Xianning,weather_only,full72,joint,day3,0.049596697899174466
158,Xianning,weather_only,full72,pm,full72,-0.029061683765420943
158,Xianning,weather_only,full72,weather,full72,0.22423152655788164
158,Xianning,weather_only,full72,joint,full72,0.19961700340425081
158,Xianning,joint,full72,pm,day1,0.09286697771674443
158,Xianning,joint,full72,weather,day1,0.3087507771876943
158,Xianning,joint,full72,joint,day1,0.3166744376686094
158,Xianning,joint,full72,pm,day3,-0.04639693309923327
158,Xianning,joint,full72,weather,day3,0.07885634871408717
158,Xianning,joint,full72,joint,day3,0.061340335835083956
158,Xianning,joint,full72,pm,full72,0.016845887711471923
158,Xianning,joint,full72,weather,full72,0.22044816411204105
158,Xianning,joint,full72,joint,full72,0.21101620525405132
159,Suizhou,pm_only,recent24,pm,day1,0.382145368036342
159,Suizhou,pm_only,recent24,weather,day1,0.12022270955567738
159,Suizhou,pm_only,recent24,joint,day1,0.19630303907575977
159,Suizhou,pm_only,recent24,pm,day3,0.04799498099874525
159,Suizhou,pm_only,recent24,weather,day3,-0.007393428348357087
159,Suizhou,pm_only,recent24,joint,day3,0.004306400576600144
159,Suizhou,pm_only,recent24,pm,full72,0.23159598089899522
159,Suizhou,pm_only,recent24,weather,full72,0.0593009128252282
159,Suizhou,pm_only,recent24,joint,full72,0.10509760727440183
159,Suizhou,weather_only,recent24,pm,day1,0.1676751809187952
159,Suizhou,weather_only,recent24,weather,day1,0.5162640465660117
159,Suizhou,weather_only,recent24,joint,day1,0.5105315026328756
159,Suizhou,weather_only,recent24,pm,day3,0.03574190093547523
159,Suizhou,weather_only,recent24,weather,day3,0.050072127518031875
159,Suizhou,weather_only,recent24,joint,day3,0.05625912356478089
159,Suizhou,weather_only,recent24,pm,full72,0.11497457424364356
159,Suizhou,weather_only,recent24,weather,full72,0.3151110697777674
159,Suizhou,weather_only,recent24,joint,full72,0.31271077217769305
159,Suizhou,joint,recent24,pm,day1,0.2435152808788202
159,Suizhou,joint,recent24,weather,day1,0.5009914807478701
159,Suizhou,joint,recent24,joint,day1,0.516828264207066
159,Suizhou,joint,recent24,pm,day3,0.03867258966814741
159,Suizhou,joint,recent24,weather,day3,0.04426744856686214
159,Suizhou,joint,recent24,joint,day3,0.05150582787645697
159,Suizhou,joint,recent24,pm,full72,0.16140189735047433
159,Suizhou,joint,recent24,weather,full72,0.303953811988453
159,Suizhou,joint,recent24,joint,full72,0.3134385753596438
159,Suizhou,pm_only,full72,pm,day1,0.2370127252531813
159,Suizhou,pm_only,full72,weather,day1,0.07133107933276983
159,Suizhou,pm_only,full72,joint,day1,0.11908330177082543
159,Suizhou,pm_only,full72,pm,day3,0.041411660852915214
159,Suizhou,pm_only,full72,weather,day3,0.0017374369343592336
159,Suizhou,pm_only,full72,joint,day3,0.005254316813579203
159,Suizhou,pm_only,full72,pm,full72,0.14879464619866153
159,Suizhou,pm_only,full72,weather,full72,0.03438173959543489
159,Suizhou,pm_only,full72,joint,full72,0.05928044232011058
159,Suizhou,weather_only,full72,pm,day1,0.06522778630694656
159,Suizhou,weather_only,full72,weather,day1,0.33360002190000543
159,Suizhou,weather_only,full72,joint,day1,0.32179224394806094
159,Suizhou,weather_only,full72,pm,day3,0.010378627094656773
159,Suizhou,weather_only,full72,weather,day3,0.046261471065367765
159,Suizhou,weather_only,full72,joint,day3,0.04294503923625981
159,Suizhou,weather_only,full72,pm,full72,0.04390320647580162
159,Suizhou,weather_only,full72,weather,full72,0.19899189774797443
159,Suizhou,weather_only,full72,joint,full72,0.19021795455448862
159,Suizhou,joint,full72,pm,day1,0.11184181146045286
159,Suizhou,joint,full72,weather,day1,0.32492559323139836
159,Suizhou,joint,full72,joint,day1,0.3250708472677118
159,Suizhou,joint,full72,pm,day3,0.018121281030320256
159,Suizhou,joint,full72,weather,day3,0.047694365923591484
159,Suizhou,joint,full72,joint,day3,0.045473439868359965
159,Suizhou,joint,full72,pm,full72,0.07169851342462835
159,Suizhou,joint,full72,weather,full72,0.19588525897131473
159,Suizhou,joint,full72,joint,full72,0.19300317625079405
160,Enshizhou,pm_only,recent24,pm,day1,0.5261319040329759
160,Enshizhou,pm_only,recent24,weather,day1,0.0646873736718434
160,Enshizhou,pm_only,recent24,joint,day1,0.20239667209916803
160,Enshizhou,pm_only,recent24,pm,day3,0.07169079292269823
160,Enshizhou,pm_only,recent24,weather,day3,-0.025083985770996443
160,Enshizhou,pm_only,recent24,joint,day3,0.0026150091537522884
160,Enshizhou,pm_only,recent24,pm,full72,0.3314773398693349
160,Enshizhou,pm_only,recent24,weather,full72,0.009911024477756119
160,Enshizhou,pm_only,recent24,joint,full72,0.09802350350587587
160,Enshizhou,weather_only,recent24,pm,day1,0.15890971572742893
160,Enshizhou,weather_only,recent24,weather,day1,0.5068710457177614
160,Enshizhou,weather_only,recent24,joint,day1,0.5160245700061425
160,Enshizhou,weather_only,recent24,pm,day3,0.0018163969540992387
160,Enshizhou,weather_only,recent24,weather,day3,0.08673329468332368
160,Enshizhou,weather_only,recent24,joint,day3,0.08914567178641794
160,Enshizhou,weather_only,recent24,pm,full72,0.1030844747711187
160,Enshizhou,weather_only,recent24,weather,full72,0.31040445860111465
160,Enshizhou,weather_only,recent24,joint,full72,0.31616652254163063
160,Enshizhou,joint,recent24,pm,day1,0.290063012015753
160,Enshizhou,joint,recent24,weather,day1,0.4825669236417309
160,Enshizhou,joint,recent24,joint,day1,0.5358838174709544
160,Enshizhou,joint,recent24,pm,day3,0.03100545325136331
160,Enshizhou,joint,recent24,weather,day3,0.0793162248290562
160,Enshizhou,joint,recent24,joint,day3,0.09225028706257177
160,Enshizhou,joint,recent24,pm,full72,0.1952769173192293
160,Enshizhou,joint,recent24,weather,full72,0.29340539535134885
160,Enshizhou,joint,recent24,joint,full72,0.3287360636840159
160,Enshizhou,pm_only,full72,pm,day1,0.3912410493102623
160,Enshizhou,pm_only,full72,weather,day1,0.026204619551154888
160,Enshizhou,pm_only,full72,joint,day1,0.13309086177271545
160,Enshizhou,pm_only,full72,pm,day3,0.04325585431396358
160,Enshizhou,pm_only,full72,weather,day3,-0.032729679682419924
160,Enshizhou,pm_only,full72,joint,day3,-0.014027519006879752
160,Enshizhou,pm_only,full72,pm,full72,0.2429383117345779
160,Enshizhou,pm_only,full72,weather,full72,-0.01483393420848355
160,Enshizhou,pm_only,full72,joint,full72,0.05427135006783751
160,Enshizhou,weather_only,full72,pm,day1,0.13071416217854057
160,Enshizhou,weather_only,full72,weather,day1,0.36878513619628406
160,Enshizhou,weather_only,full72,joint,day1,0.3806135331533833
160,Enshizhou,weather_only,full72,pm,day3,-0.008597061649265412
160,Enshizhou,weather_only,full72,weather,day3,0.08359737889934472
160,Enshizhou,weather_only,full72,joint,day3,0.07696909324227331
160,Enshizhou,weather_only,full72,pm,full72,0.07576472944118236
160,Enshizhou,weather_only,full72,weather,full72,0.24688779622194906
160,Enshizhou,weather_only,full72,joint,full72,0.24678495469623865
160,Enshizhou,joint,full72,pm,day1,0.22626880906720226
160,Enshizhou,joint,full72,weather,day1,0.34482035020508756
160,Enshizhou,joint,full72,joint,day1,0.38769180992295244
160,Enshizhou,joint,full72,pm,day3,0.009398262849565712
160,Enshizhou,joint,full72,weather,day3,0.07342371635592908
160,Enshizhou,joint,full72,joint,day3,0.07642043360510839
160,Enshizhou,joint,full72,pm,full72,0.14185476546369136
160,Enshizhou,joint,full72,weather,full72,0.22662584665646165
160,Enshizhou,joint,full72,joint,full72,0.2492588768147192
161,Yiyang,pm_only,recent24,pm,day1,0.44203393750848435
161,Yiyang,pm_only,recent24,weather,day1,0.053902759475689864
161,Yiyang,pm_only,recent24,joint,day1,0.17306335176583793
161,Yiyang,pm_only,recent24,pm,day3,0.0660220380055095
161,Yiyang,pm_only,recent24,weather,day3,9.76605244151311e-05
161,Yiyang,pm_only,recent24,joint,day3,0.0291622647905662
161,Yiyang,pm_only,recent24,pm,full72,0.30397960149490033
161,Yiyang,pm_only,recent24,weather,full72,0.02529034832258708
161,Yiyang,pm_only,recent24,joint,full72,0.11208984402246103
161,Yiyang,weather_only,recent24,pm,day1,0.07525313781328444
161,Yiyang,weather_only,recent24,weather,day1,0.4795276783819196
161,Yiyang,weather_only,recent24,joint,day1,0.45984312096078017
161,Yiyang,weather_only,recent24,pm,day3,-0.006971344742836186
161,Yiyang,weather_only,recent24,weather,day3,0.09782635845658962
161,Yiyang,weather_only,recent24,joint,day3,0.08857004064251016
161,Yiyang,weather_only,recent24,pm,full72,0.047811389952847484
161,Yiyang,weather_only,recent24,weather,full72,0.32130422182605545
161,Yiyang,weather_only,recent24,joint,full72,0.30130993232748304
161,Yiyang,joint,recent24,pm,day1,0.18999424149856037
161,Yiyang,joint,recent24,weather,day1,0.4587604686901172
161,Yiyang,joint,recent24,joint,day1,0.48205197501299374
161,Yiyang,joint,recent24,pm,day3,0.01705747476436869
161,Yiyang,joint,recent24,weather,day3,0.0944858396214599
161,Yiyang,joint,recent24,joint,day3,0.09670740767685192
161,Yiyang,joint,recent24,pm,full72,0.1326586576646644
161,Yiyang,joint,recent24,weather,full72,0.30580831195207797
161,Yiyang,joint,recent24,joint,full72,0.3177092549273137
161,Yiyang,pm_only,full72,pm,day1,0.3364178056044514
161,Yiyang,pm_only,full72,weather,day1,0.018275916068979013
161,Yiyang,pm_only,full72,joint,day1,0.11625685556421388
161,Yiyang,pm_only,full72,pm,day3,0.054166824041706016
161,Yiyang,pm_only,full72,weather,day3,-0.00033068708267177066
161,Yiyang,pm_only,full72,joint,day3,0.028393678098419518
161,Yiyang,pm_only,full72,pm,full72,0.24411485502871375
161,Yiyang,pm_only,full72,weather,full72,0.008204288051072012
161,Yiyang,pm_only,full72,joint,full72,0.08469312167328041
161,Yiyang,weather_only,full72,pm,day1,0.052505767126441776
161,Yiyang,weather_only,full72,weather,day1,0.3448583197145799
161,Yiyang,weather_only,full72,joint,day1,0.32960104790026196
161,Yiyang,weather_only,full72,pm,day3,-0.040349432587358146
161,Yiyang,weather_only,full72,weather,day3,0.06792938148234537
161,Yiyang,weather_only,full72,joint,day3,0.054187809046952265
161,Yiyang,weather_only,full72,pm,full72,0.006367330591832647
161,Yiyang,weather_only,full72,weather,full72,0.22382173245543308
161,Yiyang,weather_only,full72,joint,full72,0.2078420544605136
161,Yiyang,joint,full72,pm,day1,0.1368636552159138
161,Yiyang,joint,full72,weather,day1,0.3274469873617468
161,Yiyang,joint,full72,joint,day1,0.3419674304918576
161,Yiyang,joint,full72,pm,day3,-0.026559171639792906
161,Yiyang,joint,full72,weather,day3,0.07120297930074482
161,Yiyang,joint,full72,joint,day3,0.06542946735736684
161,Yiyang,joint,full72,pm,full72,0.06990650197662548
161,Yiyang,joint,full72,weather,full72,0.21392055098013774
161,Yiyang,joint,full72,joint,full72,0.2208918852229713
162,Xiangxizhou,pm_only,recent24,pm,day1,0.4555633303908326
162,Xiangxizhou,pm_only,recent24,weather,day1,0.04629682757420689
162,Xiangxizhou,pm_only,recent24,joint,day1,0.1730894892723723
162,Xiangxizhou,pm_only,recent24,pm,day3,0.060337617084404264
162,Xiangxizhou,pm_only,recent24,weather,day3,-0.00754267088566772
162,Xiangxizhou,pm_only,recent24,joint,day3,0.018131890532972633
162,Xiangxizhou,pm_only,recent24,pm,full72,0.2767995556998889
162,Xiangxizhou,pm_only,recent24,weather,full72,0.0065844766461191605
162,Xiangxizhou,pm_only,recent24,joint,full72,0.08642300610575153
162,Xiangxizhou,weather_only,recent24,pm,day1,0.12619819504954874
162,Xiangxizhou,weather_only,recent24,weather,day1,0.49906126076531515
162,Xiangxizhou,weather_only,recent24,joint,day1,0.4948628152157038
162,Xiangxizhou,weather_only,recent24,pm,day3,-0.01701326675331669
162,Xiangxizhou,weather_only,recent24,weather,day3,0.1268032892008223
162,Xiangxizhou,weather_only,recent24,joint,day3,0.11373846893461723
162,Xiangxizhou,weather_only,recent24,pm,full72,0.06267058716764679
162,Xiangxizhou,weather_only,recent24,weather,full72,0.3398827584706896
162,Xiangxizhou,weather_only,recent24,joint,full72,0.32335207483801864
162,Xiangxizhou,joint,recent24,pm,day1,0.2406235576558894
162,Xiangxizhou,joint,recent24,weather,day1,0.4656204489051122
162,Xiangxizhou,joint,recent24,joint,day1,0.5053129848282462
162,Xiangxizhou,joint,recent24,pm,day3,0.005700662925165731
162,Xiangxizhou,joint,recent24,weather,day3,0.10714976678744169
162,Xiangxizhou,joint,recent24,joint,day3,0.10496368874092218
162,Xiangxizhou,joint,recent24,pm,full72,0.14074271168567792
162,Xiangxizhou,joint,recent24,weather,full72,0.30810527902631973
162,Xiangxizhou,joint,recent24,joint,full72,0.32161564440391105
162,Xiangxizhou,pm_only,full72,pm,day1,0.29122357880589467
162,Xiangxizhou,pm_only,full72,weather,day1,-0.005466317866579466
162,Xiangxizhou,pm_only,full72,joint,day1,0.08547128586782146
162,Xiangxizhou,pm_only,full72,pm,day3,0.015482691870672968
162,Xiangxizhou,pm_only,full72,weather,day3,-0.040673468668367165
162,Xiangxizhou,pm_only,full72,joint,day3,-0.028057802514450628
162,Xiangxizhou,pm_only,full72,pm,full72,0.17213066503266625
162,Xiangxizhou,pm_only,full72,weather,full72,-0.04424108156027039
162,Xiangxizhou,pm_only,full72,joint,full72,0.012379359094839774
162,Xiangxizhou,weather_only,full72,pm,day1,0.05979995544998886
162,Xiangxizhou,weather_only,full72,weather,day1,0.315892467973117
162,Xiangxizhou,weather_only,full72,joint,day1,0.31344945786236444
162,Xiangxizhou,weather_only,full72,pm,day3,-0.0292278328069582
162,Xiangxizhou,weather_only,full72,weather,day3,0.083855303963826
162,Xiangxizhou,weather_only,full72,joint,day3,0.06641141110285277
162,Xiangxizhou,weather_only,full72,pm,full72,0.016261048065262015
162,Xiangxizhou,weather_only,full72,weather,full72,0.22300584475146115
162,Xiangxizhou,weather_only,full72,joint,full72,0.20834192508548127
162,Xiangxizhou,joint,full72,pm,day1,0.1425577211394303
162,Xiangxizhou,joint,full72,weather,day1,0.2897054584263646
162,Xiangxizhou,joint,full72,joint,day1,0.3183770250942563
162,Xiangxizhou,joint,full72,pm,day3,-0.011251243312810827
162,Xiangxizhou,joint,full72,weather,day3,0.06771990792997698
162,Xiangxizhou,joint,full72,joint,day3,0.05732241833060458
162,Xiangxizhou,joint,full72,pm,full72,0.07395163998790999
162,Xiangxizhou,joint,full72,weather,full72,0.19471406017851506
162,Xiangxizhou,joint,full72,joint,full72,0.20081301220325307
163,Guangyuan,pm_only,recent24,pm,day1,0.4286003496500874
163,Guangyuan,pm_only,recent24,weather,day1,0.09002115300528825
163,Guangyuan,pm_only,recent24,joint,day1,0.19175072693768172
163,Guangyuan,pm_only,recent24,pm,day3,0.0513441428360357
163,Guangyuan,pm_only,recent24,weather,day3,-0.030081879020469757
163,Guangyuan,pm_only,recent24,joint,day3,-0.014603186150796537
163,Guangyuan,pm_only,recent24,pm,full72,0.2730859852714963
163,Guangyuan,pm_only,recent24,weather,full72,0.024949198737299685
163,Guangyuan,pm_only,recent24,joint,full72,0.08750302887575721
163,Guangyuan,weather_only,recent24,pm,day1,0.14687771171942793
163,Guangyuan,weather_only,recent24,weather,day1,0.46190007597501903
163,Guangyuan,weather_only,recent24,joint,day1,0.46377178994294743
163,Guangyuan,weather_only,recent24,pm,day3,0.036760953190238296
163,Guangyuan,weather_only,recent24,weather,day3,0.040111561027890257
163,Guangyuan,weather_only,recent24,joint,day3,0.03594053698513425
163,Guangyuan,weather_only,recent24,pm,full72,0.10864101016025253
163,Guangyuan,weather_only,recent24,weather,full72,0.2906897511724378
163,Guangyuan,weather_only,recent24,joint,full72,0.28969863342465835
163,Guangyuan,joint,recent24,pm,day1,0.23686486871621712
163,Guangyuan,joint,recent24,weather,day1,0.4448735552183888
163,Guangyuan,joint,recent24,joint,day1,0.4756874299218574
163,Guangyuan,joint,recent24,pm,day3,0.044247995061998766
163,Guangyuan,joint,recent24,weather,day3,0.025931139482784867
163,Guangyuan,joint,recent24,joint,day3,0.025994289498572375
163,Guangyuan,joint,recent24,pm,full72,0.16561621140405283
163,Guangyuan,joint,recent24,weather,full72,0.26944454836113707
163,Guangyuan,joint,recent24,joint,full72,0.2858584779646195
163,Guangyuan,pm_only,full72,pm,day1,0.3322771955692989
163,Guangyuan,pm_only,full72,weather,day1,0.054811602202900545
163,Guangyuan,pm_only,full72,joint,day1,0.13629281657320416
163,Guangyuan,pm_only,full72,pm,day3,0.03359334389833598
163,Guangyuan,pm_only,full72,weather,day3,-0.05430668107667027
163,Guangyuan,pm_only,full72,joint,day3,-0.03788640347160087
163,Guangyuan,pm_only,full72,pm,full72,0.2177284924321231
163,Guangyuan,pm_only,full72,weather,full72,-0.006860026715006679
163,Guangyuan,pm_only,full72,joint,full72,0.048773772193443046
163,Guangyuan,weather_only,full72,pm,day1,0.11114603628650907
163,Guangyuan,weather_only,full72,weather,day1,0.3122140410535103
163,Guangyuan,weather_only,full72,joint,day1,0.31296279624069906
163,Guangyuan,weather_only,full72,pm,day3,0.027226623806655952
163,Guangyuan,weather_only,full72,weather,day3,0.061188759297189824
163,Guangyuan,weather_only,full72,joint,day3,0.055895413973853496
163,Guangyuan,weather_only,full72,pm,full72,0.0816081504020376
163,Guangyuan,weather_only,full72,weather,full72,0.20881679970419992
163,Guangyuan,weather_only,full72,joint,full72,0.2057117764279441
163,Guangyuan,joint,full72,pm,day1,0.17423684855921212
163,Guangyuan,joint,full72,weather,day1,0.2941280265320066
163,Guangyuan,joint,full72,joint,day1,0.31524590781147693
163,Guangyuan,joint,full72,pm,day3,0.03420024705006176
163,Guangyuan,joint,full72,weather,day3,0.04306615676653919
163,Guangyuan,joint,full72,joint,day3,0.04281117170279292
163,Guangyuan,joint,full72,pm,full72,0.12300482625120655
163,Guangyuan,joint,full72,weather,full72,0.18584718746179685
163,Guangyuan,joint,full72,joint,full72,0.19637387509346876
164,Suining,pm_only,recent24,pm,day1,0.5124903111225778
164,Suining,pm_only,recent24,weather,day1,0.10103424875856218
164,Suining,pm_only,recent24,joint,day1,0.23068063117015777
164,Suining,pm_only,recent24,pm,day3,0.05189522347380587
164,Suining,pm_only,recent24,weather,day3,0.007088962772240693
164,Suining,pm_only,recent24,joint,day3,0.02115518028879507
164,Suining,pm_only,recent24,pm,full72,0.29608577902144473
164,Suining,pm_only,recent24,weather,full72,0.05627121056780264
164,Suining,pm_only,recent24,joint,full72,0.13450724462681116
164,Suining,weather_only,recent24,pm,day1,0.19542683035670758
164,Suining,weather_only,recent24,weather,day1,0.483656463914116
164,Suining,weather_only,recent24,joint,day1,0.49179075744768924
164,Suining,weather_only,recent24,pm,day3,0.028500547125136784
164,Suining,weather_only,recent24,weather,day3,0.06091822222955555
164,Suining,weather_only,recent24,joint,day3,0.06039468459867115
164,Suining,weather_only,recent24,pm,full72,0.12886458371614593
164,Suining,weather_only,recent24,weather,full72,0.3114927178731795
164,Suining,weather_only,recent24,joint,full72,0.3117691394422849
164,Suining,joint,recent24,pm,day1,0.31642748660687164
164,Suining,joint,recent24,weather,day1,0.4596552009138002
164,Suining,joint,recent24,joint,day1,0.5101753815438455
164,Suining,joint,recent24,pm,day3,0.047272492318123076
164,Suining,joint,recent24,weather,day3,0.05518602929650732
164,Suining,joint,recent24,joint,day3,0.06196983499245875
164,Suining,joint,recent24,pm,full72,0.20852774663193663
164,Suining,joint,recent24,weather,full72,0.28952193938048487
164,Suining,joint,recent24,joint,full72,0.3181286415321604
164,Suining,pm_only,full72,pm,day1,0.356066876016719
164,Suining,pm_only,full72,weather,day1,0.055756233439058354
164,Suining,pm_only,full72,joint,day1,0.1482549100637275
164,Suining,pm_only,full72,pm,day3,-0.007699984924996231
164,Suining,pm_only,full72,weather,day3,-0.02415366753841688
164,Suining,pm_only,full72,joint,day3,-0.015488489372122341
164,Suining,pm_only,full72,pm,full72,0.17468553467138365
164,Suining,pm_only,full72,weather,full72,0.006262855565713891
164,Suining,pm_only,full72,joint,full72,0.057905024476256124
164,Suining,weather_only,full72,pm,day1,0.15719595779898943
164,Suining,weather_only,full72,weather,day1,0.3088441492110373
164,Suining,weather_only,full72,joint,day1,0.32653105863276466
164,Suining,weather_only,full72,pm,day3,0.041451541362885334
164,Suining,weather_only,full72,weather,day3,0.0605197156299289
164,Suining,weather_only,full72,joint,day3,0.065860523965131
164,Suining,weather_only,full72,pm,full72,0.12251978312994576
164,Suining,weather_only,full72,weather,full72,0.20504499176124794
164,Suining,weather_only,full72,joint,full72,0.2122440380610095
164,Suining,joint,full72,pm,day1,0.22577181094295273
164,Suining,joint,full72,weather,day1,0.2838286204571551
164,Suining,joint,full72,joint,day1,0.3256549339137334
164,Suining,joint,full72,pm,day3,0.04231986757996689
164,Suining,joint,full72,weather,day3,0.04460095715023928
164,Suining,joint,full72,joint,day3,0.05427166056791514
164,Suining,joint,full72,pm,full72,0.15956580389145097
164,Suining,joint,full72,weather,full72,0.17693891473472867
164,Suining,joint,full72,joint,full72,0.19953556388389093
165,Neijiang,pm_only,recent24,pm,day1,0.5249658622414656
165,Neijiang,pm_only,recent24,weather,day1,0.057113438278359574
165,Neijiang,pm_only,recent24,joint,day1,0.20152860988215246
165,Neijiang,pm_only,recent24,pm,day3,0.024137179534294884
165,Neijiang,pm_only,recent24,weather,day3,0.00839246459811615
165,Neijiang,pm_only,recent24,joint,day3,0.015501512375378093
165,Neijiang,pm_only,recent24,pm,full72,0.3193060368265092
165,Neijiang,pm_only,recent24,weather,full72,0.055849260462315115
165,Neijiang,pm_only,recent24,joint,full72,0.14039656709914178
165,Neijiang,weather_only,recent24,pm,day1,0.15729216032304005
165,Neijiang,weather_only,recent24,weather,day1,0.4637873074468268
165,Neijiang,weather_only,recent24,joint,day1,0.47184376146094037
165,Neijiang,weather_only,recent24,pm,day3,0.005403269850817462
165,Neijiang,weather_only,recent24,weather,day3,0.07785503996375999
165,Neijiang,weather_only,recent24,joint,day3,0.0736706164176541
165,Neijiang,weather_only,recent24,pm,full72,0.09424139506034876
165,Neijiang,weather_only,recent24,weather,full72,0.3232547338136834
165,Neijiang,weather_only,recent24,joint,full72,0.32258701314675325
165,Neijiang,joint,recent24,pm,day1,0.2929615992403998
165,Neijiang,joint,recent24,weather,day1,0.4298907834726959
165,Neijiang,joint,recent24,joint,day1,0.48694071773517944
165,Neijiang,joint,recent24,pm,day3,0.02463947115986779
165,Neijiang,joint,recent24,weather,day3,0.07671794667948667
165,Neijiang,joint,recent24,joint,day3,0.0778536584634146
165,Neijiang,joint,recent24,pm,full72,0.1865160376290094
165,Neijiang,joint,recent24,weather,full72,0.30647409461852365
165,Neijiang,joint,recent24,joint,full72,0.33567427941856987
165,Neijiang,pm_only,full72,pm,day1,0.3679787029946757
165,Neijiang,pm_only,full72,weather,day1,0.06633117758279439
165,Neijiang,pm_only,full72,joint,day1,0.16759311139827784
165,Neijiang,pm_only,full72,pm,day3,0.018752272688068172
165,Neijiang,pm_only,full72,weather,day3,-0.011280074820018705
165,Neijiang,pm_only,full72,joint,day3,0.0003889365972341493
165,Neijiang,pm_only,full72,pm,full72,0.22568275142068783
165,Neijiang,pm_only,full72,weather,full72,0.044751633687908424
165,Neijiang,pm_only,full72,joint,full72,0.10590711247677813
165,Neijiang,weather_only,full72,pm,day1,0.1102496780624195
165,Neijiang,weather_only,full72,weather,day1,0.29384773046193263
165,Neijiang,weather_only,full72,joint,day1,0.30491041622760406
165,Neijiang,weather_only,full72,pm,day3,0.0144053796013449
165,Neijiang,weather_only,full72,weather,day3,0.04343164085791021
165,Neijiang,weather_only,full72,joint,day3,0.045099056274764064
165,Neijiang,weather_only,full72,pm,full72,0.07029015407253851
165,Neijiang,weather_only,full72,weather,full72,0.20181914495478623
165,Neijiang,weather_only,full72,joint,full72,0.20663015765753942
165,Neijiang,joint,full72,pm,day1,0.19896357324089328
165,Neijiang,joint,full72,weather,day1,0.28052826263206565
165,Neijiang,joint,full72,joint,day1,0.32080439920109977
165,Neijiang,joint,full72,pm,day3,0.021991491997872998
165,Neijiang,joint,full72,weather,day3,0.03905727076431769
165,Neijiang,joint,full72,joint,day3,0.04454566113641528
165,Neijiang,joint,full72,pm,full72,0.1285707336426834
165,Neijiang,joint,full72,weather,full72,0.1935532323883081
165,Neijiang,joint,full72,joint,full72,0.2159576324894081
166,Leshan,pm_only,recent24,pm,day1,0.3511030627757657
166,Leshan,pm_only,recent24,weather,day1,0.09543223335805834
166,Leshan,pm_only,recent24,joint,day1,0.1739775284943821
166,Leshan,pm_only,recent24,pm,day3,-0.00887791871947968
166,Leshan,pm_only,recent24,weather,day3,0.00745233636308409
166,Leshan,pm_only,recent24,joint,day3,0.001726405931601483
166,Leshan,pm_only,recent24,pm,full72,0.19056645714161427
166,Leshan,pm_only,recent24,weather,full72,0.046994309748577434
166,Leshan,pm_only,recent24,joint,full72,0.0872319308079827
166,Leshan,weather_only,recent24,pm,day1,0.14990337297584325
166,Leshan,weather_only,recent24,weather,day1,0.41662589615647405
166,Leshan,weather_only,recent24,joint,day1,0.4213805223451306
166,Leshan,weather_only,recent24,pm,day3,0.03618164404541101
166,Leshan,weather_only,recent24,weather,day3,0.04058702664675666
166,Leshan,weather_only,recent24,joint,day3,0.04216618054154513
166,Leshan,weather_only,recent24,pm,full72,0.11195573498893374
166,Leshan,weather_only,recent24,weather,full72,0.24423568905892226
166,Leshan,weather_only,recent24,joint,full72,0.24921145430286354
166,Leshan,joint,recent24,pm,day1,0.22175235293808823
166,Leshan,joint,recent24,weather,day1,0.40632423408105844
166,Leshan,joint,recent24,joint,day1,0.4327643341910835
166,Leshan,joint,recent24,pm,day3,0.030718257179564293
166,Leshan,joint,recent24,weather,day3,0.040464869616217404
166,Leshan,joint,recent24,joint,day3,0.04043231660807915
166,Leshan,joint,recent24,pm,full72,0.1487855846963962
166,Leshan,joint,recent24,weather,full72,0.2375808923952231
166,Leshan,joint,recent24,joint,full72,0.25137984434496113
166,Leshan,pm_only,full72,pm,day1,0.23211636252909063
166,Leshan,pm_only,full72,weather,day1,0.0649585092396273
166,Leshan,pm_only,full72,joint,day1,0.11460650715162679
166,Leshan,pm_only,full72,pm,day3,0.017874640468660115
166,Leshan,pm_only,full72,weather,day3,-0.021345819836454956
166,Leshan,pm_only,full72,joint,day3,-0.01852514413128603
166,Leshan,pm_only,full72,pm,full72,0.11357072839268209
166,Leshan,pm_only,full72,weather,full72,0.016471205617801403
166,Leshan,pm_only,full72,joint,full72,0.039514724378681094
166,Leshan,weather_only,full72,pm,day1,0.08924255981063996
166,Leshan,weather_only,full72,weather,day1,0.2731222792805698
166,Leshan,weather_only,full72,joint,day1,0.26899013374753344
166,Leshan,weather_only,full72,pm,day3,0.0029875957468989364
166,Leshan,weather_only,full72,weather,day3,0.029664761916190482
166,Leshan,weather_only,full72,joint,day3,0.029115704778926197
166,Leshan,weather_only,full72,pm,full72,0.03822965005741251
166,Leshan,weather_only,full72,weather,full72,0.1724770076192519
166,Leshan,weather_only,full72,joint,full72,0.16604805701201425
166,Leshan,joint,full72,pm,day1,0.13186129196532298
166,Leshan,joint,full72,weather,day1,0.26961839240459806
166,Leshan,joint,full72,joint,day1,0.2771143592785898
166,Leshan,joint,full72,pm,day3,0.0034792073698018426
166,Leshan,joint,full72,weather,day3,0.022152496038124008
166,Leshan,joint,full72,joint,day3,0.022063661515915378
166,Leshan,joint,full72,pm,full72,0.058668586167146534
166,Leshan,joint,full72,weather,full72,0.16361280940320233
166,Leshan,joint,full72,joint,full72,0.16192388548097136
167,Meishan,pm_only,recent24,pm,day1,0.46744146286036564
167,Meishan,pm_only,recent24,weather,day1,0.05494717223679306
167,Meishan,pm_only,recent24,joint,day1,0.17666328216582056
167,Meishan,pm_only,recent24,pm,day3,0.06895800673950168
167,Meishan,pm_only,recent24,weather,day3,0.001475521868880467
167,Meishan,pm_only,recent24,joint,day3,0.029784554946138738
167,Meishan,pm_only,recent24,pm,full72,0.306154128038532
167,Meishan,pm_only,recent24,weather,full72,0.014790090697522672
167,Meishan,pm_only,recent24,joint,full72,0.09955853188963296
167,Meishan,weather_only,recent24,pm,day1,0.08561085190271298
167,Meishan,weather_only,recent24,weather,day1,0.4320781605195401
167,Meishan,weather_only,recent24,joint,day1,0.4254458908614727
167,Meishan,weather_only,recent24,pm,day3,-0.03265063566265891
167,Meishan,weather_only,recent24,weather,day3,0.0479875979968995
167,Meishan,weather_only,recent24,joint,day3,0.04026685906671476
167,Meishan,weather_only,recent24,pm,full72,0.010682107170526792
167,Meishan,weather_only,recent24,weather,full72,0.2658430504607626
167,Meishan,weather_only,recent24,joint,full72,0.25503974625993653
167,Meishan,joint,recent24,pm,day1,0.21250171712542928
167,Meishan,joint,recent24,weather,day1,0.4178968884742221
167,Meishan,joint,recent24,joint,day1,0.4530234427558607
167,Meishan,joint,recent24,pm,day3,-0.0011484317871079466
167,Meishan,joint,recent24,weather,day3,0.040900654225163556
167,Meishan,joint,recent24,joint,day3,0.04496771624192906
167,Meishan,joint,recent24,pm,full72,0.10364063741015936
167,Meishan,joint,recent24,weather,full72,0.2489301307325327
167,Meishan,joint,recent24,joint,full72,0.26827546906886723
167,Meishan,pm_only,full72,pm,day1,0.33225965006491254
167,Meishan,pm_only,full72,weather,day1,0.033233672308418075
167,Meishan,pm_only,full72,joint,day1,0.12195699648924913
167,Meishan,pm_only,full72,pm,day3,0.05442628510657128
167,Meishan,pm_only,full72,weather,day3,-0.000623890655972664
167,Meishan,pm_only,full72,joint,day3,0.023450303862575964
167,Meishan,pm_only,full72,pm,full72,0.21739424884856223
167,Meishan,pm_only,full72,weather,full72,0.008522766630691656
167,Meishan,pm_only,full72,joint,full72,0.06935294933823734
167,Meishan,weather_only,full72,pm,day1,0.046491913122978276
167,Meishan,weather_only,full72,weather,day1,0.29394117148529286
167,Meishan,weather_only,full72,joint,day1,0.2821559460389865
167,Meishan,weather_only,full72,pm,day3,-0.03208424752106188
167,Meishan,weather_only,full72,weather,day3,0.05466055816513954
167,Meishan,weather_only,full72,joint,day3,0.04331208182802046
167,Meishan,weather_only,full72,pm,full72,-0.012927676731919184
167,Meishan,weather_only,full72,weather,full72,0.20519485379871347
167,Meishan,weather_only,full72,joint,full72,0.18820010605002652
167,Meishan,joint,full72,pm,day1,0.13355127338781833
167,Meishan,joint,full72,weather,day1,0.289793971948493
167,Meishan,joint,full72,joint,day1,0.3053420263355066
167,Meishan,joint,full72,pm,day3,-0.013657935414483853
167,Meishan,joint,full72,weather,day3,0.04780081945020486
167,Meishan,joint,full72,joint,day3,0.04492788373197093
167,Meishan,joint,full72,pm,full72,0.051060843765210945
167,Meishan,joint,full72,weather,full72,0.19593274298318572
167,Meishan,joint,full72,joint,full72,0.19898746374686593
168,Guangan,pm_only,recent24,pm,day1,0.5041908855477213
168,Guangan,pm_only,recent24,weather,day1,0.08455879213969804
168,Guangan,pm_only,recent24,joint,day1,0.21506822976705744
168,Guangan,pm_only,recent24,pm,day3,0.05058072814518204
168,Guangan,pm_only,recent24,weather,day3,0.014404986601246651
168,Guangan,pm_only,recent24,joint,day3,0.03348088887022222
168,Guangan,pm_only,recent24,pm,full72,0.31763354540838634
168,Guangan,pm_only,recent24,weather,full72,0.06548607587151896
168,Guangan,pm_only,recent24,joint,full72,0.14482829870707464
168,Guangan,weather_only,recent24,pm,day1,0.16070110467527618
168,Guangan,weather_only,recent24,weather,day1,0.49873455918363974
168,Guangan,weather_only,recent24,joint,day1,0.49894922273730574
168,Guangan,weather_only,recent24,pm,day3,0.027750683437670856
168,Guangan,weather_only,recent24,weather,day3,0.12332703983175995
168,Guangan,weather_only,recent24,joint,day3,0.12373343193335797
168,Guangan,weather_only,recent24,pm,full72,0.11467251016812754
168,Guangan,weather_only,recent24,weather,full72,0.3518088609522152
168,Guangan,weather_only,recent24,joint,full72,0.3492189528047382
168,Guangan,joint,recent24,pm,day1,0.2851621987905497
168,Guangan,joint,recent24,weather,day1,0.4757510044377511
168,Guangan,joint,recent24,joint,day1,0.518925092231273
168,Guangan,joint,recent24,pm,day3,0.03946041086510271
168,Guangan,joint,recent24,weather,day3,0.11930524932631231
168,Guangan,joint,recent24,joint,day3,0.12551580887895222
168,Guangan,joint,recent24,pm,full72,0.195588339897085
168,Guangan,joint,recent24,weather,full72,0.33820331455082864
168,Guangan,joint,recent24,joint,full72,0.36149706337426585
168,Guangan,pm_only,full72,pm,day1,0.33813287753321936
168,Guangan,pm_only,full72,weather,day1,0.06607898701974675
168,Guangan,pm_only,full72,joint,day1,0.1566000796500199
168,Guangan,pm_only,full72,pm,day3,0.00744777336194334
168,Guangan,pm_only,full72,weather,day3,-0.0053178928294732065
168,Guangan,pm_only,full72,joint,day3,0.0046700966675241665
168,Guangan,pm_only,full72,pm,full72,0.1963549210887303
168,Guangan,pm_only,full72,weather,full72,0.034098890524722626
168,Guangan,pm_only,full72,joint,full72,0.08437385859346465
168,Guangan,weather_only,full72,pm,day1,0.14613726653431663
168,Guangan,weather_only,full72,weather,day1,0.3317995534498884
168,Guangan,weather_only,full72,joint,day1,0.34439741309935323
168,Guangan,weather_only,full72,pm,day3,0.011405693851423463
168,Guangan,weather_only,full72,weather,day3,0.11846220411555104
168,Guangan,weather_only,full72,joint,day3,0.11820555705138926
168,Guangan,weather_only,full72,pm,full72,0.097882243970561
168,Guangan,weather_only,full72,weather,full72,0.2512144978036244
168,Guangan,weather_only,full72,joint,full72,0.2550737977684494
168,Guangan,joint,full72,pm,day1,0.21370410242602558
168,Guangan,joint,full72,weather,day1,0.3135943548985887
168,Guangan,joint,full72,joint,day1,0.349941295985324
168,Guangan,joint,full72,pm,day3,0.00807486651871663
168,Guangan,joint,full72,weather,day3,0.10995736098934025
168,Guangan,joint,full72,joint,day3,0.11238474109618528
168,Guangan,joint,full72,pm,full72,0.13261880265470066
168,Guangan,joint,full72,weather,full72,0.23771739692934918
168,Guangan,joint,full72,joint,full72,0.2548341217085304
169,Dazhou,pm_only,recent24,pm,day1,0.5043590805897702
169,Dazhou,pm_only,recent24,weather,day1,0.07372393393098348
169,Dazhou,pm_only,recent24,joint,day1,0.19386126496531622
169,Dazhou,pm_only,recent24,pm,day3,0.0423833535958384
169,Dazhou,pm_only,recent24,weather,day3,-0.07743607785901946
169,Dazhou,pm_only,recent24,joint,day3,-0.051526979381744845
169,Dazhou,pm_only,recent24,pm,full72,0.2864579276144819
169,Dazhou,pm_only,recent24,weather,full72,-0.020571725142931284
169,Dazhou,pm_only,recent24,joint,full72,0.06196841899210475
169,Dazhou,weather_only,recent24,pm,day1,0.21315860178965043
169,Dazhou,weather_only,recent24,weather,day1,0.49409708152427045
169,Dazhou,weather_only,recent24,joint,day1,0.5047660816915204
169,Dazhou,weather_only,recent24,pm,day3,0.024953959738489934
169,Dazhou,weather_only,recent24,weather,day3,0.106051936012984
169,Dazhou,weather_only,recent24,joint,day3,0.10047376461844114
169,Dazhou,weather_only,recent24,pm,full72,0.1514309823577456
169,Dazhou,weather_only,recent24,weather,full72,0.32962741040685256
169,Dazhou,weather_only,recent24,joint,full72,0.33303689475922366
169,Dazhou,joint,recent24,pm,day1,0.32319932679983165
169,Dazhou,joint,recent24,weather,day1,0.4667920286980071
169,Dazhou,joint,recent24,joint,day1,0.5133324728331182
169,Dazhou,joint,recent24,pm,day3,0.044651453162863286
169,Dazhou,joint,recent24,weather,day3,0.08841322160330539
169,Dazhou,joint,recent24,joint,day3,0.09134929983732497
169,Dazhou,joint,recent24,pm,full72,0.22149972437493107
169,Dazhou,joint,recent24,weather,full72,0.30012295503073877
169,Dazhou,joint,recent24,joint,full72,0.32822386455596614
169,Dazhou,pm_only,full72,pm,day1,0.34417660104415027
169,Dazhou,pm_only,full72,weather,day1,0.020274975568743893
169,Dazhou,pm_only,full72,joint,day1,0.10904546726136682
169,Dazhou,pm_only,full72,pm,day3,0.04212027903006976
169,Dazhou,pm_only,full72,weather,day3,-0.0645246956311739
169,Dazhou,pm_only,full72,joint,day3,-0.04139343734835934
169,Dazhou,pm_only,full72,pm,full72,0.202302772075693
169,Dazhou,pm_only,full72,weather,full72,-0.0392569328142332
169,Dazhou,pm_only,full72,joint,full72,0.022103075525768883
169,Dazhou,weather_only,full72,pm,day1,0.18320184380046095
169,Dazhou,weather_only,full72,weather,day1,0.348656580164145
169,Dazhou,weather_only,full72,joint,day1,0.36407297951824485
169,Dazhou,weather_only,full72,pm,day3,-5.769601442400361e-05
169,Dazhou,weather_only,full72,weather,day3,0.10132415383103846
169,Dazhou,weather_only,full72,joint,day3,0.09371085392771347
169,Dazhou,weather_only,full72,pm,full72,0.1045946256486564
169,Dazhou,weather_only,full72,weather,full72,0.24843454860863715
169,Dazhou,weather_only,full72,joint,full72,0.2507412911853228
169,Dazhou,joint,full72,pm,day1,0.24649685412421352
169,Dazhou,joint,full72,weather,day1,0.3176631194157798
169,Dazhou,joint,full72,joint,day1,0.35454936913734225
169,Dazhou,joint,full72,pm,day3,0.019034928258732063
169,Dazhou,joint,full72,weather,day3,0.08065703616425904
169,Dazhou,joint,full72,joint,day3,0.08148333387083347
169,Dazhou,joint,full72,pm,full72,0.1493500513375128
169,Dazhou,joint,full72,weather,full72,0.2170429052607263
169,Dazhou,joint,full72,joint,full72,0.23649418712354675
170,Yaan,pm_only,recent24,pm,day1,0.32515569778892445
170,Yaan,pm_only,recent24,weather,day1,0.02849120212280053
170,Yaan,pm_only,recent24,joint,day1,0.11030678157669539
170,Yaan,pm_only,recent24,pm,day3,0.02017167504291876
170,Yaan,pm_only,recent24,weather,day3,-0.05148804087201021
170,Yaan,pm_only,recent24,joint,day3,-0.0460724260181065
170,Yaan,pm_only,recent24,pm,full72,0.17470883867720965
170,Yaan,pm_only,recent24,weather,full72,-0.011941736985434246
170,Yaan,pm_only,recent24,joint,full72,0.02672389718097429
170,Yaan,weather_only,recent24,pm,day1,0.13287844221961054
170,Yaan,weather_only,recent24,weather,day1,0.3843248220812055
170,Yaan,weather_only,recent24,joint,day1,0.3931666267916567
170,Yaan,weather_only,recent24,pm,day3,0.010431553107888276
170,Yaan,weather_only,recent24,weather,day3,0.04729006032251507
170,Yaan,weather_only,recent24,joint,day3,0.0412107028026757
170,Yaan,weather_only,recent24,pm,full72,0.05003593700898425
170,Yaan,weather_only,recent24,weather,full72,0.22989646247411563
170,Yaan,weather_only,recent24,joint,full72,0.22659221964805487
170,Yaan,joint,recent24,pm,day1,0.19964252591063147
170,Yaan,joint,recent24,weather,day1,0.362252588063147
170,Yaan,joint,recent24,joint,day1,0.3935768588942147
170,Yaan,joint,recent24,pm,day3,0.01846970111742528
170,Yaan,joint,recent24,weather,day3,0.03304664776166194
170,Yaan,joint,recent24,joint,day3,0.029930477982619497
170,Yaan,joint,recent24,pm,full72,0.0914241948560487
170,Yaan,joint,recent24,weather,full72,0.21184692346173087
170,Yaan,joint,recent24,joint,full72,0.21900821475205368
170,Yaan,pm_only,full72,pm,day1,0.2080396885099221
170,Yaan,pm_only,full72,weather,day1,0.012532383133095782
170,Yaan,pm_only,full72,joint,day1,0.06574231343557836
170,Yaan,pm_only,full72,pm,day3,-0.002629674657418664
170,Yaan,pm_only,full72,weather,day3,-0.060219966054991504
170,Yaan,pm_only,full72,joint,day3,-0.059014909253727314
170,Yaan,pm_only,full72,pm,full72,0.09720925380231345
170,Yaan,pm_only,full72,weather,full72,-0.035000152250038066
170,Yaan,pm_only,full72,joint,full72,-0.013095454773863693
170,Yaan,weather_only,full72,pm,day1,0.020175762543940635
170,Yaan,weather_only,full72,weather,day1,0.2438958729739682
170,Yaan,weather_only,full72,joint,day1,0.23584288846072207
170,Yaan,weather_only,full72,pm,day3,-0.015902048475512118
170,Yaan,weather_only,full72,weather,day3,0.06153731138432784
170,Yaan,weather_only,full72,joint,day3,0.0500102180025545
170,Yaan,weather_only,full72,pm,full72,-0.02965824141456035
170,Yaan,weather_only,full72,weather,full72,0.16825968906492225
170,Yaan,weather_only,full72,joint,full72,0.1509813752453438
170,Yaan,joint,full72,pm,day1,0.06118752779688195
170,Yaan,joint,full72,weather,day1,0.2355808803952201
170,Yaan,joint,full72,joint,day1,0.24021037805259446
170,Yaan,joint,full72,pm,day3,-0.009469914867478717
170,Yaan,joint,full72,weather,day3,0.04992637098159274
170,Yaan,joint,full72,joint,day3,0.04065738416434604
170,Yaan,joint,full72,pm,full72,-0.0024682221170555293
170,Yaan,joint,full72,weather,full72,0.15542298585574646
170,Yaan,joint,full72,joint,full72,0.14477261269315314
171,Ziyang,pm_only,recent24,pm,day1,0.5109165827291456
171,Ziyang,pm_only,recent24,weather,day1,0.08163174690793673
171,Ziyang,pm_only,recent24,joint,day1,0.21440364410091098
171,Ziyang,pm_only,recent24,pm,day3,0.07574311143577786
171,Ziyang,pm_only,recent24,weather,day3,0.020321462080365522
171,Ziyang,pm_only,recent24,joint,day3,0.03763518340879585
171,Ziyang,pm_only,recent24,pm,full72,0.34470342217585553
171,Ziyang,pm_only,recent24,weather,full72,0.07139327234831809
171,Ziyang,pm_only,recent24,joint,full72,0.15438230059557514
171,Ziyang,weather_only,recent24,pm,day1,0.10460482715120678
171,Ziyang,weather_only,recent24,weather,day1,0.4576606729151682
171,Ziyang,weather_only,recent24,joint,day1,0.4562264610566153
171,Ziyang,weather_only,recent24,pm,day3,0.020676186669046668
171,Ziyang,weather_only,recent24,weather,day3,0.051603428400857104
171,Ziyang,weather_only,recent24,joint,day3,0.05549709487427371
171,Ziyang,weather_only,recent24,pm,full72,0.07038046909511728
171,Ziyang,weather_only,recent24,weather,full72,0.2989183377295844
171,Ziyang,weather_only,recent24,joint,full72,0.2958074554518638
171,Ziyang,joint,recent24,pm,day1,0.2295126663781666
171,Ziyang,joint,recent24,weather,day1,0.44345663986416
171,Ziyang,joint,recent24,joint,day1,0.4839321519830379
171,Ziyang,joint,recent24,pm,day3,0.03906461326615332
171,Ziyang,joint,recent24,weather,day3,0.05350059737514934
171,Ziyang,joint,recent24,joint,day3,0.06270174067543517
171,Ziyang,joint,recent24,pm,full72,0.15560450990112748
171,Ziyang,joint,recent24,weather,full72,0.2920754125188531
171,Ziyang,joint,recent24,joint,full72,0.3143834300958575
171,Ziyang,pm_only,full72,pm,day1,0.34333574583393645
171,Ziyang,pm_only,full72,weather,day1,0.06420267855066963
171,Ziyang,pm_only,full72,joint,day1,0.15736526134131532
171,Ziyang,pm_only,full72,pm,day3,0.07966054391513598
171,Ziyang,pm_only,full72,weather,day3,0.02235907008976752
171,Ziyang,pm_only,full72,joint,day3,0.039678687919671975
171,Ziyang,pm_only,full72,pm,full72,0.255476463869116
171,Ziyang,pm_only,full72,weather,full72,0.05683154920788729
171,Ziyang,pm_only,full72,joint,full72,0.11891671022917755
171,Ziyang,weather_only,full72,pm,day1,0.0825071336267834
171,Ziyang,weather_only,full72,weather,day1,0.2846965386741347
171,Ziyang,weather_only,full72,joint,day1,0.2889656792414198
171,Ziyang,weather_only,full72,pm,day3,0.027422073855518463
171,Ziyang,weather_only,full72,weather,day3,0.026075840018960003
171,Ziyang,weather_only,full72,joint,day3,0.03388941397235349
171,Ziyang,weather_only,full72,pm,full72,0.07157119489279871
171,Ziyang,weather_only,full72,weather,full72,0.18226170656542665
171,Ziyang,weather_only,full72,joint,full72,0.18555930888982722
171,Ziyang,joint,full72,pm,day1,0.16509075827268954
171,Ziyang,joint,full72,weather,day1,0.27909912977478246
171,Ziyang,joint,full72,joint,day1,0.3097624059406015
171,Ziyang,joint,full72,pm,day3,0.04154539788634947
171,Ziyang,joint,full72,weather,day3,0.02619600504900126
171,Ziyang,joint,full72,joint,day3,0.03738767284691821
171,Ziyang,joint,full72,pm,full72,0.13072801468200365
171,Ziyang,joint,full72,weather,full72,0.17980833745208435
171,Ziyang,joint,full72,joint,full72,0.19931387882846968
172,Hanzhong,pm_only,recent24,pm,day1,0.44278769069692264
172,Hanzhong,pm_only,recent24,weather,day1,0.09488059772014944
172,Hanzhong,pm_only,recent24,joint,day1,0.1949856352464088
172,Hanzhong,pm_only,recent24,pm,day3,0.06660079515019879
172,Hanzhong,pm_only,recent24,weather,day3,-0.01578110944527736
172,Hanzhong,pm_only,recent24,joint,day3,-0.003464714366178592
172,Hanzhong,pm_only,recent24,pm,full72,0.2926582676645669
172,Hanzhong,pm_only,recent24,weather,full72,0.03650061462515366
172,Hanzhong,pm_only,recent24,joint,full72,0.10231077757769438
172,Hanzhong,weather_only,recent24,pm,day1,0.22762628840657212
172,Hanzhong,weather_only,recent24,weather,day1,0.46798856699714175
172,Hanzhong,weather_only,recent24,joint,day1,0.48327637131909285
172,Hanzhong,weather_only,recent24,pm,day3,0.07768422892105722
172,Hanzhong,weather_only,recent24,weather,day3,0.09204745101186275
172,Hanzhong,weather_only,recent24,joint,day3,0.09623771705942927
172,Hanzhong,weather_only,recent24,pm,full72,0.17291502722875682
172,Hanzhong,weather_only,recent24,weather,full72,0.3171610647902662
172,Hanzhong,weather_only,recent24,joint,full72,0.3271672732918183
172,Hanzhong,joint,recent24,pm,day1,0.3169142352285588
172,Hanzhong,joint,recent24,weather,day1,0.4472488088122022
172,Hanzhong,joint,recent24,joint,day1,0.4909372077343019
172,Hanzhong,joint,recent24,pm,day3,0.08778124744531185
172,Hanzhong,joint,recent24,weather,day3,0.07860195915048979
172,Hanzhong,joint,recent24,joint,day3,0.08535065433766359
172,Hanzhong,joint,recent24,pm,full72,0.23356025089006274
172,Hanzhong,joint,recent24,weather,full72,0.2934117013529253
172,Hanzhong,joint,recent24,joint,full72,0.3213995153498788
172,Hanzhong,pm_only,full72,pm,day1,0.27622296005574
172,Hanzhong,pm_only,full72,weather,day1,0.03955408888852222
172,Hanzhong,pm_only,full72,joint,day1,0.1089876227469057
172,Hanzhong,pm_only,full72,pm,day3,0.02862836965709241
172,Hanzhong,pm_only,full72,weather,day3,-0.044062340015585004
172,Hanzhong,pm_only,full72,joint,day3,-0.04004330051082512
172,Hanzhong,pm_only,full72,pm,full72,0.17985440546360137
172,Hanzhong,pm_only,full72,weather,full72,-0.017829536957384238
172,Hanzhong,pm_only,full72,joint,full72,0.026727236181809045
172,Hanzhong,weather_only,full72,pm,day1,0.153719451929863
172,Hanzhong,weather_only,full72,weather,day1,0.31165525341381334
172,Hanzhong,weather_only,full72,joint,day1,0.322717324179331
172,Hanzhong,weather_only,full72,pm,day3,0.05680062370015592
172,Hanzhong,weather_only,full72,weather,day3,0.10375174993793748
172,Hanzhong,weather_only,full72,joint,day3,0.10127584181896045
172,Hanzhong,weather_only,full72,pm,full72,0.11119419379854843
172,Hanzhong,weather_only,full72,weather,full72,0.22457832814458203
172,Hanzhong,weather_only,full72,joint,full72,0.22434156508539124
172,Hanzhong,joint,full72,pm,day1,0.20114356428589106
172,Hanzhong,joint,full72,weather,day1,0.28465529616382407
172,Hanzhong,joint,full72,joint,day1,0.3127956331989083
172,Hanzhong,joint,full72,pm,day3,0.054732175683043914
172,Hanzhong,joint,full72,weather,day3,0.08477020219255055
172,Hanzhong,joint,full72,joint,day3,0.08259153714788428
172,Hanzhong,joint,full72,pm,full72,0.13834623458655865
172,Hanzhong,joint,full72,weather,full72,0.19378322894580724
172,Hanzhong,joint,full72,joint,full72,0.20433223358305838
173,Ankang,pm_only,recent24,pm,day1,0.4945324221331055
173,Ankang,pm_only,recent24,weather,day1,0.11209758102439522
173,Ankang,pm_only,recent24,joint,day1,0.22546375136593783
173,Ankang,pm_only,recent24,pm,day3,0.04709576677394169
173,Ankang,pm_only,recent24,weather,day3,0.027669240917310226
173,Ankang,pm_only,recent24,joint,day3,0.03477718019429504
173,Ankang,pm_only,recent24,pm,full72,0.307887619971905
173,Ankang,pm_only,recent24,weather,full72,0.07880511620127904
173,Ankang,pm_only,recent24,joint,full72,0.14451036912759227
173,Ankang,weather_only,recent24,pm,day1,0.24299538524884634
173,Ankang,weather_only,recent24,weather,day1,0.48938279934569984
173,Ankang,weather_only,recent24,joint,day1,0.5028426312106578
173,Ankang,weather_only,recent24,pm,day3,0.005965736991434248
173,Ankang,weather_only,recent24,weather,day3,0.07302177475544369
173,Ankang,weather_only,recent24,joint,day3,0.07182055645513911
173,Ankang,weather_only,recent24,pm,full72,0.161913287978322
173,Ankang,weather_only,recent24,weather,full72,0.31783713595928403
173,Ankang,weather_only,recent24,joint,full72,0.3188095877023969
173,Ankang,joint,recent24,pm,day1,0.34664746016186504
173,Ankang,joint,recent24,weather,day1,0.46805983201495793
173,Ankang,joint,recent24,joint,day1,0.5161827555456888
173,Ankang,joint,recent24,pm,day3,0.022181963545490884
173,Ankang,joint,recent24,weather,day3,0.07504484476121118
173,Ankang,joint,recent24,joint,day3,0.07685565271391318
173,Ankang,joint,recent24,pm,full72,0.23252765813191448
173,Ankang,joint,recent24,weather,full72,0.3086269836567459
173,Ankang,joint,recent24,joint,full72,0.32959615189903796
173,Ankang,pm_only,full72,pm,day1,0.3308169197042299
173,Ankang,pm_only,full72,weather,day1,0.1023523815880954
173,Ankang,pm_only,full72,joint,day1,0.18163413340853335
173,Ankang,pm_only,full72,pm,day3,0.032666481666620416
173,Ankang,pm_only,full72,weather,day3,-0.011174647293661823
173,Ankang,pm_only,full72,joint,day3,-0.008767155691788923
173,Ankang,pm_only,full72,pm,full72,0.21628797157199292
173,Ankang,pm_only,full72,weather,full72,0.035669083417270854
173,Ankang,pm_only,full72,joint,full72,0.08202630250657562
173,Ankang,weather_only,full72,pm,day1,0.1880256500064125
173,Ankang,weather_only,full72,weather,day1,0.3284520416130104
173,Ankang,weather_only,full72,joint,day1,0.34338695434673855
173,Ankang,weather_only,full72,pm,day3,-0.016801351200337798
173,Ankang,weather_only,full72,weather,day3,0.06698370924592731
173,Ankang,weather_only,full72,joint,day3,0.05900125325031331
173,Ankang,weather_only,full72,pm,full72,0.10211872652968162
173,Ankang,weather_only,full72,weather,full72,0.2138610129652532
173,Ankang,weather_only,full72,joint,full72,0.2091037212759303
173,Ankang,joint,full72,pm,day1,0.24651370062842512
173,Ankang,joint,full72,weather,day1,0.31582877345719335
173,Ankang,joint,full72,joint,day1,0.34899162174790543
173,Ankang,joint,full72,pm,day3,-0.0033787883446970857
173,Ankang,joint,full72,weather,day3,0.05723657330914333
173,Ankang,joint,full72,joint,day3,0.05242405910601477
173,Ankang,joint,full72,pm,full72,0.1480364725091181
173,Ankang,joint,full72,weather,full72,0.1988675297168824
173,Ankang,joint,full72,joint,full72,0.20716290979072743
174,Shangluo,pm_only,recent24,pm,day1,0.42396166149041536
174,Shangluo,pm_only,recent24,weather,day1,0.10632164058041015
174,Shangluo,pm_only,recent24,joint,day1,0.2124224736056184
174,Shangluo,pm_only,recent24,pm,day3,0.0337758744439686
174,Shangluo,pm_only,recent24,weather,day3,-0.029108324777081192
174,Shangluo,pm_only,recent24,joint,day3,-0.012536247134061783
174,Shangluo,pm_only,recent24,pm,full72,0.2958204604551151
174,Shangluo,pm_only,recent24,weather,full72,0.038578506644626656
174,Shangluo,pm_only,recent24,joint,full72,0.10664251616062904
174,Shangluo,weather_only,recent24,pm,day1,0.21938491584622896
174,Shangluo,weather_only,recent24,weather,day1,0.4925071606267901
174,Shangluo,weather_only,recent24,joint,day1,0.5039506109876527
174,Shangluo,weather_only,recent24,pm,day3,-0.029856469464117363
174,Shangluo,weather_only,recent24,weather,day3,0.04377082694270674
174,Shangluo,weather_only,recent24,joint,day3,0.038474522118630526
174,Shangluo,weather_only,recent24,pm,full72,0.1462620395655099
174,Shangluo,weather_only,recent24,weather,full72,0.30429857357464335
174,Shangluo,weather_only,recent24,joint,full72,0.3136609819152455
174,Shangluo,joint,recent24,pm,day1,0.3083514890878723
174,Shangluo,joint,recent24,weather,day1,0.46617784004446
174,Shangluo,joint,recent24,joint,day1,0.5094977983744496
174,Shangluo,joint,recent24,pm,day3,-0.021443742860935713
174,Shangluo,joint,recent24,weather,day3,0.03439426309856577
174,Shangluo,joint,recent24,joint,day3,0.03340258135064534
174,Shangluo,joint,recent24,pm,full72,0.21155656988914248
174,Shangluo,joint,recent24,weather,full72,0.28077536969384237
174,Shangluo,joint,recent24,joint,full72,0.3082739060684765
174,Shangluo,pm_only,full72,pm,day1,0.27209022352255585
174,Shangluo,pm_only,full72,weather,day1,0.06326654181663545
174,Shangluo,pm_only,full72,joint,day1,0.1370863287715822
174,Shangluo,pm_only,full72,pm,day3,0.04274341218585305
174,Shangluo,pm_only,full72,weather,day3,-0.03585304796326198
174,Shangluo,pm_only,full72,joint,day3,-0.015892431973107992
174,Shangluo,pm_only,full72,pm,full72,0.21177761144440285
174,Shangluo,pm_only,full72,weather,full72,0.016364804591201147
174,Shangluo,pm_only,full72,joint,full72,0.06870415267603816
174,Shangluo,weather_only,full72,pm,day1,0.15219049854762462
174,Shangluo,weather_only,full72,weather,day1,0.3090433552608388
174,Shangluo,weather_only,full72,joint,day1,0.31853403913350975
174,Shangluo,weather_only,full72,pm,day3,-0.015962412990603247
174,Shangluo,weather_only,full72,weather,day3,0.043545438386359596
174,Shangluo,weather_only,full72,joint,day3,0.037818786454696614
174,Shangluo,weather_only,full72,pm,full72,0.09061588365397091
174,Shangluo,weather_only,full72,weather,full72,0.20178069394517348
174,Shangluo,weather_only,full72,joint,full72,0.20113810878452718
174,Shangluo,joint,full72,pm,day1,0.19243338460834614
174,Shangluo,joint,full72,weather,day1,0.2935844188961047
174,Shangluo,joint,full72,joint,day1,0.3182573715643429
174,Shangluo,joint,full72,pm,day3,-0.002064059016014754
174,Shangluo,joint,full72,weather,day3,0.031535058383764594
174,Shangluo,joint,full72,joint,day3,0.03145675986418996
174,Shangluo,joint,full72,pm,full72,0.12868746217186552
174,Shangluo,joint,full72,weather,full72,0.18575911193977798
174,Shangluo,joint,full72,joint,full72,0.19638182959545739
175,Baiyin,pm_only,recent24,pm,day1,0.3288067392016848
175,Baiyin,pm_only,recent24,weather,day1,0.040747409686852414
175,Baiyin,pm_only,recent24,joint,day1,0.12011279702819926
175,Baiyin,pm_only,recent24,pm,day3,0.00794214348553587
175,Baiyin,pm_only,recent24,weather,day3,-0.012498544624636156
175,Baiyin,pm_only,recent24,joint,day3,-0.003829719957429989
175,Baiyin,pm_only,recent24,pm,full72,0.21650835762708942
175,Baiyin,pm_only,recent24,weather,full72,0.02097776624444156
175,Baiyin,pm_only,recent24,joint,full72,0.06683947220986805
175,Baiyin,weather_only,recent24,pm,day1,0.07490784822696205
175,Baiyin,weather_only,recent24,weather,day1,0.39806765901691477
175,Baiyin,weather_only,recent24,joint,day1,0.3887550236887559
175,Baiyin,weather_only,recent24,pm,day3,0.004581335645333911
175,Baiyin,weather_only,recent24,weather,day3,0.17253378263344565
175,Baiyin,weather_only,recent24,joint,day3,0.15852626613156653
175,Baiyin,weather_only,recent24,pm,full72,0.06301444875361219
175,Baiyin,weather_only,recent24,weather,full72,0.3213935378483844
175,Baiyin,weather_only,recent24,joint,full72,0.3117115544278886
175,Baiyin,joint,recent24,pm,day1,0.1472974868243717
175,Baiyin,joint,recent24,weather,day1,0.37966755191688795
175,Baiyin,joint,recent24,joint,day1,0.3941206345301586
175,Baiyin,joint,recent24,pm,day3,0.00806285451571363
175,Baiyin,joint,recent24,weather,day3,0.15245726761431688
175,Baiyin,joint,recent24,joint,day3,0.14169455042363757
175,Baiyin,joint,recent24,pm,full72,0.1119869979967495
175,Baiyin,joint,recent24,weather,full72,0.30115171228792803
175,Baiyin,joint,recent24,joint,full72,0.30555013338753334
175,Baiyin,pm_only,full72,pm,day1,0.23414367303591824
175,Baiyin,pm_only,full72,weather,day1,0.03245912311478078
175,Baiyin,pm_only,full72,joint,day1,0.09210587452646864
175,Baiyin,pm_only,full72,pm,day3,0.01731591432897858
175,Baiyin,pm_only,full72,weather,day3,-0.02127061131765283
175,Baiyin,pm_only,full72,joint,day3,-0.009340961335240334
175,Baiyin,pm_only,full72,pm,full72,0.17250788962697242
175,Baiyin,pm_only,full72,weather,full72,0.002518359629589907
175,Baiyin,pm_only,full72,joint,full72,0.04096366174091544
175,Baiyin,weather_only,full72,pm,day1,0.048940149235037304
175,Baiyin,weather_only,full72,weather,day1,0.302392004098001
175,Baiyin,weather_only,full72,joint,day1,0.2966289951572488
175,Baiyin,weather_only,full72,pm,day3,-0.0024799131199782797
175,Baiyin,weather_only,full72,weather,day3,0.1476695904173976
175,Baiyin,weather_only,full72,joint,day3,0.13431521307880326
175,Baiyin,weather_only,full72,pm,full72,0.05026144106536027
175,Baiyin,weather_only,full72,weather,full72,0.2740962565240641
175,Baiyin,weather_only,full72,joint,full72,0.26506819976704993
175,Baiyin,joint,full72,pm,day1,0.09548793137198283
175,Baiyin,joint,full72,weather,day1,0.27940192585048146
175,Baiyin,joint,full72,joint,day1,0.2890508687627172
175,Baiyin,joint,full72,pm,day3,0.004686520171630042
175,Baiyin,joint,full72,weather,day3,0.13178860344715085
175,Baiyin,joint,full72,joint,day3,0.12263765615941404
175,Baiyin,joint,full72,pm,full72,0.0875821763955441
175,Baiyin,joint,full72,weather,full72,0.25026298306574574
175,Baiyin,joint,full72,joint,full72,0.2523563490890873
176,Tianshui,pm_only,recent24,pm,day1,0.41881535370383843
176,Tianshui,pm_only,recent24,weather,day1,0.0864576276144069
176,Tianshui,pm_only,recent24,joint,day1,0.18241750410437602
176,Tianshui,pm_only,recent24,pm,day3,0.05998516649629162
176,Tianshui,pm_only,recent24,weather,day3,0.013955077988769497
176,Tianshui,pm_only,recent24,joint,day3,0.0339145059786265
176,Tianshui,pm_only,recent24,pm,full72,0.2876702939175735
176,Tianshui,pm_only,recent24,weather,full72,0.05771681492920374
176,Tianshui,pm_only,recent24,joint,full72,0.12246736111684028
176,Tianshui,weather_only,recent24,pm,day1,0.11599797049949262
176,Tianshui,weather_only,recent24,weather,day1,0.4145875276468819
176,Tianshui,weather_only,recent24,joint,day1,0.4117528689382172
176,Tianshui,weather_only,recent24,pm,day3,0.02470574117643529
176,Tianshui,weather_only,recent24,weather,day3,0.014396064599016151
176,Tianshui,weather_only,recent24,joint,day3,0.02876493869123467
176,Tianshui,weather_only,recent24,pm,full72,0.10968752892188224
176,Tianshui,weather_only,recent24,weather,full72,0.2138345604586401
176,Tianshui,weather_only,recent24,joint,full72,0.22515814128953532
176,Tianshui,joint,recent24,pm,day1,0.2110652552663138
176,Tianshui,joint,recent24,weather,day1,0.4032002553000638
176,Tianshui,joint,recent24,joint,day1,0.4269230192307548
176,Tianshui,joint,recent24,pm,day3,0.03840354060088515
176,Tianshui,joint,recent24,weather,day3,0.01098565024641256
176,Tianshui,joint,recent24,joint,day3,0.029463862365965595
176,Tianshui,joint,recent24,pm,full72,0.17544988236247056
176,Tianshui,joint,recent24,weather,full72,0.20585573896393475
176,Tianshui,joint,recent24,joint,full72,0.2332270693067673
176,Tianshui,pm_only,full72,pm,day1,0.3179091554772888
176,Tianshui,pm_only,full72,weather,day1,0.04799081249770312
176,Tianshui,pm_only,full72,joint,day1,0.12471805767951441
176,Tianshui,pm_only,full72,pm,day3,0.055523974880993726
176,Tianshui,pm_only,full72,weather,day3,-0.027731865932966483
176,Tianshui,pm_only,full72,joint,day3,-0.00328311232077808
176,Tianshui,pm_only,full72,pm,full72,0.22647009861752465
176,Tianshui,pm_only,full72,weather,full72,0.002002455500613875
176,Tianshui,pm_only,full72,joint,full72,0.05980639945159986
176,Tianshui,weather_only,full72,pm,day1,0.05555906288976571
176,Tianshui,weather_only,full72,weather,day1,0.25570160042540013
176,Tianshui,weather_only,full72,joint,day1,0.25511660777915196
176,Tianshui,weather_only,full72,pm,day3,0.03143809985952496
176,Tianshui,weather_only,full72,weather,day3,0.05738782734695684
176,Tianshui,weather_only,full72,joint,day3,0.061945671486417865
176,Tianshui,weather_only,full72,pm,full72,0.0688058752014688
176,Tianshui,weather_only,full72,weather,full72,0.17634386308596575
176,Tianshui,weather_only,full72,joint,full72,0.18373364343341086
176,Tianshui,joint,full72,pm,day1,0.12828386907096728
176,Tianshui,joint,full72,weather,day1,0.24830157207539302
176,Tianshui,joint,full72,joint,day1,0.267766167941542
176,Tianshui,joint,full72,pm,day3,0.04959813489953372
176,Tianshui,joint,full72,weather,day3,0.0547462171865543
176,Tianshui,joint,full72,joint,day3,0.06547997986999497
176,Tianshui,joint,full72,pm,full72,0.12475873168968292
176,Tianshui,joint,full72,weather,full72,0.16803150150787538
176,Tianshui,joint,full72,joint,full72,0.18977275144318784
177,Pingliang,pm_only,recent24,pm,day1,0.4026219931554983
177,Pingliang,pm_only,recent24,weather,day1,0.1024139056034764
177,Pingliang,pm_only,recent24,joint,day1,0.1918542824635706
177,Pingliang,pm_only,recent24,pm,day3,0.04782113245528311
177,Pingliang,pm_only,recent24,weather,day3,-0.017116754779188694
177,Pingliang,pm_only,recent24,joint,day3,-0.006208138552034638
177,Pingliang,pm_only,recent24,pm,full72,0.26351689187922295
177,Pingliang,pm_only,recent24,weather,full72,0.03884570471142618
177,Pingliang,pm_only,recent24,joint,full72,0.09393562448390612
177,Pingliang,weather_only,recent24,pm,day1,0.16367630291907573
177,Pingliang,weather_only,recent24,weather,day1,0.43351105237776305
177,Pingliang,weather_only,recent24,joint,day1,0.4415647163911791
177,Pingliang,weather_only,recent24,pm,day3,-0.010603769650942412
177,Pingliang,weather_only,recent24,weather,day3,0.07869196217299053
177,Pingliang,weather_only,recent24,joint,day3,0.07383526545881636
177,Pingliang,weather_only,recent24,pm,full72,0.08427036306759077
177,Pingliang,weather_only,recent24,weather,full72,0.29209305402326347
177,Pingliang,weather_only,recent24,joint,full72,0.2977437684359421
177,Pingliang,joint,recent24,pm,day1,0.2486054391513598
177,Pingliang,joint,recent24,weather,day1,0.42468682017170506
177,Pingliang,joint,recent24,joint,day1,0.45619306954826744
177,Pingliang,joint,recent24,pm,day3,-0.0018659029664757417
177,Pingliang,joint,recent24,weather,day3,0.06955682188920548
177,Pingliang,joint,recent24,joint,day3,0.06769445742361435
177,Pingliang,joint,recent24,pm,full72,0.1434912208728052
177,Pingliang,joint,recent24,weather,full72,0.27877648119412024
177,Pingliang,joint,recent24,joint,full72,0.29857199514299876
177,Pingliang,pm_only,full72,pm,day1,0.26490315172578793
177,Pingliang,pm_only,full72,weather,day1,0.0731456627864157
177,Pingliang,pm_only,full72,joint,day1,0.13206963001740749
177,Pingliang,pm_only,full72,pm,day3,0.08196994899248725
177,Pingliang,pm_only,full72,weather,day3,-0.01114218728554682
177,Pingliang,pm_only,full72,joint,day3,0.005630551407637852
177,Pingliang,pm_only,full72,pm,full72,0.2071153867788467
177,Pingliang,pm_only,full72,weather,full72,0.02726187981546995
177,Pingliang,pm_only,full72,joint,full72,0.07057113714278428
177,Pingliang,weather_only,full72,pm,day1,0.06629750257437564
177,Pingliang,weather_only,full72,weather,day1,0.2613408218352054
177,Pingliang,weather_only,full72,joint,day1,0.2569290297322574
177,Pingliang,weather_only,full72,pm,day3,0.006356721089180272
177,Pingliang,weather_only,full72,weather,day3,0.07150426337606584
177,Pingliang,weather_only,full72,joint,day3,0.07334959983739996
177,Pingliang,weather_only,full72,pm,full72,0.024926565231641308
177,Pingliang,weather_only,full72,weather,full72,0.19149763937440983
177,Pingliang,weather_only,full72,joint,full72,0.18802141850535461
177,Pingliang,joint,full72,pm,day1,0.11716045279011318
177,Pingliang,joint,full72,weather,day1,0.2546391336597834
177,Pingliang,joint,full72,joint,day1,0.2639338979834745
177,Pingliang,joint,full72,pm,day3,0.023949698987424748
177,Pingliang,joint,full72,weather,day3,0.07046472861618215
177,Pingliang,joint,full72,joint,day3,0.07616389454097362
177,Pingliang,joint,full72,pm,full72,0.0686107296526824
177,Pingliang,joint,full72,weather,full72,0.18382584395646098
177,Pingliang,joint,full72,joint,full72,0.1906428611607153
178,Qingyang,pm_only,recent24,pm,day1,0.40133978383494595
178,Qingyang,pm_only,recent24,weather,day1,0.06580680745170187
178,Qingyang,pm_only,recent24,joint,day1,0.15632106908026727
178,Qingyang,pm_only,recent24,pm,day3,-0.016036840009210004
178,Qingyang,pm_only,recent24,weather,day3,-0.03769297842324461
178,Qingyang,pm_only,recent24,joint,day3,-0.03675772818943204
178,Qingyang,pm_only,recent24,pm,full72,0.234113196028299
178,Qingyang,pm_only,recent24,weather,full72,0.00505244976311244
178,Qingyang,pm_only,recent24,joint,full72,0.05148442437110609
178,Qingyang,weather_only,recent24,pm,day1,0.18498439324609828
178,Qingyang,weather_only,recent24,weather,day1,0.44208479652119914
178,Qingyang,weather_only,recent24,joint,day1,0.45706407926601983
178,Qingyang,weather_only,recent24,pm,day3,-0.018726729181682295
178,Qingyang,weather_only,recent24,weather,day3,0.07237064259266064
178,Qingyang,weather_only,recent24,joint,day3,0.06631513807878452
178,Qingyang,weather_only,recent24,pm,full72,0.08789756947439237
178,Qingyang,weather_only,recent24,weather,full72,0.27991287247821817
178,Qingyang,weather_only,recent24,joint,full72,0.2837681764420441
178,Qingyang,joint,recent24,pm,day1,0.27099288174822045
178,Qingyang,joint,recent24,weather,day1,0.4202459595614899
178,Qingyang,joint,recent24,joint,day1,0.45958980989745246
178,Qingyang,joint,recent24,pm,day3,-0.025159377289844322
178,Qingyang,joint,recent24,weather,day3,0.05597039149259787
178,Qingyang,joint,recent24,joint,day3,0.050703654675913666
178,Qingyang,joint,recent24,pm,full72,0.1403574860893715
178,Qingyang,joint,recent24,weather,full72,0.25525282281320566
178,Qingyang,joint,recent24,joint,full72,0.2713347063336766
178,Qingyang,pm_only,full72,pm,day1,0.26926922231730555
178,Qingyang,pm_only,full72,weather,day1,0.021216887304221825
178,Qingyang,pm_only,full72,joint,day1,0.0793752903438226
178,Qingyang,pm_only,full72,pm,day3,-0.01057202664300666
178,Qingyang,pm_only,full72,weather,day3,-0.008599160149790038
178,Qingyang,pm_only,full72,joint,day3,-0.006964585741146435
178,Qingyang,pm_only,full72,pm,full72,0.14523632580908144
178,Qingyang,pm_only,full72,weather,full72,-0.022666967666741915
178,Qingyang,pm_only,full72,joint,full72,0.007913347978336994
178,Qingyang,weather_only,full72,pm,day1,0.07000165900041475
178,Qingyang,weather_only,full72,weather,day1,0.2532201048050262
178,Qingyang,weather_only,full72,joint,day1,0.25289193172298297
178,Qingyang,weather_only,full72,pm,day3,-0.027431189357797335
178,Qingyang,weather_only,full72,weather,day3,0.05753463538365884
178,Qingyang,weather_only,full72,joint,day3,0.05277911819477955
178,Qingyang,weather_only,full72,pm,full72,0.010925324731331182
178,Qingyang,weather_only,full72,weather,full72,0.174313428078357
178,Qingyang,weather_only,full72,joint,full72,0.16825935456483862
178,Qingyang,joint,full72,pm,day1,0.12250217312554328
178,Qingyang,joint,full72,weather,day1,0.2338519124629781
178,Qingyang,joint,full72,joint,day1,0.24697190124297527
178,Qingyang,joint,full72,pm,day3,-0.029290187822546956
178,Qingyang,joint,full72,weather,day3,0.04926099331524833
178,Qingyang,joint,full72,joint,day3,0.04536566334141584
178,Qingyang,joint,full72,pm,full72,0.03893111323277831
178,Qingyang,joint,full72,weather,full72,0.15072823968205992
178,Qingyang,joint,full72,joint,full72,0.15187843096960776
179,Dingxi,pm_only,recent24,pm,day1,0.3471701982925495
179,Dingxi,pm_only,recent24,weather,day1,0.058751275187818794
179,Dingxi,pm_only,recent24,joint,day1,0.14215627903906974
179,Dingxi,pm_only,recent24,pm,day3,0.0841531620382905
179,Dingxi,pm_only,recent24,weather,day3,-0.014610132652533164
179,Dingxi,pm_only,recent24,joint,day3,0.010247578061894514
179,Dingxi,pm_only,recent24,pm,full72,0.2767460731865183
179,Dingxi,pm_only,recent24,weather,full72,0.02518797779699445
179,Dingxi,pm_only,recent24,joint,full72,0.08283476820869205
179,Dingxi,weather_only,recent24,pm,day1,0.09452906513226628
179,Dingxi,weather_only,recent24,weather,day1,0.36957607289401817
179,Dingxi,weather_only,recent24,joint,day1,0.36728088482022114
179,Dingxi,weather_only,recent24,pm,day3,0.018492070623017654
179,Dingxi,weather_only,recent24,weather,day3,0.1134230203557551
179,Dingxi,weather_only,recent24,joint,day3,0.10928276582069145
179,Dingxi,weather_only,recent24,pm,full72,0.061852390963097734
179,Dingxi,weather_only,recent24,weather,full72,0.26686440371610093
179,Dingxi,weather_only,recent24,joint,full72,0.26306794326698585
179,Dingxi,joint,recent24,pm,day1,0.17339495534873883
179,Dingxi,joint,recent24,weather,day1,0.36009466202366547
179,Dingxi,joint,recent24,joint,day1,0.3808951597237899
179,Dingxi,joint,recent24,pm,day3,0.03494170023542506
179,Dingxi,joint,recent24,weather,day3,0.10706218176554542
179,Dingxi,joint,recent24,joint,day3,0.10871684867921216
179,Dingxi,joint,recent24,pm,full72,0.12359158139789536
179,Dingxi,joint,recent24,weather,full72,0.25783807345951837
179,Dingxi,joint,recent24,joint,full72,0.26914588328647077
179,Dingxi,pm_only,full72,pm,day1,0.2905720296430074
179,Dingxi,pm_only,full72,weather,day1,0.059479550869887717
179,Dingxi,pm_only,full72,joint,day1,0.1251256887814222
179,Dingxi,pm_only,full72,pm,day3,0.11193963998490998
179,Dingxi,pm_only,full72,weather,day3,-0.027775302943825735
179,Dingxi,pm_only,full72,joint,day3,0.006811162702790675
179,Dingxi,pm_only,full72,pm,full72,0.2725701771425443
179,Dingxi,pm_only,full72,weather,full72,0.019614517903629475
179,Dingxi,pm_only,full72,joint,full72,0.07548758937189735
179,Dingxi,weather_only,full72,pm,day1,0.04598026449506612
179,Dingxi,weather_only,full72,weather,day1,0.2623287745821936
179,Dingxi,weather_only,full72,joint,day1,0.2554012898503224
179,Dingxi,weather_only,full72,pm,day3,0.009104082776020693
179,Dingxi,weather_only,full72,weather,day3,0.1284440451110113
179,Dingxi,weather_only,full72,joint,day3,0.12653187913296976
179,Dingxi,weather_only,full72,pm,full72,0.03035010908752727
179,Dingxi,weather_only,full72,weather,full72,0.21896309924077478
179,Dingxi,weather_only,full72,joint,full72,0.21082540220635054
179,Dingxi,joint,full72,pm,day1,0.10783081795770448
179,Dingxi,joint,full72,weather,day1,0.2565968936492234
179,Dingxi,joint,full72,joint,day1,0.2659278574819644
179,Dingxi,joint,full72,pm,day3,0.030296797574199393
179,Dingxi,joint,full72,weather,day3,0.11475656568914142
179,Dingxi,joint,full72,joint,day3,0.12001408050352012
179,Dingxi,joint,full72,pm,full72,0.08845022061255514
179,Dingxi,joint,full72,weather,full72,0.20697647474411868
179,Dingxi,joint,full72,joint,full72,0.21219280404820098
180,Linxiazhou,pm_only,recent24,pm,day1,0.4348445977111494
180,Linxiazhou,pm_only,recent24,weather,day1,0.006181720545430136
180,Linxiazhou,pm_only,recent24,joint,day1,0.12051799212949803
180,Linxiazhou,pm_only,recent24,pm,day3,0.17593840098460026
180,Linxiazhou,pm_only,recent24,weather,day3,-0.03534379183594796
180,Linxiazhou,pm_only,recent24,joint,day3,0.014188871047217761
180,Linxiazhou,pm_only,recent24,pm,full72,0.36068341067085263
180,Linxiazhou,pm_only,recent24,weather,full72,-0.02883873420968355
180,Linxiazhou,pm_only,recent24,joint,full72,0.06667119466779867
180,Linxiazhou,weather_only,recent24,pm,day1,0.05089050522262631
180,Linxiazhou,weather_only,recent24,weather,day1,0.3707416031854008
180,Linxiazhou,weather_only,recent24,joint,day1,0.36266268216567055
180,Linxiazhou,weather_only,recent24,pm,day3,0.0004423606105901526
180,Linxiazhou,weather_only,recent24,weather,day3,0.18213789503447372
180,Linxiazhou,weather_only,recent24,joint,day3,0.16899056424764106
180,Linxiazhou,weather_only,recent24,pm,full72,0.010422538105634526
180,Linxiazhou,weather_only,recent24,weather,full72,0.3198914449728612
180,Linxiazhou,weather_only,recent24,joint,full72,0.3024633516158379
180,Linxiazhou,joint,recent24,pm,day1,0.16159744789936195
180,Linxiazhou,joint,recent24,weather,day1,0.3445735731433933
180,Linxiazhou,joint,recent24,joint,day1,0.3762158845539711
180,Linxiazhou,joint,recent24,pm,day3,0.04907800226950056
180,Linxiazhou,joint,recent24,weather,day3,0.1559895044973761
180,Linxiazhou,joint,recent24,joint,day3,0.16022057355514338
180,Linxiazhou,joint,recent24,pm,full72,0.10971373542843385
180,Linxiazhou,joint,recent24,weather,full72,0.2835373383843346
180,Linxiazhou,joint,recent24,joint,full72,0.2995234243808561
180,Linxiazhou,pm_only,full72,pm,day1,0.3948967257241814
180,Linxiazhou,pm_only,full72,weather,day1,-0.026367240591810146
180,Linxiazhou,pm_only,full72,joint,day1,0.08018319654579914
180,Linxiazhou,pm_only,full72,pm,day3,0.20232010308002574
180,Linxiazhou,pm_only,full72,weather,day3,-0.05969529742382435
180,Linxiazhou,pm_only,full72,joint,day3,-0.0021728210432052607
180,Linxiazhou,pm_only,full72,pm,full72,0.36914580978645245
180,Linxiazhou,pm_only,full72,weather,full72,-0.07137117134279283
180,Linxiazhou,pm_only,full72,joint,full72,0.028831088707772172
180,Linxiazhou,weather_only,full72,pm,day1,-0.01615669603917401
180,Linxiazhou,weather_only,full72,weather,day1,0.3044482856120714
180,Linxiazhou,weather_only,full72,joint,day1,0.2795551193887798
180,Linxiazhou,weather_only,full72,pm,day3,-0.0400426900106725
180,Linxiazhou,weather_only,full72,weather,day3,0.20131274632818658
180,Linxiazhou,weather_only,full72,joint,day3,0.1800455940113985
180,Linxiazhou,weather_only,full72,pm,full72,-0.039121668780417194
180,Linxiazhou,weather_only,full72,weather,full72,0.307858411964603
180,Linxiazhou,weather_only,full72,joint,full72,0.27897950174487546
180,Linxiazhou,joint,full72,pm,day1,0.09101062375265592
180,Linxiazhou,joint,full72,weather,day1,0.2736934329233582
180,Linxiazhou,joint,full72,joint,day1,0.28718475879618965
180,Linxiazhou,joint,full72,pm,day3,0.025008430752107683
180,Linxiazhou,joint,full72,weather,day3,0.17314478678619669
180,Linxiazhou,joint,full72,joint,day3,0.17261212615303154
180,Linxiazhou,joint,full72,pm,full72,0.0663157875789469
180,Linxiazhou,joint,full72,weather,full72,0.2672151593037898
180,Linxiazhou,joint,full72,joint,full72,0.2722073285518321
181,Wuzhong,pm_only,recent24,pm,day1,0.30635269058817266
181,Wuzhong,pm_only,recent24,weather,day1,0.011342576835644208
181,Wuzhong,pm_only,recent24,joint,day1,0.08754943138735784
181,Wuzhong,pm_only,recent24,pm,day3,0.06755262938815734
181,Wuzhong,pm_only,recent24,weather,day3,-0.06755530088882522
181,Wuzhong,pm_only,recent24,joint,day3,-0.04504622476155619
181,Wuzhong,pm_only,recent24,pm,full72,0.24251419712854924
181,Wuzhong,pm_only,recent24,weather,full72,-0.04180429345107336
181,Wuzhong,pm_only,recent24,joint,full72,0.007630020407505102
181,Wuzhong,weather_only,recent24,pm,day1,0.022637758159439535
181,Wuzhong,weather_only,recent24,weather,day1,0.42778954844738704
181,Wuzhong,weather_only,recent24,joint,day1,0.40688748572187144
181,Wuzhong,weather_only,recent24,pm,day3,-0.07493734873433718
181,Wuzhong,weather_only,recent24,weather,day3,0.08511713277928318
181,Wuzhong,weather_only,recent24,joint,day3,0.056423142605785646
181,Wuzhong,weather_only,recent24,pm,full72,-0.04360380640095159
181,Wuzhong,weather_only,recent24,weather,full72,0.28006960751740184
181,Wuzhong,weather_only,recent24,joint,full72,0.25921762830440703
181,Wuzhong,joint,recent24,pm,day1,0.10052715563178889
181,Wuzhong,joint,recent24,weather,day1,0.3993386813346703
181,Wuzhong,joint,recent24,joint,day1,0.402632772158193
181,Wuzhong,joint,recent24,pm,day3,-0.06124705381176346
181,Wuzhong,joint,recent24,weather,day3,0.05703171375792844
181,Wuzhong,joint,recent24,joint,day3,0.03438563659640915
181,Wuzhong,joint,recent24,pm,full72,0.013755207438801858
181,Wuzhong,joint,recent24,weather,full72,0.24564242541060632
181,Wuzhong,joint,recent24,joint,full72,0.2384770616192654
181,Wuzhong,pm_only,full72,pm,day1,0.2330458197614549
181,Wuzhong,pm_only,full72,weather,day1,-0.051210644302661076
181,Wuzhong,pm_only,full72,joint,day1,0.008619612654903163
181,Wuzhong,pm_only,full72,pm,day3,0.11024945756236439
181,Wuzhong,pm_only,full72,weather,day3,-0.0770944167736042
181,Wuzhong,pm_only,full72,joint,day3,-0.04089150572287643
181,Wuzhong,pm_only,full72,pm,full72,0.22982857995714495
181,Wuzhong,pm_only,full72,weather,full72,-0.08776840144210035
181,Wuzhong,pm_only,full72,joint,full72,-0.04124477231119308
181,Wuzhong,weather_only,full72,pm,day1,-0.005303671325917831
181,Wuzhong,weather_only,full72,weather,day1,0.27219059304764825
181,Wuzhong,weather_only,full72,joint,day1,0.2542221260555315
181,Wuzhong,weather_only,full72,pm,day3,-0.08592751098187773
181,Wuzhong,weather_only,full72,weather,day3,0.06401340700335174
181,Wuzhong,weather_only,full72,joint,day3,0.034348303087075774
181,Wuzhong,weather_only,full72,pm,full72,-0.07388854097213525
181,Wuzhong,weather_only,full72,weather,full72,0.1939958254989564
181,Wuzhong,weather_only,full72,joint,full72,0.17253237263309315
181,Wuzhong,joint,full72,pm,day1,0.046449382112345526
181,Wuzhong,joint,full72,weather,day1,0.24935024183756044
181,Wuzhong,joint,full72,joint,day1,0.24615848703962173
181,Wuzhong,joint,full72,pm,day3,-0.058432892608223146
181,Wuzhong,joint,full72,weather,day3,0.04619705954926489
181,Wuzhong,joint,full72,joint,day3,0.026117997529499382
181,Wuzhong,joint,full72,pm,full72,-0.02117589529397382
181,Wuzhong,joint,full72,weather,full72,0.1676876624219156
181,Wuzhong,joint,full72,joint,full72,0.15774776593694148
182,Zhongwei,pm_only,recent24,pm,day1,0.21069788417447105
182,Zhongwei,pm_only,recent24,weather,day1,0.026046122011530504
182,Zhongwei,pm_only,recent24,joint,day1,0.06868581967145491
182,Zhongwei,pm_only,recent24,pm,day3,0.005694221923555481
182,Zhongwei,pm_only,recent24,weather,day3,-0.09695770373942593
182,Zhongwei,pm_only,recent24,joint,day3,-0.08720277530069381
182,Zhongwei,pm_only,recent24,pm,full72,0.1220519900129975
182,Zhongwei,pm_only,recent24,weather,full72,-0.049898901474725366
182,Zhongwei,pm_only,recent24,joint,full72,-0.020144228036057008
182,Zhongwei,weather_only,recent24,pm,day1,0.10635091608772901
182,Zhongwei,weather_only,recent24,weather,day1,0.41143023085755775
182,Zhongwei,weather_only,recent24,joint,day1,0.40254717013679253
182,Zhongwei,weather_only,recent24,pm,day3,-0.010922039730509934
182,Zhongwei,weather_only,recent24,weather,day3,0.10649019112254778
182,Zhongwei,weather_only,recent24,joint,day3,0.08854535663633915
182,Zhongwei,weather_only,recent24,pm,full72,0.05390320347580087
182,Zhongwei,weather_only,recent24,weather,full72,0.2817438704359676
182,Zhongwei,weather_only,recent24,joint,full72,0.27219018954754737
182,Zhongwei,joint,recent24,pm,day1,0.15408393852098465
182,Zhongwei,joint,recent24,weather,day1,0.386467736116934
182,Zhongwei,joint,recent24,joint,day1,0.3914525658631415
182,Zhongwei,joint,recent24,pm,day3,-0.012393814598453649
182,Zhongwei,joint,recent24,weather,day3,0.07703383925845982
182,Zhongwei,joint,recent24,joint,day3,0.062265815066453754
182,Zhongwei,joint,recent24,pm,full72,0.08257227714306929
182,Zhongwei,joint,recent24,weather,full72,0.25151067587766895
182,Zhongwei,joint,recent24,joint,full72,0.25103512025878005
182,Zhongwei,pm_only,full72,pm,day1,0.11787204846801211
182,Zhongwei,pm_only,full72,weather,day1,-0.04076755469188867
182,Zhongwei,pm_only,full72,joint,day1,-0.00867294516823629
182,Zhongwei,pm_only,full72,pm,day3,0.02185565196391299
182,Zhongwei,pm_only,full72,weather,day3,-0.03467054966763741
182,Zhongwei,pm_only,full72,joint,day3,-0.027197630299407572
182,Zhongwei,pm_only,full72,pm,full72,0.07665878216469554
182,Zhongwei,pm_only,full72,weather,full72,-0.04300533025133256
182,Zhongwei,pm_only,full72,joint,full72,-0.019098139774534943
182,Zhongwei,weather_only,full72,pm,day1,0.08051418512854627
182,Zhongwei,weather_only,full72,weather,day1,0.2703596235899059
182,Zhongwei,weather_only,full72,joint,day1,0.2654459883614971
182,Zhongwei,weather_only,full72,pm,day3,-0.01753299588324897
182,Zhongwei,weather_only,full72,weather,day3,0.0832855528213882
182,Zhongwei,weather_only,full72,joint,day3,0.06963868590967147
182,Zhongwei,weather_only,full72,pm,full72,0.02776941244235311
182,Zhongwei,weather_only,full72,weather,full72,0.19681268520317127
182,Zhongwei,weather_only,full72,joint,full72,0.1885875936468984
182,Zhongwei,joint,full72,pm,day1,0.1036337104084276
182,Zhongwei,joint,full72,weather,day1,0.24455401163850293
182,Zhongwei,joint,full72,joint,day1,0.247897687974422
182,Zhongwei,joint,full72,pm,day3,-0.015015363753840938
182,Zhongwei,joint,full72,weather,day3,0.07308983277245817
182,Zhongwei,joint,full72,joint,day3,0.06070754267688566
182,Zhongwei,joint,full72,pm,full72,0.041042998260749565
182,Zhongwei,joint,full72,weather,full72,0.17581389645347412
182,Zhongwei,joint,full72,joint,full72,0.17281539270384816
183,Guyuan,pm_only,recent24,pm,day1,0.2905005381251345
183,Guyuan,pm_only,recent24,weather,day1,0.09070923767730942
183,Guyuan,pm_only,recent24,joint,day1,0.1477176744294186
183,Guyuan,pm_only,recent24,pm,day3,0.008205900551475138
183,Guyuan,pm_only,recent24,weather,day3,0.007938634984658747
183,Guyuan,pm_only,recent24,joint,day3,0.01309983627495907
183,Guyuan,pm_only,recent24,pm,full72,0.16995097698774425
183,Guyuan,pm_only,recent24,weather,full72,0.05965033941258485
183,Guyuan,pm_only,recent24,joint,full72,0.08931118032779509
183,Guyuan,weather_only,recent24,pm,day1,0.22033649208412298
183,Guyuan,weather_only,recent24,weather,day1,0.4129631532407883
183,Guyuan,weather_only,recent24,joint,day1,0.4243234375808594
183,Guyuan,weather_only,recent24,pm,day3,0.022763563190890797
183,Guyuan,weather_only,recent24,weather,day3,0.0850048352512088
183,Guyuan,weather_only,recent24,joint,day3,0.08396327099081774
183,Guyuan,weather_only,recent24,pm,full72,0.14733539033384757
183,Guyuan,weather_only,recent24,weather,full72,0.2799632739908185
183,Guyuan,weather_only,recent24,joint,full72,0.28205343001335753
183,Guyuan,joint,recent24,pm,day1,0.27322572380643095
183,Guyuan,joint,recent24,weather,day1,0.40030811957702983
183,Guyuan,joint,recent24,joint,day1,0.4258448264612066
183,Guyuan,joint,recent24,pm,day3,0.020486021121505278
183,Guyuan,joint,recent24,weather,day3,0.07926929581732395
183,Guyuan,joint,recent24,joint,day3,0.07899090474772617
183,Guyuan,joint,recent24,pm,full72,0.17686858571714642
183,Guyuan,joint,recent24,weather,full72,0.27249225212306305
183,Guyuan,joint,recent24,joint,full72,0.28172741843185456
183,Guyuan,pm_only,full72,pm,day1,0.1615849783962446
183,Guyuan,pm_only,full72,weather,day1,0.05816007704001926
183,Guyuan,pm_only,full72,joint,day1,0.08963287490821871
183,Guyuan,pm_only,full72,pm,day3,0.016044184011046
183,Guyuan,pm_only,full72,weather,day3,-0.004604219651054913
183,Guyuan,pm_only,full72,joint,day3,-0.0019023484755871188
183,Guyuan,pm_only,full72,pm,full72,0.09919324729831182
183,Guyuan,pm_only,full72,weather,full72,0.02412962253240563
183,Guyuan,pm_only,full72,joint,full72,0.0408464352116088
183,Guyuan,weather_only,full72,pm,day1,0.14776926544231636
183,Guyuan,weather_only,full72,weather,day1,0.26107418026854506
183,Guyuan,weather_only,full72,joint,day1,0.26338684334671086
183,Guyuan,weather_only,full72,pm,day3,0.037641016910254226
183,Guyuan,weather_only,full72,weather,day3,0.051196443799110945
183,Guyuan,weather_only,full72,joint,day3,0.05774956143739035
183,Guyuan,weather_only,full72,pm,full72,0.10630769357692339
183,Guyuan,weather_only,full72,weather,full72,0.170319728079932
183,Guyuan,weather_only,full72,joint,full72,0.17392214698053673
183,Guyuan,joint,full72,pm,day1,0.16846314611578653
183,Guyuan,joint,full72,weather,day1,0.25198484699621176
183,Guyuan,joint,full72,joint,day1,0.26072424818106205
183,Guyuan,joint,full72,pm,day3,0.035423569355892345
183,Guyuan,joint,full72,weather,day3,0.04446186061546515
183,Guyuan,joint,full72,joint,day3,0.0507954231988558
183,Guyuan,joint,full72,pm,full72,0.1157932384483096
183,Guyuan,joint,full72,weather,full72,0.159928047982012
183,Guyuan,joint,full72,joint,full72,0.16609287102321774
