source,target,distance_km,lead_hour,wind_regime,n,partial_r_source_to_target_given_target_now
9,0,63.83821400249894,3,downwind,4268,0.22623632394463505
9,0,63.83821400249894,3,crosswind,3915,-0.03948088314001453
9,0,63.83821400249894,3,upwind,3364,-0.11555947650649097
9,0,63.83821400249894,6,downwind,4262,0.18246171337315997
9,0,63.83821400249894,6,crosswind,3915,0.012930071515218959
9,0,63.83821400249894,6,upwind,3359,-0.10748841498902015
9,0,63.83821400249894,12,downwind,4261,0.11642134131000446
9,0,63.83821400249894,12,crosswind,3904,0.04513671973436217
9,0,63.83821400249894,12,upwind,3363,-0.11307925617547203
9,0,63.83821400249894,24,downwind,4257,0.05204473678288054
9,0,63.83821400249894,24,crosswind,3900,0.07435786616897225
9,0,63.83821400249894,24,upwind,3356,-0.0803495344657996
1,0,133.6604390359073,3,downwind,4239,0.16346410390909832
1,0,133.6604390359073,3,crosswind,4279,-0.01878687001627369
1,0,133.6604390359073,3,upwind,3039,-0.13973311116351528
1,0,133.6604390359073,6,downwind,4238,0.1927223614352439
1,0,133.6604390359073,6,crosswind,4272,0.013434871232475665
1,0,133.6604390359073,6,upwind,3036,-0.10220561345226675
1,0,133.6604390359073,12,downwind,4238,0.13215238508363333
1,0,133.6604390359073,12,crosswind,4261,0.046790435595290336
1,0,133.6604390359073,12,upwind,3039,-0.07603437470952408
1,0,133.6604390359073,24,downwind,4229,0.014407058277293616
1,0,133.6604390359073,24,crosswind,4263,0.061492534096712105
1,0,133.6604390359073,24,upwind,3031,-0.020402145100391327
6,0,151.85666506592253,3,downwind,5583,0.04450435260275701
6,0,151.85666506592253,3,crosswind,2049,0.04520942208096675
6,0,151.85666506592253,3,upwind,3924,-0.050540659202239394
6,0,151.85666506592253,6,downwind,5574,0.063781535150508
6,0,151.85666506592253,6,crosswind,2050,0.08545134616238019
6,0,151.85666506592253,6,upwind,3921,-0.03128467983347293
6,0,151.85666506592253,12,downwind,5569,0.09123941382348534
6,0,151.85666506592253,12,crosswind,2045,0.09542738944966202
6,0,151.85666506592253,12,upwind,3923,0.007312032423305617
6,0,151.85666506592253,24,downwind,5566,0.10749150043321322
6,0,151.85666506592253,24,crosswind,2047,0.11605339695232665
6,0,151.85666506592253,24,upwind,3909,0.06210225791604246
7,0,152.13899420222296,3,downwind,5890,0.18876202227020844
7,0,152.13899420222296,3,crosswind,1552,0.08550054879395831
7,0,152.13899420222296,3,upwind,4114,0.02608656434452702
7,0,152.13899420222296,6,downwind,5884,0.1994562338435064
7,0,152.13899420222296,6,crosswind,1551,0.11359767583292654
7,0,152.13899420222296,6,upwind,4110,0.03203803355299379
7,0,152.13899420222296,12,downwind,5883,0.14304477225413792
7,0,152.13899420222296,12,crosswind,1547,0.09633468104194212
7,0,152.13899420222296,12,upwind,4107,0.034629244176101186
7,0,152.13899420222296,24,downwind,5874,0.07701892851997479
7,0,152.13899420222296,24,crosswind,1546,-0.09223820376436377
7,0,152.13899420222296,24,upwind,4102,-0.04942601282267437
3,0,158.74974074982836,3,downwind,3521,0.09090389515587746
3,0,158.74974074982836,3,crosswind,3827,-0.041626389944481854
3,0,158.74974074982836,3,upwind,4209,-0.13811182975352196
3,0,158.74974074982836,6,downwind,3516,0.13859189811752406
3,0,158.74974074982836,6,crosswind,3827,-0.030085752951431316
3,0,158.74974074982836,6,upwind,4203,-0.10959581098791873
3,0,158.74974074982836,12,downwind,3519,0.14032737613358287
3,0,158.74974074982836,12,crosswind,3821,-0.009478801383283164
3,0,158.74974074982836,12,upwind,4198,-0.07114751466770608
3,0,158.74974074982836,24,downwind,3510,0.08596490000870033
3,0,158.74974074982836,24,crosswind,3815,-0.01502554000825146
3,0,158.74974074982836,24,upwind,4198,-0.0338359564465441
9,1,72.208496751713,3,downwind,3119,0.4181243569115535
9,1,72.208496751713,3,crosswind,5161,0.2152815481475847
9,1,72.208496751713,3,upwind,3371,-0.004000197130648651
9,1,72.208496751713,6,downwind,3121,0.32810077543516875
9,1,72.208496751713,6,crosswind,5160,0.2471776406851959
9,1,72.208496751713,6,upwind,3369,0.018260200352520135
9,1,72.208496751713,12,downwind,3120,0.14693725393843687
9,1,72.208496751713,12,crosswind,5157,0.2060157799014579
9,1,72.208496751713,12,upwind,3368,0.05297743421973166
9,1,72.208496751713,24,downwind,3114,0.0192159271172784
9,1,72.208496751713,24,crosswind,5159,0.14337086743479868
9,1,72.208496751713,24,upwind,3364,0.07745069372501016
10,1,93.31029278431775,3,downwind,5481,0.20984078639985881
10,1,93.31029278431775,3,crosswind,2651,0.05104883789035064
10,1,93.31029278431775,3,upwind,3525,-0.054128820197454526
10,1,93.31029278431775,6,downwind,5481,0.20521847522814035
10,1,93.31029278431775,6,crosswind,2651,0.058855324176737965
10,1,93.31029278431775,6,upwind,3524,-0.054076728480128865
10,1,93.31029278431775,12,downwind,5479,0.1418655771549142
10,1,93.31029278431775,12,crosswind,2649,0.045647239371488284
10,1,93.31029278431775,12,upwind,3523,-0.03795734294461188
10,1,93.31029278431775,24,downwind,5481,0.07053121966835052
10,1,93.31029278431775,24,crosswind,2643,0.026149124309292733
10,1,93.31029278431775,24,upwind,3519,-0.006102195983874551
3,1,97.23486515706671,3,downwind,3132,0.2732543474420366
3,1,97.23486515706671,3,crosswind,3563,0.09224795267080137
3,1,97.23486515706671,3,upwind,4966,0.03688648347075742
3,1,97.23486515706671,6,downwind,3131,0.27190241307282764
3,1,97.23486515706671,6,crosswind,3561,0.09161748993650112
3,1,97.23486515706671,6,upwind,4968,0.05640657975553521
3,1,97.23486515706671,12,downwind,3129,0.17913671740977252
3,1,97.23486515706671,12,crosswind,3560,0.07456078147131719
3,1,97.23486515706671,12,upwind,4966,0.06197951615484481
3,1,97.23486515706671,24,downwind,3124,0.08585172206148012
3,1,97.23486515706671,24,crosswind,3558,0.048783708053834064
3,1,97.23486515706671,24,upwind,4965,0.08332930794681927
0,1,133.6604390359073,3,downwind,4018,0.4662435059916287
0,1,133.6604390359073,3,crosswind,2678,0.2444351004593803
0,1,133.6604390359073,3,upwind,4901,0.07524148683412635
0,1,133.6604390359073,6,downwind,4018,0.5212764220612515
0,1,133.6604390359073,6,crosswind,2678,0.29983214112629414
0,1,133.6604390359073,6,upwind,4900,0.10367597933486922
0,1,133.6604390359073,12,downwind,4017,0.34893333915461566
0,1,133.6604390359073,12,crosswind,2674,0.30059671578529656
0,1,133.6604390359073,12,upwind,4900,0.15985623242062869
0,1,133.6604390359073,24,downwind,4014,0.14631523505778715
0,1,133.6604390359073,24,crosswind,2674,0.1566206841421337
0,1,133.6604390359073,24,upwind,4895,0.12213657781818334
6,1,160.36129517897675,3,downwind,4159,0.27480829650956806
6,1,160.36129517897675,3,crosswind,3420,0.18977729618097766
6,1,160.36129517897675,3,upwind,4081,0.09669017919020059
6,1,160.36129517897675,6,downwind,4159,0.3082444614382118
6,1,160.36129517897675,6,crosswind,3420,0.21395574148008784
6,1,160.36129517897675,6,upwind,4080,0.10772375865348428
6,1,160.36129517897675,12,downwind,4155,0.26130420427850554
6,1,160.36129517897675,12,crosswind,3421,0.20953746127373046
6,1,160.36129517897675,12,upwind,4078,0.11575353546932517
6,1,160.36129517897675,24,downwind,4155,0.22259105220794442
6,1,160.36129517897675,24,crosswind,3416,0.2050784163295408
6,1,160.36129517897675,24,upwind,4075,0.14682069213189608
69,2,83.86106431330954,3,downwind,6169,0.2512695417252699
69,2,83.86106431330954,3,crosswind,1509,0.17850787789941464
69,2,83.86106431330954,3,upwind,3983,0.010061204509783693
69,2,83.86106431330954,6,downwind,6169,0.30339579664837185
69,2,83.86106431330954,6,crosswind,1508,0.2091316527672617
69,2,83.86106431330954,6,upwind,3983,0.02877186061154471
69,2,83.86106431330954,12,downwind,6166,0.2502590637080081
69,2,83.86106431330954,12,crosswind,1508,0.1588418613205025
69,2,83.86106431330954,12,upwind,3981,0.073009204479877
69,2,83.86106431330954,24,downwind,6169,0.08923115014607094
69,2,83.86106431330954,24,crosswind,1504,0.08201783647391599
69,2,83.86106431330954,24,upwind,3974,0.018673619633146354
12,2,106.36778474992234,3,downwind,5732,0.2562746215931448
12,2,106.36778474992234,3,crosswind,1631,0.1154649455771087
12,2,106.36778474992234,3,upwind,4297,0.002234467262055016
12,2,106.36778474992234,6,downwind,5733,0.23930313216905472
12,2,106.36778474992234,6,crosswind,1630,0.0897801922666861
12,2,106.36778474992234,6,upwind,4296,0.00358274290884242
12,2,106.36778474992234,12,downwind,5732,0.11374297986896446
12,2,106.36778474992234,12,crosswind,1629,0.031584106089709164
12,2,106.36778474992234,12,upwind,4293,-0.012588703559521791
12,2,106.36778474992234,24,downwind,5728,0.05656053450487277
12,2,106.36778474992234,24,crosswind,1628,0.046488179319830396
12,2,106.36778474992234,24,upwind,4290,-0.003633622263464335
11,2,108.66152302088751,3,downwind,3404,0.210630991465117
11,2,108.66152302088751,3,crosswind,6343,0.06731556395704848
11,2,108.66152302088751,3,upwind,1912,-0.07465918730839856
11,2,108.66152302088751,6,downwind,3403,0.1974204380191612
11,2,108.66152302088751,6,crosswind,6340,0.08263729792655643
11,2,108.66152302088751,6,upwind,1915,-0.053647774663581026
11,2,108.66152302088751,12,downwind,3401,0.07167878897578259
11,2,108.66152302088751,12,crosswind,6340,0.055089835612660266
11,2,108.66152302088751,12,upwind,1912,0.013736030041987592
11,2,108.66152302088751,24,downwind,3394,-0.007875849780686422
11,2,108.66152302088751,24,crosswind,6339,0.00862847306079672
11,2,108.66152302088751,24,upwind,1912,0.0016552288588903958
6,2,127.4385723658937,3,downwind,4018,0.2864984048611239
6,2,127.4385723658937,3,crosswind,2118,0.14990778240225808
6,2,127.4385723658937,3,upwind,5524,0.04773778390271064
6,2,127.4385723658937,6,downwind,4017,0.29335744819794257
6,2,127.4385723658937,6,crosswind,2118,0.14872217179804015
6,2,127.4385723658937,6,upwind,5524,0.0553353867601032
6,2,127.4385723658937,12,downwind,4016,0.23000210448874117
6,2,127.4385723658937,12,crosswind,2115,0.12566963218643926
6,2,127.4385723658937,12,upwind,5523,0.0835119871466485
6,2,127.4385723658937,24,downwind,4012,0.1217175260707862
6,2,127.4385723658937,24,crosswind,2114,0.10167733528929257
6,2,127.4385723658937,24,upwind,5520,0.08487259430517419
5,2,158.5488006722822,3,downwind,5628,0.1170142923048732
5,2,158.5488006722822,3,crosswind,1650,-0.005056740859202806
5,2,158.5488006722822,3,upwind,4383,-0.00459100693364991
5,2,158.5488006722822,6,downwind,5629,0.1333391196242414
5,2,158.5488006722822,6,crosswind,1649,-0.03266704511380821
5,2,158.5488006722822,6,upwind,4382,0.005143999467171142
5,2,158.5488006722822,12,downwind,5628,0.09722742028792977
5,2,158.5488006722822,12,crosswind,1648,-0.008349261622787716
5,2,158.5488006722822,12,upwind,4379,0.010796651328945283
5,2,158.5488006722822,24,downwind,5625,0.036336833201863344
5,2,158.5488006722822,24,crosswind,1648,0.004978048822513727
5,2,158.5488006722822,24,upwind,4374,0.027712662425316385
1,3,97.23486515706671,3,downwind,4828,0.2655877235340367
1,3,97.23486515706671,3,crosswind,3814,0.2339829017526453
1,3,97.23486515706671,3,upwind,3019,0.02814712349284855
1,3,97.23486515706671,6,downwind,4829,0.26665434067401866
1,3,97.23486515706671,6,crosswind,3813,0.22914650800978217
1,3,97.23486515706671,6,upwind,3018,0.04027209752011806
1,3,97.23486515706671,12,downwind,4826,0.12784194129365836
1,3,97.23486515706671,12,crosswind,3813,0.14779369276036128
1,3,97.23486515706671,12,upwind,3016,0.04068178020869281
1,3,97.23486515706671,24,downwind,4829,-0.03104200596401988
1,3,97.23486515706671,24,crosswind,3807,0.047708480419070234
1,3,97.23486515706671,24,upwind,3011,-0.05516907203125786
4,3,125.90054307398253,3,downwind,3293,0.1325669161693856
4,3,125.90054307398253,3,crosswind,2709,0.1109800561117515
4,3,125.90054307398253,3,upwind,5659,0.10433856707367983
4,3,125.90054307398253,6,downwind,3292,0.1101445946803339
4,3,125.90054307398253,6,crosswind,2710,0.1346171112154244
4,3,125.90054307398253,6,upwind,5658,0.08767585576632357
4,3,125.90054307398253,12,downwind,3290,0.06886532848894458
4,3,125.90054307398253,12,crosswind,2711,0.03639469679752949
4,3,125.90054307398253,12,upwind,5654,0.05504559373777787
4,3,125.90054307398253,24,downwind,3283,0.0004138457384626398
4,3,125.90054307398253,24,crosswind,2708,-0.0074180147681056526
4,3,125.90054307398253,24,upwind,5656,0.0007032557986304458
9,3,126.47618856325923,3,downwind,4111,0.3308450282682146
9,3,126.47618856325923,3,crosswind,4447,0.35428853434782437
9,3,126.47618856325923,3,upwind,3093,0.08531239112512062
9,3,126.47618856325923,6,downwind,4113,0.36833324988202615
9,3,126.47618856325923,6,crosswind,4445,0.39345695442517215
9,3,126.47618856325923,6,upwind,3092,0.10795809755227295
9,3,126.47618856325923,12,downwind,4110,0.25008530524536976
9,3,126.47618856325923,12,crosswind,4446,0.34315475508783194
9,3,126.47618856325923,12,upwind,3089,0.11113395324949675
9,3,126.47618856325923,24,downwind,4111,0.1058078600539154
9,3,126.47618856325923,24,crosswind,4439,0.18715281698647823
9,3,126.47618856325923,24,upwind,3087,0.08837484567991384
8,3,148.2762925445811,3,downwind,4742,0.2579861002838942
8,3,148.2762925445811,3,crosswind,2487,0.17011728322987768
8,3,148.2762925445811,3,upwind,4432,0.06901108279594022
8,3,148.2762925445811,6,downwind,4742,0.25767470298969664
8,3,148.2762925445811,6,crosswind,2486,0.2159637299128839
8,3,148.2762925445811,6,upwind,4432,0.10182070164799334
8,3,148.2762925445811,12,downwind,4740,0.1699834664414054
8,3,148.2762925445811,12,crosswind,2484,0.15926691599793044
8,3,148.2762925445811,12,upwind,4431,0.10695415328988707
8,3,148.2762925445811,24,downwind,4735,0.04469815112460775
8,3,148.2762925445811,24,crosswind,2483,0.001588717390477247
8,3,148.2762925445811,24,upwind,4429,0.03233473290828409
0,3,158.74974074982836,3,downwind,3128,0.4362707371083293
0,3,158.74974074982836,3,crosswind,4772,0.2873049623960575
0,3,158.74974074982836,3,upwind,3697,0.15673057724773956
0,3,158.74974074982836,6,downwind,3130,0.49927712145642916
0,3,158.74974074982836,6,crosswind,4771,0.3600349591338587
0,3,158.74974074982836,6,upwind,3695,0.2059195229609445
0,3,158.74974074982836,12,downwind,3129,0.39794667674668716
0,3,158.74974074982836,12,crosswind,4767,0.32993537526721234
0,3,158.74974074982836,12,upwind,3695,0.23240236295811403
0,3,158.74974074982836,24,downwind,3129,0.14461546030713504
0,3,158.74974074982836,24,crosswind,4762,0.15428177819887792
0,3,158.74974074982836,24,upwind,3692,0.13561614411671943
3,4,125.90054307398253,3,downwind,4803,0.21444915187647723
3,4,125.90054307398253,3,crosswind,3463,0.22547783152194747
3,4,125.90054307398253,3,upwind,3395,0.06623213022964836
3,4,125.90054307398253,6,downwind,4804,0.24269413886640614
3,4,125.90054307398253,6,crosswind,3462,0.25884999818952525
3,4,125.90054307398253,6,upwind,3394,0.08184190269340678
3,4,125.90054307398253,12,downwind,4802,0.19200643402802056
3,4,125.90054307398253,12,crosswind,3461,0.241205446288095
3,4,125.90054307398253,12,upwind,3392,0.05978749330687968
3,4,125.90054307398253,24,downwind,4801,0.0810958231910004
3,4,125.90054307398253,24,crosswind,3459,0.15857390862331291
3,4,125.90054307398253,24,upwind,3387,0.028976859131532036
52,4,139.0074558677861,3,downwind,3837,0.3164609192824684
52,4,139.0074558677861,3,crosswind,2013,0.20400601946851377
52,4,139.0074558677861,3,upwind,5811,0.017670498914293366
52,4,139.0074558677861,6,downwind,3835,0.3477740352466029
52,4,139.0074558677861,6,crosswind,2014,0.22231234755178847
52,4,139.0074558677861,6,upwind,5811,0.007947744554689861
52,4,139.0074558677861,12,downwind,3831,0.29344304041518876
52,4,139.0074558677861,12,crosswind,2014,0.1944730136975167
52,4,139.0074558677861,12,upwind,5810,-0.00276948086545004
52,4,139.0074558677861,24,downwind,3824,0.16721872420904327
52,4,139.0074558677861,24,crosswind,2012,0.0911109666738737
52,4,139.0074558677861,24,upwind,5811,-0.0006014156634571875
70,4,178.65137874263348,3,downwind,3859,0.3374304372982044
70,4,178.65137874263348,3,crosswind,2146,0.207151167068749
70,4,178.65137874263348,3,upwind,5655,0.05189837262490592
70,4,178.65137874263348,6,downwind,3858,0.38003266434221084
70,4,178.65137874263348,6,crosswind,2146,0.24412045728103554
70,4,178.65137874263348,6,upwind,5655,0.03512716765306373
70,4,178.65137874263348,12,downwind,3854,0.33627545832717876
70,4,178.65137874263348,12,crosswind,2146,0.21850215508185775
70,4,178.65137874263348,12,upwind,5654,0.011177797853722943
70,4,178.65137874263348,24,downwind,3848,0.18396611860637274
70,4,178.65137874263348,24,crosswind,2144,0.1238578763243366
70,4,178.65137874263348,24,upwind,5654,0.015592514366721084
8,4,182.34308753380412,3,downwind,5272,0.23553830332887737
8,4,182.34308753380412,3,crosswind,3931,0.07813997152313232
8,4,182.34308753380412,3,upwind,2458,0.0454784691798323
8,4,182.34308753380412,6,downwind,5271,0.26792834440653385
8,4,182.34308753380412,6,crosswind,3931,0.09508278215912709
8,4,182.34308753380412,6,upwind,2458,0.05859196068415863
8,4,182.34308753380412,12,downwind,5270,0.2316463575124792
8,4,182.34308753380412,12,crosswind,3927,0.1005638285242481
8,4,182.34308753380412,12,upwind,2458,0.07229243610929581
8,4,182.34308753380412,24,downwind,5266,0.10713741961656684
8,4,182.34308753380412,24,crosswind,3924,0.044384140150095085
8,4,182.34308753380412,24,upwind,2457,-0.010690428669453935
129,4,196.345225765203,3,downwind,4395,0.29931388767956163
129,4,196.345225765203,3,crosswind,2244,0.22033000262647576
129,4,196.345225765203,3,upwind,5022,0.02257399375695281
129,4,196.345225765203,6,downwind,4394,0.3619805487059086
129,4,196.345225765203,6,crosswind,2245,0.23486951984556384
129,4,196.345225765203,6,upwind,5021,0.02654693107806233
129,4,196.345225765203,12,downwind,4391,0.3392694137179359
129,4,196.345225765203,12,crosswind,2243,0.18342160104556238
129,4,196.345225765203,12,upwind,5021,0.013129987196126536
129,4,196.345225765203,24,downwind,4381,0.2023826716740932
129,4,196.345225765203,24,crosswind,2245,0.12242785832263695
129,4,196.345225765203,24,upwind,5021,-0.022209383590560818
12,5,52.18104100961623,3,downwind,4298,0.32203847020875176
12,5,52.18104100961623,3,crosswind,1630,0.21430712350866324
12,5,52.18104100961623,3,upwind,5732,0.09834431926679035
12,5,52.18104100961623,6,downwind,4297,0.24857539210539617
12,5,52.18104100961623,6,crosswind,1629,0.24449264939914606
12,5,52.18104100961623,6,upwind,5733,0.11302935973648442
12,5,52.18104100961623,12,downwind,4294,0.08709650687883273
12,5,52.18104100961623,12,crosswind,1628,0.20042161090120356
12,5,52.18104100961623,12,upwind,5732,0.09804053440486414
12,5,52.18104100961623,24,downwind,4291,-0.0013174959689842103
12,5,52.18104100961623,24,crosswind,1627,0.11888615526458955
12,5,52.18104100961623,24,upwind,5728,0.0589821894174246
75,5,59.333673401097435,3,downwind,5578,0.27002652348628886
75,5,59.333673401097435,3,crosswind,1466,0.23162738993610854
75,5,59.333673401097435,3,upwind,4613,0.028028633496315063
75,5,59.333673401097435,6,downwind,5577,0.2066400363419885
75,5,59.333673401097435,6,crosswind,1467,0.2833163712822985
75,5,59.333673401097435,6,upwind,4612,0.02463583930675441
75,5,59.333673401097435,12,downwind,5576,0.07129806054772035
75,5,59.333673401097435,12,crosswind,1467,0.21527547155785842
75,5,59.333673401097435,12,upwind,4608,0.003959760557035922
75,5,59.333673401097435,24,downwind,5575,0.018414002033201832
75,5,59.333673401097435,24,crosswind,1463,0.10916287249768519
75,5,59.333673401097435,24,upwind,4605,-0.014400479757537794
143,5,93.45999842717292,3,downwind,5632,0.18037951479037803
143,5,93.45999842717292,3,crosswind,1238,0.17647441487617216
143,5,93.45999842717292,3,upwind,4788,0.02081167384209222
143,5,93.45999842717292,6,downwind,5632,0.19027845491517703
143,5,93.45999842717292,6,crosswind,1239,0.23782540577964645
143,5,93.45999842717292,6,upwind,4786,0.04491089434066111
143,5,93.45999842717292,12,downwind,5630,0.1019243803465345
143,5,93.45999842717292,12,crosswind,1239,0.19682891729937518
143,5,93.45999842717292,12,upwind,4783,0.06801421646399282
143,5,93.45999842717292,24,downwind,5630,0.01704891030172535
143,5,93.45999842717292,24,crosswind,1234,0.07431169481911885
143,5,93.45999842717292,24,upwind,4780,0.035459820421845804
145,5,105.56623081431525,3,downwind,5645,0.18143161341950986
145,5,105.56623081431525,3,crosswind,2688,0.06503944701746138
145,5,105.56623081431525,3,upwind,3328,0.041919229821418956
145,5,105.56623081431525,6,downwind,5645,0.20514229690202693
145,5,105.56623081431525,6,crosswind,2689,0.08760896326711703
145,5,105.56623081431525,6,upwind,3326,0.054741773559621634
145,5,105.56623081431525,12,downwind,5642,0.15524779828449317
145,5,105.56623081431525,12,crosswind,2690,0.08522089408825131
145,5,105.56623081431525,12,upwind,3323,0.06413134207766685
145,5,105.56623081431525,24,downwind,5637,0.04379984360864507
145,5,105.56623081431525,24,crosswind,2689,0.009575972250704282
145,5,105.56623081431525,24,upwind,3321,-0.004508577224098984
55,5,132.40972160138804,3,downwind,3188,0.19464861802338532
55,5,132.40972160138804,3,crosswind,6931,0.08920429792555577
55,5,132.40972160138804,3,upwind,1509,-0.016838904491350302
55,5,132.40972160138804,6,downwind,3189,0.2109531306297133
55,5,132.40972160138804,6,crosswind,6928,0.11155467431504011
55,5,132.40972160138804,6,upwind,1510,0.017272361567891373
55,5,132.40972160138804,12,downwind,3187,0.1614176259515405
55,5,132.40972160138804,12,crosswind,6924,0.10084406175864577
55,5,132.40972160138804,12,upwind,1511,0.03171956027892612
55,5,132.40972160138804,24,downwind,3182,0.051094400798748045
55,5,132.40972160138804,24,crosswind,6924,0.051483630910395324
55,5,132.40972160138804,24,upwind,1508,0.0038936777570051343
11,6,126.91099249424225,3,downwind,5944,0.11565080850535168
11,6,126.91099249424225,3,crosswind,2564,0.03493287959275374
11,6,126.91099249424225,3,upwind,3150,0.01308941752760695
11,6,126.91099249424225,6,downwind,5942,0.14820378022555153
11,6,126.91099249424225,6,crosswind,2566,0.059198699109824254
11,6,126.91099249424225,6,upwind,3149,0.013663960557686056
11,6,126.91099249424225,12,downwind,5943,0.12626336774732663
11,6,126.91099249424225,12,crosswind,2564,0.047827409037629234
11,6,126.91099249424225,12,upwind,3145,-0.02932270608323918
11,6,126.91099249424225,24,downwind,5938,0.027616811961799832
11,6,126.91099249424225,24,crosswind,2564,-0.012874705281987439
11,6,126.91099249424225,24,upwind,3142,-0.018451677479586773
2,6,127.4385723658937,3,downwind,3823,0.22920669201325145
2,6,127.4385723658937,3,crosswind,4129,0.16945901961175924
2,6,127.4385723658937,3,upwind,3707,0.07381153675478572
2,6,127.4385723658937,6,downwind,3822,0.27486093220688645
2,6,127.4385723658937,6,crosswind,4129,0.18273391437961262
2,6,127.4385723658937,6,upwind,3707,0.08822390760957287
2,6,127.4385723658937,12,downwind,3822,0.2202861845275826
2,6,127.4385723658937,12,crosswind,4126,0.14612738506941733
2,6,127.4385723658937,12,upwind,3705,0.08068945424919582
2,6,127.4385723658937,24,downwind,3823,0.10351667036603349
2,6,127.4385723658937,24,crosswind,4123,0.11681617700591808
2,6,127.4385723658937,24,upwind,3699,0.054116483272873474
9,6,128.26290158414463,3,downwind,3397,0.31024971164092974
9,6,128.26290158414463,3,crosswind,3371,0.22291275353796092
9,6,128.26290158414463,3,upwind,4882,0.04831393896601583
9,6,128.26290158414463,6,downwind,3396,0.331925147277238
9,6,128.26290158414463,6,crosswind,3370,0.24143236662360185
9,6,128.26290158414463,6,upwind,4883,0.09439161770482557
9,6,128.26290158414463,12,downwind,3392,0.21248506073701795
9,6,128.26290158414463,12,crosswind,3371,0.17662267299565648
9,6,128.26290158414463,12,upwind,4881,0.10227928695049396
9,6,128.26290158414463,24,downwind,3390,0.021761302723722918
9,6,128.26290158414463,24,crosswind,3365,0.03363337587275303
9,6,128.26290158414463,24,upwind,4881,0.013689041780097127
10,6,135.64672527655662,3,downwind,3678,0.1821865923084114
10,6,135.64672527655662,3,crosswind,5556,0.0835234928700234
10,6,135.64672527655662,3,upwind,2421,-0.023559803694416105
10,6,135.64672527655662,6,downwind,3678,0.1936541597551043
10,6,135.64672527655662,6,crosswind,5554,0.10837746207409348
10,6,135.64672527655662,6,upwind,2422,-0.028827260745978012
10,6,135.64672527655662,12,downwind,3678,0.11549789763011073
10,6,135.64672527655662,12,crosswind,5549,0.10418891299247612
10,6,135.64672527655662,12,upwind,2422,-0.041996908217246776
10,6,135.64672527655662,24,downwind,3672,0.04017916553556157
10,6,135.64672527655662,24,crosswind,5551,-0.006872097476626606
10,6,135.64672527655662,24,upwind,2418,-0.09227591266716018
0,6,151.85666506592253,3,downwind,3894,0.3831415114245264
0,6,151.85666506592253,3,crosswind,3667,0.2577582023768986
0,6,151.85666506592253,3,upwind,4034,0.07713936506292135
0,6,151.85666506592253,6,downwind,3893,0.4751494238683241
0,6,151.85666506592253,6,crosswind,3667,0.3155610715236183
0,6,151.85666506592253,6,upwind,4034,0.11179569648559959
0,6,151.85666506592253,12,downwind,3888,0.3879919814629694
0,6,151.85666506592253,12,crosswind,3667,0.3007837744491294
0,6,151.85666506592253,12,upwind,4034,0.14442177888386196
0,6,151.85666506592253,24,downwind,3886,0.06973656213814701
0,6,151.85666506592253,24,crosswind,3666,0.13971021905047873
0,6,151.85666506592253,24,upwind,4029,0.0560425351773732
127,7,150.2725924913059,3,downwind,6902,0.22274156562615205
127,7,150.2725924913059,3,crosswind,3456,0.2214911636703955
127,7,150.2725924913059,3,upwind,1071,0.1190976744987265
127,7,150.2725924913059,6,downwind,6902,0.2703619369308874
127,7,150.2725924913059,6,crosswind,3455,0.2704049511705998
127,7,150.2725924913059,6,upwind,1071,0.17262897430240623
127,7,150.2725924913059,12,downwind,6897,0.2677552178585138
127,7,150.2725924913059,12,crosswind,3457,0.3329698796242358
127,7,150.2725924913059,12,upwind,1069,0.16854074436032443
127,7,150.2725924913059,24,downwind,6899,0.14984341253782898
127,7,150.2725924913059,24,crosswind,3450,0.2639554774709631
127,7,150.2725924913059,24,upwind,1067,0.10059375702079508
0,7,152.13899420222296,3,downwind,4299,0.11655914817895022
0,7,152.13899420222296,3,crosswind,3745,0.12845681794938568
0,7,152.13899420222296,3,upwind,3551,0.15307736833578564
0,7,152.13899420222296,6,downwind,4298,0.14693080778044104
0,7,152.13899420222296,6,crosswind,3744,0.16808356414782927
0,7,152.13899420222296,6,upwind,3552,0.16310067390733365
0,7,152.13899420222296,12,downwind,4299,0.14109062734974837
0,7,152.13899420222296,12,crosswind,3739,0.14502238363065081
0,7,152.13899420222296,12,upwind,3551,0.14513931218227782
0,7,152.13899420222296,24,downwind,4296,0.05984572599374694
0,7,152.13899420222296,24,crosswind,3738,0.11136644919487292
0,7,152.13899420222296,24,upwind,3547,0.09460293050098077
66,7,155.58444870255892,3,downwind,6230,0.16887994084587843
66,7,155.58444870255892,3,crosswind,3174,0.2111469569889053
66,7,155.58444870255892,3,upwind,2251,0.1106262014092413
66,7,155.58444870255892,6,downwind,6230,0.22877643766658318
66,7,155.58444870255892,6,crosswind,3174,0.2514509678675646
66,7,155.58444870255892,6,upwind,2250,0.1725195141171072
66,7,155.58444870255892,12,downwind,6226,0.26280767032183594
66,7,155.58444870255892,12,crosswind,3175,0.2848725237178271
66,7,155.58444870255892,12,upwind,2248,0.24069707110349436
66,7,155.58444870255892,24,downwind,6229,0.14954195296195483
66,7,155.58444870255892,24,crosswind,3168,0.2407731810579211
66,7,155.58444870255892,24,upwind,2244,0.1776230865410968
9,7,209.56259436444313,3,downwind,3329,0.06073068410875394
9,7,209.56259436444313,3,crosswind,5199,0.10981781455888125
9,7,209.56259436444313,3,upwind,3121,0.08351630695869425
9,7,209.56259436444313,6,downwind,3327,0.10547066894953443
9,7,209.56259436444313,6,crosswind,5198,0.12971551598006806
9,7,209.56259436444313,6,upwind,3123,0.0832404709572132
9,7,209.56259436444313,12,downwind,3326,0.1383255366328717
9,7,209.56259436444313,12,crosswind,5195,0.1268271648200593
9,7,209.56259436444313,12,upwind,3122,0.06265045598856919
9,7,209.56259436444313,24,downwind,3322,0.07404315452959984
9,7,209.56259436444313,24,crosswind,5197,0.11037197607525526
9,7,209.56259436444313,24,upwind,3116,0.05238557134155862
6,7,219.94682702716378,3,downwind,5058,0.07680977011639245
6,7,219.94682702716378,3,crosswind,3830,0.06331462422953216
6,7,219.94682702716378,3,upwind,2770,0.07081010678570729
6,7,219.94682702716378,6,downwind,5058,0.08360234678659197
6,7,219.94682702716378,6,crosswind,3830,0.08131331600097365
6,7,219.94682702716378,6,upwind,2769,0.050256766234703154
6,7,219.94682702716378,12,downwind,5058,0.09783643751548658
6,7,219.94682702716378,12,crosswind,3828,0.09389256217509061
6,7,219.94682702716378,12,upwind,2766,0.05511897223203803
6,7,219.94682702716378,24,downwind,5055,0.08451541350856409
6,7,219.94682702716378,24,crosswind,3825,0.1250111442695481
6,7,219.94682702716378,24,upwind,2764,0.12473385391404479
3,8,148.2762925445811,3,downwind,4369,0.11280468662806685
3,8,148.2762925445811,3,crosswind,4153,0.053497744400626955
3,8,148.2762925445811,3,upwind,3139,0.03277583629183058
3,8,148.2762925445811,6,downwind,4369,0.14733160752006375
3,8,148.2762925445811,6,crosswind,4154,0.05861018356295002
3,8,148.2762925445811,6,upwind,3137,0.059468579493973266
3,8,148.2762925445811,12,downwind,4366,0.13886001205113185
3,8,148.2762925445811,12,crosswind,4155,0.06838803818887919
3,8,148.2762925445811,12,upwind,3134,0.02405310883687138
3,8,148.2762925445811,24,downwind,4368,0.06969197482757146
3,8,148.2762925445811,24,crosswind,4149,0.09438497064254439
3,8,148.2762925445811,24,upwind,3130,0.013298229521283593
0,8,164.7554500922862,3,downwind,3306,0.27630300727101237
0,8,164.7554500922862,3,crosswind,4840,0.3635772631975099
0,8,164.7554500922862,3,upwind,3451,0.23327569159453862
0,8,164.7554500922862,6,downwind,3306,0.3153853010088518
0,8,164.7554500922862,6,crosswind,4841,0.3983120963913845
0,8,164.7554500922862,6,upwind,3449,0.3076855865518672
0,8,164.7554500922862,12,downwind,3304,0.24861256456805167
0,8,164.7554500922862,12,crosswind,4841,0.3600240900464065
0,8,164.7554500922862,12,upwind,3446,0.2954422999542088
0,8,164.7554500922862,24,downwind,3303,0.15318981720060393
0,8,164.7554500922862,24,crosswind,4837,0.26928620061758607
0,8,164.7554500922862,24,upwind,3443,0.19766507381569393
4,8,182.34308753380412,3,downwind,2271,0.018252291515789314
4,8,182.34308753380412,3,crosswind,5559,0.09023781214955609
4,8,182.34308753380412,3,upwind,3831,0.07221354647502655
4,8,182.34308753380412,6,downwind,2272,0.011036745961084973
4,8,182.34308753380412,6,crosswind,5556,0.09940707090898034
4,8,182.34308753380412,6,upwind,3832,0.09294724391214004
4,8,182.34308753380412,12,downwind,2272,-0.029816054853790304
4,8,182.34308753380412,12,crosswind,5554,0.09569385803283548
4,8,182.34308753380412,12,upwind,3829,0.08118246526208185
4,8,182.34308753380412,24,downwind,2269,-0.027318858149590175
4,8,182.34308753380412,24,crosswind,5548,0.09010708265511048
4,8,182.34308753380412,24,upwind,3830,0.041546006179459485
9,8,190.16374381838463,3,downwind,5229,0.1373873088179573
9,8,190.16374381838463,3,crosswind,2639,0.1397873604002829
9,8,190.16374381838463,3,upwind,3783,0.10502121648659617
9,8,190.16374381838463,6,downwind,5231,0.16481719932483796
9,8,190.16374381838463,6,crosswind,2637,0.15788313346152616
9,8,190.16374381838463,6,upwind,3782,0.12861123450273804
9,8,190.16374381838463,12,downwind,5229,0.18312850248457324
9,8,190.16374381838463,12,crosswind,2637,0.1453319612348435
9,8,190.16374381838463,12,upwind,3779,0.09597360186545317
9,8,190.16374381838463,24,downwind,5230,0.13670345249847374
9,8,190.16374381838463,24,crosswind,2634,0.14398731111109608
9,8,190.16374381838463,24,upwind,3773,0.08266082976521723
1,8,216.01029219500182,3,downwind,5328,0.09623586053301854
1,8,216.01029219500182,3,crosswind,3124,-0.006428874684842875
1,8,216.01029219500182,3,upwind,3209,0.04959979550552687
1,8,216.01029219500182,6,downwind,5326,0.12511120622216
1,8,216.01029219500182,6,crosswind,3126,-0.007001274697583176
1,8,216.01029219500182,6,upwind,3208,0.07517035855800072
1,8,216.01029219500182,12,downwind,5325,0.12184370609760484
1,8,216.01029219500182,12,crosswind,3124,0.0004365430066301053
1,8,216.01029219500182,12,upwind,3206,0.034106633515271816
1,8,216.01029219500182,24,downwind,5327,0.0789667160803838
1,8,216.01029219500182,24,crosswind,3119,0.007103887226209721
1,8,216.01029219500182,24,upwind,3201,0.007655592330652989
0,9,63.83821400249894,3,downwind,4210,0.4358323418490689
0,9,63.83821400249894,3,crosswind,2390,0.2321749885885773
0,9,63.83821400249894,3,upwind,4979,0.14077989071575597
0,9,63.83821400249894,6,downwind,4209,0.39951524630635377
0,9,63.83821400249894,6,crosswind,2390,0.28230448866683155
0,9,63.83821400249894,6,upwind,4978,0.15325922606009773
0,9,63.83821400249894,12,downwind,4206,0.27447918907306357
0,9,63.83821400249894,12,crosswind,2386,0.2474428153046729
0,9,63.83821400249894,12,upwind,4980,0.12354789072720186
0,9,63.83821400249894,24,downwind,4207,0.11030861665638587
0,9,63.83821400249894,24,crosswind,2385,0.06738385489651197
0,9,63.83821400249894,24,upwind,4972,0.038073813653953
1,9,72.208496751713,3,downwind,4025,0.31573381155133307
1,9,72.208496751713,3,crosswind,4496,0.09948197194561678
1,9,72.208496751713,3,upwind,3121,0.012350848085744943
1,9,72.208496751713,6,downwind,4027,0.3218969766920517
1,9,72.208496751713,6,crosswind,4490,0.10782333936865057
1,9,72.208496751713,6,upwind,3123,-0.01376635424711014
1,9,72.208496751713,12,downwind,4027,0.18669075803479046
1,9,72.208496751713,12,crosswind,4487,0.05320477105343144
1,9,72.208496751713,12,upwind,3122,-0.02770708264613291
1,9,72.208496751713,24,downwind,4021,0.006867603288161058
1,9,72.208496751713,24,crosswind,4490,-0.005747900036107715
1,9,72.208496751713,24,upwind,3116,0.004626286076807641
3,9,126.47618856325923,3,downwind,3444,0.2099903601225883
3,9,126.47618856325923,3,crosswind,3518,0.08710431502235354
3,9,126.47618856325923,3,upwind,4680,0.016367236191729778
3,9,126.47618856325923,6,downwind,3441,0.2498920579479972
3,9,126.47618856325923,6,crosswind,3517,0.061633246260840754
3,9,126.47618856325923,6,upwind,4682,0.012596814085054704
3,9,126.47618856325923,12,downwind,3437,0.19241653604556164
3,9,126.47618856325923,12,crosswind,3517,0.03239591932788931
3,9,126.47618856325923,12,upwind,4682,-0.0026176347740083515
3,9,126.47618856325923,24,downwind,3436,0.10475633055085748
3,9,126.47618856325923,24,crosswind,3516,0.010941995897004477
3,9,126.47618856325923,24,upwind,4675,-0.009125989847327296
6,9,128.26290158414463,3,downwind,5330,0.22639882301993752
6,9,128.26290158414463,3,crosswind,2206,0.1364275934067487
6,9,128.26290158414463,3,upwind,4106,0.022780602711180754
6,9,128.26290158414463,6,downwind,5328,0.20109112490693037
6,9,128.26290158414463,6,crosswind,2208,0.1607487746342836
6,9,128.26290158414463,6,upwind,4104,0.03486705507603046
6,9,128.26290158414463,12,downwind,5328,0.14789731470601322
6,9,128.26290158414463,12,crosswind,2204,0.1651014294877785
6,9,128.26290158414463,12,upwind,4104,0.053446564641321116
6,9,128.26290158414463,24,downwind,5323,0.13643839458416407
6,9,128.26290158414463,24,crosswind,2203,0.17976873279712316
6,9,128.26290158414463,24,upwind,4101,0.11423280302930895
10,9,135.25632670291017,3,downwind,5411,0.11517085634654509
10,9,135.25632670291017,3,crosswind,3243,0.11522928189066615
10,9,135.25632670291017,3,upwind,2984,-0.03532253201551098
10,9,135.25632670291017,6,downwind,5411,0.12763494053532443
10,9,135.25632670291017,6,crosswind,3242,0.10098369473808295
10,9,135.25632670291017,6,upwind,2983,-0.07109960821772329
10,9,135.25632670291017,12,downwind,5408,0.0964080665059226
10,9,135.25632670291017,12,crosswind,3244,0.07673505503293601
10,9,135.25632670291017,12,upwind,2980,-0.056937932075330926
10,9,135.25632670291017,24,downwind,5408,0.03636614638046985
10,9,135.25632670291017,24,crosswind,3238,0.030116093312776652
10,9,135.25632670291017,24,upwind,2977,-0.0006907752960090556
1,10,93.31029278431775,3,downwind,3228,0.3620112689530527
1,10,93.31029278431775,3,crosswind,3227,0.27147984485639765
1,10,93.31029278431775,3,upwind,5201,0.1221416574230522
1,10,93.31029278431775,6,downwind,3227,0.34456691318042965
1,10,93.31029278431775,6,crosswind,3227,0.28286659528895375
1,10,93.31029278431775,6,upwind,5201,0.15104303572098507
1,10,93.31029278431775,12,downwind,3225,0.20502060197901528
1,10,93.31029278431775,12,crosswind,3225,0.1828256075690162
1,10,93.31029278431775,12,upwind,5198,0.12776256078573325
1,10,93.31029278431775,24,downwind,3219,0.02924094499918904
1,10,93.31029278431775,24,crosswind,3221,0.04604488819760955
1,10,93.31029278431775,24,upwind,5199,0.049250834060040376
11,10,122.44966716798783,3,downwind,4720,0.2646408705990507
11,10,122.44966716798783,3,crosswind,3079,0.1614280357314623
11,10,122.44966716798783,3,upwind,3856,-0.005299859765231262
11,10,122.44966716798783,6,downwind,4720,0.25058457378615573
11,10,122.44966716798783,6,crosswind,3079,0.1951699144550741
11,10,122.44966716798783,6,upwind,3855,-0.012771603741818844
11,10,122.44966716798783,12,downwind,4720,0.15227557527128044
11,10,122.44966716798783,12,crosswind,3075,0.15835376534130857
11,10,122.44966716798783,12,upwind,3852,-0.015325847903124497
11,10,122.44966716798783,24,downwind,4723,0.04486229989093488
11,10,122.44966716798783,24,crosswind,3066,0.08778427532764191
11,10,122.44966716798783,24,upwind,3848,0.029753539132122534
9,10,135.25632670291017,3,downwind,3624,0.42414645151880326
9,10,135.25632670291017,3,crosswind,2844,0.17741396806165513
9,10,135.25632670291017,3,upwind,5178,0.10340679794384514
9,10,135.25632670291017,6,downwind,3623,0.4555012224795041
9,10,135.25632670291017,6,crosswind,2846,0.20621920630119633
9,10,135.25632670291017,6,upwind,5176,0.1439175048537573
9,10,135.25632670291017,12,downwind,3622,0.3158142976047829
9,10,135.25632670291017,12,crosswind,2842,0.16551287168108875
9,10,135.25632670291017,12,upwind,5174,0.16731059672252385
9,10,135.25632670291017,24,downwind,3618,0.10676835334803236
9,10,135.25632670291017,24,crosswind,2841,0.07673275162194469
9,10,135.25632670291017,24,upwind,5170,0.13578518992815558
6,10,135.64672527655662,3,downwind,2149,0.34913910750782085
6,10,135.64672527655662,3,crosswind,6359,0.20127642126814707
6,10,135.64672527655662,3,upwind,3147,0.1427626946746095
6,10,135.64672527655662,6,downwind,2150,0.3834418381517327
6,10,135.64672527655662,6,crosswind,6357,0.23276516416646809
6,10,135.64672527655662,6,upwind,3147,0.1405317793068354
6,10,135.64672527655662,12,downwind,2146,0.28162074551783317
6,10,135.64672527655662,12,crosswind,6356,0.2356168147810154
6,10,135.64672527655662,12,upwind,3145,0.14288793654678125
6,10,135.64672527655662,24,downwind,2145,0.22927771100901412
6,10,135.64672527655662,24,crosswind,6351,0.22496187757167338
6,10,135.64672527655662,24,upwind,3142,0.16610266705190443
56,10,143.52270989395478,3,downwind,4148,0.2202407665729654
56,10,143.52270989395478,3,crosswind,4634,0.10661863988571582
56,10,143.52270989395478,3,upwind,2864,0.0018484830134412153
56,10,143.52270989395478,6,downwind,4148,0.2669907707295475
56,10,143.52270989395478,6,crosswind,4632,0.1341446782520733
56,10,143.52270989395478,6,upwind,2865,0.02399075198831185
56,10,143.52270989395478,12,downwind,4145,0.21003425107495657
56,10,143.52270989395478,12,crosswind,4629,0.14211544171802812
56,10,143.52270989395478,12,upwind,2864,0.023102946403383045
56,10,143.52270989395478,24,downwind,4141,0.08963607519969422
56,10,143.52270989395478,24,crosswind,4627,0.08563332888372806
56,10,143.52270989395478,24,upwind,2861,0.0019901598293487486
2,11,108.66152302088751,3,downwind,3397,0.3141062777272818
2,11,108.66152302088751,3,crosswind,4488,0.18449716772646604
2,11,108.66152302088751,3,upwind,3773,0.10929917282402934
2,11,108.66152302088751,6,downwind,3397,0.358443628710856
2,11,108.66152302088751,6,crosswind,4487,0.20391090335357998
2,11,108.66152302088751,6,upwind,3772,0.1096769998441066
2,11,108.66152302088751,12,downwind,3392,0.30206300413176457
2,11,108.66152302088751,12,crosswind,4485,0.19380648113846694
2,11,108.66152302088751,12,upwind,3774,0.11060474086591654
2,11,108.66152302088751,24,downwind,3393,0.16211590819145957
2,11,108.66152302088751,24,crosswind,4483,0.1637136951095269
2,11,108.66152302088751,24,upwind,3767,0.12414241304743258
10,11,122.44966716798783,3,downwind,3789,0.3462482551941868
10,11,122.44966716798783,3,crosswind,2954,0.14427510401013607
10,11,122.44966716798783,3,upwind,4911,0.09238202779510145
10,11,122.44966716798783,6,downwind,3788,0.3435238232955449
10,11,122.44966716798783,6,crosswind,2952,0.14305326917495836
10,11,122.44966716798783,6,upwind,4912,0.09795312028027711
10,11,122.44966716798783,12,downwind,3786,0.25174616474816147
10,11,122.44966716798783,12,crosswind,2952,0.059653434274637
10,11,122.44966716798783,12,upwind,4909,0.10413091555491966
10,11,122.44966716798783,24,downwind,3781,0.07145980440549905
10,11,122.44966716798783,24,crosswind,2947,0.03224047642325712
10,11,122.44966716798783,24,upwind,4911,0.04383125573213223
6,11,126.91099249424225,3,downwind,3016,0.3733053057603775
6,11,126.91099249424225,3,crosswind,3389,0.2508013191371308
6,11,126.91099249424225,3,upwind,5253,0.1182194193982486
6,11,126.91099249424225,6,downwind,3015,0.3765365517457804
6,11,126.91099249424225,6,crosswind,3389,0.29177934586688214
6,11,126.91099249424225,6,upwind,5252,0.12659455496545258
6,11,126.91099249424225,12,downwind,3011,0.28730003718601876
6,11,126.91099249424225,12,crosswind,3388,0.2596666063324817
6,11,126.91099249424225,12,upwind,5252,0.1290362851509915
6,11,126.91099249424225,24,downwind,3009,0.194588390127476
6,11,126.91099249424225,24,crosswind,3384,0.2113025262184775
6,11,126.91099249424225,24,upwind,5250,0.15603573658164058
12,11,127.19987897017315,3,downwind,4271,0.276815991634566
12,11,127.19987897017315,3,crosswind,3096,0.27653377198724766
12,11,127.19987897017315,3,upwind,4291,0.09901964930377477
12,11,127.19987897017315,6,downwind,4270,0.3277973171877458
12,11,127.19987897017315,6,crosswind,3096,0.3083579093494004
12,11,127.19987897017315,6,upwind,4290,0.1023834201157749
12,11,127.19987897017315,12,downwind,4271,0.27820957981316835
12,11,127.19987897017315,12,crosswind,3093,0.2961349937408297
12,11,127.19987897017315,12,upwind,4287,0.08988794167361965
12,11,127.19987897017315,24,downwind,4272,0.15677188200723172
12,11,127.19987897017315,24,crosswind,3087,0.23886831091444014
12,11,127.19987897017315,24,upwind,4284,0.11995775502583791
55,11,145.62638212714683,3,downwind,6166,0.19242630533712732
55,11,145.62638212714683,3,crosswind,2079,0.039087666608615776
55,11,145.62638212714683,3,upwind,3381,0.015818371283858348
55,11,145.62638212714683,6,downwind,6165,0.2197354521035856
55,11,145.62638212714683,6,crosswind,2081,0.100880040385473
55,11,145.62638212714683,6,upwind,3378,0.05733736170970008
55,11,145.62638212714683,12,downwind,6163,0.18819942197675732
55,11,145.62638212714683,12,crosswind,2081,0.15352776176181157
55,11,145.62638212714683,12,upwind,3375,0.08534834921834976
55,11,145.62638212714683,24,downwind,6159,0.1080871471556739
55,11,145.62638212714683,24,crosswind,2080,0.12815248793158818
55,11,145.62638212714683,24,upwind,3372,0.09214653357892619
5,12,52.18104100961623,3,downwind,5625,0.19876841434383372
5,12,52.18104100961623,3,crosswind,1652,-0.0006754689605741436
5,12,52.18104100961623,3,upwind,4384,0.08231508508755872
5,12,52.18104100961623,6,downwind,5625,0.17717498088304362
5,12,52.18104100961623,6,crosswind,1651,-0.002428542998154876
5,12,52.18104100961623,6,upwind,4383,0.08891220780124075
5,12,52.18104100961623,12,downwind,5626,0.12804347607028493
5,12,52.18104100961623,12,crosswind,1650,0.04804487118698094
5,12,52.18104100961623,12,upwind,4379,0.08649020321075016
5,12,52.18104100961623,24,downwind,5622,0.06548353493847649
5,12,52.18104100961623,24,crosswind,1649,0.03311416408121586
5,12,52.18104100961623,24,upwind,4376,0.08000399695570849
2,12,106.36778474992234,3,downwind,4072,0.3604327701727621
2,12,106.36778474992234,3,crosswind,2986,0.20426846408603497
2,12,106.36778474992234,3,upwind,4603,0.05877869557699832
2,12,106.36778474992234,6,downwind,4070,0.36106931458781183
2,12,106.36778474992234,6,crosswind,2987,0.25325987063361
2,12,106.36778474992234,6,upwind,4602,0.10947721452660589
2,12,106.36778474992234,12,downwind,4066,0.2685166162589657
2,12,106.36778474992234,12,crosswind,2985,0.2468902013807939
2,12,106.36778474992234,12,upwind,4604,0.16350891784319854
2,12,106.36778474992234,24,downwind,4063,0.1738793121813793
2,12,106.36778474992234,24,crosswind,2982,0.1570686330599526
2,12,106.36778474992234,24,upwind,4602,0.10745277230308255
75,12,110.82434755584207,3,downwind,5598,0.18132181842998885
75,12,110.82434755584207,3,crosswind,1457,0.11314703517550861
75,12,110.82434755584207,3,upwind,4603,0.056286943285541846
75,12,110.82434755584207,6,downwind,5597,0.18406162664309225
75,12,110.82434755584207,6,crosswind,1457,0.1223733829880565
75,12,110.82434755584207,6,upwind,4602,0.0780763616624525
75,12,110.82434755584207,12,downwind,5598,0.1411901054977521
75,12,110.82434755584207,12,crosswind,1457,0.09048603089006227
75,12,110.82434755584207,12,upwind,4597,0.1017282483076269
75,12,110.82434755584207,24,downwind,5595,0.07240291978956928
75,12,110.82434755584207,24,crosswind,1454,0.11714581713216078
75,12,110.82434755584207,24,upwind,4595,0.06200521692467695
69,12,120.57562975636775,3,downwind,4679,0.2410866015842815
69,12,120.57562975636775,3,crosswind,3760,0.1345174861983187
69,12,120.57562975636775,3,upwind,3222,0.023681798685995552
69,12,120.57562975636775,6,downwind,4679,0.298160224644819
69,12,120.57562975636775,6,crosswind,3759,0.16997842758488946
69,12,120.57562975636775,6,upwind,3221,0.027117620224873563
69,12,120.57562975636775,12,downwind,4677,0.2993247281219412
69,12,120.57562975636775,12,crosswind,3755,0.131709205654785
69,12,120.57562975636775,12,upwind,3223,0.058885535940813416
69,12,120.57562975636775,24,downwind,4677,0.14082064750796439
69,12,120.57562975636775,24,crosswind,3755,0.021977873597284488
69,12,120.57562975636775,24,upwind,3215,0.060501338943421676
11,12,127.19987897017315,3,downwind,3853,0.2867104036382269
11,12,127.19987897017315,3,crosswind,2840,0.015980137934334327
11,12,127.19987897017315,3,upwind,4967,0.06030645956944511
11,12,127.19987897017315,6,downwind,3852,0.3094265690379352
11,12,127.19987897017315,6,crosswind,2841,0.02722267049841629
11,12,127.19987897017315,6,upwind,4965,0.08844176078946775
11,12,127.19987897017315,12,downwind,3850,0.22614247967837411
11,12,127.19987897017315,12,crosswind,2836,0.047679494163311444
11,12,127.19987897017315,12,upwind,4968,0.10949540659851636
11,12,127.19987897017315,24,downwind,3846,0.09956898074427296
11,12,127.19987897017315,24,crosswind,2832,-0.029161452627776967
11,12,127.19987897017315,24,upwind,4968,0.05967369307683614
121,13,25.14477798086572,3,downwind,3967,0.07049957028909053
121,13,25.14477798086572,3,crosswind,4486,0.026513766895124864
121,13,25.14477798086572,3,upwind,3202,-0.027344392698305176
121,13,25.14477798086572,6,downwind,3967,0.05886267140432442
121,13,25.14477798086572,6,crosswind,4485,0.03592136049554112
121,13,25.14477798086572,6,upwind,3202,-0.01652753621525953
121,13,25.14477798086572,12,downwind,3963,0.010492816154088648
121,13,25.14477798086572,12,crosswind,4484,0.011804042402922772
121,13,25.14477798086572,12,upwind,3202,-0.05071269174139591
121,13,25.14477798086572,24,downwind,3960,-0.018998376243462973
121,13,25.14477798086572,24,crosswind,4482,-0.030104301819935862
121,13,25.14477798086572,24,upwind,3199,-0.054449808207098174
123,13,69.92474975072733,3,downwind,3073,0.13620995404568362
123,13,69.92474975072733,3,crosswind,4785,0.13667592391591085
123,13,69.92474975072733,3,upwind,3796,0.07650900771257892
123,13,69.92474975072733,6,downwind,3073,0.12962323759365327
123,13,69.92474975072733,6,crosswind,4783,0.15222691368144992
123,13,69.92474975072733,6,upwind,3797,0.12817000424361566
123,13,69.92474975072733,12,downwind,3072,0.11573303758897585
123,13,69.92474975072733,12,crosswind,4782,0.1321409817690154
123,13,69.92474975072733,12,upwind,3794,0.10934247597244526
123,13,69.92474975072733,24,downwind,3068,0.06602660923345777
123,13,69.92474975072733,24,crosswind,4780,0.10851015101726169
123,13,69.92474975072733,24,upwind,3792,0.04944431228240936
69,13,92.48142303466751,3,downwind,4039,0.16088775267270122
69,13,92.48142303466751,3,crosswind,1336,0.005130907769783637
69,13,92.48142303466751,3,upwind,6284,0.07467126919324776
69,13,92.48142303466751,6,downwind,4038,0.18083211334492522
69,13,92.48142303466751,6,crosswind,1336,-0.008033634896756162
69,13,92.48142303466751,6,upwind,6284,0.0736636890275744
69,13,92.48142303466751,12,downwind,4038,0.15454343200387344
69,13,92.48142303466751,12,crosswind,1335,0.021308676736012507
69,13,92.48142303466751,12,upwind,6280,0.03298268495011736
69,13,92.48142303466751,24,downwind,4029,0.05041321246591458
69,13,92.48142303466751,24,crosswind,1334,-0.011178432015884534
69,13,92.48142303466751,24,upwind,6282,0.014073845518599219
124,13,125.81051194014195,3,downwind,3635,0.11375578189809847
124,13,125.81051194014195,3,crosswind,5300,0.1562171603253675
124,13,125.81051194014195,3,upwind,2429,0.060311267375669116
124,13,125.81051194014195,6,downwind,3636,0.13082783999780914
124,13,125.81051194014195,6,crosswind,5299,0.1790019536889703
124,13,125.81051194014195,6,upwind,2428,0.1127948722488238
124,13,125.81051194014195,12,downwind,3635,0.10534556616472385
124,13,125.81051194014195,12,crosswind,5297,0.190527519685519
124,13,125.81051194014195,12,upwind,2426,0.11856037544170529
124,13,125.81051194014195,24,downwind,3634,0.06979576604298902
124,13,125.81051194014195,24,crosswind,5293,0.16091719870553622
124,13,125.81051194014195,24,upwind,2424,0.048143232937606174
120,13,166.46715909433107,3,downwind,2687,0.22047113997412354
120,13,166.46715909433107,3,crosswind,4763,0.18704995552992945
120,13,166.46715909433107,3,upwind,4203,0.06466926370355978
120,13,166.46715909433107,6,downwind,2687,0.24271926852277767
120,13,166.46715909433107,6,crosswind,4763,0.2130286450032501
120,13,166.46715909433107,6,upwind,4202,0.08829103078103145
120,13,166.46715909433107,12,downwind,2688,0.17431594795265623
120,13,166.46715909433107,12,crosswind,4760,0.21158364228760898
120,13,166.46715909433107,12,upwind,4199,0.10258941077235756
120,13,166.46715909433107,24,downwind,2685,0.13971959757963653
120,13,166.46715909433107,24,crosswind,4757,0.14023383570203565
120,13,166.46715909433107,24,upwind,4197,0.12380874637263614
127,14,124.67885910010824,3,downwind,1222,0.09800310646831666
127,14,124.67885910010824,3,crosswind,3332,0.07676163988103246
127,14,124.67885910010824,3,upwind,6872,0.04296119185389072
127,14,124.67885910010824,6,downwind,1222,0.10967391713113468
127,14,124.67885910010824,6,crosswind,3330,0.07199915751888292
127,14,124.67885910010824,6,upwind,6873,0.06003987552714167
127,14,124.67885910010824,12,downwind,1220,0.043638685790796786
127,14,124.67885910010824,12,crosswind,3330,0.07197887431346964
127,14,124.67885910010824,12,upwind,6870,0.029526804150916967
127,14,124.67885910010824,24,downwind,1217,0.015094911819357126
127,14,124.67885910010824,24,crosswind,3325,0.0069978085348774205
127,14,124.67885910010824,24,upwind,6871,-0.018225276836794594
50,14,149.5963205727849,3,downwind,4653,0.21829178863622073
50,14,149.5963205727849,3,crosswind,3756,0.17965873169817398
50,14,149.5963205727849,3,upwind,3246,0.13623682251828756
50,14,149.5963205727849,6,downwind,4654,0.20736816535297267
50,14,149.5963205727849,6,crosswind,3756,0.19426434601361964
50,14,149.5963205727849,6,upwind,3244,0.15210613794187153
50,14,149.5963205727849,12,downwind,4653,0.12482228636043731
50,14,149.5963205727849,12,crosswind,3755,0.21402954395550797
50,14,149.5963205727849,12,upwind,3241,0.16678731049491974
50,14,149.5963205727849,24,downwind,4645,0.009868026285127089
50,14,149.5963205727849,24,crosswind,3754,0.1450278226159726
50,14,149.5963205727849,24,upwind,3242,0.13425894459184307
66,14,160.02868066527833,3,downwind,2184,0.06183891268767605
66,14,160.02868066527833,3,crosswind,3927,0.045067976194367164
66,14,160.02868066527833,3,upwind,5540,-0.009218910298039508
66,14,160.02868066527833,6,downwind,2183,0.06846042220209585
66,14,160.02868066527833,6,crosswind,3926,0.06280084403274194
66,14,160.02868066527833,6,upwind,5541,0.007713663355892157
66,14,160.02868066527833,12,downwind,2181,0.0671301928663421
66,14,160.02868066527833,12,crosswind,3926,0.04819838512572795
66,14,160.02868066527833,12,upwind,5538,0.012531099692506096
66,14,160.02868066527833,24,downwind,2175,0.05775742694636718
66,14,160.02868066527833,24,crosswind,3926,0.009622944275289773
66,14,160.02868066527833,24,upwind,5536,-0.007943870056239729
120,14,175.17157763752772,3,downwind,3747,0.07527348902171797
120,14,175.17157763752772,3,crosswind,4068,0.0023518951274002697
120,14,175.17157763752772,3,upwind,3836,0.03351068931752775
120,14,175.17157763752772,6,downwind,3746,0.07954920586722801
120,14,175.17157763752772,6,crosswind,4068,0.029073457534117525
120,14,175.17157763752772,6,upwind,3835,0.026020304978920335
120,14,175.17157763752772,12,downwind,3743,0.07464947416140287
120,14,175.17157763752772,12,crosswind,4070,0.07088184686155657
120,14,175.17157763752772,12,upwind,3831,0.0008777425679279198
120,14,175.17157763752772,24,downwind,3741,0.08117411513885495
120,14,175.17157763752772,24,crosswind,4064,0.08626763176973248
120,14,175.17157763752772,24,upwind,3831,0.0017938120400621993
51,14,192.16829805137087,3,downwind,5380,0.1608592425490298
51,14,192.16829805137087,3,crosswind,4195,0.048758649624316294
51,14,192.16829805137087,3,upwind,2080,-0.028999509475116435
51,14,192.16829805137087,6,downwind,5381,0.19711096605400846
51,14,192.16829805137087,6,crosswind,4193,0.06691259455911316
51,14,192.16829805137087,6,upwind,2080,-0.04626579780977248
51,14,192.16829805137087,12,downwind,5381,0.1533231207305167
51,14,192.16829805137087,12,crosswind,4188,0.07581105918627636
51,14,192.16829805137087,12,upwind,2080,-0.054265718910087316
51,14,192.16829805137087,24,downwind,5380,0.04704539930686774
51,14,192.16829805137087,24,crosswind,4186,0.04198816527778895
51,14,192.16829805137087,24,upwind,2075,-0.032149684770791956
103,15,147.81798199231417,3,downwind,4574,0.20107211508898576
103,15,147.81798199231417,3,crosswind,3146,0.05304989770538699
103,15,147.81798199231417,3,upwind,3940,-0.01765347674226924
103,15,147.81798199231417,6,downwind,4575,0.20810323044090298
103,15,147.81798199231417,6,crosswind,3145,0.12097593940858886
103,15,147.81798199231417,6,upwind,3939,0.008660537438526293
103,15,147.81798199231417,12,downwind,4571,0.16886765560773329
103,15,147.81798199231417,12,crosswind,3145,0.12226906456622685
103,15,147.81798199231417,12,upwind,3938,0.04529235811042296
103,15,147.81798199231417,24,downwind,4573,0.11409070971740351
103,15,147.81798199231417,24,crosswind,3141,0.07971246465023439
103,15,147.81798199231417,24,upwind,3932,0.02803268594197532
59,15,163.10150865199793,3,downwind,4672,0.2393019557573146
59,15,163.10150865199793,3,crosswind,2653,0.0417611395499437
59,15,163.10150865199793,3,upwind,4334,-0.018891668093614814
59,15,163.10150865199793,6,downwind,4672,0.2792221973704534
59,15,163.10150865199793,6,crosswind,2653,0.07229626774725471
59,15,163.10150865199793,6,upwind,4333,0.013008287591166956
59,15,163.10150865199793,12,downwind,4670,0.23283812405327048
59,15,163.10150865199793,12,crosswind,2652,0.10518186441544448
59,15,163.10150865199793,12,upwind,4331,0.036793435218972756
59,15,163.10150865199793,24,downwind,4670,0.14553379617710452
59,15,163.10150865199793,24,crosswind,2652,0.11184954597579767
59,15,163.10150865199793,24,upwind,4323,0.02787130146534511
4,15,204.75278013267882,3,downwind,4110,0.31547232547972387
4,15,204.75278013267882,3,crosswind,5314,0.1512074563188324
4,15,204.75278013267882,3,upwind,2237,0.05550122208222109
4,15,204.75278013267882,6,downwind,4110,0.37782424833039235
4,15,204.75278013267882,6,crosswind,5312,0.18034502915764117
4,15,204.75278013267882,6,upwind,2238,0.04629527594106889
4,15,204.75278013267882,12,downwind,4108,0.35363436144104593
4,15,204.75278013267882,12,crosswind,5309,0.17872275565358325
4,15,204.75278013267882,12,upwind,2238,0.06271331221678614
4,15,204.75278013267882,24,downwind,4109,0.21902899251426336
4,15,204.75278013267882,24,crosswind,5303,0.10225594947055967
4,15,204.75278013267882,24,upwind,2235,0.024462428114271774
104,15,206.41481531466343,3,downwind,4965,0.16246280451636047
104,15,206.41481531466343,3,crosswind,2680,0.04650296983705038
104,15,206.41481531466343,3,upwind,3803,-0.01775855620133642
104,15,206.41481531466343,6,downwind,4965,0.18554912815320887
104,15,206.41481531466343,6,crosswind,2680,0.09616639350521484
104,15,206.41481531466343,6,upwind,3802,0.013285371743467193
104,15,206.41481531466343,12,downwind,4962,0.1705112797002641
104,15,206.41481531466343,12,crosswind,2680,0.1282486957532737
104,15,206.41481531466343,12,upwind,3800,0.023640987074674723
104,15,206.41481531466343,24,downwind,4965,0.11307311654558695
104,15,206.41481531466343,24,crosswind,2676,0.12356149104522739
104,15,206.41481531466343,24,upwind,3793,0.007595908492457535
52,15,208.30549573788826,3,downwind,4438,0.2791213212261616
52,15,208.30549573788826,3,crosswind,2712,0.1282482116107277
52,15,208.30549573788826,3,upwind,4511,0.03769856980548798
52,15,208.30549573788826,6,downwind,4437,0.3343607058897166
52,15,208.30549573788826,6,crosswind,2713,0.1946766913890928
52,15,208.30549573788826,6,upwind,4510,0.08094147742980297
52,15,208.30549573788826,12,downwind,4433,0.29591997598161823
52,15,208.30549573788826,12,crosswind,2712,0.2322503797664813
52,15,208.30549573788826,12,upwind,4510,0.09046026968927678
52,15,208.30549573788826,24,downwind,4424,0.19499402072427643
52,15,208.30549573788826,24,crosswind,2713,0.1440133922209282
52,15,208.30549573788826,24,upwind,4510,0.07959040474813317
108,16,37.8857778642674,3,downwind,2811,0.328011879966871
108,16,37.8857778642674,3,crosswind,3381,0.23320430725224867
108,16,37.8857778642674,3,upwind,5214,0.05582897638571763
108,16,37.8857778642674,6,downwind,2810,0.20695118342246066
108,16,37.8857778642674,6,crosswind,3381,0.15029962098414712
108,16,37.8857778642674,6,upwind,5214,0.04598417960965094
108,16,37.8857778642674,12,downwind,2807,0.09101762703845769
108,16,37.8857778642674,12,crosswind,3378,0.0657106702446408
108,16,37.8857778642674,12,upwind,5215,0.010385507894943977
108,16,37.8857778642674,24,downwind,2806,-0.007874513789561612
108,16,37.8857778642674,24,crosswind,3373,0.0018806357274600669
108,16,37.8857778642674,24,upwind,5213,0.006149977313215242
107,16,77.20816751197401,3,downwind,2173,0.35828784689950083
107,16,77.20816751197401,3,crosswind,3704,0.14532459707175688
107,16,77.20816751197401,3,upwind,5783,0.013693453337596731
107,16,77.20816751197401,6,downwind,2173,0.253496974465599
107,16,77.20816751197401,6,crosswind,3704,0.13547476481078263
107,16,77.20816751197401,6,upwind,5782,0.03560097875847949
107,16,77.20816751197401,12,downwind,2173,0.15164136933819022
107,16,77.20816751197401,12,crosswind,3702,0.11002773800527589
107,16,77.20816751197401,12,upwind,5779,0.04892392470203324
107,16,77.20816751197401,24,downwind,2171,0.08488753348625822
107,16,77.20816751197401,24,crosswind,3697,0.07216696180120602
107,16,77.20816751197401,24,upwind,5778,0.042692949379827
34,16,84.09895338993798,3,downwind,1743,0.3275505865491233
34,16,84.09895338993798,3,crosswind,4944,0.1157379002239422
34,16,84.09895338993798,3,upwind,4942,-0.04565922033259563
34,16,84.09895338993798,6,downwind,1743,0.2619185173268206
34,16,84.09895338993798,6,crosswind,4944,0.09669493530147691
34,16,84.09895338993798,6,upwind,4941,-0.002717515311643837
34,16,84.09895338993798,12,downwind,1743,0.1598435358692247
34,16,84.09895338993798,12,crosswind,4941,0.07726062860913865
34,16,84.09895338993798,12,upwind,4939,0.028000032706767364
34,16,84.09895338993798,24,downwind,1743,0.11813572815809048
34,16,84.09895338993798,24,crosswind,4937,0.04359100358659443
34,16,84.09895338993798,24,upwind,4935,0.060990060724257514
19,16,102.34438076536443,3,downwind,3217,0.5413065952545378
19,16,102.34438076536443,3,crosswind,3604,0.3414694799565049
19,16,102.34438076536443,3,upwind,4839,0.0595831237297679
19,16,102.34438076536443,6,downwind,3215,0.5002535145967512
19,16,102.34438076536443,6,crosswind,3605,0.33557979601678367
19,16,102.34438076536443,6,upwind,4839,0.05897766745076657
19,16,102.34438076536443,12,downwind,3211,0.30418179466013795
19,16,102.34438076536443,12,crosswind,3604,0.24917408640206026
19,16,102.34438076536443,12,upwind,4839,0.04371597798626281
19,16,102.34438076536443,24,downwind,3208,0.10983863456571537
19,16,102.34438076536443,24,crosswind,3600,0.1578476416724654
19,16,102.34438076536443,24,upwind,4838,0.05615518449237516
26,16,107.69856515283912,3,downwind,1895,0.16166946499502732
26,16,107.69856515283912,3,crosswind,4663,0.152221136131478
26,16,107.69856515283912,3,upwind,5103,0.1695739178882429
26,16,107.69856515283912,6,downwind,1896,0.21643580160659467
26,16,107.69856515283912,6,crosswind,4663,0.18032539320747482
26,16,107.69856515283912,6,upwind,5101,0.20630013747329515
26,16,107.69856515283912,12,downwind,1896,0.21479166541325143
26,16,107.69856515283912,12,crosswind,4659,0.14968679585594438
26,16,107.69856515283912,12,upwind,5100,0.19578534809989717
26,16,107.69856515283912,24,downwind,1896,0.14323057674305087
26,16,107.69856515283912,24,crosswind,4658,0.0891424735048399
26,16,107.69856515283912,24,upwind,5093,0.14783411117669357
109,17,36.550941119836935,3,downwind,5914,0.1852690322312997
109,17,36.550941119836935,3,crosswind,3195,0.06647225732607841
109,17,36.550941119836935,3,upwind,2362,0.008359013181331015
109,17,36.550941119836935,6,downwind,5911,0.11484502182645492
109,17,36.550941119836935,6,crosswind,3196,0.040637009642685906
109,17,36.550941119836935,6,upwind,2363,0.022537410822721805
109,17,36.550941119836935,12,downwind,5909,0.04317543512282724
109,17,36.550941119836935,12,crosswind,3194,-0.0019011529776201137
109,17,36.550941119836935,12,upwind,2362,0.020031801055838596
109,17,36.550941119836935,24,downwind,5905,0.021860545826989597
109,17,36.550941119836935,24,crosswind,3191,-0.04889732281742551
109,17,36.550941119836935,24,upwind,2361,-0.044203973042770565
72,17,45.70479115052507,3,downwind,2586,0.4058028471057388
72,17,45.70479115052507,3,crosswind,4150,0.2359739656252189
72,17,45.70479115052507,3,upwind,4925,0.0953628250569887
72,17,45.70479115052507,6,downwind,2587,0.33831713319829304
72,17,45.70479115052507,6,crosswind,4150,0.22048583138375685
72,17,45.70479115052507,6,upwind,4923,0.11070507815531201
72,17,45.70479115052507,12,downwind,2585,0.20634815208096027
72,17,45.70479115052507,12,crosswind,4151,0.20885241238482388
72,17,45.70479115052507,12,upwind,4919,0.0906502455700259
72,17,45.70479115052507,24,downwind,2585,0.13022860154857438
72,17,45.70479115052507,24,crosswind,4147,0.1293540792278415
72,17,45.70479115052507,24,upwind,4915,0.10322041515325907
136,17,51.36234780995425,3,downwind,2285,0.382367348328805
136,17,51.36234780995425,3,crosswind,3919,0.18612893876209807
136,17,51.36234780995425,3,upwind,5457,0.09729870899244523
136,17,51.36234780995425,6,downwind,2287,0.28097086360898493
136,17,51.36234780995425,6,crosswind,3918,0.1398855303687021
136,17,51.36234780995425,6,upwind,5455,0.11089620000234152
136,17,51.36234780995425,12,downwind,2286,0.14667671473820665
136,17,51.36234780995425,12,crosswind,3916,0.08461188456484021
136,17,51.36234780995425,12,upwind,5453,0.11467209496271061
136,17,51.36234780995425,24,downwind,2286,0.07073020380386241
136,17,51.36234780995425,24,crosswind,3912,0.022867107542865524
136,17,51.36234780995425,24,upwind,5449,0.07269620681791233
22,17,69.9206173960724,3,downwind,5278,0.33390957458928083
22,17,69.9206173960724,3,crosswind,4030,0.1612861732061514
22,17,69.9206173960724,3,upwind,2348,0.10093307622334716
22,17,69.9206173960724,6,downwind,5276,0.29516233953093257
22,17,69.9206173960724,6,crosswind,4029,0.15012151596380496
22,17,69.9206173960724,6,upwind,2350,0.06655576950784849
22,17,69.9206173960724,12,downwind,5272,0.17314868442377507
22,17,69.9206173960724,12,crosswind,4029,0.08948612798000134
22,17,69.9206173960724,12,upwind,2349,0.032494640463815255
22,17,69.9206173960724,24,downwind,5264,0.05119073584017645
22,17,69.9206173960724,24,crosswind,4027,0.01993643724910146
22,17,69.9206173960724,24,upwind,2351,-0.03391404104887563
18,17,70.5754488345397,3,downwind,6145,0.20793860665230846
18,17,70.5754488345397,3,crosswind,3130,0.19026505819754747
18,17,70.5754488345397,3,upwind,2386,0.18642854317423008
18,17,70.5754488345397,6,downwind,6142,0.26454855558714924
18,17,70.5754488345397,6,crosswind,3131,0.22592616695735418
18,17,70.5754488345397,6,upwind,2387,0.2563067563166109
18,17,70.5754488345397,12,downwind,6140,0.26309529986394703
18,17,70.5754488345397,12,crosswind,3129,0.1743602235270853
18,17,70.5754488345397,12,upwind,2386,0.24604799326824953
18,17,70.5754488345397,24,downwind,6135,0.17459073551478502
18,17,70.5754488345397,24,crosswind,3127,0.07520352450641603
18,17,70.5754488345397,24,upwind,2385,0.17581822746275036
25,18,19.54680049468751,3,downwind,3880,0.31600092251790446
25,18,19.54680049468751,3,crosswind,4073,0.20746033025924165
25,18,19.54680049468751,3,upwind,3712,0.1103301747546423
25,18,19.54680049468751,6,downwind,3878,0.2736839074911831
25,18,19.54680049468751,6,crosswind,4073,0.20653616160459268
25,18,19.54680049468751,6,upwind,3712,0.1323135892314264
25,18,19.54680049468751,12,downwind,3875,0.12514975641164172
25,18,19.54680049468751,12,crosswind,4071,0.1528226141915408
25,18,19.54680049468751,12,upwind,3713,0.14763791865295026
25,18,19.54680049468751,24,downwind,3870,-0.012077557271186765
25,18,19.54680049468751,24,crosswind,4068,0.04517828307197885
25,18,19.54680049468751,24,upwind,3713,0.10947766427393842
112,18,29.304813090999357,3,downwind,4209,0.09894348191511262
112,18,29.304813090999357,3,crosswind,4074,0.130757883551189
112,18,29.304813090999357,3,upwind,3378,0.25242931700281024
112,18,29.304813090999357,6,downwind,4209,0.11645460687286441
112,18,29.304813090999357,6,crosswind,4074,0.10915796466034842
112,18,29.304813090999357,6,upwind,3376,0.1632376827116076
112,18,29.304813090999357,12,downwind,4210,0.1182759909732708
112,18,29.304813090999357,12,crosswind,4071,0.04171476362716644
112,18,29.304813090999357,12,upwind,3374,0.051311797447906635
112,18,29.304813090999357,24,downwind,4210,0.10776878726454242
112,18,29.304813090999357,24,crosswind,4068,-0.001458013725292078
112,18,29.304813090999357,24,upwind,3369,-0.013927168249891927
109,18,35.786147449549,3,downwind,2360,0.22233344018984472
109,18,35.786147449549,3,crosswind,2911,0.13390082640670026
109,18,35.786147449549,3,upwind,6204,0.0823904184681995
109,18,35.786147449549,6,downwind,2361,0.21771222489013994
109,18,35.786147449549,6,crosswind,2910,0.10657161658276108
109,18,35.786147449549,6,upwind,6202,0.07992025956165145
109,18,35.786147449549,12,downwind,2361,0.11881872207368287
109,18,35.786147449549,12,crosswind,2908,0.08507613282279426
109,18,35.786147449549,12,upwind,6200,0.0739970410732675
109,18,35.786147449549,24,downwind,2360,-0.002197407882711923
109,18,35.786147449549,24,crosswind,2906,0.049134054118933165
109,18,35.786147449549,24,upwind,6195,0.02411227826379415
22,18,44.93774412113859,3,downwind,3416,0.28426265075475443
22,18,44.93774412113859,3,crosswind,3877,0.19357610484913834
22,18,44.93774412113859,3,upwind,4367,0.10485658030462759
22,18,44.93774412113859,6,downwind,3415,0.24467834492730828
22,18,44.93774412113859,6,crosswind,3876,0.2152230508174678
22,18,44.93774412113859,6,upwind,4367,0.12656381500787564
22,18,44.93774412113859,12,downwind,3413,0.12860666523084507
22,18,44.93774412113859,12,crosswind,3874,0.13807404060907302
22,18,44.93774412113859,12,upwind,4367,0.1441442426903971
22,18,44.93774412113859,24,downwind,3407,-0.028966437627286724
22,18,44.93774412113859,24,crosswind,3872,0.041245793416794956
22,18,44.93774412113859,24,upwind,4367,0.08299236549636849
24,18,46.456022183567576,3,downwind,5767,0.12355527018812176
24,18,46.456022183567576,3,crosswind,3260,0.2716023715368957
24,18,46.456022183567576,3,upwind,2637,0.3485576330085029
24,18,46.456022183567576,6,downwind,5767,0.11837363788695406
24,18,46.456022183567576,6,crosswind,3258,0.20222704516759474
24,18,46.456022183567576,6,upwind,2637,0.2343236211514059
24,18,46.456022183567576,12,downwind,5765,0.11632708392316458
24,18,46.456022183567576,12,crosswind,3256,0.10287188581259053
24,18,46.456022183567576,12,upwind,2637,0.05829911379678121
24,18,46.456022183567576,24,downwind,5765,0.07429957592570219
24,18,46.456022183567576,24,crosswind,3250,0.05758449032932372
24,18,46.456022183567576,24,upwind,2635,-0.06923499430976117
110,19,58.10089064561675,3,downwind,2210,0.3104010569563274
110,19,58.10089064561675,3,crosswind,3797,0.07279536152480293
110,19,58.10089064561675,3,upwind,5652,0.042416409150400916
110,19,58.10089064561675,6,downwind,2211,0.25352442552127374
110,19,58.10089064561675,6,crosswind,3795,0.10323237050651853
110,19,58.10089064561675,6,upwind,5652,0.07173222380036935
110,19,58.10089064561675,12,downwind,2210,0.12315987023420452
110,19,58.10089064561675,12,crosswind,3795,0.09001458581686239
110,19,58.10089064561675,12,upwind,5648,0.10946675640004505
110,19,58.10089064561675,24,downwind,2210,0.041945681243691336
110,19,58.10089064561675,24,crosswind,3792,0.05717907629191145
110,19,58.10089064561675,24,upwind,5643,0.05598671607877522
108,19,67.87256410439491,3,downwind,4514,0.25301092360265237
108,19,67.87256410439491,3,crosswind,3233,0.1302379436764768
108,19,67.87256410439491,3,upwind,3657,-0.04925333809486492
108,19,67.87256410439491,6,downwind,4515,0.22980286754862883
108,19,67.87256410439491,6,crosswind,3232,0.13373568824108267
108,19,67.87256410439491,6,upwind,3656,-0.03612486039285405
108,19,67.87256410439491,12,downwind,4515,0.1634671550403475
108,19,67.87256410439491,12,crosswind,3232,0.09696907226928507
108,19,67.87256410439491,12,upwind,3651,-0.03716730062592571
108,19,67.87256410439491,24,downwind,4514,0.07991096568286589
108,19,67.87256410439491,24,crosswind,3228,0.058351427123313995
108,19,67.87256410439491,24,upwind,3648,-0.05524510707246952
23,19,72.68856244841585,3,downwind,2156,0.2563792194882615
23,19,72.68856244841585,3,crosswind,4729,0.08696702170325445
23,19,72.68856244841585,3,upwind,4774,0.0012092658823947982
23,19,72.68856244841585,6,downwind,2155,0.2217153778901447
23,19,72.68856244841585,6,crosswind,4732,0.12378326626185218
23,19,72.68856244841585,6,upwind,4771,0.05209634832908139
23,19,72.68856244841585,12,downwind,2155,0.10285241248853388
23,19,72.68856244841585,12,crosswind,4731,0.13536462538261845
23,19,72.68856244841585,12,upwind,4767,0.09768610478025747
23,19,72.68856244841585,24,downwind,2155,0.06886870119095455
23,19,72.68856244841585,24,crosswind,4730,0.09830773001619836
23,19,72.68856244841585,24,upwind,4760,0.07812341583865297
24,19,90.85539170482542,3,downwind,2137,0.4184305128399542
24,19,90.85539170482542,3,crosswind,3833,0.13734537652548318
24,19,90.85539170482542,3,upwind,5689,0.07332980688484511
24,19,90.85539170482542,6,downwind,2138,0.3487990948633894
24,19,90.85539170482542,6,crosswind,3832,0.14356221562157032
24,19,90.85539170482542,6,upwind,5688,0.10859758008927663
24,19,90.85539170482542,12,downwind,2137,0.17528212534422763
24,19,90.85539170482542,12,crosswind,3831,0.12522059279339195
24,19,90.85539170482542,12,upwind,5685,0.12746051427734623
24,19,90.85539170482542,24,downwind,2137,0.07250310972298367
24,19,90.85539170482542,24,crosswind,3827,0.07233758814489565
24,19,90.85539170482542,24,upwind,5681,0.08079204399070897
107,19,94.38711883066459,3,downwind,3092,0.25442189029572326
107,19,94.38711883066459,3,crosswind,4252,0.12361886434959017
107,19,94.38711883066459,3,upwind,4314,-0.005743603155724369
107,19,94.38711883066459,6,downwind,3092,0.23227692515074957
107,19,94.38711883066459,6,crosswind,4252,0.1395322561770438
107,19,94.38711883066459,6,upwind,4313,0.026999922873173418
107,19,94.38711883066459,12,downwind,3093,0.14836284657675974
107,19,94.38711883066459,12,crosswind,4251,0.14756332573607328
107,19,94.38711883066459,12,upwind,4308,0.06535531401042206
107,19,94.38711883066459,24,downwind,3093,0.07546579206601772
107,19,94.38711883066459,24,crosswind,4250,0.10714541903132416
107,19,94.38711883066459,24,upwind,4301,0.07102176447597836
54,20,92.68873435974501,3,downwind,2232,0.37414240585835723
54,20,92.68873435974501,3,crosswind,4651,0.30722029244331267
54,20,92.68873435974501,3,upwind,4668,0.11134751090573733
54,20,92.68873435974501,6,downwind,2232,0.355348933442034
54,20,92.68873435974501,6,crosswind,4646,0.3001740090102873
54,20,92.68873435974501,6,upwind,4657,0.12514477735722448
54,20,92.68873435974501,12,downwind,2229,0.24992834009771525
54,20,92.68873435974501,12,crosswind,4636,0.22156191334400693
54,20,92.68873435974501,12,upwind,4649,0.15011715839490777
54,20,92.68873435974501,24,downwind,2229,0.1024105194296067
54,20,92.68873435974501,24,crosswind,4626,0.13686988185234902
54,20,92.68873435974501,24,upwind,4642,0.08123733442877436
63,20,96.89686783782032,3,downwind,4100,0.3130266721508969
63,20,96.89686783782032,3,crosswind,2795,0.17177879048947103
63,20,96.89686783782032,3,upwind,4652,0.15181760274888986
63,20,96.89686783782032,6,downwind,4093,0.2632664420847735
63,20,96.89686783782032,6,crosswind,2793,0.21725419822003636
63,20,96.89686783782032,6,upwind,4645,0.17211430112339354
63,20,96.89686783782032,12,downwind,4085,0.1515008583473594
63,20,96.89686783782032,12,crosswind,2788,0.15943770117667416
63,20,96.89686783782032,12,upwind,4637,0.14337119881314153
63,20,96.89686783782032,24,downwind,4083,0.044640820632644004
63,20,96.89686783782032,24,crosswind,2787,0.01629565601218853
63,20,96.89686783782032,24,upwind,4623,0.06228133015221203
29,20,106.711144473672,3,downwind,2950,0.2493787363159148
29,20,106.711144473672,3,crosswind,3677,0.11128750506306866
29,20,106.711144473672,3,upwind,4922,0.07305923206833383
29,20,106.711144473672,6,downwind,2950,0.2391802798699944
29,20,106.711144473672,6,crosswind,3666,0.11344209704460849
29,20,106.711144473672,6,upwind,4917,0.06665069290624931
29,20,106.711144473672,12,downwind,2944,0.14656583266817297
29,20,106.711144473672,12,crosswind,3665,0.1134208925572983
29,20,106.711144473672,12,upwind,4902,0.034861067898158335
29,20,106.711144473672,24,downwind,2946,0.039099835587476976
29,20,106.711144473672,24,crosswind,3661,0.011395660283056575
29,20,106.711144473672,24,upwind,4887,-0.0066074471231941335
27,20,112.64405218718188,3,downwind,3971,0.22563793134246735
27,20,112.64405218718188,3,crosswind,3777,0.19158593958864303
27,20,112.64405218718188,3,upwind,3803,0.023747983874825834
27,20,112.64405218718188,6,downwind,3964,0.21809464555243369
27,20,112.64405218718188,6,crosswind,3770,0.19140456218971766
27,20,112.64405218718188,6,upwind,3801,0.02181660802753303
27,20,112.64405218718188,12,downwind,3957,0.15322603255218645
27,20,112.64405218718188,12,crosswind,3764,0.15907591382260358
27,20,112.64405218718188,12,upwind,3793,0.01713770018103174
27,20,112.64405218718188,24,downwind,3956,0.06557290229688002
27,20,112.64405218718188,24,crosswind,3756,0.08355213530398471
27,20,112.64405218718188,24,upwind,3785,-0.0170142433843828
58,20,153.89402771969057,3,downwind,2345,0.28013701279762315
58,20,153.89402771969057,3,crosswind,3516,0.17861137255089232
58,20,153.89402771969057,3,upwind,5689,0.11777786130470734
58,20,153.89402771969057,6,downwind,2343,0.301308718645146
58,20,153.89402771969057,6,crosswind,3518,0.1819245253290853
58,20,153.89402771969057,6,upwind,5673,0.129617692393584
58,20,153.89402771969057,12,downwind,2342,0.24835483575101977
58,20,153.89402771969057,12,crosswind,3501,0.1497524921196353
58,20,153.89402771969057,12,upwind,5670,0.1171327038224686
58,20,153.89402771969057,24,downwind,2345,0.1703934067628689
58,20,153.89402771969057,24,crosswind,3492,0.10501412267225133
58,20,153.89402771969057,24,upwind,5659,0.04848791715337031
132,21,53.45881194455599,3,downwind,3295,0.20491974054523307
132,21,53.45881194455599,3,crosswind,3618,0.1058673374767554
132,21,53.45881194455599,3,upwind,4747,-0.029765527459762794
132,21,53.45881194455599,6,downwind,3297,0.18387658925610467
132,21,53.45881194455599,6,crosswind,3617,0.10839045534916432
132,21,53.45881194455599,6,upwind,4745,-0.01029726710302759
132,21,53.45881194455599,12,downwind,3295,0.12148036840377134
132,21,53.45881194455599,12,crosswind,3617,0.10394032058479867
132,21,53.45881194455599,12,upwind,4742,-0.005391016534278224
132,21,53.45881194455599,24,downwind,3295,0.0825710236514545
132,21,53.45881194455599,24,crosswind,3613,0.08518963585755178
132,21,53.45881194455599,24,upwind,4738,-0.031167633645965524
58,21,65.9801124510977,3,downwind,3682,0.22855617628882294
58,21,65.9801124510977,3,crosswind,4239,0.15797318096166582
58,21,65.9801124510977,3,upwind,3739,0.013639561652260894
58,21,65.9801124510977,6,downwind,3681,0.1854510283218881
58,21,65.9801124510977,6,crosswind,4238,0.1663197959546975
58,21,65.9801124510977,6,upwind,3740,0.03156204799911859
58,21,65.9801124510977,12,downwind,3677,0.10618330708846516
58,21,65.9801124510977,12,crosswind,4237,0.1377142231985087
58,21,65.9801124510977,12,upwind,3740,0.04927129015007019
58,21,65.9801124510977,24,downwind,3671,0.039164870321268676
58,21,65.9801124510977,24,crosswind,4233,0.036899543733901065
58,21,65.9801124510977,24,upwind,3742,0.04221248017990424
29,21,104.90879176562831,3,downwind,5538,0.2948955890898589
29,21,104.90879176562831,3,crosswind,3891,0.1454483287684138
29,21,104.90879176562831,3,upwind,2229,-0.02987639546621025
29,21,104.90879176562831,6,downwind,5536,0.32613309762766607
29,21,104.90879176562831,6,crosswind,3891,0.14567825447445124
29,21,104.90879176562831,6,upwind,2230,-0.024241003098703136
29,21,104.90879176562831,12,downwind,5535,0.2507297570156315
29,21,104.90879176562831,12,crosswind,3888,0.12550953346739777
29,21,104.90879176562831,12,upwind,2229,0.013689926441445312
29,21,104.90879176562831,24,downwind,5533,0.14585079670799148
29,21,104.90879176562831,24,crosswind,3883,0.07282421755608337
29,21,104.90879176562831,24,upwind,2228,0.01879831972217454
54,21,133.2395332610585,3,downwind,4883,0.2915281517708878
54,21,133.2395332610585,3,crosswind,3351,0.146406086637097
54,21,133.2395332610585,3,upwind,3427,0.05068375060490712
54,21,133.2395332610585,6,downwind,4880,0.32113983070598734
54,21,133.2395332610585,6,crosswind,3351,0.17375331680732856
54,21,133.2395332610585,6,upwind,3429,0.06048842521409134
54,21,133.2395332610585,12,downwind,4877,0.23136172978148342
54,21,133.2395332610585,12,crosswind,3350,0.15956938917402597
54,21,133.2395332610585,12,upwind,3428,0.06789744786648773
54,21,133.2395332610585,24,downwind,4873,0.11469341032166966
54,21,133.2395332610585,24,crosswind,3346,0.08244673498297259
54,21,133.2395332610585,24,upwind,3428,0.09188310013286116
61,21,141.0996165044154,3,downwind,2968,0.32486643023702244
61,21,141.0996165044154,3,crosswind,2544,0.1441594715197514
61,21,141.0996165044154,3,upwind,6148,0.07273514976841645
61,21,141.0996165044154,6,downwind,2967,0.37735196446662406
61,21,141.0996165044154,6,crosswind,2544,0.17473844486793091
61,21,141.0996165044154,6,upwind,6148,0.08961854378845424
61,21,141.0996165044154,12,downwind,2964,0.28941996411879795
61,21,141.0996165044154,12,crosswind,2543,0.16213783606042279
61,21,141.0996165044154,12,upwind,6147,0.10060899171678404
61,21,141.0996165044154,24,downwind,2963,0.19725049525236368
61,21,141.0996165044154,24,crosswind,2541,0.06376909601506364
61,21,141.0996165044154,24,upwind,6142,0.04785527284666399
25,22,27.12821443477633,3,downwind,4711,0.32381614876367243
25,22,27.12821443477633,3,crosswind,3924,0.20112983521754485
25,22,27.12821443477633,3,upwind,3016,0.12156729472146476
25,22,27.12821443477633,6,downwind,4711,0.23424713327343274
25,22,27.12821443477633,6,crosswind,3923,0.15665924959578395
25,22,27.12821443477633,6,upwind,3016,0.10330928826180612
25,22,27.12821443477633,12,downwind,4711,0.11820215663460251
25,22,27.12821443477633,12,crosswind,3920,0.11605204078484059
25,22,27.12821443477633,12,upwind,3014,0.06236556515473687
25,22,27.12821443477633,24,downwind,4710,0.07583515311129635
25,22,27.12821443477633,24,crosswind,3914,0.08059351481496334
25,22,27.12821443477633,24,upwind,3013,0.008724689196875154
18,22,44.93774412113859,3,downwind,4316,0.2016689652947362
18,22,44.93774412113859,3,crosswind,3999,0.17008085309609888
18,22,44.93774412113859,3,upwind,3336,0.16030874629239678
18,22,44.93774412113859,6,downwind,4316,0.2467878925584796
18,22,44.93774412113859,6,crosswind,3997,0.21089644831712845
18,22,44.93774412113859,6,upwind,3337,0.20334052843809425
18,22,44.93774412113859,12,downwind,4318,0.2520981845392299
18,22,44.93774412113859,12,crosswind,3992,0.2452786700030596
18,22,44.93774412113859,12,upwind,3335,0.16498646186489385
18,22,44.93774412113859,24,downwind,4317,0.18811821100945406
18,22,44.93774412113859,24,crosswind,3990,0.19991283496330423
18,22,44.93774412113859,24,upwind,3330,0.1257297491311372
109,22,54.11490744801881,3,downwind,2596,0.14462605861466296
109,22,54.11490744801881,3,crosswind,4508,0.09840999275434881
109,22,54.11490744801881,3,upwind,4357,0.020900854894569193
109,22,54.11490744801881,6,downwind,2598,0.11536079266258077
109,22,54.11490744801881,6,crosswind,4507,0.10262711891394088
109,22,54.11490744801881,6,upwind,4355,0.010496360973059223
109,22,54.11490744801881,12,downwind,2598,0.0711062996092977
109,22,54.11490744801881,12,crosswind,4505,0.08906124848754009
109,22,54.11490744801881,12,upwind,4352,0.00440608662437644
109,22,54.11490744801881,24,downwind,2597,0.032229479762967514
109,22,54.11490744801881,24,crosswind,4503,0.05278466735719905
109,22,54.11490744801881,24,upwind,4347,0.009818849849715755
17,22,69.9206173960724,3,downwind,2481,0.25521333606157404
17,22,69.9206173960724,3,crosswind,3456,0.16663157279967378
17,22,69.9206173960724,3,upwind,5714,0.07555892864858674
17,22,69.9206173960724,6,downwind,2484,0.21382325172184388
17,22,69.9206173960724,6,crosswind,3454,0.16623549624646955
17,22,69.9206173960724,6,upwind,5712,0.08190043334311287
17,22,69.9206173960724,12,downwind,2483,0.15502418374173194
17,22,69.9206173960724,12,crosswind,3454,0.13788818566537236
17,22,69.9206173960724,12,upwind,5708,0.0916456930953137
17,22,69.9206173960724,24,downwind,2484,0.11492202171898222
17,22,69.9206173960724,24,crosswind,3453,0.059718646347319854
17,22,69.9206173960724,24,upwind,5700,0.0571703582772684
112,22,74.19150917550866,3,downwind,4320,0.24054938764285833
112,22,74.19150917550866,3,crosswind,4008,0.09446401355811784
112,22,74.19150917550866,3,upwind,3319,0.019812418829588927
112,22,74.19150917550866,6,downwind,4322,0.21884175753906002
112,22,74.19150917550866,6,crosswind,4004,0.10756025788313191
112,22,74.19150917550866,6,upwind,3320,0.040245800866985156
112,22,74.19150917550866,12,downwind,4323,0.14275588133508285
112,22,74.19150917550866,12,crosswind,4001,0.10736610744256507
112,22,74.19150917550866,12,upwind,3317,0.034164213164133164
112,22,74.19150917550866,24,downwind,4323,0.11756673771757611
112,22,74.19150917550866,24,crosswind,3999,0.10172319151527334
112,22,74.19150917550866,24,upwind,3311,0.02075064698977959
110,23,38.53898422135438,3,downwind,3888,0.39232767046046363
110,23,38.53898422135438,3,crosswind,3792,0.3103328048418983
110,23,38.53898422135438,3,upwind,3981,0.14961833812710534
110,23,38.53898422135438,6,downwind,3888,0.2808453311102292
110,23,38.53898422135438,6,crosswind,3791,0.2438788237560066
110,23,38.53898422135438,6,upwind,3981,0.16471370705022942
110,23,38.53898422135438,12,downwind,3885,0.13503829670948708
110,23,38.53898422135438,12,crosswind,3788,0.17428161963515723
110,23,38.53898422135438,12,upwind,3982,0.13227263472876455
110,23,38.53898422135438,24,downwind,3878,0.008799902741537377
110,23,38.53898422135438,24,crosswind,3788,0.08470944005197749
110,23,38.53898422135438,24,upwind,3981,0.10010413229551203
24,23,40.79781755276738,3,downwind,2718,0.5318969793609172
24,23,40.79781755276738,3,crosswind,3352,0.38848167169719816
24,23,40.79781755276738,3,upwind,5590,0.1791216507807555
24,23,40.79781755276738,6,downwind,2718,0.3495093819755376
24,23,40.79781755276738,6,crosswind,3351,0.28270487268158356
24,23,40.79781755276738,6,upwind,5590,0.13415932355893764
24,23,40.79781755276738,12,downwind,2715,0.16604544814076436
24,23,40.79781755276738,12,crosswind,3351,0.15538717134726077
24,23,40.79781755276738,12,upwind,5588,0.10465357721489478
24,23,40.79781755276738,24,downwind,2714,0.032177902556564796
24,23,40.79781755276738,24,crosswind,3344,0.10445505837402896
24,23,40.79781755276738,24,upwind,5588,0.04926515516859799
111,23,50.77793674490204,3,downwind,2018,0.29354510435992937
111,23,50.77793674490204,3,crosswind,4318,0.14272454356389805
111,23,50.77793674490204,3,upwind,5119,0.021178865294933995
111,23,50.77793674490204,6,downwind,2019,0.24388342921333356
111,23,50.77793674490204,6,crosswind,4317,0.11501741021631914
111,23,50.77793674490204,6,upwind,5118,0.028161858737565545
111,23,50.77793674490204,12,downwind,2019,0.11418869604397479
111,23,50.77793674490204,12,crosswind,4314,0.06901705351755795
111,23,50.77793674490204,12,upwind,5116,0.021161693281327394
111,23,50.77793674490204,24,downwind,2018,0.0346272068338964
111,23,50.77793674490204,24,crosswind,4313,0.04789958526279284
111,23,50.77793674490204,24,upwind,5110,-0.003005286594177309
107,23,56.11778763753333,3,downwind,5142,0.379648245440019
107,23,56.11778763753333,3,crosswind,3209,0.15046320764648685
107,23,56.11778763753333,3,upwind,3309,0.023294089616232756
107,23,56.11778763753333,6,downwind,5142,0.3417472026925951
107,23,56.11778763753333,6,crosswind,3208,0.13661985858449618
107,23,56.11778763753333,6,upwind,3309,0.004230988459514003
107,23,56.11778763753333,12,downwind,5143,0.21599651240810472
107,23,56.11778763753333,12,crosswind,3205,0.0966729551551368
107,23,56.11778763753333,12,upwind,3306,0.009025875470770817
107,23,56.11778763753333,24,downwind,5143,0.12071895670503957
107,23,56.11778763753333,24,crosswind,3204,0.06864101188992995
107,23,56.11778763753333,24,upwind,3299,-0.006164368322324665
112,23,69.97711238565317,3,downwind,2519,0.4097199013032348
112,23,69.97711238565317,3,crosswind,3010,0.30152073422963344
112,23,69.97711238565317,3,upwind,6128,0.0840315692943595
112,23,69.97711238565317,6,downwind,2520,0.3189749911175763
112,23,69.97711238565317,6,crosswind,3011,0.2348408290016503
112,23,69.97711238565317,6,upwind,6125,0.0731676041767926
112,23,69.97711238565317,12,downwind,2519,0.14779977836617827
112,23,69.97711238565317,12,crosswind,3009,0.1505430473857248
112,23,69.97711238565317,12,upwind,6123,0.05551777094191944
112,23,69.97711238565317,24,downwind,2518,0.06065085073798043
112,23,69.97711238565317,24,crosswind,3006,0.09148353349641078
112,23,69.97711238565317,24,upwind,6119,0.03223760826775327
110,24,33.59215548500594,3,downwind,5340,0.12477992066631573
110,24,33.59215548500594,3,crosswind,4182,0.053082238361752195
110,24,33.59215548500594,3,upwind,2137,-0.027960897944699633
110,24,33.59215548500594,6,downwind,5339,0.07800071674147471
110,24,33.59215548500594,6,crosswind,4182,0.06063681231703822
110,24,33.59215548500594,6,upwind,2137,0.04537329893318854
110,24,33.59215548500594,12,downwind,5335,0.020068589903894606
110,24,33.59215548500594,12,crosswind,4182,0.06340450783653637
110,24,33.59215548500594,12,upwind,2136,0.08234414247303111
110,24,33.59215548500594,24,downwind,5327,-0.04642446413270481
110,24,33.59215548500594,24,crosswind,4181,-0.010015948615929367
110,24,33.59215548500594,24,upwind,2137,0.028310320658657934
112,24,35.02577836522574,3,downwind,2355,0.12989049731795527
112,24,35.02577836522574,3,crosswind,3065,0.09865519369920199
112,24,35.02577836522574,3,upwind,6235,0.007572765305949048
112,24,35.02577836522574,6,downwind,2356,0.09188459429515432
112,24,35.02577836522574,6,crosswind,3065,0.07206394473410845
112,24,35.02577836522574,6,upwind,6233,0.010533849724152078
112,24,35.02577836522574,12,downwind,2355,0.047828627676766655
112,24,35.02577836522574,12,crosswind,3064,0.03156272681520022
112,24,35.02577836522574,12,upwind,6230,0.01825230129625274
112,24,35.02577836522574,24,downwind,2354,0.001557604723436204
112,24,35.02577836522574,24,crosswind,3062,0.04564301517084043
112,24,35.02577836522574,24,upwind,6225,0.005102617170879809
23,24,40.79781755276738,3,downwind,5608,0.11412919512544854
23,24,40.79781755276738,3,crosswind,3306,-0.017819398714425748
23,24,40.79781755276738,3,upwind,2745,-0.0302228475083953
23,24,40.79781755276738,6,downwind,5608,0.07976779387203899
23,24,40.79781755276738,6,crosswind,3305,0.025438879186979905
23,24,40.79781755276738,6,upwind,2745,0.01701373305014498
23,24,40.79781755276738,12,downwind,5607,0.034069115705938326
23,24,40.79781755276738,12,crosswind,3303,0.03771095104761
23,24,40.79781755276738,12,upwind,2743,0.0669763637379094
23,24,40.79781755276738,24,downwind,5607,-0.011682154478935156
23,24,40.79781755276738,24,crosswind,3297,-0.0004951139201414884
23,24,40.79781755276738,24,upwind,2741,0.03155122331944359
18,24,46.456022183567576,3,downwind,2515,0.10251705586047827
18,24,46.456022183567576,3,crosswind,3473,0.10622088873677638
18,24,46.456022183567576,3,upwind,5671,0.218342686299424
18,24,46.456022183567576,6,downwind,2516,0.17721495896065523
18,24,46.456022183567576,6,crosswind,3472,0.15291735563246475
18,24,46.456022183567576,6,upwind,5670,0.2250701592984434
18,24,46.456022183567576,12,downwind,2514,0.1917498798883243
18,24,46.456022183567576,12,crosswind,3471,0.15755514694560618
18,24,46.456022183567576,12,upwind,5668,0.16579304026520217
18,24,46.456022183567576,24,downwind,2513,0.14205089896633694
18,24,46.456022183567576,24,crosswind,3467,0.06839633698906351
18,24,46.456022183567576,24,upwind,5665,0.09163381015577725
111,24,50.07789433940024,3,downwind,2778,0.1816595185417501
111,24,50.07789433940024,3,crosswind,5001,0.11037155305926052
111,24,50.07789433940024,3,upwind,3675,-0.028740292492702716
111,24,50.07789433940024,6,downwind,2779,0.17161526477158487
111,24,50.07789433940024,6,crosswind,5000,0.11490960015879804
111,24,50.07789433940024,6,upwind,3674,0.026075662532431612
111,24,50.07789433940024,12,downwind,2780,0.0732165130035312
111,24,50.07789433940024,12,crosswind,4997,0.11463372410745228
111,24,50.07789433940024,12,upwind,3671,0.05510282910264157
111,24,50.07789433940024,24,downwind,2779,0.012818067472320291
111,24,50.07789433940024,24,crosswind,4998,0.06323754413306995
111,24,50.07789433940024,24,upwind,3663,0.05711446456621347
18,25,19.54680049468751,3,downwind,3617,0.17812227298200625
18,25,19.54680049468751,3,crosswind,4212,0.14888250370561162
18,25,19.54680049468751,3,upwind,3832,0.14109373857350582
18,25,19.54680049468751,6,downwind,3617,0.22410880542708975
18,25,19.54680049468751,6,crosswind,4213,0.2258789044747971
18,25,19.54680049468751,6,upwind,3830,0.19386659546514465
18,25,19.54680049468751,12,downwind,3618,0.2142041134384731
18,25,19.54680049468751,12,crosswind,4209,0.24583730866157755
18,25,19.54680049468751,12,upwind,3828,0.18787597951676516
18,25,19.54680049468751,24,downwind,3619,0.156073375343329
18,25,19.54680049468751,24,crosswind,4206,0.18443894069614955
18,25,19.54680049468751,24,upwind,3822,0.13794045039436026
22,25,27.12821443477633,3,downwind,2984,0.17226501243918255
22,25,27.12821443477633,3,crosswind,3946,0.10807484834156539
22,25,27.12821443477633,3,upwind,4726,0.04611026003231859
22,25,27.12821443477633,6,downwind,2984,0.09944153411907185
22,25,27.12821443477633,6,crosswind,3946,0.1080910987475761
22,25,27.12821443477633,6,upwind,4725,0.05730187260069422
22,25,27.12821443477633,12,downwind,2982,0.04825380277095166
22,25,27.12821443477633,12,crosswind,3944,0.06834989210592492
22,25,27.12821443477633,12,upwind,4724,0.05457946960235747
22,25,27.12821443477633,24,downwind,2978,-0.019261917818801023
22,25,27.12821443477633,24,crosswind,3940,-0.015179466035429296
22,25,27.12821443477633,24,upwind,4724,0.02203772705026037
109,25,44.17573540763748,3,downwind,2347,0.13304976571041477
109,25,44.17573540763748,3,crosswind,3758,0.02641833483744548
109,25,44.17573540763748,3,upwind,5366,-0.0008896604790468931
109,25,44.17573540763748,6,downwind,2350,0.12118439278015453
109,25,44.17573540763748,6,crosswind,3756,0.0357287744763069
109,25,44.17573540763748,6,upwind,5364,0.013669506814627294
109,25,44.17573540763748,12,downwind,2349,0.08773519759509787
109,25,44.17573540763748,12,crosswind,3756,0.03717321322717838
109,25,44.17573540763748,12,upwind,5360,0.0345075415446386
109,25,44.17573540763748,24,downwind,2350,0.013563628309367365
109,25,44.17573540763748,24,crosswind,3755,0.04351625297520742
109,25,44.17573540763748,24,upwind,5352,0.028690832964063953
112,25,48.49202990960742,3,downwind,3958,0.27204968075871394
112,25,48.49202990960742,3,crosswind,4218,0.041421778021250154
112,25,48.49202990960742,3,upwind,3481,-0.03413785231098359
112,25,48.49202990960742,6,downwind,3958,0.1901476412794832
112,25,48.49202990960742,6,crosswind,4218,0.08149561258144127
112,25,48.49202990960742,6,upwind,3480,0.01823071514773923
112,25,48.49202990960742,12,downwind,3959,0.08882072092846793
112,25,48.49202990960742,12,crosswind,4214,0.11441386978907744
112,25,48.49202990960742,12,upwind,3478,0.05487368792687262
112,25,48.49202990960742,24,downwind,3959,0.09400430237639765
112,25,48.49202990960742,24,crosswind,4212,0.1077056017346907
112,25,48.49202990960742,24,upwind,3472,0.05085222599727508
24,25,57.98371919395252,3,downwind,5314,0.2737644550309728
24,25,57.98371919395252,3,crosswind,3472,0.12049042949587192
24,25,57.98371919395252,3,upwind,2874,-0.022506176918144577
24,25,57.98371919395252,6,downwind,5314,0.22034072218324066
24,25,57.98371919395252,6,crosswind,3471,0.11615871820810345
24,25,57.98371919395252,6,upwind,2874,0.026683762478299487
24,25,57.98371919395252,12,downwind,5312,0.140732543996504
24,25,57.98371919395252,12,crosswind,3471,0.1087964358707678
24,25,57.98371919395252,12,upwind,2871,0.05003687450567588
24,25,57.98371919395252,24,downwind,5312,0.10413429414695488
24,25,57.98371919395252,24,crosswind,3467,0.09439108063363244
24,25,57.98371919395252,24,upwind,2867,0.03185939845461378
34,26,26.76150763762404,3,downwind,4382,0.20289958280507778
34,26,26.76150763762404,3,crosswind,4808,0.172415180911329
34,26,26.76150763762404,3,upwind,2439,0.15230817431673538
34,26,26.76150763762404,6,downwind,4381,0.2848269204452878
34,26,26.76150763762404,6,crosswind,4808,0.2223291760372493
34,26,26.76150763762404,6,upwind,2439,0.1639008642121721
34,26,26.76150763762404,12,downwind,4376,0.29204364395160515
34,26,26.76150763762404,12,crosswind,4807,0.23257748194278222
34,26,26.76150763762404,12,upwind,2440,0.19353856714174295
34,26,26.76150763762404,24,downwind,4369,0.17162529614985764
34,26,26.76150763762404,24,crosswind,4806,0.17419798845263249
34,26,26.76150763762404,24,upwind,2440,0.16757691164991523
33,26,61.71740786959727,3,downwind,2828,0.09732069450379995
33,26,61.71740786959727,3,crosswind,3106,0.17991672025539038
33,26,61.71740786959727,3,upwind,5548,0.168388749070059
33,26,61.71740786959727,6,downwind,2826,0.1469786208616253
33,26,61.71740786959727,6,crosswind,3107,0.2225399795033047
33,26,61.71740786959727,6,upwind,5548,0.20649092281347656
33,26,61.71740786959727,12,downwind,2823,0.15853772939040206
33,26,61.71740786959727,12,crosswind,3105,0.20582928960852118
33,26,61.71740786959727,12,upwind,5548,0.21910888747030624
33,26,61.71740786959727,24,downwind,2819,0.12795470968402564
33,26,61.71740786959727,24,crosswind,3100,0.11480029798200422
33,26,61.71740786959727,24,upwind,5549,0.15458105943017675
32,26,61.90177915905796,3,downwind,3524,0.13745570088987716
32,26,61.90177915905796,3,crosswind,3147,0.14837969124467557
32,26,61.90177915905796,3,upwind,4728,0.16442489083195594
32,26,61.90177915905796,6,downwind,3524,0.1774441978597804
32,26,61.90177915905796,6,crosswind,3146,0.14509605045901694
32,26,61.90177915905796,6,upwind,4728,0.20704768312400854
32,26,61.90177915905796,12,downwind,3525,0.1830462169111887
32,26,61.90177915905796,12,crosswind,3145,0.16112441692017584
32,26,61.90177915905796,12,upwind,4723,0.1684659430112433
32,26,61.90177915905796,24,downwind,3526,0.15533107311379576
32,26,61.90177915905796,24,crosswind,3145,0.09998461604366507
32,26,61.90177915905796,24,upwind,4714,0.10314116638882678
30,26,64.5502672764806,3,downwind,2594,0.1551950362900628
30,26,64.5502672764806,3,crosswind,3001,0.13412787345376606
30,26,64.5502672764806,3,upwind,6066,0.1562938226673443
30,26,64.5502672764806,6,downwind,2594,0.1962833022317547
30,26,64.5502672764806,6,crosswind,2999,0.18820465006148956
30,26,64.5502672764806,6,upwind,6067,0.19676090935822654
30,26,64.5502672764806,12,downwind,2595,0.19349867755009018
30,26,64.5502672764806,12,crosswind,2995,0.15150027801150176
30,26,64.5502672764806,12,upwind,6065,0.1998123780732732
30,26,64.5502672764806,24,downwind,2595,0.14349159922414959
30,26,64.5502672764806,24,crosswind,2996,0.061351604643015006
30,26,64.5502672764806,24,upwind,6056,0.11552125930011235
107,26,68.67254492295467,3,downwind,4159,0.16617810387410217
107,26,68.67254492295467,3,crosswind,3716,0.14889911249676194
107,26,68.67254492295467,3,upwind,3785,0.1883955546132486
107,26,68.67254492295467,6,downwind,4158,0.2525309126162427
107,26,68.67254492295467,6,crosswind,3716,0.20902959285788614
107,26,68.67254492295467,6,upwind,3785,0.2319792098215801
107,26,68.67254492295467,12,downwind,4153,0.29352528367034475
107,26,68.67254492295467,12,crosswind,3716,0.24917248606524434
107,26,68.67254492295467,12,upwind,3785,0.2432586002061974
107,26,68.67254492295467,24,downwind,4148,0.1820326837900746
107,26,68.67254492295467,24,crosswind,3713,0.1863435835689279
107,26,68.67254492295467,24,upwind,3785,0.17830866053821143
29,27,78.89903161515437,3,downwind,2208,0.36187246859157285
29,27,78.89903161515437,3,crosswind,4033,0.2291489732099266
29,27,78.89903161515437,3,upwind,5417,0.09878281641376813
29,27,78.89903161515437,6,downwind,2209,0.2996277154812292
29,27,78.89903161515437,6,crosswind,4033,0.2016162170361026
29,27,78.89903161515437,6,upwind,5415,0.11776819989026853
29,27,78.89903161515437,12,downwind,2207,0.16692800121128365
29,27,78.89903161515437,12,crosswind,4030,0.13082602416950148
29,27,78.89903161515437,12,upwind,5415,0.11627955646163571
29,27,78.89903161515437,24,downwind,2207,0.09028850812331289
29,27,78.89903161515437,24,crosswind,4025,0.031078349165803966
29,27,78.89903161515437,24,upwind,5412,0.04962097435204198
28,27,106.83717383737671,3,downwind,5379,0.24742169158650001
28,27,106.83717383737671,3,crosswind,3923,0.0762514150945474
28,27,106.83717383737671,3,upwind,2359,0.0032791511190165784
28,27,106.83717383737671,6,downwind,5377,0.27824714095994296
28,27,106.83717383737671,6,crosswind,3923,0.06728811781301458
28,27,106.83717383737671,6,upwind,2360,0.04122463524673222
28,27,106.83717383737671,12,downwind,5375,0.19015782757787944
28,27,106.83717383737671,12,crosswind,3921,0.05176604929853005
28,27,106.83717383737671,12,upwind,2359,0.02782348812490855
28,27,106.83717383737671,24,downwind,5370,0.07343022423891109
28,27,106.83717383737671,24,crosswind,3918,0.038344624563787524
28,27,106.83717383737671,24,upwind,2359,-0.019798606505712257
20,27,112.64405218718188,3,downwind,3873,0.4293752747923456
20,27,112.64405218718188,3,crosswind,3760,0.2595564401529514
20,27,112.64405218718188,3,upwind,3950,0.08551896654070647
20,27,112.64405218718188,6,downwind,3871,0.4381193152798997
20,27,112.64405218718188,6,crosswind,3761,0.29643930785805117
20,27,112.64405218718188,6,upwind,3950,0.10815728069893693
20,27,112.64405218718188,12,downwind,3870,0.2857676478269064
20,27,112.64405218718188,12,crosswind,3758,0.2617192285582773
20,27,112.64405218718188,12,upwind,3949,0.10986571489288012
20,27,112.64405218718188,24,downwind,3866,0.13957905929308403
20,27,112.64405218718188,24,crosswind,3758,0.16498915709964596
20,27,112.64405218718188,24,upwind,3945,0.05786990656754476
22,27,136.43233741511835,3,downwind,4345,0.1668195956000755
22,27,136.43233741511835,3,crosswind,3876,0.058785026990062265
22,27,136.43233741511835,3,upwind,3435,-0.043158193502320724
22,27,136.43233741511835,6,downwind,4345,0.21261472420139604
22,27,136.43233741511835,6,crosswind,3876,0.0918877142151082
22,27,136.43233741511835,6,upwind,3434,-0.03477182230634429
22,27,136.43233741511835,12,downwind,4345,0.17973663616309782
22,27,136.43233741511835,12,crosswind,3873,0.0947487105187632
22,27,136.43233741511835,12,upwind,3432,-0.05020102065154348
22,27,136.43233741511835,24,downwind,4345,0.09735049504732897
22,27,136.43233741511835,24,crosswind,3872,0.04763474602897075
22,27,136.43233741511835,24,upwind,3425,-0.040350399899513105
136,27,157.5776636118879,3,downwind,2823,0.14969531765432323
136,27,157.5776636118879,3,crosswind,4282,0.0335417270927218
136,27,157.5776636118879,3,upwind,4556,-0.02977543018462236
136,27,157.5776636118879,6,downwind,2825,0.19717563267474703
136,27,157.5776636118879,6,crosswind,4281,0.05770314695781712
136,27,157.5776636118879,6,upwind,4554,-0.01763862362574686
136,27,157.5776636118879,12,downwind,2823,0.1930396148962537
136,27,157.5776636118879,12,crosswind,4280,0.07592211544239967
136,27,157.5776636118879,12,upwind,4552,-0.005545163420656765
136,27,157.5776636118879,24,downwind,2825,0.1316790983700751
136,27,157.5776636118879,24,crosswind,4274,0.06340851986182795
136,27,157.5776636118879,24,upwind,4548,-0.007378037634607624
27,28,106.83717383737671,3,downwind,2266,0.3738747513928882
27,28,106.83717383737671,3,crosswind,3920,0.24874608191664135
27,28,106.83717383737671,3,upwind,5475,0.12854524224335834
27,28,106.83717383737671,6,downwind,2268,0.3756232784625725
27,28,106.83717383737671,6,crosswind,3919,0.24888584132408864
27,28,106.83717383737671,6,upwind,5473,0.1520856098825487
27,28,106.83717383737671,12,downwind,2267,0.27456536677599513
27,28,106.83717383737671,12,crosswind,3918,0.20590875055656296
27,28,106.83717383737671,12,upwind,5470,0.14916589866479713
27,28,106.83717383737671,24,downwind,2266,0.15828897462762484
27,28,106.83717383737671,24,crosswind,3913,0.14055340763746388
27,28,106.83717383737671,24,upwind,5468,0.08287507168821
22,28,132.77410444917874,3,downwind,2685,0.2254085658081119
22,28,132.77410444917874,3,crosswind,4334,0.07364708940075723
22,28,132.77410444917874,3,upwind,4637,0.02978711586612528
22,28,132.77410444917874,6,downwind,2687,0.266497811631473
22,28,132.77410444917874,6,crosswind,4333,0.10210169942989353
22,28,132.77410444917874,6,upwind,4635,0.04430457555303121
22,28,132.77410444917874,12,downwind,2686,0.23952369329453835
22,28,132.77410444917874,12,crosswind,4332,0.0971358862237768
22,28,132.77410444917874,12,upwind,4632,0.04105239858890221
22,28,132.77410444917874,24,downwind,2687,0.14417229412897825
22,28,132.77410444917874,24,crosswind,4330,0.03138851102819016
22,28,132.77410444917874,24,upwind,4625,0.01689851571340695
25,28,147.8487055174587,3,downwind,2860,0.2107278054911815
25,28,147.8487055174587,3,crosswind,4410,0.11163600179883335
25,28,147.8487055174587,3,upwind,4391,0.024050668009840195
25,28,147.8487055174587,6,downwind,2861,0.269051457449248
25,28,147.8487055174587,6,crosswind,4410,0.13558290296417636
25,28,147.8487055174587,6,upwind,4389,0.04937904882955267
25,28,147.8487055174587,12,downwind,2862,0.2610388223550483
25,28,147.8487055174587,12,crosswind,4407,0.13335507720755638
25,28,147.8487055174587,12,upwind,4386,0.057981559201697626
25,28,147.8487055174587,24,downwind,2862,0.1578414126477069
25,28,147.8487055174587,24,crosswind,4406,0.0746405594357193
25,28,147.8487055174587,24,upwind,4379,0.04329884610836353
20,28,160.8958153565866,3,downwind,2770,0.4105667459185578
20,28,160.8958153565866,3,crosswind,4252,0.25500908659157284
20,28,160.8958153565866,3,upwind,4561,0.11546199005279048
20,28,160.8958153565866,6,downwind,2769,0.4624975982820595
20,28,160.8958153565866,6,crosswind,4252,0.29951088210377846
20,28,160.8958153565866,6,upwind,4561,0.15215459380563212
20,28,160.8958153565866,12,downwind,2768,0.3599084402149686
20,28,160.8958153565866,12,crosswind,4251,0.30504542627814746
20,28,160.8958153565866,12,upwind,4558,0.14317643279712686
20,28,160.8958153565866,24,downwind,2767,0.23192093542908224
20,28,160.8958153565866,24,crosswind,4247,0.2108940044161593
20,28,160.8958153565866,24,upwind,4555,0.09766156042551048
110,28,164.92658970964933,3,downwind,3979,0.1423523341294248
110,28,164.92658970964933,3,crosswind,3811,0.11248022764509703
110,28,164.92658970964933,3,upwind,3871,-0.022907394469907034
110,28,164.92658970964933,6,downwind,3979,0.18142777879347302
110,28,164.92658970964933,6,crosswind,3810,0.14257273460010408
110,28,164.92658970964933,6,upwind,3871,-0.004518199515187181
110,28,164.92658970964933,12,downwind,3980,0.2039591054214801
110,28,164.92658970964933,12,crosswind,3807,0.15524295067003804
110,28,164.92658970964933,12,upwind,3868,0.013595322146336013
110,28,164.92658970964933,24,downwind,3979,0.15026597028465732
110,28,164.92658970964933,24,crosswind,3807,0.12714121046302035
110,28,164.92658970964933,24,upwind,3861,0.008216875592986351
27,29,78.89903161515437,3,downwind,5245,0.29426711171729475
27,29,78.89903161515437,3,crosswind,4142,0.1433299288313772
27,29,78.89903161515437,3,upwind,2269,0.12051886236730837
27,29,78.89903161515437,6,downwind,5243,0.2883172084764334
27,29,78.89903161515437,6,crosswind,4141,0.1442092093456542
27,29,78.89903161515437,6,upwind,2270,0.122416037516935
27,29,78.89903161515437,12,downwind,5239,0.19906507615792784
27,29,78.89903161515437,12,crosswind,4141,0.11263182297698889
27,29,78.89903161515437,12,upwind,2269,0.052576747612956595
27,29,78.89903161515437,24,downwind,5238,0.08723547320858066
27,29,78.89903161515437,24,crosswind,4137,0.06788588926355031
27,29,78.89903161515437,24,upwind,2266,0.01119754582127202
21,29,104.90879176562831,3,downwind,2215,0.3762969171879426
21,29,104.90879176562831,3,crosswind,3736,0.17383362735444127
21,29,104.90879176562831,3,upwind,5705,0.0910479523571178
21,29,104.90879176562831,6,downwind,2215,0.3760646893309185
21,29,104.90879176562831,6,crosswind,3736,0.15502074937587876
21,29,104.90879176562831,6,upwind,5703,0.07956837300952843
21,29,104.90879176562831,12,downwind,2215,0.2568789932468411
21,29,104.90879176562831,12,crosswind,3732,0.11346522734617799
21,29,104.90879176562831,12,upwind,5702,0.058340322997109145
21,29,104.90879176562831,24,downwind,2214,0.14947267316844715
21,29,104.90879176562831,24,crosswind,3730,0.037462239380831756
21,29,104.90879176562831,24,upwind,5697,0.026136016274165202
20,29,106.711144473672,3,downwind,5023,0.33571667667976424
20,29,106.711144473672,3,crosswind,3339,0.2182570035705112
20,29,106.711144473672,3,upwind,3216,0.08054755713715961
20,29,106.711144473672,6,downwind,5022,0.3306650309279394
20,29,106.711144473672,6,crosswind,3337,0.2141697498238418
20,29,106.711144473672,6,upwind,3217,0.06572745932736838
20,29,106.711144473672,12,downwind,5021,0.21877210145127887
20,29,106.711144473672,12,crosswind,3336,0.1383842769547481
20,29,106.711144473672,12,upwind,3214,0.037400047725168466
20,29,106.711144473672,24,downwind,5014,0.07965796749347709
20,29,106.711144473672,24,crosswind,3334,0.0585344158136266
20,29,106.711144473672,24,upwind,3216,0.03778855114804344
58,29,119.70363859175625,3,downwind,2397,0.3789912075074683
58,29,119.70363859175625,3,crosswind,3744,0.189026892068279
58,29,119.70363859175625,3,upwind,5514,0.10252549462354123
58,29,119.70363859175625,6,downwind,2396,0.3759544955890226
58,29,119.70363859175625,6,crosswind,3744,0.20695906204922507
58,29,119.70363859175625,6,upwind,5513,0.11059913017467922
58,29,119.70363859175625,12,downwind,2394,0.3030323931472513
58,29,119.70363859175625,12,crosswind,3743,0.17578865084698278
58,29,119.70363859175625,12,upwind,5511,0.11488661324236273
58,29,119.70363859175625,24,downwind,2390,0.19702150061828055
58,29,119.70363859175625,24,crosswind,3740,0.12732574042950684
58,29,119.70363859175625,24,upwind,5510,0.06184915373907392
54,29,121.88541580248506,3,downwind,3745,0.33801507914036144
54,29,121.88541580248506,3,crosswind,3583,0.2058652003410509
54,29,121.88541580248506,3,upwind,4328,0.07766364383629767
54,29,121.88541580248506,6,downwind,3744,0.3694788862719104
54,29,121.88541580248506,6,crosswind,3582,0.22174837602518757
54,29,121.88541580248506,6,upwind,4328,0.0898954822370589
54,29,121.88541580248506,12,downwind,3743,0.2768934222776284
54,29,121.88541580248506,12,crosswind,3581,0.2149658710664573
54,29,121.88541580248506,12,upwind,4325,0.09044125441123757
54,29,121.88541580248506,24,downwind,3736,0.14385706034426665
54,29,121.88541580248506,24,crosswind,3577,0.12376977710161706
54,29,121.88541580248506,24,upwind,4328,0.07868001810737231
114,30,35.04964327905626,3,downwind,2259,0.10345729705853171
114,30,35.04964327905626,3,crosswind,4016,0.008251977834609441
114,30,35.04964327905626,3,upwind,5314,-0.03654512636382197
114,30,35.04964327905626,6,downwind,2259,0.11211185116539997
114,30,35.04964327905626,6,crosswind,4015,0.009827925590270317
114,30,35.04964327905626,6,upwind,5314,0.0038122629459571935
114,30,35.04964327905626,12,downwind,2258,0.07045024329923137
114,30,35.04964327905626,12,crosswind,4013,-0.009156137488842827
114,30,35.04964327905626,12,upwind,5312,0.02420307164583287
114,30,35.04964327905626,24,downwind,2258,0.04860802157324798
114,30,35.04964327905626,24,crosswind,4010,-0.02270313531207809
114,30,35.04964327905626,24,upwind,5308,-0.010953804031627084
32,30,55.91649779368989,3,downwind,4643,0.19660616331557948
32,30,55.91649779368989,3,crosswind,4318,0.1236802486195047
32,30,55.91649779368989,3,upwind,2438,-0.003671689335216985
32,30,55.91649779368989,6,downwind,4641,0.19988885240119408
32,30,55.91649779368989,6,crosswind,4321,0.12255085740528039
32,30,55.91649779368989,6,upwind,2436,0.037172320866794
32,30,55.91649779368989,12,downwind,4641,0.17836996700135974
32,30,55.91649779368989,12,crosswind,4319,0.12552376322712092
32,30,55.91649779368989,12,upwind,2433,0.03593108905761196
32,30,55.91649779368989,24,downwind,4642,0.08907988743834167
32,30,55.91649779368989,24,crosswind,4312,0.11363633797607581
32,30,55.91649779368989,24,upwind,2431,0.05478406943043069
26,30,64.5502672764806,3,downwind,5353,0.2115940818948481
26,30,64.5502672764806,3,crosswind,4492,0.20109962264511894
26,30,64.5502672764806,3,upwind,1816,0.10265169778434718
26,30,64.5502672764806,6,downwind,5353,0.278534751455502
26,30,64.5502672764806,6,crosswind,4490,0.2783306280025519
26,30,64.5502672764806,6,upwind,1817,0.12547461538764784
26,30,64.5502672764806,12,downwind,5351,0.28729388104297215
26,30,64.5502672764806,12,crosswind,4487,0.2676854867036216
26,30,64.5502672764806,12,upwind,1817,0.1710787198751706
26,30,64.5502672764806,24,downwind,5346,0.19115173280275854
26,30,64.5502672764806,24,crosswind,4484,0.23715243032202968
26,30,64.5502672764806,24,upwind,1817,0.17395380148429224
33,30,68.19730348351564,3,downwind,4139,0.39609283515798976
33,30,68.19730348351564,3,crosswind,3518,0.20590773290329886
33,30,68.19730348351564,3,upwind,3825,-0.014893176981760363
33,30,68.19730348351564,6,downwind,4139,0.3603282403803195
33,30,68.19730348351564,6,crosswind,3516,0.2214066197669405
33,30,68.19730348351564,6,upwind,3826,0.017257072119706493
33,30,68.19730348351564,12,downwind,4134,0.2877185232184228
33,30,68.19730348351564,12,crosswind,3516,0.1776125625075099
33,30,68.19730348351564,12,upwind,3826,0.06648909668014778
33,30,68.19730348351564,24,downwind,4125,0.21134947542908672
33,30,68.19730348351564,24,crosswind,3517,0.1369788550921268
33,30,68.19730348351564,24,upwind,3826,0.07945582326184424
34,30,88.28191925321227,3,downwind,4599,0.4093303890742178
34,30,88.28191925321227,3,crosswind,5218,0.19442246007191621
34,30,88.28191925321227,3,upwind,1812,0.029676044864321485
34,30,88.28191925321227,6,downwind,4597,0.3901792970079381
34,30,88.28191925321227,6,crosswind,5218,0.2262844148394873
34,30,88.28191925321227,6,upwind,1813,0.06549821443250851
34,30,88.28191925321227,12,downwind,4595,0.27426113760039106
34,30,88.28191925321227,12,crosswind,5215,0.22391718775961852
34,30,88.28191925321227,12,upwind,1813,0.10683691006729155
34,30,88.28191925321227,24,downwind,4590,0.14856028586678874
34,30,88.28191925321227,24,crosswind,5212,0.20013952013363406
34,30,88.28191925321227,24,upwind,1813,0.10190708073062153
32,31,99.69667230396045,3,downwind,1981,0.27162709671674923
32,31,99.69667230396045,3,crosswind,4626,0.11458261204194592
32,31,99.69667230396045,3,upwind,4792,0.05613886105620432
32,31,99.69667230396045,6,downwind,1981,0.2167761804576969
32,31,99.69667230396045,6,crosswind,4626,0.12713782482580493
32,31,99.69667230396045,6,upwind,4791,0.09986670955404092
32,31,99.69667230396045,12,downwind,1977,0.153279919512258
32,31,99.69667230396045,12,crosswind,4626,0.11648417246790876
32,31,99.69667230396045,12,upwind,4790,0.16047533806979197
32,31,99.69667230396045,24,downwind,1977,0.0899734168651504
32,31,99.69667230396045,24,crosswind,4618,0.04371580624919749
32,31,99.69667230396045,24,upwind,4790,0.12519608065627338
26,31,122.3485513584274,3,downwind,3043,0.21252712485177103
26,31,122.3485513584274,3,crosswind,3188,0.16147489265253182
26,31,122.3485513584274,3,upwind,5430,0.1146544225321049
26,31,122.3485513584274,6,downwind,3042,0.3262775439589487
26,31,122.3485513584274,6,crosswind,3188,0.23464118109577883
26,31,122.3485513584274,6,upwind,5430,0.15757485062661192
26,31,122.3485513584274,12,downwind,3039,0.34985756241855104
26,31,122.3485513584274,12,crosswind,3186,0.2761769451857033
26,31,122.3485513584274,12,upwind,5430,0.1668259226322484
26,31,122.3485513584274,24,downwind,3031,0.2181635513998066
26,31,122.3485513584274,24,crosswind,3185,0.2013357059325359
26,31,122.3485513584274,24,upwind,5431,0.18358563836987474
34,31,132.23432632265295,3,downwind,3368,0.4417155159452025
34,31,132.23432632265295,3,crosswind,2957,0.2914756894472283
34,31,132.23432632265295,3,upwind,5304,0.12831999608069702
34,31,132.23432632265295,6,downwind,3368,0.4171077070654761
34,31,132.23432632265295,6,crosswind,2956,0.3336439006200853
34,31,132.23432632265295,6,upwind,5304,0.17075430134218775
34,31,132.23432632265295,12,downwind,3365,0.2931161047051535
34,31,132.23432632265295,12,crosswind,2954,0.29103934697955425
34,31,132.23432632265295,12,upwind,5304,0.17988572531686817
34,31,132.23432632265295,24,downwind,3358,0.1396390282780602
34,31,132.23432632265295,24,crosswind,2952,0.10812701231449232
34,31,132.23432632265295,24,upwind,5305,0.1293523028920456
16,31,150.4084779734986,3,downwind,4290,0.45465235863263237
16,31,150.4084779734986,3,crosswind,3149,0.24156550680438857
16,31,150.4084779734986,3,upwind,4222,0.11854600241202375
16,31,150.4084779734986,6,downwind,4289,0.49478255279353106
16,31,150.4084779734986,6,crosswind,3149,0.3052053948205276
16,31,150.4084779734986,6,upwind,4222,0.16709479039120986
16,31,150.4084779734986,12,downwind,4284,0.37724743792903
16,31,150.4084779734986,12,crosswind,3149,0.32829135006893223
16,31,150.4084779734986,12,upwind,4222,0.1658105707844088
16,31,150.4084779734986,24,downwind,4278,0.13317238043156354
16,31,150.4084779734986,24,crosswind,3147,0.19454603152656977
16,31,150.4084779734986,24,upwind,4222,0.14189352869449978
30,31,153.80817873460026,3,downwind,2156,0.2887831739507688
30,31,153.80817873460026,3,crosswind,4839,0.1311721802870942
30,31,153.80817873460026,3,upwind,4666,0.03880407002592356
30,31,153.80817873460026,6,downwind,2154,0.29012689419306104
30,31,153.80817873460026,6,crosswind,4841,0.146045771631068
30,31,153.80817873460026,6,upwind,4665,0.09104110811427188
30,31,153.80817873460026,12,downwind,2150,0.2410415907515418
30,31,153.80817873460026,12,crosswind,4841,0.11306495300204851
30,31,153.80817873460026,12,upwind,4664,0.16636179955171157
30,31,153.80817873460026,24,downwind,2150,0.130973502503106
30,31,153.80817873460026,24,crosswind,4834,0.06572620212733223
30,31,153.80817873460026,24,upwind,4663,0.12296956624777397
30,32,55.91649779368989,3,downwind,2287,0.3808615514648729
30,32,55.91649779368989,3,crosswind,4744,0.2577848391508055
30,32,55.91649779368989,3,upwind,4315,0.15993217760352416
30,32,55.91649779368989,6,downwind,2280,0.32103500785248906
30,32,55.91649779368989,6,crosswind,4734,0.2491116096481743
30,32,55.91649779368989,6,upwind,4307,0.19566658702431236
30,32,55.91649779368989,12,downwind,2275,0.22042123435861666
30,32,55.91649779368989,12,crosswind,4720,0.18320224764816315
30,32,55.91649779368989,12,upwind,4293,0.21457925988651083
30,32,55.91649779368989,24,downwind,2278,0.0753903204017708
30,32,55.91649779368989,24,crosswind,4697,0.08628077171975247
30,32,55.91649779368989,24,upwind,4279,0.160418657773752
26,32,61.90177915905796,3,downwind,4209,0.20793707642219436
26,32,61.90177915905796,3,crosswind,3954,0.2018022268025012
26,32,61.90177915905796,3,upwind,3183,0.10674091802249297
26,32,61.90177915905796,6,downwind,4197,0.29501840426599474
26,32,61.90177915905796,6,crosswind,3946,0.22525319643176026
26,32,61.90177915905796,6,upwind,3178,0.15931522793272024
26,32,61.90177915905796,12,downwind,4180,0.2921929495697447
26,32,61.90177915905796,12,crosswind,3931,0.24551680301959394
26,32,61.90177915905796,12,upwind,3177,0.2020783569140555
26,32,61.90177915905796,24,downwind,4165,0.18670171427071022
26,32,61.90177915905796,24,crosswind,3915,0.17273745624425568
26,32,61.90177915905796,24,upwind,3174,0.21126742748547148
34,32,87.54687065631175,3,downwind,4273,0.4354110757046295
34,32,87.54687065631175,3,crosswind,3998,0.2538526219324011
34,32,87.54687065631175,3,upwind,3043,0.10244414656174035
34,32,87.54687065631175,6,downwind,4261,0.4454851494553716
34,32,87.54687065631175,6,crosswind,3991,0.2655132328935192
34,32,87.54687065631175,6,upwind,3038,0.12663949724168908
34,32,87.54687065631175,12,downwind,4242,0.33257455380614814
34,32,87.54687065631175,12,crosswind,3977,0.25211457052322356
34,32,87.54687065631175,12,upwind,3037,0.16946185563955515
34,32,87.54687065631175,24,downwind,4227,0.15985344238984062
34,32,87.54687065631175,24,crosswind,3959,0.1462182493013725
34,32,87.54687065631175,24,upwind,3036,0.135048193600263
114,32,89.52342852753584,3,downwind,2189,0.22630864207124315
114,32,89.52342852753584,3,crosswind,4350,0.11577304146170372
114,32,89.52342852753584,3,upwind,4740,0.07973275947214717
114,32,89.52342852753584,6,downwind,2183,0.19631755005092283
114,32,89.52342852753584,6,crosswind,4341,0.11616673891562919
114,32,89.52342852753584,6,upwind,4730,0.10981201824407387
114,32,89.52342852753584,12,downwind,2176,0.15626269026464373
114,32,89.52342852753584,12,crosswind,4333,0.0898073430882371
114,32,89.52342852753584,12,upwind,4711,0.12185504859452731
114,32,89.52342852753584,24,downwind,2177,0.06032042962938089
114,32,89.52342852753584,24,crosswind,4317,0.05793133568333359
114,32,89.52342852753584,24,upwind,4693,0.07945593883608772
116,32,91.14735611047828,3,downwind,2926,0.16209269968711656
116,32,91.14735611047828,3,crosswind,2276,0.17928966508579122
116,32,91.14735611047828,3,upwind,6138,0.058793958506713845
116,32,91.14735611047828,6,downwind,2918,0.20567487863806902
116,32,91.14735611047828,6,crosswind,2274,0.21957917995122206
116,32,91.14735611047828,6,upwind,6123,0.07245580785614665
116,32,91.14735611047828,12,downwind,2915,0.24914093963014153
116,32,91.14735611047828,12,crosswind,2271,0.23261522011685365
116,32,91.14735611047828,12,upwind,6096,0.06531195411601143
116,32,91.14735611047828,24,downwind,2910,0.22933018185934254
116,32,91.14735611047828,24,crosswind,2266,0.1927320720985005
116,32,91.14735611047828,24,upwind,6072,0.045092062763683834
26,33,61.71740786959727,3,downwind,5420,0.21765175166642653
26,33,61.71740786959727,3,crosswind,3272,0.20729138746854758
26,33,61.71740786959727,3,upwind,2754,0.23251191642319238
26,33,61.71740786959727,6,downwind,5405,0.28311317377279904
26,33,61.71740786959727,6,crosswind,3268,0.26620005223699444
26,33,61.71740786959727,6,upwind,2747,0.28049780569743504
26,33,61.71740786959727,12,downwind,5392,0.28650292781923103
26,33,61.71740786959727,12,crosswind,3257,0.266770958732725
26,33,61.71740786959727,12,upwind,2737,0.2869162659369727
26,33,61.71740786959727,24,downwind,5376,0.2215594371024595
26,33,61.71740786959727,24,crosswind,3242,0.20776369948251752
26,33,61.71740786959727,24,upwind,2729,0.1620107013588255
111,33,63.59015547659115,3,downwind,3109,0.3051621376111691
111,33,63.59015547659115,3,crosswind,3397,0.19491067585913785
111,33,63.59015547659115,3,upwind,4738,0.07535201612463856
111,33,63.59015547659115,6,downwind,3104,0.28724095942311556
111,33,63.59015547659115,6,crosswind,3390,0.18453560382559997
111,33,63.59015547659115,6,upwind,4724,0.08362347207076008
111,33,63.59015547659115,12,downwind,3096,0.21136983266587162
111,33,63.59015547659115,12,crosswind,3374,0.11902756629702682
111,33,63.59015547659115,12,upwind,4716,0.07555021415029796
111,33,63.59015547659115,24,downwind,3084,0.11119972912167518
111,33,63.59015547659115,24,crosswind,3363,0.04507122120356022
111,33,63.59015547659115,24,upwind,4701,0.058135769522860446
34,33,63.79169942786979,3,downwind,5660,0.2883309353228326
34,33,63.79169942786979,3,crosswind,3552,0.18546732058210352
34,33,63.79169942786979,3,upwind,2205,0.12262328760905132
34,33,63.79169942786979,6,downwind,5646,0.26846659310742244
34,33,63.79169942786979,6,crosswind,3544,0.20486971481501495
34,33,63.79169942786979,6,upwind,2200,0.1365819804966935
34,33,63.79169942786979,12,downwind,5632,0.1909172468650502
34,33,63.79169942786979,12,crosswind,3533,0.17154924868045532
34,33,63.79169942786979,12,upwind,2191,0.12410416787781677
34,33,63.79169942786979,24,downwind,5616,0.09004121280532158
34,33,63.79169942786979,24,crosswind,3517,0.12561909343994893
34,33,63.79169942786979,24,upwind,2185,0.0787396786025977
107,33,66.5054534114317,3,downwind,4810,0.3208023106846924
107,33,66.5054534114317,3,crosswind,4718,0.22333323805011587
107,33,66.5054534114317,3,upwind,1917,0.1311954042047349
107,33,66.5054534114317,6,downwind,4801,0.31615306263591536
107,33,66.5054534114317,6,crosswind,4706,0.23325031570816301
107,33,66.5054534114317,6,upwind,1912,0.09581164362974938
107,33,66.5054534114317,12,downwind,4778,0.22354337690487638
107,33,66.5054534114317,12,crosswind,4700,0.21173000215081828
107,33,66.5054534114317,12,upwind,1907,0.07500143450080482
107,33,66.5054534114317,24,downwind,4759,0.11095798709611333
107,33,66.5054534114317,24,crosswind,4686,0.15573814399861524
107,33,66.5054534114317,24,upwind,1901,0.060948093444553826
30,33,68.19730348351564,3,downwind,3165,0.30993081758178137
30,33,68.19730348351564,3,crosswind,3580,0.19119254950278888
30,33,68.19730348351564,3,upwind,4701,0.02313688423237205
30,33,68.19730348351564,6,downwind,3155,0.30421182903769417
30,33,68.19730348351564,6,crosswind,3573,0.20630955681866506
30,33,68.19730348351564,6,upwind,4692,0.024601194810604535
30,33,68.19730348351564,12,downwind,3143,0.21827627045462938
30,33,68.19730348351564,12,crosswind,3573,0.18419620471362252
30,33,68.19730348351564,12,upwind,4670,0.03337913623783533
30,33,68.19730348351564,24,downwind,3139,0.1562781793086221
30,33,68.19730348351564,24,crosswind,3553,0.10266921404179545
30,33,68.19730348351564,24,upwind,4655,0.0010315628282193269
26,34,26.76150763762404,3,downwind,2450,0.13357320556546268
26,34,26.76150763762404,3,crosswind,4640,0.19874900605049398
26,34,26.76150763762404,3,upwind,4522,0.23147290270102097
26,34,26.76150763762404,6,downwind,2447,0.20346408094532972
26,34,26.76150763762404,6,crosswind,4639,0.23034238167632307
26,34,26.76150763762404,6,upwind,4521,0.28806717653137515
26,34,26.76150763762404,12,downwind,2444,0.21780533465581672
26,34,26.76150763762404,12,crosswind,4637,0.2135067762276043
26,34,26.76150763762404,12,upwind,4515,0.253744149026108
26,34,26.76150763762404,24,downwind,2441,0.2144783235755402
26,34,26.76150763762404,24,crosswind,4641,0.15943553225519275
26,34,26.76150763762404,24,upwind,4503,0.12816028792613568
107,34,44.7311662984183,3,downwind,3958,0.385665943518598
107,34,44.7311662984183,3,crosswind,3272,0.23922174282336553
107,34,44.7311662984183,3,upwind,4381,0.14153367781769674
107,34,44.7311662984183,6,downwind,3956,0.30309325996763836
107,34,44.7311662984183,6,crosswind,3269,0.18642779713784102
107,34,44.7311662984183,6,upwind,4381,0.16773068069964475
107,34,44.7311662984183,12,downwind,3952,0.16363041300459255
107,34,44.7311662984183,12,crosswind,3267,0.13066704070506263
107,34,44.7311662984183,12,upwind,4376,0.1333946581436222
107,34,44.7311662984183,24,downwind,3944,0.0396565022209812
107,34,44.7311662984183,24,crosswind,3269,0.04733166211782867
107,34,44.7311662984183,24,upwind,4371,0.1411305882170221
33,34,63.79169942786979,3,downwind,2312,0.28655740612007957
33,34,63.79169942786979,3,crosswind,3517,0.16417293401890418
33,34,63.79169942786979,3,upwind,5607,0.06217739997721804
33,34,63.79169942786979,6,downwind,2311,0.24986949075581
33,34,63.79169942786979,6,crosswind,3513,0.18268278165794766
33,34,63.79169942786979,6,upwind,5606,0.09714844607189502
33,34,63.79169942786979,12,downwind,2308,0.16540032598526497
33,34,63.79169942786979,12,crosswind,3507,0.15108425065143324
33,34,63.79169942786979,12,upwind,5604,0.13595163085979386
33,34,63.79169942786979,24,downwind,2303,0.09101710851681005
33,34,63.79169942786979,24,crosswind,3501,0.12381442901043341
33,34,63.79169942786979,24,upwind,5604,0.13732936815671998
108,34,81.99888498739514,3,downwind,4502,0.3808738258213505
108,34,81.99888498739514,3,crosswind,4332,0.20383272786821527
108,34,81.99888498739514,3,upwind,2523,0.1223558024337251
108,34,81.99888498739514,6,downwind,4501,0.32673525076590565
108,34,81.99888498739514,6,crosswind,4331,0.2216919544943022
108,34,81.99888498739514,6,upwind,2520,0.1394249435379391
108,34,81.99888498739514,12,downwind,4492,0.1812704015138491
108,34,81.99888498739514,12,crosswind,4333,0.15576288412719816
108,34,81.99888498739514,12,upwind,2516,0.13342839292732905
108,34,81.99888498739514,24,downwind,4487,-0.0016107457230000834
108,34,81.99888498739514,24,crosswind,4331,0.07379335486082562
108,34,81.99888498739514,24,upwind,2514,0.09224838954506305
16,34,84.09895338993798,3,downwind,4941,0.3834115616666641
16,34,84.09895338993798,3,crosswind,4838,0.2246531866511755
16,34,84.09895338993798,3,upwind,1833,0.06641632767472322
16,34,84.09895338993798,6,downwind,4939,0.37698593302996136
16,34,84.09895338993798,6,crosswind,4836,0.2402649902031832
16,34,84.09895338993798,6,upwind,1832,0.11084216072029417
16,34,84.09895338993798,12,downwind,4938,0.2628504773988231
16,34,84.09895338993798,12,crosswind,4826,0.18960493654754426
16,34,84.09895338993798,12,upwind,1832,0.13374651200785567
16,34,84.09895338993798,24,downwind,4934,0.08437932029557361
16,34,84.09895338993798,24,crosswind,4825,0.11054975495404415
16,34,84.09895338993798,24,upwind,1826,0.05492529983426691
116,35,46.38196561323736,3,downwind,6440,0.346915929801477
116,35,46.38196561323736,3,crosswind,2820,0.23064029033098082
116,35,46.38196561323736,3,upwind,2390,0.1259327062054197
116,35,46.38196561323736,6,downwind,6439,0.28511019223857786
116,35,46.38196561323736,6,crosswind,2819,0.2588291030178589
116,35,46.38196561323736,6,upwind,2390,0.13536597072335388
116,35,46.38196561323736,12,downwind,6436,0.18330051110090972
116,35,46.38196561323736,12,crosswind,2817,0.21546058514902947
116,35,46.38196561323736,12,upwind,2390,0.18629946543998882
116,35,46.38196561323736,24,downwind,6424,0.06760789092863671
116,35,46.38196561323736,24,crosswind,2822,0.13986896914237323
116,35,46.38196561323736,24,upwind,2389,0.19764901189550144
37,35,75.53630642988733,3,downwind,5557,0.154312572761176
37,35,75.53630642988733,3,crosswind,1730,0.046669857042288196
37,35,75.53630642988733,3,upwind,4369,0.0007727017250990006
37,35,75.53630642988733,6,downwind,5556,0.16337812220215073
37,35,75.53630642988733,6,crosswind,1730,0.08310729736380637
37,35,75.53630642988733,6,upwind,4368,0.01843394441907863
37,35,75.53630642988733,12,downwind,5556,0.15039079828800583
37,35,75.53630642988733,12,crosswind,1728,0.11556550036601869
37,35,75.53630642988733,12,upwind,4365,0.038522566127328475
37,35,75.53630642988733,24,downwind,5554,0.10487319385707654
37,35,75.53630642988733,24,crosswind,1725,0.10516869715144944
37,35,75.53630642988733,24,upwind,4362,0.015320411416698777
36,35,79.1851332308926,3,downwind,2686,0.3435360609032373
36,35,79.1851332308926,3,crosswind,1391,0.09715601503886115
36,35,79.1851332308926,3,upwind,7579,0.049272924215658556
36,35,79.1851332308926,6,downwind,2686,0.327500413630358
36,35,79.1851332308926,6,crosswind,1390,0.1366691079052711
36,35,79.1851332308926,6,upwind,7578,0.0625988903995765
36,35,79.1851332308926,12,downwind,2685,0.2509700749932987
36,35,79.1851332308926,12,crosswind,1390,0.12518358251985243
36,35,79.1851332308926,12,upwind,7574,0.0758397203044684
36,35,79.1851332308926,24,downwind,2686,0.10159705671515866
36,35,79.1851332308926,24,crosswind,1389,0.11416783634861948
36,35,79.1851332308926,24,upwind,7566,0.03781829261013047
114,35,127.59985468096644,3,downwind,4703,0.36004258110144927
114,35,127.59985468096644,3,crosswind,3829,0.19150918397195746
114,35,127.59985468096644,3,upwind,3052,0.04659901554694358
114,35,127.59985468096644,6,downwind,4701,0.4004638298335128
114,35,127.59985468096644,6,crosswind,3828,0.21934139994919655
114,35,127.59985468096644,6,upwind,3053,0.08593867193808849
114,35,127.59985468096644,12,downwind,4696,0.2901028284665199
114,35,127.59985468096644,12,crosswind,3828,0.1997985376920147
114,35,127.59985468096644,12,upwind,3053,0.14820811857725222
114,35,127.59985468096644,24,downwind,4692,0.12019306182396232
114,35,127.59985468096644,24,crosswind,3824,0.07848172079677791
114,35,127.59985468096644,24,upwind,3054,0.11018476199780101
30,35,130.97723100216857,3,downwind,5516,0.3952823197301578
30,35,130.97723100216857,3,crosswind,3093,0.1923390762373701
30,35,130.97723100216857,3,upwind,3047,0.10822266676602954
30,35,130.97723100216857,6,downwind,5513,0.49054791001332765
30,35,130.97723100216857,6,crosswind,3093,0.235900633648123
30,35,130.97723100216857,6,upwind,3048,0.1438920750361255
30,35,130.97723100216857,12,downwind,5510,0.43342013148523423
30,35,130.97723100216857,12,crosswind,3091,0.26541357812324207
30,35,130.97723100216857,12,upwind,3048,0.17464482239790818
30,35,130.97723100216857,24,downwind,5500,0.21233312872041749
30,35,130.97723100216857,24,crosswind,3092,0.17901443316558685
30,35,130.97723100216857,24,upwind,3049,0.1270555972682243
35,36,79.1851332308926,3,downwind,6766,0.3829330611543149
35,36,79.1851332308926,3,crosswind,3023,0.20577447658569592
35,36,79.1851332308926,3,upwind,1869,0.04009571715915385
35,36,79.1851332308926,6,downwind,6766,0.3808744217126136
35,36,79.1851332308926,6,crosswind,3023,0.20546043862842678
35,36,79.1851332308926,6,upwind,1868,0.07546100570179348
35,36,79.1851332308926,12,downwind,6761,0.29272175025482133
35,36,79.1851332308926,12,crosswind,3022,0.15907959839525443
35,36,79.1851332308926,12,upwind,1869,0.09117282611853675
35,36,79.1851332308926,24,downwind,6754,0.18912673104318808
35,36,79.1851332308926,24,crosswind,3022,0.0597685391652899
35,36,79.1851332308926,24,upwind,1868,0.03172101995477921
142,36,105.20250486557484,3,downwind,2664,0.21090920707237212
142,36,105.20250486557484,3,crosswind,2217,0.15442251575659732
142,36,105.20250486557484,3,upwind,6778,0.07624841065741195
142,36,105.20250486557484,6,downwind,2664,0.23032971293928897
142,36,105.20250486557484,6,crosswind,2216,0.169464111932217
142,36,105.20250486557484,6,upwind,6778,0.1258407888326624
142,36,105.20250486557484,12,downwind,2665,0.20444202837311817
142,36,105.20250486557484,12,crosswind,2214,0.19223768348009065
142,36,105.20250486557484,12,upwind,6774,0.16163979813988613
142,36,105.20250486557484,24,downwind,2662,0.11571944803278639
142,36,105.20250486557484,24,crosswind,2216,0.16185457588663285
142,36,105.20250486557484,24,upwind,6767,0.15504247637869215
37,36,116.70920194774918,3,downwind,5782,0.14121966605388375
37,36,116.70920194774918,3,crosswind,3253,0.08950529513823784
37,36,116.70920194774918,3,upwind,2626,0.06854174005895788
37,36,116.70920194774918,6,downwind,5781,0.15414815044704905
37,36,116.70920194774918,6,crosswind,3255,0.09312179262134565
37,36,116.70920194774918,6,upwind,2624,0.07427526466927813
37,36,116.70920194774918,12,downwind,5778,0.14024916336008564
37,36,116.70920194774918,12,crosswind,3256,0.10509451297188535
37,36,116.70920194774918,12,upwind,2621,0.05612352743140815
37,36,116.70920194774918,24,downwind,5779,0.11168510969533098
37,36,116.70920194774918,24,crosswind,3247,0.1139535235752081
37,36,116.70920194774918,24,upwind,2621,0.005603008868954336
135,36,120.32294865719184,3,downwind,3004,0.31196561964003516
135,36,120.32294865719184,3,crosswind,4205,0.17985040643804906
135,36,120.32294865719184,3,upwind,4452,0.10265080601543244
135,36,120.32294865719184,6,downwind,3004,0.3930849208026799
135,36,120.32294865719184,6,crosswind,4205,0.23031362063791563
135,36,120.32294865719184,6,upwind,4451,0.13625069589884917
135,36,120.32294865719184,12,downwind,3001,0.4093230028138921
135,36,120.32294865719184,12,crosswind,4203,0.22598164385052605
135,36,120.32294865719184,12,upwind,4451,0.18418562450389633
135,36,120.32294865719184,24,downwind,2996,0.31802722205612377
135,36,120.32294865719184,24,crosswind,4199,0.14606586301717112
135,36,120.32294865719184,24,upwind,4452,0.15060374644009372
116,36,123.17875587262047,3,downwind,6207,0.3435615185676373
116,36,123.17875587262047,3,crosswind,3413,0.21097015621004925
116,36,123.17875587262047,3,upwind,2035,0.10147769840680984
116,36,123.17875587262047,6,downwind,6207,0.38804673131969186
116,36,123.17875587262047,6,crosswind,3412,0.25154290017491693
116,36,123.17875587262047,6,upwind,2035,0.09632432532851057
116,36,123.17875587262047,12,downwind,6204,0.32142903436967407
116,36,123.17875587262047,12,crosswind,3409,0.21842437846446727
116,36,123.17875587262047,12,upwind,2036,0.11873469557313839
116,36,123.17875587262047,24,downwind,6194,0.1925269060061429
116,36,123.17875587262047,24,crosswind,3413,0.14629596956920898
116,36,123.17875587262047,24,upwind,2034,0.1229178131084823
35,37,75.53630642988733,3,downwind,3413,0.41654266524793004
35,37,75.53630642988733,3,crosswind,4707,0.22575189112389304
35,37,75.53630642988733,3,upwind,3538,0.16532722076475753
35,37,75.53630642988733,6,downwind,3414,0.45442309203033954
35,37,75.53630642988733,6,crosswind,4706,0.2786916482142495
35,37,75.53630642988733,6,upwind,3537,0.17856561434195642
35,37,75.53630642988733,12,downwind,3411,0.3601027752776799
35,37,75.53630642988733,12,crosswind,4704,0.3042130560403023
35,37,75.53630642988733,12,upwind,3537,0.22634389407659045
35,37,75.53630642988733,24,downwind,3407,0.220534641101351
35,37,75.53630642988733,24,crosswind,4699,0.2281092161373808
35,37,75.53630642988733,24,upwind,3538,0.1892172076495254
116,37,98.51627656419508,3,downwind,5677,0.32687473445588827
116,37,98.51627656419508,3,crosswind,2487,0.22403882405001393
116,37,98.51627656419508,3,upwind,3491,0.13793644773824462
116,37,98.51627656419508,6,downwind,5676,0.406933970006556
116,37,98.51627656419508,6,crosswind,2487,0.29433489736441204
116,37,98.51627656419508,6,upwind,3491,0.1792136579623192
116,37,98.51627656419508,12,downwind,5671,0.3708308316500487
116,37,98.51627656419508,12,crosswind,2487,0.30755643720704573
116,37,98.51627656419508,12,upwind,3491,0.23466518114784665
116,37,98.51627656419508,24,downwind,5664,0.21238570046956504
116,37,98.51627656419508,24,crosswind,2485,0.26205431967194576
116,37,98.51627656419508,24,upwind,3492,0.21847943721629623
36,37,116.70920194774918,3,downwind,1894,0.3202807438432454
36,37,116.70920194774918,3,crosswind,4567,0.24409428484427698
36,37,116.70920194774918,3,upwind,5200,0.14751463877146928
36,37,116.70920194774918,6,downwind,1893,0.41377891051545823
36,37,116.70920194774918,6,crosswind,4567,0.27537032408623796
36,37,116.70920194774918,6,upwind,5200,0.1934923202651067
36,37,116.70920194774918,12,downwind,1892,0.3613196301537979
36,37,116.70920194774918,12,crosswind,4564,0.2993465399399863
36,37,116.70920194774918,12,upwind,5199,0.21280929577007307
36,37,116.70920194774918,24,downwind,1892,0.204066092578078
36,37,116.70920194774918,24,crosswind,4559,0.20124548892419444
36,37,116.70920194774918,24,upwind,5196,0.17869178812794995
32,37,184.9055203786373,3,downwind,5206,0.25312370772437115
32,37,184.9055203786373,3,crosswind,3108,0.21499322339937318
32,37,184.9055203786373,3,upwind,3085,0.12349693952541302
32,37,184.9055203786373,6,downwind,5206,0.3470093140875846
32,37,184.9055203786373,6,crosswind,3106,0.2694633371627275
32,37,184.9055203786373,6,upwind,3086,0.14462265768762694
32,37,184.9055203786373,12,downwind,5201,0.38675526272698274
32,37,184.9055203786373,12,crosswind,3106,0.3021787270957053
32,37,184.9055203786373,12,upwind,3086,0.18012076889626813
32,37,184.9055203786373,24,downwind,5193,0.2776791471553529
32,37,184.9055203786373,24,crosswind,3105,0.23387897210284467
32,37,184.9055203786373,24,upwind,3087,0.15038320522465703
142,37,190.58699892667735,3,downwind,2709,0.25101737769914806
142,37,190.58699892667735,3,crosswind,2326,0.1286415901600013
142,37,190.58699892667735,3,upwind,6624,0.11265001052826516
142,37,190.58699892667735,6,downwind,2708,0.34822821366159584
142,37,190.58699892667735,6,crosswind,2327,0.17265387173777536
142,37,190.58699892667735,6,upwind,6623,0.15595696169650505
142,37,190.58699892667735,12,downwind,2708,0.3899203039022139
142,37,190.58699892667735,12,crosswind,2325,0.17864781559862683
142,37,190.58699892667735,12,upwind,6620,0.20008765824966154
142,37,190.58699892667735,24,downwind,2708,0.23740597711028935
142,37,190.58699892667735,24,crosswind,2322,0.17439775203003957
142,37,190.58699892667735,24,upwind,6615,0.16968718150762
115,38,10.195398025307217,3,downwind,3111,0.26598329323249476
115,38,10.195398025307217,3,crosswind,3916,0.16661645274848003
115,38,10.195398025307217,3,upwind,4634,0.13382409307025325
115,38,10.195398025307217,6,downwind,3109,0.2970193749533799
115,38,10.195398025307217,6,crosswind,3917,0.19318372951310891
115,38,10.195398025307217,6,upwind,4634,0.16962516359679541
115,38,10.195398025307217,12,downwind,3107,0.2608437459765304
115,38,10.195398025307217,12,crosswind,3915,0.1530686275336747
115,38,10.195398025307217,12,upwind,4633,0.21646015719187642
115,38,10.195398025307217,24,downwind,3105,0.1989670485519096
115,38,10.195398025307217,24,crosswind,3913,0.1357419028477479
115,38,10.195398025307217,24,upwind,4629,0.17767690942812478
137,38,69.92791665454905,3,downwind,2249,0.34327757294509786
137,38,69.92791665454905,3,crosswind,3418,0.1807261243100726
137,38,69.92791665454905,3,upwind,5990,0.038524859185951686
137,38,69.92791665454905,6,downwind,2250,0.28634062613078304
137,38,69.92791665454905,6,crosswind,3417,0.1857880573107357
137,38,69.92791665454905,6,upwind,5989,0.04984552888231487
137,38,69.92791665454905,12,downwind,2248,0.2080951762480953
137,38,69.92791665454905,12,crosswind,3415,0.15518482860781133
137,38,69.92791665454905,12,upwind,5988,0.05988956930172594
137,38,69.92791665454905,24,downwind,2247,0.1625837466022266
137,38,69.92791665454905,24,crosswind,3413,0.07730739122284247
137,38,69.92791665454905,24,upwind,5983,0.061617125452966784
131,38,98.86350429174534,3,downwind,2655,0.3525160705438495
131,38,98.86350429174534,3,crosswind,4433,0.22926345931473607
131,38,98.86350429174534,3,upwind,4569,0.027325548121276404
131,38,98.86350429174534,6,downwind,2654,0.33691019332939603
131,38,98.86350429174534,6,crosswind,4433,0.2272280241108209
131,38,98.86350429174534,6,upwind,4569,0.03432528728682894
131,38,98.86350429174534,12,downwind,2652,0.21467752860213907
131,38,98.86350429174534,12,crosswind,4431,0.18777350845802912
131,38,98.86350429174534,12,upwind,4568,0.06318997696751343
131,38,98.86350429174534,24,downwind,2651,0.07621338566672022
131,38,98.86350429174534,24,crosswind,4426,0.08436453110448298
131,38,98.86350429174534,24,upwind,4566,0.03909053999919667
136,38,112.53176566084205,3,downwind,5892,0.3196757689494285
136,38,112.53176566084205,3,crosswind,3327,0.0721830516450572
136,38,112.53176566084205,3,upwind,2442,0.043378190491867905
136,38,112.53176566084205,6,downwind,5890,0.3225499277906953
136,38,112.53176566084205,6,crosswind,3325,0.11393816563040524
136,38,112.53176566084205,6,upwind,2445,0.08738664380958021
136,38,112.53176566084205,12,downwind,5886,0.2583541796668509
136,38,112.53176566084205,12,crosswind,3325,0.10906717178868254
136,38,112.53176566084205,12,upwind,2444,0.12711841636531512
136,38,112.53176566084205,24,downwind,5877,0.14889157261567976
136,38,112.53176566084205,24,crosswind,3324,0.06120021620249334
136,38,112.53176566084205,24,upwind,2446,0.09185728018634536
133,38,115.19946429863045,3,downwind,2748,0.18493121215425273
133,38,115.19946429863045,3,crosswind,6162,0.09656918803507765
133,38,115.19946429863045,3,upwind,2747,-0.02986537315992516
133,38,115.19946429863045,6,downwind,2748,0.17947188257287702
133,38,115.19946429863045,6,crosswind,6162,0.12326349928807609
133,38,115.19946429863045,6,upwind,2746,0.0020728872602165703
133,38,115.19946429863045,12,downwind,2746,0.1889306325989412
133,38,115.19946429863045,12,crosswind,6160,0.13812028389569486
133,38,115.19946429863045,12,upwind,2745,-0.003467245238310109
133,38,115.19946429863045,24,downwind,2746,0.14696127684674348
133,38,115.19946429863045,24,crosswind,6157,0.11090921352006552
133,38,115.19946429863045,24,upwind,2740,-0.001683536921229514
73,39,108.50471265974755,3,downwind,6623,0.36296568443247373
73,39,108.50471265974755,3,crosswind,2083,0.19311792423457502
73,39,108.50471265974755,3,upwind,2949,0.09208102581587806
73,39,108.50471265974755,6,downwind,6621,0.4169038234244609
73,39,108.50471265974755,6,crosswind,2083,0.22872615744121436
73,39,108.50471265974755,6,upwind,2949,0.11646782908492774
73,39,108.50471265974755,12,downwind,6617,0.3299228430237006
73,39,108.50471265974755,12,crosswind,2083,0.17060244417971437
73,39,108.50471265974755,12,upwind,2949,0.10718207031708867
73,39,108.50471265974755,24,downwind,6609,0.1628947431116648
73,39,108.50471265974755,24,crosswind,2083,0.09001294935573646
73,39,108.50471265974755,24,upwind,2949,0.03718189611873091
141,39,124.29339249206056,3,downwind,3206,0.1349088676939602
141,39,124.29339249206056,3,crosswind,5727,0.12127669229186731
141,39,124.29339249206056,3,upwind,2731,0.06561505630823777
141,39,124.29339249206056,6,downwind,3206,0.17035970878176007
141,39,124.29339249206056,6,crosswind,5725,0.14066481595089822
141,39,124.29339249206056,6,upwind,2731,0.05989420768593129
141,39,124.29339249206056,12,downwind,3206,0.1682849613775396
141,39,124.29339249206056,12,crosswind,5723,0.12778749537136136
141,39,124.29339249206056,12,upwind,2729,0.04932648551138105
141,39,124.29339249206056,24,downwind,3206,0.09884798568131725
141,39,124.29339249206056,24,crosswind,5716,0.13861882841750553
141,39,124.29339249206056,24,upwind,2728,0.02331847738507812
140,39,147.4330832710782,3,downwind,6802,0.17038533565325958
140,39,147.4330832710782,3,crosswind,2830,0.1401091513770914
140,39,147.4330832710782,3,upwind,2031,0.18624890824013518
140,39,147.4330832710782,6,downwind,6800,0.1953509234799561
140,39,147.4330832710782,6,crosswind,2830,0.1728466047804588
140,39,147.4330832710782,6,upwind,2031,0.19220930029988373
140,39,147.4330832710782,12,downwind,6795,0.19918280169704916
140,39,147.4330832710782,12,crosswind,2830,0.15654288911543338
140,39,147.4330832710782,12,upwind,2032,0.14598012750787318
140,39,147.4330832710782,24,downwind,6790,0.19479687164889223
140,39,147.4330832710782,24,crosswind,2827,0.10444516667618267
140,39,147.4330832710782,24,upwind,2032,0.12502320667346534
151,39,187.3484390034819,3,downwind,3719,0.30722878933027287
151,39,187.3484390034819,3,crosswind,2322,0.17514503237712226
151,39,187.3484390034819,3,upwind,5629,0.10965387655210887
151,39,187.3484390034819,6,downwind,3718,0.4129896822716727
151,39,187.3484390034819,6,crosswind,2322,0.21462971967386754
151,39,187.3484390034819,6,upwind,5628,0.1431778237750918
151,39,187.3484390034819,12,downwind,3715,0.4445046057805805
151,39,187.3484390034819,12,crosswind,2320,0.2207802095396256
151,39,187.3484390034819,12,upwind,5629,0.1588417917837361
151,39,187.3484390034819,24,downwind,3711,0.3323919403559765
151,39,187.3484390034819,24,crosswind,2318,0.1735517259792032
151,39,187.3484390034819,24,upwind,5627,0.13967367100828312
158,39,197.20061222509486,3,downwind,2787,0.28032139948786466
158,39,197.20061222509486,3,crosswind,4413,0.15693243137538143
158,39,197.20061222509486,3,upwind,4471,0.08941348887079863
158,39,197.20061222509486,6,downwind,2786,0.37774151876108153
158,39,197.20061222509486,6,crosswind,4413,0.19457639413504063
158,39,197.20061222509486,6,upwind,4470,0.1013633354306431
158,39,197.20061222509486,12,downwind,2784,0.41577157792889724
158,39,197.20061222509486,12,crosswind,4411,0.17532295399224151
158,39,197.20061222509486,12,upwind,4470,0.10010767540176523
158,39,197.20061222509486,24,downwind,2785,0.3213539109373297
158,39,197.20061222509486,24,crosswind,4404,0.0822138937055491
158,39,197.20061222509486,24,upwind,4468,0.10160138093354983
97,40,47.80928360452353,3,downwind,3443,0.1767210624896146
97,40,47.80928360452353,3,crosswind,4734,0.02152637562851805
97,40,47.80928360452353,3,upwind,3457,0.03420632282789568
97,40,47.80928360452353,6,downwind,3443,0.1357098814430939
97,40,47.80928360452353,6,crosswind,4732,0.010901306744822321
97,40,47.80928360452353,6,upwind,3458,0.0315504200905768
97,40,47.80928360452353,12,downwind,3441,0.06522428314222863
97,40,47.80928360452353,12,crosswind,4729,-0.017828153622756332
97,40,47.80928360452353,12,upwind,3458,0.0026932492463546064
97,40,47.80928360452353,24,downwind,3435,0.021549496160126302
97,40,47.80928360452353,24,crosswind,4727,-0.05035354826756025
97,40,47.80928360452353,24,upwind,3458,-0.040522666440347424
62,40,53.03901773112007,3,downwind,6092,0.21528080347683973
62,40,53.03901773112007,3,crosswind,2379,0.13670785330711271
62,40,53.03901773112007,3,upwind,3189,0.06399918388299213
62,40,53.03901773112007,6,downwind,6093,0.2247957424644512
62,40,53.03901773112007,6,crosswind,2378,0.15239850113186457
62,40,53.03901773112007,6,upwind,3188,0.08289102457463073
62,40,53.03901773112007,12,downwind,6091,0.18316334339022858
62,40,53.03901773112007,12,crosswind,2378,0.14492723077149436
62,40,53.03901773112007,12,upwind,3185,0.070532984160575
62,40,53.03901773112007,24,downwind,6089,0.09164276326973421
62,40,53.03901773112007,24,crosswind,2373,0.0632067730266659
62,40,53.03901773112007,24,upwind,3184,-0.00792124250261937
53,40,76.5809562328,3,downwind,4135,0.1472342125415605
53,40,76.5809562328,3,crosswind,5027,0.11030950601709555
53,40,76.5809562328,3,upwind,2352,0.08870831380847868
53,40,76.5809562328,6,downwind,4136,0.1887748638453952
53,40,76.5809562328,6,crosswind,5026,0.13430449555504784
53,40,76.5809562328,6,upwind,2351,0.10247671971281036
53,40,76.5809562328,12,downwind,4134,0.20382659685574125
53,40,76.5809562328,12,crosswind,5025,0.1405629325881378
53,40,76.5809562328,12,upwind,2349,0.06834348975708246
53,40,76.5809562328,24,downwind,4131,0.14184148281241088
53,40,76.5809562328,24,crosswind,5026,0.07902523038717846
53,40,76.5809562328,24,upwind,2343,0.009541810849837878
57,40,90.78902296442386,3,downwind,3286,0.3303571128696214
57,40,90.78902296442386,3,crosswind,4206,0.15890392849949506
57,40,90.78902296442386,3,upwind,4166,0.13205923569939282
57,40,90.78902296442386,6,downwind,3286,0.3195057646236545
57,40,90.78902296442386,6,crosswind,4204,0.17705105063887747
57,40,90.78902296442386,6,upwind,4167,0.15480842986760388
57,40,90.78902296442386,12,downwind,3285,0.2877789036880338
57,40,90.78902296442386,12,crosswind,4202,0.12768923324239953
57,40,90.78902296442386,12,upwind,4165,0.16268917657559684
57,40,90.78902296442386,24,downwind,3280,0.17957199216546424
57,40,90.78902296442386,24,crosswind,4199,0.076124423161327
57,40,90.78902296442386,24,upwind,4165,0.09615817812968619
55,40,94.16558003630644,3,downwind,2330,0.2802008982425877
55,40,94.16558003630644,3,crosswind,5769,0.20364886599281337
55,40,94.16558003630644,3,upwind,3529,0.14107805300331508
55,40,94.16558003630644,6,downwind,2331,0.2720114002799168
55,40,94.16558003630644,6,crosswind,5768,0.22128974972062407
55,40,94.16558003630644,6,upwind,3528,0.13876214739504333
55,40,94.16558003630644,12,downwind,2331,0.19483447076067065
55,40,94.16558003630644,12,crosswind,5767,0.2005416070575544
55,40,94.16558003630644,12,upwind,3524,0.11732387300872117
55,40,94.16558003630644,24,downwind,2330,0.08832551875053458
55,40,94.16558003630644,24,crosswind,5762,0.147734510805735
55,40,94.16558003630644,24,upwind,3522,0.07213504256351129
98,41,28.553539326073427,3,downwind,3745,0.31482846199280756
98,41,28.553539326073427,3,crosswind,2670,0.2351013185077239
98,41,28.553539326073427,3,upwind,5074,0.07474606362368458
98,41,28.553539326073427,6,downwind,3743,0.20544696122082848
98,41,28.553539326073427,6,crosswind,2670,0.18630943651159362
98,41,28.553539326073427,6,upwind,5075,0.06599045682226272
98,41,28.553539326073427,12,downwind,3740,0.10925025575805385
98,41,28.553539326073427,12,crosswind,2670,0.10659569344760665
98,41,28.553539326073427,12,upwind,5073,0.056862887845008765
98,41,28.553539326073427,24,downwind,3735,0.05899917893735977
98,41,28.553539326073427,24,crosswind,2670,0.09329305428412082
98,41,28.553539326073427,24,upwind,5070,0.07135005527477542
100,41,33.1936541707213,3,downwind,3182,0.2417739134275808
100,41,33.1936541707213,3,crosswind,4754,0.11927631048499229
100,41,33.1936541707213,3,upwind,3602,0.03516795593748686
100,41,33.1936541707213,6,downwind,3183,0.14554550926705692
100,41,33.1936541707213,6,crosswind,4751,0.09778379655240305
100,41,33.1936541707213,6,upwind,3603,0.01585308139235257
100,41,33.1936541707213,12,downwind,3177,0.048392474258160414
100,41,33.1936541707213,12,crosswind,4753,0.08321034666707812
100,41,33.1936541707213,12,upwind,3602,-0.004314427630265092
100,41,33.1936541707213,24,downwind,3177,-0.015232977825418673
100,41,33.1936541707213,24,crosswind,4746,0.0424649899293328
100,41,33.1936541707213,24,upwind,3601,0.0033323727804223133
99,41,43.933743728759936,3,downwind,4228,0.1576963007746765
99,41,43.933743728759936,3,crosswind,3893,0.09797071059336548
99,41,43.933743728759936,3,upwind,3379,0.01792462141754336
99,41,43.933743728759936,6,downwind,4229,0.1269104699653317
99,41,43.933743728759936,6,crosswind,3891,0.09390580327201609
99,41,43.933743728759936,6,upwind,3379,0.010492764141240283
99,41,43.933743728759936,12,downwind,4226,0.07712388520936157
99,41,43.933743728759936,12,crosswind,3888,0.054528854252090836
99,41,43.933743728759936,12,upwind,3380,0.010232798078541203
99,41,43.933743728759936,24,downwind,4223,-0.0112354761367306
99,41,43.933743728759936,24,crosswind,3886,-0.0010733904048660676
99,41,43.933743728759936,24,upwind,3377,-0.020545607029742285
102,41,80.31385600097049,3,downwind,4004,0.47415966821199484
102,41,80.31385600097049,3,crosswind,2296,0.34807431578579084
102,41,80.31385600097049,3,upwind,5107,0.08771747402171938
102,41,80.31385600097049,6,downwind,4003,0.405232740077858
102,41,80.31385600097049,6,crosswind,2296,0.3539820291843051
102,41,80.31385600097049,6,upwind,5107,0.11028789340965622
102,41,80.31385600097049,12,downwind,4001,0.24286808108551552
102,41,80.31385600097049,12,crosswind,2294,0.3218648497698672
102,41,80.31385600097049,12,upwind,5106,0.10551999020435972
102,41,80.31385600097049,24,downwind,3992,0.12248148290537691
102,41,80.31385600097049,24,crosswind,2295,0.22610594698403655
102,41,80.31385600097049,24,upwind,5106,0.0771876498794127
101,41,83.01373619998361,3,downwind,4106,0.3660870338209603
101,41,83.01373619998361,3,crosswind,2318,0.11636458389242957
101,41,83.01373619998361,3,upwind,5066,0.01678708384690768
101,41,83.01373619998361,6,downwind,4104,0.32819087985682643
101,41,83.01373619998361,6,crosswind,2320,0.11024649755807427
101,41,83.01373619998361,6,upwind,5065,0.04399750544110902
101,41,83.01373619998361,12,downwind,4100,0.198484091918567
101,41,83.01373619998361,12,crosswind,2319,0.08563648931260646
101,41,83.01373619998361,12,upwind,5065,0.06937091033772867
101,41,83.01373619998361,24,downwind,4092,0.05747275915026715
101,41,83.01373619998361,24,crosswind,2320,0.02022385739626658
101,41,83.01373619998361,24,upwind,5064,0.0842552666360009
76,42,61.12416755407387,3,downwind,4059,0.26280496832326045
76,42,61.12416755407387,3,crosswind,5045,0.18061216175973271
76,42,61.12416755407387,3,upwind,2557,-0.0050557948736035755
76,42,61.12416755407387,6,downwind,4058,0.21804497084321406
76,42,61.12416755407387,6,crosswind,5045,0.16264710195236082
76,42,61.12416755407387,6,upwind,2557,0.0014664127203195842
76,42,61.12416755407387,12,downwind,4058,0.08471287910640471
76,42,61.12416755407387,12,crosswind,5041,0.07907575327923164
76,42,61.12416755407387,12,upwind,2556,0.018800639640338325
76,42,61.12416755407387,24,downwind,4054,-0.0030800619379116453
76,42,61.12416755407387,24,crosswind,5037,-0.01405887277118826
76,42,61.12416755407387,24,upwind,2556,0.019335431019388973
144,42,62.20892962080598,3,downwind,4339,0.24674613734263728
144,42,62.20892962080598,3,crosswind,2174,0.09075438791736164
144,42,62.20892962080598,3,upwind,5147,0.00868667086798563
144,42,62.20892962080598,6,downwind,4337,0.21760445778318263
144,42,62.20892962080598,6,crosswind,2175,0.08717063748983585
144,42,62.20892962080598,6,upwind,5147,0.02742325020327232
144,42,62.20892962080598,12,downwind,4335,0.13451271295362333
144,42,62.20892962080598,12,crosswind,2175,0.04050428535380737
144,42,62.20892962080598,12,upwind,5144,0.03889721869532117
144,42,62.20892962080598,24,downwind,4330,0.03931413093618305
144,42,62.20892962080598,24,crosswind,2174,0.05668752123555034
144,42,62.20892962080598,24,upwind,5142,0.0213616567256238
77,42,64.65771763796928,3,downwind,3325,0.17683252748276898
77,42,64.65771763796928,3,crosswind,4168,0.03346960610920127
77,42,64.65771763796928,3,upwind,4167,0.0180824118833827
77,42,64.65771763796928,6,downwind,3324,0.19012599831818736
77,42,64.65771763796928,6,crosswind,4168,0.053667738031534025
77,42,64.65771763796928,6,upwind,4167,0.03185506758164333
77,42,64.65771763796928,12,downwind,3321,0.12803854337914766
77,42,64.65771763796928,12,crosswind,4164,0.04351085633978498
77,42,64.65771763796928,12,upwind,4169,0.01538782243674592
77,42,64.65771763796928,24,downwind,3322,0.06408915009876374
77,42,64.65771763796928,24,crosswind,4162,-0.024298701609670223
77,42,64.65771763796928,24,upwind,4162,-0.011734825245732963
146,42,85.2551821294276,3,downwind,4605,0.23091147155391523
146,42,85.2551821294276,3,crosswind,2876,0.08235883825696404
146,42,85.2551821294276,3,upwind,4162,0.03550337227265083
146,42,85.2551821294276,6,downwind,4605,0.231691980681344
146,42,85.2551821294276,6,crosswind,2876,0.06890655386032177
146,42,85.2551821294276,6,upwind,4161,0.05799065520085037
146,42,85.2551821294276,12,downwind,4604,0.13613558624403077
146,42,85.2551821294276,12,crosswind,2874,0.04970791168354061
146,42,85.2551821294276,12,upwind,4159,0.05519004752886924
146,42,85.2551821294276,24,downwind,4596,0.07174354870210949
146,42,85.2551821294276,24,crosswind,2874,0.058829461313144225
146,42,85.2551821294276,24,upwind,4159,0.04603134486853513
119,42,110.98074730187153,3,downwind,4351,0.21082516525271486
119,42,110.98074730187153,3,crosswind,1599,0.06818638317301985
119,42,110.98074730187153,3,upwind,5697,0.03731262976634963
119,42,110.98074730187153,6,downwind,4350,0.232153460833716
119,42,110.98074730187153,6,crosswind,1600,0.08667202185882153
119,42,110.98074730187153,6,upwind,5696,0.06141136259914563
119,42,110.98074730187153,12,downwind,4348,0.2236954685959173
119,42,110.98074730187153,12,crosswind,1597,0.09437847158219698
119,42,110.98074730187153,12,upwind,5696,0.08277136764449017
119,42,110.98074730187153,24,downwind,4349,0.15119180291808715
119,42,110.98074730187153,24,crosswind,1597,-0.009168656883136965
119,42,110.98074730187153,24,upwind,5687,0.07525165548785209
156,43,51.11322652049948,3,downwind,2997,0.2198942138969197
156,43,51.11322652049948,3,crosswind,4814,0.10826804370629568
156,43,51.11322652049948,3,upwind,3829,0.052067664957454005
156,43,51.11322652049948,6,downwind,2996,0.22498161687857368
156,43,51.11322652049948,6,crosswind,4813,0.12480244910722713
156,43,51.11322652049948,6,upwind,3830,0.09072194692066933
156,43,51.11322652049948,12,downwind,2994,0.1880246947095908
156,43,51.11322652049948,12,crosswind,4810,0.11048841730876355
156,43,51.11322652049948,12,upwind,3830,0.07371747745884857
156,43,51.11322652049948,24,downwind,2992,0.1135372457401824
156,43,51.11322652049948,24,crosswind,4805,0.06580117409320417
156,43,51.11322652049948,24,upwind,3829,0.041619412478175834
154,43,59.17646452029424,3,downwind,5654,0.10429099505895387
154,43,59.17646452029424,3,crosswind,3275,-0.06365836809502284
154,43,59.17646452029424,3,upwind,2730,-0.041597149284426156
154,43,59.17646452029424,6,downwind,5654,0.1373088204235823
154,43,59.17646452029424,6,crosswind,3274,-0.02156580170773924
154,43,59.17646452029424,6,upwind,2730,0.014031630813905804
154,43,59.17646452029424,12,downwind,5653,0.11016368356838585
154,43,59.17646452029424,12,crosswind,3272,0.056651660602612015
154,43,59.17646452029424,12,upwind,2728,0.043764592599371134
154,43,59.17646452029424,24,downwind,5652,0.04413777422144564
154,43,59.17646452029424,24,crosswind,3267,0.043564625660713674
154,43,59.17646452029424,24,upwind,2726,0.014353471027831008
157,43,60.07473152855512,3,downwind,5425,0.1092542588221419
157,43,60.07473152855512,3,crosswind,3838,-0.05502907742674781
157,43,60.07473152855512,3,upwind,2273,-0.019930618168267203
157,43,60.07473152855512,6,downwind,5425,0.11682901817233415
157,43,60.07473152855512,6,crosswind,3836,-0.004462812694671549
157,43,60.07473152855512,6,upwind,2274,0.01937932535218312
157,43,60.07473152855512,12,downwind,5422,0.08133054400556462
157,43,60.07473152855512,12,crosswind,3837,0.051274154312279066
157,43,60.07473152855512,12,upwind,2271,0.058569483321598725
157,43,60.07473152855512,24,downwind,5421,0.03608553225432024
157,43,60.07473152855512,24,crosswind,3832,0.009489270645756602
157,43,60.07473152855512,24,upwind,2271,0.05767969668066772
151,43,80.69999238670509,3,downwind,6178,0.12926553900395746
151,43,80.69999238670509,3,crosswind,2142,-0.0388629338370088
151,43,80.69999238670509,3,upwind,3339,-0.05645147390678289
151,43,80.69999238670509,6,downwind,6176,0.16205873938842147
151,43,80.69999238670509,6,crosswind,2143,0.023868242869522497
151,43,80.69999238670509,6,upwind,3339,-0.003821106043860854
151,43,80.69999238670509,12,downwind,6176,0.15841800856979255
151,43,80.69999238670509,12,crosswind,2140,0.10192815168956083
151,43,80.69999238670509,12,upwind,3337,0.06456420504707125
151,43,80.69999238670509,24,downwind,6174,0.0757851430673649
151,43,80.69999238670509,24,crosswind,2136,0.13744216164754958
151,43,80.69999238670509,24,upwind,3335,0.03831795784649772
158,43,81.91602573940881,3,downwind,3118,0.13113456261338055
158,43,81.91602573940881,3,crosswind,3876,0.11115451891181503
158,43,81.91602573940881,3,upwind,4663,-0.07452492587423987
158,43,81.91602573940881,6,downwind,3118,0.1572060940955858
158,43,81.91602573940881,6,crosswind,3874,0.155344455675178
158,43,81.91602573940881,6,upwind,4664,-0.03878554926808318
158,43,81.91602573940881,12,downwind,3116,0.1697443803595573
158,43,81.91602573940881,12,crosswind,3875,0.15310385374629001
158,43,81.91602573940881,12,upwind,4660,-0.0002451499188426665
158,43,81.91602573940881,24,downwind,3118,0.1217588343344843
158,43,81.91602573940881,24,crosswind,3871,0.037836496018390314
158,43,81.91602573940881,24,upwind,4654,-0.018544885024010967
161,44,75.49479586654859,3,downwind,4869,0.20245335871438516
161,44,75.49479586654859,3,crosswind,3662,0.1281979181129679
161,44,75.49479586654859,3,upwind,3130,0.04778285975886045
161,44,75.49479586654859,6,downwind,4866,0.21560449646185467
161,44,75.49479586654859,6,crosswind,3664,0.1422784670676529
161,44,75.49479586654859,6,upwind,3130,0.08350417179515968
161,44,75.49479586654859,12,downwind,4864,0.1621281840742172
161,44,75.49479586654859,12,crosswind,3662,0.14496633862044128
161,44,75.49479586654859,12,upwind,3129,0.08331432921562146
161,44,75.49479586654859,24,downwind,4859,0.1414943446596922
161,44,75.49479586654859,24,crosswind,3658,0.09505480008719185
161,44,75.49479586654859,24,upwind,3130,0.04645454801476701
82,44,134.24580592917974,3,downwind,6901,0.31494543470332975
82,44,134.24580592917974,3,crosswind,1215,0.13782113225571052
82,44,134.24580592917974,3,upwind,3545,0.08570881151854448
82,44,134.24580592917974,6,downwind,6901,0.35211020619030237
82,44,134.24580592917974,6,crosswind,1214,0.18465956855654753
82,44,134.24580592917974,6,upwind,3545,0.14551760055299343
82,44,134.24580592917974,12,downwind,6896,0.27662351324380474
82,44,134.24580592917974,12,crosswind,1215,0.21764840860601462
82,44,134.24580592917974,12,upwind,3544,0.20054053787926612
82,44,134.24580592917974,24,downwind,6887,0.18281209120678335
82,44,134.24580592917974,24,crosswind,1215,0.154455911380447
82,44,134.24580592917974,24,upwind,3545,0.14301490328820834
83,44,156.59749650893534,3,downwind,2394,0.24990841485531123
83,44,156.59749650893534,3,crosswind,6765,0.20594197177454215
83,44,156.59749650893534,3,upwind,2493,0.050163762498181184
83,44,156.59749650893534,6,downwind,2395,0.32202625545049796
83,44,156.59749650893534,6,crosswind,6763,0.2556326469884996
83,44,156.59749650893534,6,upwind,2493,0.0761670745109888
83,44,156.59749650893534,12,downwind,2394,0.29172153275563967
83,44,156.59749650893534,12,crosswind,6757,0.25104315645901587
83,44,156.59749650893534,12,upwind,2495,0.08659958525762704
83,44,156.59749650893534,24,downwind,2391,0.2136647266084512
83,44,156.59749650893534,24,crosswind,6753,0.16481236434919594
83,44,156.59749650893534,24,upwind,2494,0.05590830701173844
158,44,223.10102351404956,3,downwind,6045,0.19715160122269335
158,44,223.10102351404956,3,crosswind,3003,0.10423390065900011
158,44,223.10102351404956,3,upwind,2609,0.04023736769150611
158,44,223.10102351404956,6,downwind,6044,0.2315375947508655
158,44,223.10102351404956,6,crosswind,3003,0.16956052051286982
158,44,223.10102351404956,6,upwind,2609,0.05514258299705465
158,44,223.10102351404956,12,downwind,6041,0.2023115898033963
158,44,223.10102351404956,12,crosswind,3001,0.20010113916085945
158,44,223.10102351404956,12,upwind,2609,0.08092783072889123
158,44,223.10102351404956,24,downwind,6032,0.15266076455837158
158,44,223.10102351404956,24,crosswind,3001,0.12208459002764778
158,44,223.10102351404956,24,upwind,2610,0.059822376071887694
81,44,246.19167584959249,3,downwind,5620,0.21780179754824971
81,44,246.19167584959249,3,crosswind,1992,0.12897522072510578
81,44,246.19167584959249,3,upwind,4048,0.04405894483831915
81,44,246.19167584959249,6,downwind,5618,0.28539196488435964
81,44,246.19167584959249,6,crosswind,1992,0.1721914582514643
81,44,246.19167584959249,6,upwind,4049,0.08026890635446994
81,44,246.19167584959249,12,downwind,5614,0.31299174165324867
81,44,246.19167584959249,12,crosswind,1991,0.24188594536314556
81,44,246.19167584959249,12,upwind,4049,0.1082407818933171
81,44,246.19167584959249,24,downwind,5608,0.2540989290891477
81,44,246.19167584959249,24,crosswind,1989,0.286655269626015
81,44,246.19167584959249,24,upwind,4049,0.11771708405687184
168,45,94.44411746470577,3,downwind,4817,0.27217112985654324
168,45,94.44411746470577,3,crosswind,3751,0.08792551042094154
168,45,94.44411746470577,3,upwind,3092,-0.003314037629090791
168,45,94.44411746470577,6,downwind,4815,0.30412535424144344
168,45,94.44411746470577,6,crosswind,3750,0.10213110773958743
168,45,94.44411746470577,6,upwind,3094,0.04020565011881951
168,45,94.44411746470577,12,downwind,4812,0.28345596021291264
168,45,94.44411746470577,12,crosswind,3751,0.09781483803546681
168,45,94.44411746470577,12,upwind,3091,0.07799365642215843
168,45,94.44411746470577,24,downwind,4809,0.2053830519912216
168,45,94.44411746470577,24,crosswind,3744,0.1334894977186855
168,45,94.44411746470577,24,upwind,3093,0.07136327302805985
87,45,130.7284244700143,3,downwind,3831,0.11695031713708781
87,45,130.7284244700143,3,crosswind,3935,0.09983797598618188
87,45,130.7284244700143,3,upwind,3895,0.035080368245318766
87,45,130.7284244700143,6,downwind,3831,0.17641312623315533
87,45,130.7284244700143,6,crosswind,3934,0.13605563478398247
87,45,130.7284244700143,6,upwind,3895,0.04162635707444212
87,45,130.7284244700143,12,downwind,3827,0.21819017893594803
87,45,130.7284244700143,12,crosswind,3934,0.132163976422055
87,45,130.7284244700143,12,upwind,3894,0.043932141633043695
87,45,130.7284244700143,24,downwind,3824,0.1732482561824988
87,45,130.7284244700143,24,crosswind,3931,0.10452249988118911
87,45,130.7284244700143,24,upwind,3892,0.05603870404022602
164,45,131.54904724025175,3,downwind,2973,0.2327362630004377
164,45,131.54904724025175,3,crosswind,4478,0.14059410067335032
164,45,131.54904724025175,3,upwind,4210,-0.016438903357590472
164,45,131.54904724025175,6,downwind,2973,0.2973269381150754
164,45,131.54904724025175,6,crosswind,4475,0.1839114840560262
164,45,131.54904724025175,6,upwind,4212,0.00958563723591882
164,45,131.54904724025175,12,downwind,2973,0.3189441921547073
164,45,131.54904724025175,12,crosswind,4470,0.21520459796913086
164,45,131.54904724025175,12,upwind,4212,0.018049499957367727
164,45,131.54904724025175,24,downwind,2971,0.24468306755901015
164,45,131.54904724025175,24,crosswind,4468,0.21961224604697976
164,45,131.54904724025175,24,upwind,4208,0.07243291307425025
90,45,137.71433065611708,3,downwind,4156,0.26522801714493605
90,45,137.71433065611708,3,crosswind,4012,0.11514286674878868
90,45,137.71433065611708,3,upwind,3493,-0.0069341558271442194
90,45,137.71433065611708,6,downwind,4155,0.3374880218441396
90,45,137.71433065611708,6,crosswind,4011,0.14037371693903858
90,45,137.71433065611708,6,upwind,3494,0.01561633307962418
90,45,137.71433065611708,12,downwind,4153,0.36749074775748275
90,45,137.71433065611708,12,crosswind,4009,0.18352006550989564
90,45,137.71433065611708,12,upwind,3493,0.032055884044565955
90,45,137.71433065611708,24,downwind,4150,0.3030096588231329
90,45,137.71433065611708,24,crosswind,4005,0.23604296739225208
90,45,137.71433065611708,24,upwind,3492,0.06711868208574269
165,45,140.15096160005567,3,downwind,2091,0.13291794163252388
165,45,140.15096160005567,3,crosswind,4763,0.1640407566298828
165,45,140.15096160005567,3,upwind,4803,0.06013799318182896
165,45,140.15096160005567,6,downwind,2092,0.18912388185110676
165,45,140.15096160005567,6,crosswind,4758,0.19309328849989535
165,45,140.15096160005567,6,upwind,4806,0.0615396038234373
165,45,140.15096160005567,12,downwind,2092,0.2293007128299903
165,45,140.15096160005567,12,crosswind,4756,0.2020181323865621
165,45,140.15096160005567,12,upwind,4803,0.06927339961801392
165,45,140.15096160005567,24,downwind,2089,0.21838368647151724
165,45,140.15096160005567,24,crosswind,4757,0.19696340369960919
165,45,140.15096160005567,24,upwind,4797,0.12758766249383427
89,46,58.42649870160033,3,downwind,6522,0.2356095603711792
89,46,58.42649870160033,3,crosswind,2075,0.06070834525811807
89,46,58.42649870160033,3,upwind,3064,0.005938302731772244
89,46,58.42649870160033,6,downwind,6520,0.24075928148676853
89,46,58.42649870160033,6,crosswind,2075,0.04999097921182473
89,46,58.42649870160033,6,upwind,3065,0.03487885199602898
89,46,58.42649870160033,12,downwind,6517,0.191312124411141
89,46,58.42649870160033,12,crosswind,2075,0.08478728373163463
89,46,58.42649870160033,12,upwind,3063,0.09526720131116023
89,46,58.42649870160033,24,downwind,6509,0.13817350066099945
89,46,58.42649870160033,24,crosswind,2074,0.11918453016870544
89,46,58.42649870160033,24,upwind,3064,0.07749540761712528
167,46,72.99221756117379,3,downwind,2131,0.13101130485745632
167,46,72.99221756117379,3,crosswind,2996,0.062306172994281185
167,46,72.99221756117379,3,upwind,6531,-0.022273720374073123
167,46,72.99221756117379,6,downwind,2131,0.18015852700777182
167,46,72.99221756117379,6,crosswind,2997,0.0812013978605885
167,46,72.99221756117379,6,upwind,6529,0.02251461183433266
167,46,72.99221756117379,12,downwind,2128,0.17661355951590738
167,46,72.99221756117379,12,crosswind,2998,0.07738360835857966
167,46,72.99221756117379,12,upwind,6526,0.06006876723233286
167,46,72.99221756117379,24,downwind,2130,0.13305090715150622
167,46,72.99221756117379,24,crosswind,2997,0.08667730885107865
167,46,72.99221756117379,24,upwind,6517,0.05497831466393457
171,46,89.12510691302711,3,downwind,3703,0.16531414484811674
171,46,89.12510691302711,3,crosswind,4172,0.013200102650931068
171,46,89.12510691302711,3,upwind,3786,0.0042317089211907815
171,46,89.12510691302711,6,downwind,3704,0.19861652192805035
171,46,89.12510691302711,6,crosswind,4170,0.03607825416862333
171,46,89.12510691302711,6,upwind,3786,0.03374826807266978
171,46,89.12510691302711,12,downwind,3703,0.17305427993583697
171,46,89.12510691302711,12,crosswind,4166,0.029469349390803305
171,46,89.12510691302711,12,upwind,3786,0.05943664713479173
171,46,89.12510691302711,24,downwind,3702,0.14263528273479792
171,46,89.12510691302711,24,crosswind,4161,0.014236204188194176
171,46,89.12510691302711,24,upwind,3784,0.04430138453004348
85,46,109.459275388406,3,downwind,6785,0.2325439384795016
85,46,109.459275388406,3,crosswind,2330,0.11938530953174004
85,46,109.459275388406,3,upwind,2546,0.015256876880207694
85,46,109.459275388406,6,downwind,6785,0.2626829197992653
85,46,109.459275388406,6,crosswind,2328,0.12986459840182757
85,46,109.459275388406,6,upwind,2547,0.07722863371634625
85,46,109.459275388406,12,downwind,6782,0.22191313650121738
85,46,109.459275388406,12,crosswind,2326,0.12593494717804546
85,46,109.459275388406,12,upwind,2547,0.11442547846510416
85,46,109.459275388406,24,downwind,6776,0.16508584928343487
85,46,109.459275388406,24,crosswind,2327,0.13731596894907405
85,46,109.459275388406,24,upwind,2544,0.11109808325463637
170,46,125.18437718228199,3,downwind,3585,0.062383696967846465
170,46,125.18437718228199,3,crosswind,1886,0.053717068132876813
170,46,125.18437718228199,3,upwind,5948,-0.006748968007430365
170,46,125.18437718228199,6,downwind,3584,0.09286272025888516
170,46,125.18437718228199,6,crosswind,1885,0.063869367675813
170,46,125.18437718228199,6,upwind,5949,0.013511782953285565
170,46,125.18437718228199,12,downwind,3581,0.0668318575226101
170,46,125.18437718228199,12,crosswind,1883,0.04176839672689518
170,46,125.18437718228199,12,upwind,5949,0.001739047736068524
170,46,125.18437718228199,24,downwind,3581,-0.04395839448142306
170,46,125.18437718228199,24,crosswind,1883,-0.026499919108189336
170,46,125.18437718228199,24,upwind,5941,-0.030240421991511
91,47,27.388000696556922,3,downwind,3735,0.14933463595354654
91,47,27.388000696556922,3,crosswind,2315,0.050354722814964115
91,47,27.388000696556922,3,upwind,5605,0.03318499875081508
91,47,27.388000696556922,6,downwind,3735,0.14801639129232202
91,47,27.388000696556922,6,crosswind,2314,0.05146365767535304
91,47,27.388000696556922,6,upwind,5605,0.03874087524867963
91,47,27.388000696556922,12,downwind,3733,0.13807658721662935
91,47,27.388000696556922,12,crosswind,2313,0.032659703737817784
91,47,27.388000696556922,12,upwind,5603,0.009898170733421148
91,47,27.388000696556922,24,downwind,3729,0.102161092161468
91,47,27.388000696556922,24,crosswind,2312,0.04203692581407855
91,47,27.388000696556922,24,upwind,5600,-0.019254923774173347
95,47,48.349409247241034,3,downwind,6163,0.1754275404519388
95,47,48.349409247241034,3,crosswind,1871,0.05805475971742967
95,47,48.349409247241034,3,upwind,3625,-0.07164255315018439
95,47,48.349409247241034,6,downwind,6161,0.15011346794697733
95,47,48.349409247241034,6,crosswind,1872,0.07163673171621454
95,47,48.349409247241034,6,upwind,3625,-0.027305302201346672
95,47,48.349409247241034,12,downwind,6158,0.09203878177845806
95,47,48.349409247241034,12,crosswind,1871,0.09049549519166344
95,47,48.349409247241034,12,upwind,3624,0.019051456836774002
95,47,48.349409247241034,24,downwind,6155,0.02715154227394666
95,47,48.349409247241034,24,crosswind,1869,0.08439994120489702
95,47,48.349409247241034,24,upwind,3621,-0.04932753079699506
92,47,71.92832066889734,3,downwind,4191,0.1964626183828719
92,47,71.92832066889734,3,crosswind,4572,0.11001489808621535
92,47,71.92832066889734,3,upwind,2897,0.12126711884177306
92,47,71.92832066889734,6,downwind,4191,0.23700900053904844
92,47,71.92832066889734,6,crosswind,4570,0.11909720370120692
92,47,71.92832066889734,6,upwind,2898,0.13088570575414216
92,47,71.92832066889734,12,downwind,4189,0.23233996574705337
92,47,71.92832066889734,12,crosswind,4569,0.07738339167149881
92,47,71.92832066889734,12,upwind,2896,0.06226455206006139
92,47,71.92832066889734,24,downwind,4185,0.06259565300446965
92,47,71.92832066889734,24,crosswind,4566,0.0005158490119158548
92,47,71.92832066889734,24,upwind,2895,0.05280265729488388
174,47,97.41969659993768,3,downwind,5462,0.06863232982813292
174,47,97.41969659993768,3,crosswind,1965,0.03607435575218726
174,47,97.41969659993768,3,upwind,3976,-0.0038000125228361058
174,47,97.41969659993768,6,downwind,5462,0.08403387806225136
174,47,97.41969659993768,6,crosswind,1965,0.03799722595956344
174,47,97.41969659993768,6,upwind,3975,0.02592368937580607
174,47,97.41969659993768,12,downwind,5459,0.07872142085016244
174,47,97.41969659993768,12,crosswind,1964,0.012344896502239048
174,47,97.41969659993768,12,upwind,3974,0.019077082468925078
174,47,97.41969659993768,24,downwind,5453,0.04369281116655011
174,47,97.41969659993768,24,crosswind,1963,0.013166171327557838
174,47,97.41969659993768,24,upwind,3973,-0.01819395047676397
94,47,165.8367373629466,3,downwind,3148,0.31859135964791496
94,47,165.8367373629466,3,crosswind,3197,0.33202261626404383
94,47,165.8367373629466,3,upwind,5316,0.09045199101548297
94,47,165.8367373629466,6,downwind,3147,0.33829776191601046
94,47,165.8367373629466,6,crosswind,3199,0.36055342681918445
94,47,165.8367373629466,6,upwind,5314,0.1145734208163699
94,47,165.8367373629466,12,downwind,3146,0.26913197422975366
94,47,165.8367373629466,12,crosswind,3199,0.29855722306040855
94,47,165.8367373629466,12,upwind,5310,0.12480517204165477
94,47,165.8367373629466,24,downwind,3144,0.0959929532323859
94,47,165.8367373629466,24,crosswind,3197,0.17815856047643408
94,47,165.8367373629466,24,upwind,5306,0.018875354247180922
175,48,62.80894261118043,3,downwind,5075,0.447904028344425
175,48,62.80894261118043,3,crosswind,2917,0.20021410346685523
175,48,62.80894261118043,3,upwind,3645,0.16179984008231532
175,48,62.80894261118043,6,downwind,5075,0.4043171210002205
175,48,62.80894261118043,6,crosswind,2918,0.16158420287461006
175,48,62.80894261118043,6,upwind,3643,0.1595586856647187
175,48,62.80894261118043,12,downwind,5074,0.2515985692453948
175,48,62.80894261118043,12,crosswind,2918,0.10678782115945488
175,48,62.80894261118043,12,upwind,3639,0.08883609599998704
175,48,62.80894261118043,24,downwind,5074,0.08745484854663406
175,48,62.80894261118043,24,crosswind,2913,0.017171922895157572
175,48,62.80894261118043,24,upwind,3636,-0.010198721633767994
180,48,76.43085892502604,3,downwind,2421,0.03616773928360717
180,48,76.43085892502604,3,crosswind,3066,0.010424521120101077
180,48,76.43085892502604,3,upwind,6171,0.03281863278853483
180,48,76.43085892502604,6,downwind,2419,0.02677565972267912
180,48,76.43085892502604,6,crosswind,3064,-0.03500172563732692
180,48,76.43085892502604,6,upwind,6174,-0.0006279766694493263
180,48,76.43085892502604,12,downwind,2419,0.0251745187450441
180,48,76.43085892502604,12,crosswind,3065,-0.058829499285098466
180,48,76.43085892502604,12,upwind,6168,-0.023164154368070698
180,48,76.43085892502604,24,downwind,2418,0.026423030932494353
180,48,76.43085892502604,24,crosswind,3060,-0.035704804110419756
180,48,76.43085892502604,24,upwind,6166,-0.010684862598743563
179,48,85.04205718425085,3,downwind,6079,0.11966661770648902
179,48,85.04205718425085,3,crosswind,3182,0.04856764170483805
179,48,85.04205718425085,3,upwind,2376,0.0991874968809239
179,48,85.04205718425085,6,downwind,6078,0.07507767039763559
179,48,85.04205718425085,6,crosswind,3182,0.03836502956998952
179,48,85.04205718425085,6,upwind,2376,0.05361922124969286
179,48,85.04205718425085,12,downwind,6073,0.06152820191153164
179,48,85.04205718425085,12,crosswind,3183,0.03562709190085311
179,48,85.04205718425085,12,upwind,2375,0.050955769304470336
179,48,85.04205718425085,24,downwind,6068,0.08255652880308016
179,48,85.04205718425085,24,crosswind,3180,0.08422984246680786
179,48,85.04205718425085,24,upwind,2375,0.09692891638793553
182,48,179.82381406159274,3,downwind,2290,0.1743822745459527
182,48,179.82381406159274,3,crosswind,5170,0.24470884465559228
182,48,179.82381406159274,3,upwind,4159,0.13643438881527653
182,48,179.82381406159274,6,downwind,2289,0.20883077904801478
182,48,179.82381406159274,6,crosswind,5171,0.26027789927929706
182,48,179.82381406159274,6,upwind,4158,0.1113806540104992
182,48,179.82381406159274,12,downwind,2290,0.17960473789054615
182,48,179.82381406159274,12,crosswind,5171,0.2126386767616137
182,48,179.82381406159274,12,upwind,4152,0.0849453595772443
182,48,179.82381406159274,24,downwind,2290,0.10680173148422148
182,48,179.82381406159274,24,crosswind,5161,0.10244353173239741
182,48,179.82381406159274,24,upwind,4154,0.043538297425398255
183,48,214.58225309202828,3,downwind,2690,0.10659316283588523
183,48,214.58225309202828,3,crosswind,5384,0.11971893320003285
183,48,214.58225309202828,3,upwind,3586,0.08577013407266725
183,48,214.58225309202828,6,downwind,2690,0.09084014217892453
183,48,214.58225309202828,6,crosswind,5383,0.11028472937384348
183,48,214.58225309202828,6,upwind,3586,0.06713332443629638
183,48,214.58225309202828,12,downwind,2688,0.0504433092203337
183,48,214.58225309202828,12,crosswind,5381,0.04652344018665399
183,48,214.58225309202828,12,upwind,3585,0.03750125749770823
183,48,214.58225309202828,24,downwind,2684,0.032585086341641686
183,48,214.58225309202828,24,crosswind,5380,0.028197298961668435
183,48,214.58225309202828,24,upwind,3582,-0.022513290003352372
128,49,49.25403092199728,3,downwind,4344,0.1863658348891352
128,49,49.25403092199728,3,crosswind,3051,0.13365824936996598
128,49,49.25403092199728,3,upwind,4266,0.04925216719589974
128,49,49.25403092199728,6,downwind,4345,0.1365220173219856
128,49,49.25403092199728,6,crosswind,3051,0.11223207716653238
128,49,49.25403092199728,6,upwind,4264,0.07762443122292234
128,49,49.25403092199728,12,downwind,4343,0.06479625982225093
128,49,49.25403092199728,12,crosswind,3052,0.07059430932809327
128,49,49.25403092199728,12,upwind,4260,0.11219132769783888
128,49,49.25403092199728,24,downwind,4339,-0.006146817214319731
128,49,49.25403092199728,24,crosswind,3051,0.05483171767979235
128,49,49.25403092199728,24,upwind,4257,0.09033265102529939
181,49,62.33853823605388,3,downwind,4138,0.268487087821247
181,49,62.33853823605388,3,crosswind,4445,0.20926591802806918
181,49,62.33853823605388,3,upwind,3074,0.21767192060145968
181,49,62.33853823605388,6,downwind,4137,0.26021053325736565
181,49,62.33853823605388,6,crosswind,4446,0.2305192296162468
181,49,62.33853823605388,6,upwind,3073,0.2109999074171439
181,49,62.33853823605388,12,downwind,4134,0.22458902099638078
181,49,62.33853823605388,12,crosswind,4443,0.1988408606434789
181,49,62.33853823605388,12,upwind,3074,0.1419982180923071
181,49,62.33853823605388,24,downwind,4131,0.12092795681239263
181,49,62.33853823605388,24,crosswind,4438,0.16101677820709104
181,49,62.33853823605388,24,upwind,3074,0.10569651478339666
96,49,68.69010203243694,3,downwind,3105,0.4289297109348984
96,49,68.69010203243694,3,crosswind,4307,0.3528495560565016
96,49,68.69010203243694,3,upwind,4249,0.14259997168561003
96,49,68.69010203243694,6,downwind,3104,0.4457351363528453
96,49,68.69010203243694,6,crosswind,4306,0.3204519015290991
96,49,68.69010203243694,6,upwind,4250,0.1154450619262644
96,49,68.69010203243694,12,downwind,3103,0.3297368931050888
96,49,68.69010203243694,12,crosswind,4305,0.2547268700229627
96,49,68.69010203243694,12,upwind,4247,0.0496247494153225
96,49,68.69010203243694,24,downwind,3102,0.1119039051618204
96,49,68.69010203243694,24,crosswind,4300,0.09329113181896072
96,49,68.69010203243694,24,upwind,4245,-0.0061981711157488946
125,49,140.57665723173668,3,downwind,2150,0.18068417883525614
125,49,140.57665723173668,3,crosswind,4552,0.19534630393467894
125,49,140.57665723173668,3,upwind,4955,0.16339589429070447
125,49,140.57665723173668,6,downwind,2150,0.19367454974030474
125,49,140.57665723173668,6,crosswind,4551,0.19383136494716913
125,49,140.57665723173668,6,upwind,4955,0.16486508483696663
125,49,140.57665723173668,12,downwind,2150,0.13074247408900988
125,49,140.57665723173668,12,crosswind,4549,0.1771538047155204
125,49,140.57665723173668,12,upwind,4952,0.17063332038892318
125,49,140.57665723173668,24,downwind,2150,0.07963796622297119
125,49,140.57665723173668,24,crosswind,4543,0.11908705385455676
125,49,140.57665723173668,24,upwind,4950,0.11654121850997792
182,49,163.11021265658187,3,downwind,4338,0.16426476880168528
182,49,163.11021265658187,3,crosswind,4694,0.17632962079829018
182,49,163.11021265658187,3,upwind,2587,0.14552490167820337
182,49,163.11021265658187,6,downwind,4336,0.18944584917456125
182,49,163.11021265658187,6,crosswind,4696,0.17840012836452393
182,49,163.11021265658187,6,upwind,2586,0.14635009105187943
182,49,163.11021265658187,12,downwind,4330,0.18627839142721908
182,49,163.11021265658187,12,crosswind,4696,0.17066169921785063
182,49,163.11021265658187,12,upwind,2587,0.10886852943076988
182,49,163.11021265658187,24,downwind,4331,0.1351141494955795
182,49,163.11021265658187,24,crosswind,4688,0.10756510485153971
182,49,163.11021265658187,24,upwind,2586,0.08694134499494341
51,50,100.38858026471264,3,downwind,4325,0.22639309273283972
51,50,100.38858026471264,3,crosswind,3234,0.16635548925826868
51,50,100.38858026471264,3,upwind,4100,-0.0033561110455623674
51,50,100.38858026471264,6,downwind,4327,0.25963128751256176
51,50,100.38858026471264,6,crosswind,3232,0.14196955343154477
51,50,100.38858026471264,6,upwind,4099,-0.028192936371562245
51,50,100.38858026471264,12,downwind,4325,0.14973411143070076
51,50,100.38858026471264,12,crosswind,3230,0.0608149430747521
51,50,100.38858026471264,12,upwind,4098,-0.057606196069264884
51,50,100.38858026471264,24,downwind,4324,0.00301200490626351
51,50,100.38858026471264,24,crosswind,3228,-0.0035108312846007872
51,50,100.38858026471264,24,upwind,4093,-0.07645596164097847
14,50,149.5963205727849,3,downwind,2362,0.21731538957333585
14,50,149.5963205727849,3,crosswind,4182,0.2591524526877625
14,50,149.5963205727849,3,upwind,5113,0.16705626811704619
14,50,149.5963205727849,6,downwind,2361,0.24496156812955658
14,50,149.5963205727849,6,crosswind,4181,0.2338666354598636
14,50,149.5963205727849,6,upwind,5114,0.15791879460345154
14,50,149.5963205727849,12,downwind,2358,0.22377687791685272
14,50,149.5963205727849,12,crosswind,4179,0.11992155124409355
14,50,149.5963205727849,12,upwind,5114,0.08199044463915477
14,50,149.5963205727849,24,downwind,2357,0.07273035470796531
14,50,149.5963205727849,24,crosswind,4178,0.04154909151558078
14,50,149.5963205727849,24,upwind,5108,0.07205684815252791
126,50,203.64282195950432,3,downwind,4818,0.20060308672217989
126,50,203.64282195950432,3,crosswind,2942,0.13811974830839965
126,50,203.64282195950432,3,upwind,3895,0.1578319858663766
126,50,203.64282195950432,6,downwind,4818,0.2207340986456819
126,50,203.64282195950432,6,crosswind,2942,0.11806351885654828
126,50,203.64282195950432,6,upwind,3894,0.1584615273924978
126,50,203.64282195950432,12,downwind,4818,0.14577713633710948
126,50,203.64282195950432,12,crosswind,2938,0.07219433797757593
126,50,203.64282195950432,12,upwind,3893,0.11487312378263298
126,50,203.64282195950432,24,downwind,4814,0.06965422756965031
126,50,203.64282195950432,24,crosswind,2936,0.04175497429514727
126,50,203.64282195950432,24,upwind,3891,0.0657618488837141
120,50,257.9678323865355,3,downwind,2956,0.11387216884597752
120,50,257.9678323865355,3,crosswind,2958,0.051768768038303076
120,50,257.9678323865355,3,upwind,5739,0.09428795006203569
120,50,257.9678323865355,6,downwind,2955,0.09312368588265571
120,50,257.9678323865355,6,crosswind,2958,0.07613169010645869
120,50,257.9678323865355,6,upwind,5739,0.06681201756150573
120,50,257.9678323865355,12,downwind,2954,0.06925578306698968
120,50,257.9678323865355,12,crosswind,2956,0.034574533371018755
120,50,257.9678323865355,12,upwind,5737,0.041528668834472766
120,50,257.9678323865355,24,downwind,2948,0.06603328612941871
120,50,257.9678323865355,24,crosswind,2955,0.03443374193387711
120,50,257.9678323865355,24,upwind,5736,0.04005866057648997
127,50,274.19133544853935,3,downwind,1213,0.07422010036634515
127,50,274.19133544853935,3,crosswind,3319,0.06704304001819106
127,50,274.19133544853935,3,upwind,6898,0.09658637845173489
127,50,274.19133544853935,6,downwind,1213,0.0644675971491989
127,50,274.19133544853935,6,crosswind,3317,0.06661005663857145
127,50,274.19133544853935,6,upwind,6899,0.110355543331525
127,50,274.19133544853935,12,downwind,1211,0.09157585623649579
127,50,274.19133544853935,12,crosswind,3317,0.03448932570180799
127,50,274.19133544853935,12,upwind,6896,0.04750005008944269
127,50,274.19133544853935,24,downwind,1208,0.0750611218911452
127,50,274.19133544853935,24,crosswind,3311,-0.019206011196409366
127,50,274.19133544853935,24,upwind,6898,0.014265730764325944
50,51,100.38858026471264,3,downwind,3722,0.2844993900719404
50,51,100.38858026471264,3,crosswind,4198,0.06357576882688672
50,51,100.38858026471264,3,upwind,3744,0.06713384468343454
50,51,100.38858026471264,6,downwind,3722,0.3037767574602709
50,51,100.38858026471264,6,crosswind,4196,0.11470382067684706
50,51,100.38858026471264,6,upwind,3744,0.09850992184422176
50,51,100.38858026471264,12,downwind,3720,0.2688505774366433
50,51,100.38858026471264,12,crosswind,4195,0.14118133127241653
50,51,100.38858026471264,12,upwind,3743,0.12809543033719006
50,51,100.38858026471264,24,downwind,3720,0.21337772249524034
50,51,100.38858026471264,24,crosswind,4191,0.09789909267106985
50,51,100.38858026471264,24,upwind,3739,0.0653004943361893
14,51,192.16829805137087,3,downwind,2964,0.2653041083327516
14,51,192.16829805137087,3,crosswind,3208,0.22415100538146834
14,51,192.16829805137087,3,upwind,5490,0.0728774847429213
14,51,192.16829805137087,6,downwind,2962,0.2797595191347549
14,51,192.16829805137087,6,crosswind,3208,0.26531103054485167
14,51,192.16829805137087,6,upwind,5490,0.11074730911707638
14,51,192.16829805137087,12,downwind,2960,0.25492427041395693
14,51,192.16829805137087,12,crosswind,3206,0.28631513128715036
14,51,192.16829805137087,12,upwind,5490,0.11344970333807329
14,51,192.16829805137087,24,downwind,2959,0.22625217691502295
14,51,192.16829805137087,24,crosswind,3204,0.1983117014995561
14,51,192.16829805137087,24,upwind,5485,0.07310912831013378
120,51,220.97606997112447,3,downwind,2227,0.12470423810905953
120,51,220.97606997112447,3,crosswind,3187,0.10271052108792468
120,51,220.97606997112447,3,upwind,6255,0.06222520708961446
120,51,220.97606997112447,6,downwind,2226,0.12739042582358676
120,51,220.97606997112447,6,crosswind,3187,0.131840148001749
120,51,220.97606997112447,6,upwind,6254,0.08214936036509204
120,51,220.97606997112447,12,downwind,2225,0.15110482943651915
120,51,220.97606997112447,12,crosswind,3186,0.15554105522185713
120,51,220.97606997112447,12,upwind,6252,0.14594116406536264
120,51,220.97606997112447,24,downwind,2221,0.1196105245975124
120,51,220.97606997112447,24,crosswind,3184,0.13834292325315453
120,51,220.97606997112447,24,upwind,6250,0.12953467443240277
126,51,237.87202586056787,3,downwind,3792,0.30436225779027665
126,51,237.87202586056787,3,crosswind,4374,0.18244666922163133
126,51,237.87202586056787,3,upwind,3505,0.07842980634650992
126,51,237.87202586056787,6,downwind,3792,0.3507402266371931
126,51,237.87202586056787,6,crosswind,4374,0.2141070693494025
126,51,237.87202586056787,6,upwind,3503,0.0923338900237625
126,51,237.87202586056787,12,downwind,3792,0.24596848487585596
126,51,237.87202586056787,12,crosswind,4373,0.21442585860788504
126,51,237.87202586056787,12,upwind,3500,0.09347273320184654
126,51,237.87202586056787,24,downwind,3788,0.10945960914901474
126,51,237.87202586056787,24,crosswind,4373,0.18019829582303115
126,51,237.87202586056787,24,upwind,3496,0.09327521853715291
125,51,264.7452349089525,3,downwind,5070,0.21627167934383754
125,51,264.7452349089525,3,crosswind,3789,0.10449880142119948
125,51,264.7452349089525,3,upwind,2812,0.144526513897726
125,51,264.7452349089525,6,downwind,5069,0.2735514130406853
125,51,264.7452349089525,6,crosswind,3788,0.16255168072799875
125,51,264.7452349089525,6,upwind,2812,0.1727091091364914
125,51,264.7452349089525,12,downwind,5067,0.30128036394497126
125,51,264.7452349089525,12,crosswind,3786,0.25522563971909873
125,51,264.7452349089525,12,upwind,2812,0.20537292767447674
125,51,264.7452349089525,24,downwind,5063,0.2261640605089289
125,51,264.7452349089525,24,crosswind,3782,0.26660214260589554
125,51,264.7452349089525,24,upwind,2812,0.21098371539929872
70,52,41.52127026960072,3,downwind,4471,0.28055641165937784
70,52,41.52127026960072,3,crosswind,1535,0.22409851989827548
70,52,41.52127026960072,3,upwind,5654,0.0583752274853871
70,52,41.52127026960072,6,downwind,4469,0.23122412174358886
70,52,41.52127026960072,6,crosswind,1535,0.2343408112857259
70,52,41.52127026960072,6,upwind,5655,0.08082755419292403
70,52,41.52127026960072,12,downwind,4465,0.15186473339021464
70,52,41.52127026960072,12,crosswind,1535,0.14378176005793034
70,52,41.52127026960072,12,upwind,5654,0.07560987777311082
70,52,41.52127026960072,24,downwind,4459,0.08424475712228774
70,52,41.52127026960072,24,crosswind,1533,0.06420089087955624
70,52,41.52127026960072,24,upwind,5654,0.03485866985846997
129,52,101.82241532450128,3,downwind,5080,0.2899331889242572
129,52,101.82241532450128,3,crosswind,3131,0.1934743451147487
129,52,101.82241532450128,3,upwind,3450,0.02802528138449777
129,52,101.82241532450128,6,downwind,5080,0.2565168123162561
129,52,101.82241532450128,6,crosswind,3130,0.21457669377498273
129,52,101.82241532450128,6,upwind,3450,0.021117649913159165
129,52,101.82241532450128,12,downwind,5076,0.18890787395677947
129,52,101.82241532450128,12,crosswind,3129,0.1443693161506667
129,52,101.82241532450128,12,upwind,3450,0.02603378206256327
129,52,101.82241532450128,24,downwind,5066,0.13028635610327927
129,52,101.82241532450128,24,crosswind,3132,0.036095057269634946
129,52,101.82241532450128,24,upwind,3449,0.012923459583910587
4,52,139.0074558677861,3,downwind,5806,0.2591097703812655
4,52,139.0074558677861,3,crosswind,2293,0.09178263840696535
4,52,139.0074558677861,3,upwind,3562,-0.013926946957752373
4,52,139.0074558677861,6,downwind,5807,0.26640645245292066
4,52,139.0074558677861,6,crosswind,2292,0.09680938997202315
4,52,139.0074558677861,6,upwind,3561,-0.000668859387535912
4,52,139.0074558677861,12,downwind,5804,0.16045950576939694
4,52,139.0074558677861,12,crosswind,2292,0.06847590953263838
4,52,139.0074558677861,12,upwind,3559,-0.020038881234861486
4,52,139.0074558677861,24,downwind,5804,0.03335651186319691
4,52,139.0074558677861,24,crosswind,2291,0.008395760508021462
4,52,139.0074558677861,24,upwind,3552,-0.027637606914877128
15,52,208.30549573788826,3,downwind,4021,0.168365543524887
15,52,208.30549573788826,3,crosswind,2878,0.07974155982440577
15,52,208.30549573788826,3,upwind,4762,0.042675208072683185
15,52,208.30549573788826,6,downwind,4021,0.21775629243750264
15,52,208.30549573788826,6,crosswind,2879,0.12179902965839971
15,52,208.30549573788826,6,upwind,4760,0.038803346056631945
15,52,208.30549573788826,12,downwind,4021,0.19862466875626858
15,52,208.30549573788826,12,crosswind,2878,0.06903546115903358
15,52,208.30549573788826,12,upwind,4756,0.007706056398426418
15,52,208.30549573788826,24,downwind,4017,0.11682874806890294
15,52,208.30549573788826,24,crosswind,2880,-0.00018439238390023736
15,52,208.30549573788826,24,upwind,4750,-0.010496160740037449
8,52,248.29530671811412,3,downwind,5730,0.21291365006155336
8,52,248.29530671811412,3,crosswind,4367,0.10990102761015119
8,52,248.29530671811412,3,upwind,1564,-0.004067996746649744
8,52,248.29530671811412,6,downwind,5729,0.23896818400499345
8,52,248.29530671811412,6,crosswind,4367,0.1435130400411723
8,52,248.29530671811412,6,upwind,1564,0.005865790451138374
8,52,248.29530671811412,12,downwind,5727,0.19790680378208433
8,52,248.29530671811412,12,crosswind,4365,0.17211609215680992
8,52,248.29530671811412,12,upwind,1563,-0.008612466314467557
8,52,248.29530671811412,24,downwind,5726,0.11258862674706978
8,52,248.29530671811412,24,crosswind,4361,0.07679835154295175
8,52,248.29530671811412,24,upwind,1560,-0.036427649669515415
62,53,50.95135469168951,3,downwind,2059,0.3047025421865528
62,53,50.95135469168951,3,crosswind,5588,0.22630512629673727
62,53,50.95135469168951,3,upwind,3845,0.146510757796174
62,53,50.95135469168951,6,downwind,2054,0.3155052092471639
62,53,50.95135469168951,6,crosswind,5587,0.2311877199452669
62,53,50.95135469168951,6,upwind,3843,0.15413834874226737
62,53,50.95135469168951,12,downwind,2051,0.2404593561281098
62,53,50.95135469168951,12,crosswind,5582,0.19257970817912784
62,53,50.95135469168951,12,upwind,3837,0.12886294419898756
62,53,50.95135469168951,24,downwind,2051,0.10440172997057975
62,53,50.95135469168951,24,crosswind,5568,0.09973128805397743
62,53,50.95135469168951,24,upwind,3835,0.03354929085373745
97,53,54.898642169629966,3,downwind,2771,0.2868528177380759
97,53,54.898642169629966,3,crosswind,3200,0.1602334162758148
97,53,54.898642169629966,3,upwind,5495,0.07947142196650364
97,53,54.898642169629966,6,downwind,2770,0.26318199129897474
97,53,54.898642169629966,6,crosswind,3197,0.14155209707350863
97,53,54.898642169629966,6,upwind,5491,0.09754643485838993
97,53,54.898642169629966,12,downwind,2767,0.17749987719145646
97,53,54.898642169629966,12,crosswind,3191,0.06367296953213451
97,53,54.898642169629966,12,upwind,5486,0.07455987439953579
97,53,54.898642169629966,24,downwind,2748,0.09706268296649508
97,53,54.898642169629966,24,crosswind,3193,-0.031094175600356214
97,53,54.898642169629966,24,upwind,5487,-0.010169737154715388
57,53,65.83481160256287,3,downwind,3198,0.3683931493674783
57,53,65.83481160256287,3,crosswind,2891,0.265128810005788
57,53,65.83481160256287,3,upwind,5402,0.16217893655898802
57,53,65.83481160256287,6,downwind,3197,0.38359286805529746
57,53,65.83481160256287,6,crosswind,2891,0.2305179284981951
57,53,65.83481160256287,6,upwind,5395,0.16868210352243096
57,53,65.83481160256287,12,downwind,3192,0.30254595514299165
57,53,65.83481160256287,12,crosswind,2886,0.1745348319331276
57,53,65.83481160256287,12,upwind,5391,0.1275040521167094
57,53,65.83481160256287,24,downwind,3174,0.16889214940485614
57,53,65.83481160256287,24,crosswind,2882,0.044821012856412164
57,53,65.83481160256287,24,upwind,5397,0.04491685758620166
40,53,76.5809562328,3,downwind,1808,0.3260106212940415
40,53,76.5809562328,3,crosswind,5560,0.21396530739551042
40,53,76.5809562328,3,upwind,4125,0.10228710032869717
40,53,76.5809562328,6,downwind,1807,0.3147613202154372
40,53,76.5809562328,6,crosswind,5557,0.21069749167061966
40,53,76.5809562328,6,upwind,4121,0.09699161227894455
40,53,76.5809562328,12,downwind,1809,0.234569024201856
40,53,76.5809562328,12,crosswind,5547,0.14651072274689367
40,53,76.5809562328,12,upwind,4115,0.07574139233919963
40,53,76.5809562328,24,downwind,1801,0.1557689024930265
40,53,76.5809562328,24,crosswind,5542,0.08226897220996747
40,53,76.5809562328,24,upwind,4112,0.007689153713462188
56,53,130.876545571489,3,downwind,3358,0.3284483544895259
56,53,130.876545571489,3,crosswind,3295,0.19136827693724837
56,53,130.876545571489,3,upwind,4830,0.08517073688445766
56,53,130.876545571489,6,downwind,3356,0.38451451904899087
56,53,130.876545571489,6,crosswind,3292,0.1648622545610054
56,53,130.876545571489,6,upwind,4827,0.09601994530423617
56,53,130.876545571489,12,downwind,3348,0.2927027098962416
56,53,130.876545571489,12,crosswind,3294,0.14446099629904627
56,53,130.876545571489,12,upwind,4819,0.05381196711162654
56,53,130.876545571489,24,downwind,3329,0.15256276419223191
56,53,130.876545571489,24,crosswind,3290,0.062066782408250185
56,53,130.876545571489,24,upwind,4826,0.016345398839885516
58,54,79.01536293996028,3,downwind,2660,0.17635505177929456
58,54,79.01536293996028,3,crosswind,3819,0.132728828594305
58,54,79.01536293996028,3,upwind,5181,0.009944886164380305
58,54,79.01536293996028,6,downwind,2661,0.20830036271459187
58,54,79.01536293996028,6,crosswind,3818,0.13597678054812448
58,54,79.01536293996028,6,upwind,5180,0.05288589717130533
58,54,79.01536293996028,12,downwind,2660,0.19728671072702478
58,54,79.01536293996028,12,crosswind,3817,0.13755290311090723
58,54,79.01536293996028,12,upwind,5177,0.08339821110390529
58,54,79.01536293996028,24,downwind,2661,0.1347341511877553
58,54,79.01536293996028,24,crosswind,3813,0.07303273258589008
58,54,79.01536293996028,24,upwind,5172,0.0714727035239577
20,54,92.68873435974501,3,downwind,4847,0.26332058369437883
20,54,92.68873435974501,3,crosswind,4393,0.04413793698430694
20,54,92.68873435974501,3,upwind,2343,-0.033702431780667716
20,54,92.68873435974501,6,downwind,4847,0.2644032291650708
20,54,92.68873435974501,6,crosswind,4391,0.039321639555644196
20,54,92.68873435974501,6,upwind,2344,-0.015015608541537866
20,54,92.68873435974501,12,downwind,4845,0.18130452762766866
20,54,92.68873435974501,12,crosswind,4389,0.04340585384552661
20,54,92.68873435974501,12,upwind,2343,-0.013847687784381127
20,54,92.68873435974501,24,downwind,4840,0.08920424019290647
20,54,92.68873435974501,24,crosswind,4385,-0.003201026791537993
20,54,92.68873435974501,24,upwind,2344,0.025418209870090885
63,54,113.50409292674597,3,downwind,3811,0.2393555739522184
63,54,113.50409292674597,3,crosswind,4719,0.12219942863089976
63,54,113.50409292674597,3,upwind,3127,0.03246572618523113
63,54,113.50409292674597,6,downwind,3810,0.2347732302098993
63,54,113.50409292674597,6,crosswind,4718,0.13520199794061666
63,54,113.50409292674597,6,upwind,3128,0.043217212286978196
63,54,113.50409292674597,12,downwind,3811,0.1609393355991589
63,54,113.50409292674597,12,crosswind,4715,0.08301458467745124
63,54,113.50409292674597,12,upwind,3125,0.029465722642551505
63,54,113.50409292674597,24,downwind,3807,0.06256482869529635
63,54,113.50409292674597,24,crosswind,4709,0.029169433878007866
63,54,113.50409292674597,24,upwind,3127,-0.012622168677509073
29,54,121.88541580248506,3,downwind,4192,0.14961121060190896
29,54,121.88541580248506,3,crosswind,3948,0.12719994168443832
29,54,121.88541580248506,3,upwind,3518,-0.04129323127216141
29,54,121.88541580248506,6,downwind,4192,0.15931910825940176
29,54,121.88541580248506,6,crosswind,3948,0.14953108461939835
29,54,121.88541580248506,6,upwind,3517,-0.036285095609569724
29,54,121.88541580248506,12,downwind,4192,0.09786037351662953
29,54,121.88541580248506,12,crosswind,3947,0.1468134545148809
29,54,121.88541580248506,12,upwind,3513,-0.053900765770821715
29,54,121.88541580248506,24,downwind,4191,0.017149425548564714
29,54,121.88541580248506,24,crosswind,3944,0.08857604989658799
29,54,121.88541580248506,24,upwind,3509,-0.05358717607339765
21,54,133.2395332610585,3,downwind,3159,0.16493243393759754
21,54,133.2395332610585,3,crosswind,3855,0.08347517386470014
21,54,133.2395332610585,3,upwind,4647,-0.015384904730967482
21,54,133.2395332610585,6,downwind,3161,0.17832653140460905
21,54,133.2395332610585,6,crosswind,3853,0.09836986076978252
21,54,133.2395332610585,6,upwind,4646,-0.010153967892800021
21,54,133.2395332610585,12,downwind,3160,0.12367248538411828
21,54,133.2395332610585,12,crosswind,3853,0.05264140613075772
21,54,133.2395332610585,12,upwind,4642,0.004981012411156339
21,54,133.2395332610585,24,downwind,3161,0.01732962238892301
21,54,133.2395332610585,24,crosswind,3849,-0.011451395478988427
21,54,133.2395332610585,24,upwind,4637,0.00020544597244755825
40,55,94.16558003630644,3,downwind,3796,0.2637189162388481
40,55,94.16558003630644,3,crosswind,4542,0.18330512891825856
40,55,94.16558003630644,3,upwind,3275,0.1134135235734395
40,55,94.16558003630644,6,downwind,3795,0.2565400319339515
40,55,94.16558003630644,6,crosswind,4538,0.1822462327581494
40,55,94.16558003630644,6,upwind,3275,0.13962707884126108
40,55,94.16558003630644,12,downwind,3789,0.17441067033907828
40,55,94.16558003630644,12,crosswind,4536,0.1250495691858559
40,55,94.16558003630644,12,upwind,3274,0.11605349811778747
40,55,94.16558003630644,24,downwind,3782,0.12795820877001698
40,55,94.16558003630644,24,crosswind,4534,0.08879938599506303
40,55,94.16558003630644,24,upwind,3269,0.06275457043294688
62,55,105.52684153270687,3,downwind,4246,0.1689038259122177
62,55,105.52684153270687,3,crosswind,5599,0.15220147288271535
62,55,105.52684153270687,3,upwind,1768,0.12804563868843338
62,55,105.52684153270687,6,downwind,4244,0.18992202396764626
62,55,105.52684153270687,6,crosswind,5596,0.1538041481680462
62,55,105.52684153270687,6,upwind,1768,0.12506359784036494
62,55,105.52684153270687,12,downwind,4238,0.17098200084985657
62,55,105.52684153270687,12,crosswind,5594,0.12440654306568963
62,55,105.52684153270687,12,upwind,1767,0.11519763157478986
62,55,105.52684153270687,24,downwind,4233,0.1242259805324283
62,55,105.52684153270687,24,crosswind,5592,0.055809345733353506
62,55,105.52684153270687,24,upwind,1760,0.017919945169203196
145,55,113.43982091033972,3,downwind,4751,0.2595277934982321
145,55,113.43982091033972,3,crosswind,2526,0.23215109602385484
145,55,113.43982091033972,3,upwind,4336,0.08038901519821733
145,55,113.43982091033972,6,downwind,4749,0.25196916192282304
145,55,113.43982091033972,6,crosswind,2526,0.20858872265106074
145,55,113.43982091033972,6,upwind,4333,0.09176275630988581
145,55,113.43982091033972,12,downwind,4747,0.14118312114912104
145,55,113.43982091033972,12,crosswind,2519,0.15587395022273298
145,55,113.43982091033972,12,upwind,4333,0.059596703353370285
145,55,113.43982091033972,24,downwind,4739,0.06576490225603632
145,55,113.43982091033972,24,crosswind,2517,0.06820037538092516
145,55,113.43982091033972,24,upwind,4329,0.021093055418562746
61,55,128.16734862247662,3,downwind,6125,0.2447112478210309
61,55,128.16734862247662,3,crosswind,2550,0.0434102175334843
61,55,128.16734862247662,3,upwind,2938,0.039315175438966295
61,55,128.16734862247662,6,downwind,6123,0.28794035446413446
61,55,128.16734862247662,6,crosswind,2550,0.06653712708967797
61,55,128.16734862247662,6,upwind,2935,0.04843841211041888
61,55,128.16734862247662,12,downwind,6119,0.24375677284465117
61,55,128.16734862247662,12,crosswind,2547,0.09815082650215436
61,55,128.16734862247662,12,upwind,2933,0.05500242761611019
61,55,128.16734862247662,24,downwind,6109,0.12332105852936745
61,55,128.16734862247662,24,crosswind,2543,0.08782528493434451
61,55,128.16734862247662,24,upwind,2933,0.08810523000963082
5,55,132.40972160138804,3,downwind,1761,0.3009876500291189
5,55,132.40972160138804,3,crosswind,7519,0.1648874478685806
5,55,132.40972160138804,3,upwind,2333,0.09375532018598455
5,55,132.40972160138804,6,downwind,1762,0.29882133828189616
5,55,132.40972160138804,6,crosswind,7515,0.15333813119223008
5,55,132.40972160138804,6,upwind,2331,0.09392654890565229
5,55,132.40972160138804,12,downwind,1759,0.20627357544138689
5,55,132.40972160138804,12,crosswind,7512,0.09121739694632867
5,55,132.40972160138804,12,upwind,2328,0.04457968707982622
5,55,132.40972160138804,24,downwind,1760,0.08939402104058398
5,55,132.40972160138804,24,crosswind,7500,0.06506132822051391
5,55,132.40972160138804,24,upwind,2325,0.079742711397086
64,56,45.79082412316282,3,downwind,3806,0.3726700969048906
64,56,45.79082412316282,3,crosswind,4210,0.15972458687823088
64,56,45.79082412316282,3,upwind,3339,0.08457617483817688
64,56,45.79082412316282,6,downwind,3806,0.26382473017578956
64,56,45.79082412316282,6,crosswind,4208,0.08600289519828488
64,56,45.79082412316282,6,upwind,3338,0.052356198877884196
64,56,45.79082412316282,12,downwind,3806,0.10601835354655596
64,56,45.79082412316282,12,crosswind,4206,0.028699343044260032
64,56,45.79082412316282,12,upwind,3334,0.04134295846547834
64,56,45.79082412316282,24,downwind,3801,0.00951297060135504
64,56,45.79082412316282,24,crosswind,4196,0.0021190877891538213
64,56,45.79082412316282,24,upwind,3337,0.03131763029625209
57,56,69.50930683293501,3,downwind,5429,0.29861500313564276
57,56,69.50930683293501,3,crosswind,3093,0.1343572797996681
57,56,69.50930683293501,3,upwind,3125,0.056514995814343535
57,56,69.50930683293501,6,downwind,5427,0.2934632471477342
57,56,69.50930683293501,6,crosswind,3094,0.11669732000822168
57,56,69.50930683293501,6,upwind,3124,0.0698884303290772
57,56,69.50930683293501,12,downwind,5423,0.196407274983706
57,56,69.50930683293501,12,crosswind,3092,0.09448490041592181
57,56,69.50930683293501,12,upwind,3123,0.07118366852905182
57,56,69.50930683293501,24,downwind,5424,0.13621667681425037
57,56,69.50930683293501,24,crosswind,3087,0.11251031264327552
57,56,69.50930683293501,24,upwind,3115,0.08934359282417566
97,56,84.54418325266371,3,downwind,5691,0.22995033231904752
97,56,84.54418325266371,3,crosswind,2492,0.14216600638480922
97,56,84.54418325266371,3,upwind,3440,0.011433707043495153
97,56,84.54418325266371,6,downwind,5690,0.2459247971924587
97,56,84.54418325266371,6,crosswind,2492,0.16571105796944682
97,56,84.54418325266371,6,upwind,3439,0.028645177846926134
97,56,84.54418325266371,12,downwind,5687,0.16857466751551758
97,56,84.54418325266371,12,crosswind,2491,0.17978620074008841
97,56,84.54418325266371,12,upwind,3436,0.026069018822887483
97,56,84.54418325266371,24,downwind,5688,0.054636278706740586
97,56,84.54418325266371,24,crosswind,2484,0.1418526234045957
97,56,84.54418325266371,24,upwind,3430,0.053676132405654234
40,56,118.70602092147732,3,downwind,5524,0.2724784355972543
40,56,118.70602092147732,3,crosswind,2242,0.19900024297165564
40,56,118.70602092147732,3,upwind,3884,0.0657453052568203
40,56,118.70602092147732,6,downwind,5522,0.28624479644087436
40,56,118.70602092147732,6,crosswind,2243,0.22010833475844246
40,56,118.70602092147732,6,upwind,3883,0.06401628166293795
40,56,118.70602092147732,12,downwind,5520,0.19966977471809186
40,56,118.70602092147732,12,crosswind,2242,0.24362411416791233
40,56,118.70602092147732,12,upwind,3879,0.061154435946555695
40,56,118.70602092147732,24,downwind,5520,0.098348484922884
40,56,118.70602092147732,24,crosswind,2236,0.21660756929908603
40,56,118.70602092147732,24,upwind,3873,0.07567035496886974
60,56,125.75423337839439,3,downwind,4173,0.18334118144086908
60,56,125.75423337839439,3,crosswind,4289,0.05431692882253459
60,56,125.75423337839439,3,upwind,3178,-0.015661333471084973
60,56,125.75423337839439,6,downwind,4172,0.2066534241637992
60,56,125.75423337839439,6,crosswind,4289,0.025174017459257864
60,56,125.75423337839439,6,upwind,3177,-0.008949116213659635
60,56,125.75423337839439,12,downwind,4171,0.1729623328354908
60,56,125.75423337839439,12,crosswind,4289,-0.027292725002315544
60,56,125.75423337839439,12,upwind,3171,0.02770161065268709
60,56,125.75423337839439,24,downwind,4168,0.10137119545372143
60,56,125.75423337839439,24,crosswind,4288,-0.006232981092886642
60,56,125.75423337839439,24,upwind,3163,0.036332606275109376
97,57,42.9799219321919,3,downwind,3414,0.15152612437224375
97,57,42.9799219321919,3,crosswind,4771,0.07637075487578543
97,57,42.9799219321919,3,upwind,3443,0.00879145082553895
97,57,42.9799219321919,6,downwind,3415,0.13556433925243327
97,57,42.9799219321919,6,crosswind,4769,0.06946503468668158
97,57,42.9799219321919,6,upwind,3443,0.025049581024527832
97,57,42.9799219321919,12,downwind,3415,0.09147593030822476
97,57,42.9799219321919,12,crosswind,4765,0.024839102946400016
97,57,42.9799219321919,12,upwind,3442,0.016722189613668156
97,57,42.9799219321919,24,downwind,3415,0.01240699223383264
97,57,42.9799219321919,24,crosswind,4765,-0.01477210560101137
97,57,42.9799219321919,24,upwind,3434,0.002262693774430045
53,57,65.83481160256287,3,downwind,5519,0.13914895568094487
53,57,65.83481160256287,3,crosswind,2351,0.12196816054842405
53,57,65.83481160256287,3,upwind,3640,-0.022380496831689415
53,57,65.83481160256287,6,downwind,5518,0.16778528957274946
53,57,65.83481160256287,6,crosswind,2351,0.12932263697972504
53,57,65.83481160256287,6,upwind,3639,0.0016853971187430969
53,57,65.83481160256287,12,downwind,5517,0.11794746908142338
53,57,65.83481160256287,12,crosswind,2348,0.11187282889341414
53,57,65.83481160256287,12,upwind,3638,0.034702614351818345
53,57,65.83481160256287,24,downwind,5518,0.04596241728248331
53,57,65.83481160256287,24,crosswind,2340,0.10199222058913239
53,57,65.83481160256287,24,upwind,3637,0.006701486250017093
56,57,69.50930683293501,3,downwind,3243,0.3827952217369648
56,57,69.50930683293501,3,crosswind,3496,0.23125324898626534
56,57,69.50930683293501,3,upwind,4906,-0.0338647855066889
56,57,69.50930683293501,6,downwind,3241,0.30442748607938563
56,57,69.50930683293501,6,crosswind,3498,0.24659595372311713
56,57,69.50930683293501,6,upwind,4905,-0.002868246905680165
56,57,69.50930683293501,12,downwind,3239,0.14368342859093558
56,57,69.50930683293501,12,crosswind,3498,0.18196754004154173
56,57,69.50930683293501,12,upwind,4902,0.04076041673036688
56,57,69.50930683293501,24,downwind,3235,0.06912857259403564
56,57,69.50930683293501,24,crosswind,3493,0.06414816130859767
56,57,69.50930683293501,24,upwind,4903,0.0227944143834006
64,57,89.98312250940967,3,downwind,3501,0.39568456199554486
64,57,89.98312250940967,3,crosswind,3252,0.1505709278018711
64,57,89.98312250940967,3,upwind,4609,-0.005801888557782276
64,57,89.98312250940967,6,downwind,3500,0.34779143364877396
64,57,89.98312250940967,6,crosswind,3252,0.1295426232862493
64,57,89.98312250940967,6,upwind,4607,0.028951022075274203
64,57,89.98312250940967,12,downwind,3498,0.20832513297224825
64,57,89.98312250940967,12,crosswind,3254,0.04018533419404322
64,57,89.98312250940967,12,upwind,4603,0.053000411683561455
64,57,89.98312250940967,24,downwind,3492,0.08749362297184833
64,57,89.98312250940967,24,crosswind,3250,0.010207016315913536
64,57,89.98312250940967,24,upwind,4605,0.041285078332221
40,57,90.78902296442386,3,downwind,2730,0.2456411752383999
40,57,90.78902296442386,3,crosswind,5217,0.21937105491621067
40,57,90.78902296442386,3,upwind,3708,0.03688954539498918
40,57,90.78902296442386,6,downwind,2731,0.24987201082517108
40,57,90.78902296442386,6,crosswind,5215,0.2362909484376793
40,57,90.78902296442386,6,upwind,3708,0.04286125545112204
40,57,90.78902296442386,12,downwind,2731,0.21961041212204266
40,57,90.78902296442386,12,crosswind,5213,0.19149292135994367
40,57,90.78902296442386,12,upwind,3705,0.04826232859858147
40,57,90.78902296442386,24,downwind,2730,0.11624663405162355
40,57,90.78902296442386,24,crosswind,5213,0.1079860562789842
40,57,90.78902296442386,24,upwind,3698,0.05800263939341564
21,58,65.9801124510977,3,downwind,3830,0.23952195860983344
21,58,65.9801124510977,3,crosswind,3930,0.11965989710245566
21,58,65.9801124510977,3,upwind,3899,0.01834378343210366
21,58,65.9801124510977,6,downwind,3831,0.18316720507494597
21,58,65.9801124510977,6,crosswind,3929,0.08853734944806675
21,58,65.9801124510977,6,upwind,3898,0.003585284119007649
21,58,65.9801124510977,12,downwind,3832,0.06832595236058818
21,58,65.9801124510977,12,crosswind,3926,0.04412907785427936
21,58,65.9801124510977,12,upwind,3895,-0.051484928292640175
21,58,65.9801124510977,24,downwind,3832,-0.04785424546671032
21,58,65.9801124510977,24,crosswind,3924,-0.0404805399741324
21,58,65.9801124510977,24,upwind,3889,-0.08900300809235624
54,58,79.01536293996028,3,downwind,5230,0.39958709233149303
54,58,79.01536293996028,3,crosswind,3469,0.20003012403981668
54,58,79.01536293996028,3,upwind,2960,0.15622497030044302
54,58,79.01536293996028,6,downwind,5229,0.39255464863173095
54,58,79.01536293996028,6,crosswind,3468,0.19977980941301848
54,58,79.01536293996028,6,upwind,2961,0.13714010651175898
54,58,79.01536293996028,12,downwind,5227,0.248695270718254
54,58,79.01536293996028,12,crosswind,3466,0.14881899318292444
54,58,79.01536293996028,12,upwind,2960,0.10010295898313487
54,58,79.01536293996028,24,downwind,5223,0.1154226976620204
54,58,79.01536293996028,24,crosswind,3463,0.09014047109228498
54,58,79.01536293996028,24,upwind,2959,0.0682030138277176
61,58,107.9139201944734,3,downwind,2227,0.3926858543819194
61,58,107.9139201944734,3,crosswind,3888,0.2510951367628438
61,58,107.9139201944734,3,upwind,5543,0.11917423989425674
61,58,107.9139201944734,6,downwind,2226,0.4160090700488001
61,58,107.9139201944734,6,crosswind,3888,0.25099356746698426
61,58,107.9139201944734,6,upwind,5543,0.13914953160655527
61,58,107.9139201944734,12,downwind,2223,0.2998838221791842
61,58,107.9139201944734,12,crosswind,3886,0.19739837950079517
61,58,107.9139201944734,12,upwind,5543,0.14092479110524697
61,58,107.9139201944734,24,downwind,2222,0.2133711622582991
61,58,107.9139201944734,24,crosswind,3886,0.12567109179965644
61,58,107.9139201944734,24,upwind,5536,0.07069203192915448
132,58,116.56975585342694,3,downwind,3695,0.18416140931530528
132,58,116.56975585342694,3,crosswind,3644,0.10552601846522158
132,58,116.56975585342694,3,upwind,4319,-0.03406329445881476
132,58,116.56975585342694,6,downwind,3696,0.17995332019768143
132,58,116.56975585342694,6,crosswind,3643,0.09802551925795716
132,58,116.56975585342694,6,upwind,4318,-0.047858566019443015
132,58,116.56975585342694,12,downwind,3696,0.09160482861324583
132,58,116.56975585342694,12,crosswind,3642,0.06870448799289772
132,58,116.56975585342694,12,upwind,4314,-0.051399155514352445
132,58,116.56975585342694,24,downwind,3696,0.005397359264893258
132,58,116.56975585342694,24,crosswind,3639,0.02014996902194516
132,58,116.56975585342694,24,upwind,4309,-0.08885973504222941
29,58,119.70363859175625,3,downwind,5015,0.2187755490016911
29,58,119.70363859175625,3,crosswind,4162,0.1329165531293341
29,58,119.70363859175625,3,upwind,2479,-0.047471934050700215
29,58,119.70363859175625,6,downwind,5015,0.2343270210015249
29,58,119.70363859175625,6,crosswind,4162,0.12224329628408447
29,58,119.70363859175625,6,upwind,2478,-0.042981923147383895
29,58,119.70363859175625,12,downwind,5014,0.19591260769815566
29,58,119.70363859175625,12,crosswind,4162,0.05656132302289233
29,58,119.70363859175625,12,upwind,2474,-0.060922061150886025
29,58,119.70363859175625,24,downwind,5012,0.0781386194150196
29,58,119.70363859175625,24,crosswind,4158,-0.026680078134738733
29,58,119.70363859175625,24,upwind,2472,-0.10670463061631125
103,59,63.06357477800242,3,downwind,3613,0.36213336121643197
103,59,63.06357477800242,3,crosswind,4949,0.3159839500503496
103,59,63.06357477800242,3,upwind,3094,0.14134096978825617
103,59,63.06357477800242,6,downwind,3614,0.2816972858774152
103,59,63.06357477800242,6,crosswind,4948,0.28256812714764873
103,59,63.06357477800242,6,upwind,3093,0.11678517402637488
103,59,63.06357477800242,12,downwind,3609,0.181018602001085
103,59,63.06357477800242,12,crosswind,4946,0.22874354313587192
103,59,63.06357477800242,12,upwind,3095,0.08928083896816154
103,59,63.06357477800242,24,downwind,3606,0.07176516305739479
103,59,63.06357477800242,24,crosswind,4944,0.13411965611418963
103,59,63.06357477800242,24,upwind,3092,-0.014144930943059408
106,59,67.80158667724675,3,downwind,4726,0.19285862580968788
106,59,67.80158667724675,3,crosswind,2212,0.09704808414410802
106,59,67.80158667724675,3,upwind,4553,-0.0032199352824412563
106,59,67.80158667724675,6,downwind,4726,0.1984603301847782
106,59,67.80158667724675,6,crosswind,2213,0.07654352623302492
106,59,67.80158667724675,6,upwind,4551,0.0006690555962664987
106,59,67.80158667724675,12,downwind,4726,0.11759365226368419
106,59,67.80158667724675,12,crosswind,2213,0.0786542671265714
106,59,67.80158667724675,12,upwind,4546,-0.001868069215182183
106,59,67.80158667724675,24,downwind,4721,0.06355226643969042
106,59,67.80158667724675,24,crosswind,2215,0.057728951036950506
106,59,67.80158667724675,24,upwind,4541,-0.02374337218847167
104,59,86.15338472514449,3,downwind,3015,0.2147861115413344
104,59,86.15338472514449,3,crosswind,5580,0.18948715373285716
104,59,86.15338472514449,3,upwind,2851,0.07696699284256119
104,59,86.15338472514449,6,downwind,3015,0.190136645051562
104,59,86.15338472514449,6,crosswind,5578,0.1751366977537501
104,59,86.15338472514449,6,upwind,2851,0.09196524163879725
104,59,86.15338472514449,12,downwind,3012,0.11060000560632327
104,59,86.15338472514449,12,crosswind,5575,0.14481652830715527
104,59,86.15338472514449,12,upwind,2852,0.10559053768226381
104,59,86.15338472514449,24,downwind,3014,0.0712680547523373
104,59,86.15338472514449,24,crosswind,5569,0.09338720734381188
104,59,86.15338472514449,24,upwind,2848,0.08678096442949951
101,59,101.95540652037204,3,downwind,4075,0.20109851001747045
101,59,101.95540652037204,3,crosswind,4183,0.1211842979392347
101,59,101.95540652037204,3,upwind,3228,0.029860299306048995
101,59,101.95540652037204,6,downwind,4076,0.16409896623954767
101,59,101.95540652037204,6,crosswind,4181,0.11769147645193732
101,59,101.95540652037204,6,upwind,3228,0.02766152650570709
101,59,101.95540652037204,12,downwind,4073,0.09352001076740231
101,59,101.95540652037204,12,crosswind,4181,0.09171954835846285
101,59,101.95540652037204,12,upwind,3226,0.018674545053832897
101,59,101.95540652037204,24,downwind,4075,0.06567888146189294
101,59,101.95540652037204,24,crosswind,4175,0.06290634575195249
101,59,101.95540652037204,24,upwind,3222,0.011823314871502103
105,59,129.92244212471599,3,downwind,2725,0.22352338841389402
105,59,129.92244212471599,3,crosswind,5803,0.20453476722599706
105,59,129.92244212471599,3,upwind,3092,0.08068423284961103
105,59,129.92244212471599,6,downwind,2725,0.19230271736056795
105,59,129.92244212471599,6,crosswind,5803,0.22002226806596253
105,59,129.92244212471599,6,upwind,3091,0.09460842727412482
105,59,129.92244212471599,12,downwind,2723,0.1179841506826911
105,59,129.92244212471599,12,crosswind,5800,0.17939027418009573
105,59,129.92244212471599,12,upwind,3091,0.1351732297940538
105,59,129.92244212471599,24,downwind,2725,0.07981685618525329
105,59,129.92244212471599,24,crosswind,5794,0.1341646850402189
105,59,129.92244212471599,24,upwind,3087,0.09998012117502203
102,60,71.64149829385225,3,downwind,2793,0.1864513955149436
102,60,71.64149829385225,3,crosswind,6023,0.15098775300871076
102,60,71.64149829385225,3,upwind,2580,0.041724983932097726
102,60,71.64149829385225,6,downwind,2793,0.15850660505182676
102,60,71.64149829385225,6,crosswind,6021,0.13520952975739317
102,60,71.64149829385225,6,upwind,2580,0.07092413737878818
102,60,71.64149829385225,12,downwind,2792,0.12207156746144596
102,60,71.64149829385225,12,crosswind,6015,0.11250037709565769
102,60,71.64149829385225,12,upwind,2578,0.10224562151091034
102,60,71.64149829385225,24,downwind,2791,0.05755535640817708
102,60,71.64149829385225,24,crosswind,6007,0.053772917167396725
102,60,71.64149829385225,24,upwind,2576,0.06825344757239457
105,60,86.98513396504445,3,downwind,3522,0.20240635353983683
105,60,86.98513396504445,3,crosswind,4414,0.18741206935274274
105,60,86.98513396504445,3,upwind,3674,0.08810678514783357
105,60,86.98513396504445,6,downwind,3519,0.19222533567263786
105,60,86.98513396504445,6,crosswind,4414,0.17537964610879775
105,60,86.98513396504445,6,upwind,3675,0.12585855728260942
105,60,86.98513396504445,12,downwind,3518,0.14124790572045512
105,60,86.98513396504445,12,crosswind,4409,0.12027873690636624
105,60,86.98513396504445,12,upwind,3672,0.13585667188605008
105,60,86.98513396504445,24,downwind,3515,0.06536651063962126
105,60,86.98513396504445,24,crosswind,4403,0.08629780224509219
105,60,86.98513396504445,24,upwind,3671,0.061237705176176105
100,60,93.24184492974199,3,downwind,4237,0.20301820702700762
100,60,93.24184492974199,3,crosswind,3815,0.00890672565392856
100,60,93.24184492974199,3,upwind,3474,-0.06217734226497311
100,60,93.24184492974199,6,downwind,4237,0.21885806630158014
100,60,93.24184492974199,6,crosswind,3814,0.03004501139365383
100,60,93.24184492974199,6,upwind,3473,-0.05038165223814109
100,60,93.24184492974199,12,downwind,4234,0.18171186953489044
100,60,93.24184492974199,12,crosswind,3816,0.02779427515001606
100,60,93.24184492974199,12,upwind,3465,-0.006250360321802384
100,60,93.24184492974199,24,downwind,4232,0.11335367405736395
100,60,93.24184492974199,24,crosswind,3809,0.006093538523063064
100,60,93.24184492974199,24,upwind,3464,-0.024620537945579796
64,60,100.52982676566343,3,downwind,2863,0.5181872311183201
64,60,100.52982676566343,3,crosswind,3880,0.3730250413126783
64,60,100.52982676566343,3,upwind,4610,0.09642349871940566
64,60,100.52982676566343,6,downwind,2862,0.48661311412250546
64,60,100.52982676566343,6,crosswind,3878,0.4213949225434534
64,60,100.52982676566343,6,upwind,4610,0.10512882354390514
64,60,100.52982676566343,12,downwind,2861,0.2526955777335206
64,60,100.52982676566343,12,crosswind,3873,0.37952698946960567
64,60,100.52982676566343,12,upwind,4608,0.11169072281321192
64,60,100.52982676566343,24,downwind,2853,0.09533939797201035
64,60,100.52982676566343,24,crosswind,3875,0.2328052654789863
64,60,100.52982676566343,24,upwind,4604,0.07509674500908067
57,60,100.91054608548203,3,downwind,3626,0.3593209861039152
57,60,100.91054608548203,3,crosswind,4766,0.2209680237749175
57,60,100.91054608548203,3,upwind,3253,0.18756191849259768
57,60,100.91054608548203,6,downwind,3628,0.37740935860238495
57,60,100.91054608548203,6,crosswind,4761,0.21833904939865798
57,60,100.91054608548203,6,upwind,3254,0.20852132499961157
57,60,100.91054608548203,12,downwind,3626,0.2998280624443956
57,60,100.91054608548203,12,crosswind,4756,0.17052792225713287
57,60,100.91054608548203,12,upwind,3252,0.18180516452644907
57,60,100.91054608548203,24,downwind,3623,0.1813071422904999
57,60,100.91054608548203,24,crosswind,4753,0.12971040306836434
57,60,100.91054608548203,24,upwind,3248,0.13260300335051567
62,61,98.00960457367454,3,downwind,3700,0.3341519133044705
62,61,98.00960457367454,3,crosswind,2795,0.1326436241902206
62,61,98.00960457367454,3,upwind,5164,0.05884443589768002
62,61,98.00960457367454,6,downwind,3698,0.3247295460044105
62,61,98.00960457367454,6,crosswind,2796,0.118935982878273
62,61,98.00960457367454,6,upwind,5164,0.0614137398720151
62,61,98.00960457367454,12,downwind,3696,0.22375207267279645
62,61,98.00960457367454,12,crosswind,2794,0.1051682933445715
62,61,98.00960457367454,12,upwind,5163,0.0697593045970582
62,61,98.00960457367454,24,downwind,3695,0.07077466934529189
62,61,98.00960457367454,24,crosswind,2791,0.042465262045659015
62,61,98.00960457367454,24,upwind,5159,0.040318737396649255
65,61,104.94034737065607,3,downwind,2530,0.22243610251030976
65,61,104.94034737065607,3,crosswind,5349,0.1867404735254638
65,61,104.94034737065607,3,upwind,3780,0.08805759189922564
65,61,104.94034737065607,6,downwind,2531,0.2333872769932044
65,61,104.94034737065607,6,crosswind,5347,0.19638437840990378
65,61,104.94034737065607,6,upwind,3780,0.09466795595896839
65,61,104.94034737065607,12,downwind,2528,0.14151738894300384
65,61,104.94034737065607,12,crosswind,5345,0.16495394497982174
65,61,104.94034737065607,12,upwind,3780,0.08658977706394841
65,61,104.94034737065607,24,downwind,2526,0.0923263763636655
65,61,104.94034737065607,24,crosswind,5339,0.11475415236940534
65,61,104.94034737065607,24,upwind,3780,0.037422075974910686
58,61,107.9139201944734,3,downwind,5783,0.25790370946447355
58,61,107.9139201944734,3,crosswind,3543,0.049248559442992904
58,61,107.9139201944734,3,upwind,2332,0.025603540540549318
58,61,107.9139201944734,6,downwind,5782,0.29446865398745886
58,61,107.9139201944734,6,crosswind,3544,0.053855536804040816
58,61,107.9139201944734,6,upwind,2331,0.0701954688750307
58,61,107.9139201944734,12,downwind,5782,0.2380232345718684
58,61,107.9139201944734,12,crosswind,3543,0.0428557800104964
58,61,107.9139201944734,12,upwind,2327,0.0880983089985952
58,61,107.9139201944734,24,downwind,5778,0.14371676354400828
58,61,107.9139201944734,24,crosswind,3540,0.0728904945046391
58,61,107.9139201944734,24,upwind,2326,0.015932230670857563
55,61,128.16734862247662,3,downwind,2795,0.3606519408551716
55,61,128.16734862247662,3,crosswind,2836,0.2523997336894039
55,61,128.16734862247662,3,upwind,5996,0.06224108960379995
55,61,128.16734862247662,6,downwind,2793,0.36197798318539615
55,61,128.16734862247662,6,crosswind,2838,0.2856519209141288
55,61,128.16734862247662,6,upwind,5995,0.07734385133356607
55,61,128.16734862247662,12,downwind,2791,0.2788557606388475
55,61,128.16734862247662,12,crosswind,2836,0.24069326357890442
55,61,128.16734862247662,12,upwind,5994,0.08027403127199169
55,61,128.16734862247662,24,downwind,2788,0.1849086167123774
55,61,128.16734862247662,24,crosswind,2834,0.15217271410510239
55,61,128.16734862247662,24,upwind,5991,0.05382922553694994
53,61,133.47568221465255,3,downwind,3557,0.30126579653917085
53,61,133.47568221465255,3,crosswind,3169,0.13901435353866443
53,61,133.47568221465255,3,upwind,4786,0.07486629151277313
53,61,133.47568221465255,6,downwind,3556,0.3233818952456306
53,61,133.47568221465255,6,crosswind,3170,0.12536673215626565
53,61,133.47568221465255,6,upwind,4785,0.09902455964120883
53,61,133.47568221465255,12,downwind,3554,0.2566554717092572
53,61,133.47568221465255,12,crosswind,3167,0.1023511154911495
53,61,133.47568221465255,12,upwind,4785,0.09455714189019279
53,61,133.47568221465255,24,downwind,3552,0.1240480998602357
53,61,133.47568221465255,24,crosswind,3163,0.04558388456320294
53,61,133.47568221465255,24,upwind,4783,0.01745291606685931
53,62,50.95135469168951,3,downwind,3276,0.2416091155729198
53,62,50.95135469168951,3,crosswind,5310,0.1552974621064275
53,62,50.95135469168951,3,upwind,2926,0.10432596117542121
53,62,50.95135469168951,6,downwind,3276,0.22638663360578576
53,62,50.95135469168951,6,crosswind,5309,0.1627556227738513
53,62,50.95135469168951,6,upwind,2926,0.10749857534264215
53,62,50.95135469168951,12,downwind,3275,0.17015712382690537
53,62,50.95135469168951,12,crosswind,5307,0.1182010991355706
53,62,50.95135469168951,12,upwind,2924,0.05907017027065091
53,62,50.95135469168951,24,downwind,3271,0.09388895156620874
53,62,50.95135469168951,24,crosswind,5305,0.06373229749617394
53,62,50.95135469168951,24,upwind,2922,0.028772346566816737
40,62,53.03901773112007,3,downwind,2771,0.3090398885920199
40,62,53.03901773112007,3,crosswind,2967,0.19274516447564924
40,62,53.03901773112007,3,upwind,5921,0.1243614590672203
40,62,53.03901773112007,6,downwind,2769,0.31839311562104133
40,62,53.03901773112007,6,crosswind,2969,0.1939806183909226
40,62,53.03901773112007,6,upwind,5920,0.1379062241622203
40,62,53.03901773112007,12,downwind,2769,0.23910881290939426
40,62,53.03901773112007,12,crosswind,2966,0.15672003567918813
40,62,53.03901773112007,12,upwind,5918,0.12375170491977806
40,62,53.03901773112007,24,downwind,2766,0.15950056019328748
40,62,53.03901773112007,24,crosswind,2961,0.04697865191597403
40,62,53.03901773112007,24,upwind,5918,0.05248230134869603
97,62,69.5116028707759,3,downwind,3480,0.2597565537845208
97,62,69.5116028707759,3,crosswind,2493,0.10638799304341008
97,62,69.5116028707759,3,upwind,5659,0.07640726299091738
97,62,69.5116028707759,6,downwind,3479,0.25607564269520317
97,62,69.5116028707759,6,crosswind,2493,0.1311660420392331
97,62,69.5116028707759,6,upwind,5659,0.07495298426322805
97,62,69.5116028707759,12,downwind,3477,0.1927942533822981
97,62,69.5116028707759,12,crosswind,2492,0.0748564379211795
97,62,69.5116028707759,12,upwind,5657,0.04244635815067983
97,62,69.5116028707759,24,downwind,3472,0.07958044880181551
97,62,69.5116028707759,24,crosswind,2488,0.009488026442907735
97,62,69.5116028707759,24,upwind,5658,-0.026878598720727218
61,62,98.00960457367454,3,downwind,4725,0.25519337290783684
61,62,98.00960457367454,3,crosswind,3184,0.1604786656975649
61,62,98.00960457367454,3,upwind,3750,0.03858438623141323
61,62,98.00960457367454,6,downwind,4725,0.2699807280036001
61,62,98.00960457367454,6,crosswind,3184,0.17906573355644612
61,62,98.00960457367454,6,upwind,3749,0.06128031867214266
61,62,98.00960457367454,12,downwind,4724,0.20870551586685185
61,62,98.00960457367454,12,crosswind,3183,0.1548364536378746
61,62,98.00960457367454,12,upwind,3746,0.06455270958718222
61,62,98.00960457367454,24,downwind,4720,0.09448804152154876
61,62,98.00960457367454,24,crosswind,3180,0.11210735864539621
61,62,98.00960457367454,24,upwind,3745,0.08917644029121674
57,62,102.61761624191475,3,downwind,3241,0.30445841642432725
57,62,102.61761624191475,3,crosswind,3057,0.17613825556599336
57,62,102.61761624191475,3,upwind,5359,0.14426512869479838
57,62,102.61761624191475,6,downwind,3241,0.3484407537259984
57,62,102.61761624191475,6,crosswind,3056,0.18435654073791255
57,62,102.61761624191475,6,upwind,5359,0.1599219849821575
57,62,102.61761624191475,12,downwind,3242,0.31776554268907387
57,62,102.61761624191475,12,crosswind,3053,0.15372606889914056
57,62,102.61761624191475,12,upwind,5356,0.10810564768010898
57,62,102.61761624191475,24,downwind,3235,0.19338984758974567
57,62,102.61761624191475,24,crosswind,3050,0.0969792123216675
57,62,102.61761624191475,24,upwind,5358,0.05329832080508217
99,63,68.81709641647447,3,downwind,3513,0.2674609634638859
99,63,68.81709641647447,3,crosswind,3579,0.1824726326592948
99,63,68.81709641647447,3,upwind,4402,0.12438752751324106
99,63,68.81709641647447,6,downwind,3513,0.22054347377142833
99,63,68.81709641647447,6,crosswind,3576,0.14383148106670865
99,63,68.81709641647447,6,upwind,4403,0.10318164678654729
99,63,68.81709641647447,12,downwind,3513,0.11900097248324328
99,63,68.81709641647447,12,crosswind,3574,0.07889278375394308
99,63,68.81709641647447,12,upwind,4400,0.07923695042166866
99,63,68.81709641647447,24,downwind,3510,0.024015237399212304
99,63,68.81709641647447,24,crosswind,3573,0.04089181777307898
99,63,68.81709641647447,24,upwind,4397,-0.015017834912860581
20,63,96.89686783782032,3,downwind,3758,0.2406758565770169
20,63,96.89686783782032,3,crosswind,3668,0.18525804786813602
20,63,96.89686783782032,3,upwind,4150,0.04402521931982023
20,63,96.89686783782032,6,downwind,3759,0.26384348154997317
20,63,96.89686783782032,6,crosswind,3667,0.20382701078101723
20,63,96.89686783782032,6,upwind,4148,0.051091822154173606
20,63,96.89686783782032,12,downwind,3757,0.20438558448422817
20,63,96.89686783782032,12,crosswind,3665,0.19885066627340328
20,63,96.89686783782032,12,upwind,4147,0.04258459741621862
20,63,96.89686783782032,24,downwind,3754,0.0956532862781505
20,63,96.89686783782032,24,crosswind,3665,0.14572900451817844
20,63,96.89686783782032,24,upwind,4142,0.02427303097179368
100,63,103.834636992203,3,downwind,3650,0.32468518382724376
100,63,103.834636992203,3,crosswind,2970,0.1630035705303096
100,63,103.834636992203,3,upwind,4912,0.08511048650681434
100,63,103.834636992203,6,downwind,3648,0.3130969286008708
100,63,103.834636992203,6,crosswind,2970,0.12984780569482812
100,63,103.834636992203,6,upwind,4912,0.0673599129196756
100,63,103.834636992203,12,downwind,3647,0.19878326263693671
100,63,103.834636992203,12,crosswind,2969,0.10519550033989203
100,63,103.834636992203,12,upwind,4909,0.06821800962873255
100,63,103.834636992203,24,downwind,3642,0.07365621372278257
100,63,103.834636992203,24,crosswind,2968,0.07557006818333556
100,63,103.834636992203,24,upwind,4907,0.0016391467341610663
41,63,112.68122028044236,3,downwind,3394,0.3837145655497134
41,63,112.68122028044236,3,crosswind,3784,0.22688052345799578
41,63,112.68122028044236,3,upwind,4476,0.16333342994581757
41,63,112.68122028044236,6,downwind,3394,0.3681631426925941
41,63,112.68122028044236,6,crosswind,3781,0.219809932322114
41,63,112.68122028044236,6,upwind,4477,0.17140504247179222
41,63,112.68122028044236,12,downwind,3393,0.27986032256278515
41,63,112.68122028044236,12,crosswind,3780,0.17932209941040206
41,63,112.68122028044236,12,upwind,4474,0.16168231967974955
41,63,112.68122028044236,24,downwind,3390,0.14735869995355774
41,63,112.68122028044236,24,crosswind,3777,0.12318289114348803
41,63,112.68122028044236,24,upwind,4472,0.06511070172897887
54,63,113.50409292674597,3,downwind,2975,0.3287275850156911
54,63,113.50409292674597,3,crosswind,3470,0.22366793189466258
54,63,113.50409292674597,3,upwind,5209,0.1865258108039587
54,63,113.50409292674597,6,downwind,2975,0.3502137139250482
54,63,113.50409292674597,6,crosswind,3469,0.23921767937287156
54,63,113.50409292674597,6,upwind,5208,0.19463596599788854
54,63,113.50409292674597,12,downwind,2973,0.2847424419033296
54,63,113.50409292674597,12,crosswind,3467,0.23081487315113908
54,63,113.50409292674597,12,upwind,5207,0.1823543286664446
54,63,113.50409292674597,24,downwind,2972,0.19992910467662248
54,63,113.50409292674597,24,crosswind,3466,0.107528465507218
54,63,113.50409292674597,24,upwind,5201,0.11899493184986164
56,64,45.79082412316282,3,downwind,3866,0.3194900288252697
56,64,45.79082412316282,3,crosswind,3612,0.2656098142062957
56,64,45.79082412316282,3,upwind,3767,0.14690788112018177
56,64,45.79082412316282,6,downwind,3850,0.24957713576043475
56,64,45.79082412316282,6,crosswind,3589,0.27820167026600523
56,64,45.79082412316282,6,upwind,3754,0.1498445037119746
56,64,45.79082412316282,12,downwind,3822,0.14888108607983855
56,64,45.79082412316282,12,crosswind,3576,0.2371976269118545
56,64,45.79082412316282,12,upwind,3737,0.14515268854558055
56,64,45.79082412316282,24,downwind,3796,0.04188150758360159
56,64,45.79082412316282,24,crosswind,3566,0.12270017720070284
56,64,45.79082412316282,24,upwind,3736,0.10403141589075134
57,64,89.98312250940967,3,downwind,5301,0.2992538838281795
57,64,89.98312250940967,3,crosswind,2833,0.20344094041146255
57,64,89.98312250940967,3,upwind,3119,0.10071556836206061
57,64,89.98312250940967,6,downwind,5275,0.31522920228003715
57,64,89.98312250940967,6,crosswind,2825,0.21730360607049318
57,64,89.98312250940967,6,upwind,3101,0.09217033885690544
57,64,89.98312250940967,12,downwind,5247,0.23549073262450432
57,64,89.98312250940967,12,crosswind,2811,0.23813219921054965
57,64,89.98312250940967,12,upwind,3085,0.08790501288004306
57,64,89.98312250940967,24,downwind,5220,0.15386550897353515
57,64,89.98312250940967,24,crosswind,2800,0.17981944483260562
57,64,89.98312250940967,24,upwind,3086,0.1052314755029659
60,64,100.52982676566343,3,downwind,4800,0.28146636357931853
60,64,100.52982676566343,3,crosswind,2787,0.09240589275561184
60,64,100.52982676566343,3,upwind,3658,0.04740892643280337
60,64,100.52982676566343,6,downwind,4777,0.28297885922251864
60,64,100.52982676566343,6,crosswind,2773,0.05922615321632832
60,64,100.52982676566343,6,upwind,3643,0.03610652998336834
60,64,100.52982676566343,12,downwind,4748,0.20196299472338708
60,64,100.52982676566343,12,crosswind,2763,0.029575828882767555
60,64,100.52982676566343,12,upwind,3624,0.05005653188948894
60,64,100.52982676566343,24,downwind,4737,0.11333412245640259
60,64,100.52982676566343,24,crosswind,2750,0.07765377108428646
60,64,100.52982676566343,24,upwind,3611,0.033355924802174836
97,64,119.6965545593917,3,downwind,5299,0.19801092564264333
97,64,119.6965545593917,3,crosswind,2543,0.13529817295810231
97,64,119.6965545593917,3,upwind,3387,0.0669234723370061
97,64,119.6965545593917,6,downwind,5276,0.21188129497192523
97,64,119.6965545593917,6,crosswind,2531,0.18013513767058761
97,64,119.6965545593917,6,upwind,3370,0.06565410829420103
97,64,119.6965545593917,12,downwind,5247,0.16418758240581843
97,64,119.6965545593917,12,crosswind,2520,0.19180546923216246
97,64,119.6965545593917,12,upwind,3352,0.07352029044694572
97,64,119.6965545593917,24,downwind,5214,0.04823103975559709
97,64,119.6965545593917,24,crosswind,2513,0.11734835748927055
97,64,119.6965545593917,24,upwind,3355,0.06716616871380442
105,64,131.97379191032869,3,downwind,3013,0.1932272417553195
105,64,131.97379191032869,3,crosswind,5591,0.08846909304544719
105,64,131.97379191032869,3,upwind,2616,0.07231029682601477
105,64,131.97379191032869,6,downwind,2998,0.20808920058163732
105,64,131.97379191032869,6,crosswind,5568,0.08929085499257713
105,64,131.97379191032869,6,upwind,2602,0.08849772701447985
105,64,131.97379191032869,12,downwind,2990,0.1675432173459622
105,64,131.97379191032869,12,crosswind,5537,0.050194949007178656
105,64,131.97379191032869,12,upwind,2583,0.09879311888174383
105,64,131.97379191032869,24,downwind,2985,0.1205748092688597
105,64,131.97379191032869,24,crosswind,5510,0.033120866884896766
105,64,131.97379191032869,24,upwind,2577,0.022879995847349646
145,65,67.32240043700163,3,downwind,3136,0.43199139764517686
145,65,67.32240043700163,3,crosswind,3075,0.27940456465383867
145,65,67.32240043700163,3,upwind,5448,0.10630129077622642
145,65,67.32240043700163,6,downwind,3133,0.37934046384416775
145,65,67.32240043700163,6,crosswind,3076,0.27201616005465634
145,65,67.32240043700163,6,upwind,5449,0.09268003928259175
145,65,67.32240043700163,12,downwind,3132,0.2371095200717128
145,65,67.32240043700163,12,crosswind,3075,0.1494354515724059
145,65,67.32240043700163,12,upwind,5446,0.0473129749873137
145,65,67.32240043700163,24,downwind,3129,0.1111475171523392
145,65,67.32240043700163,24,crosswind,3074,0.06402303472720679
145,65,67.32240043700163,24,upwind,5442,0.01404509493125204
149,65,94.21361547838511,3,downwind,5376,0.23031998337851511
149,65,94.21361547838511,3,crosswind,2999,0.11476100491890781
149,65,94.21361547838511,3,upwind,3283,0.02515483821104631
149,65,94.21361547838511,6,downwind,5376,0.21291877935278314
149,65,94.21361547838511,6,crosswind,3000,0.14222112477690524
149,65,94.21361547838511,6,upwind,3281,0.047398273389830194
149,65,94.21361547838511,12,downwind,5374,0.13289154834188066
149,65,94.21361547838511,12,crosswind,2999,0.1628060806262227
149,65,94.21361547838511,12,upwind,3279,0.042474774103230896
149,65,94.21361547838511,24,downwind,5369,0.05727315001654379
149,65,94.21361547838511,24,crosswind,2997,0.08953799285946562
149,65,94.21361547838511,24,upwind,3278,-0.01405892769150323
61,65,104.94034737065607,3,downwind,3926,0.22798867413594517
61,65,104.94034737065607,3,crosswind,5712,0.15925886034680045
61,65,104.94034737065607,3,upwind,2021,0.08831934654619968
61,65,104.94034737065607,6,downwind,3925,0.2382063414673263
61,65,104.94034737065607,6,crosswind,5712,0.1842257473321578
61,65,104.94034737065607,6,upwind,2021,0.09820235601885494
61,65,104.94034737065607,12,downwind,3926,0.22896695667423633
61,65,104.94034737065607,12,crosswind,5709,0.16829726305419143
61,65,104.94034737065607,12,upwind,2018,0.14768946253733634
61,65,104.94034737065607,24,downwind,3923,0.1429043478015894
61,65,104.94034737065607,24,crosswind,5703,0.11764068060999605
61,65,104.94034737065607,24,upwind,2019,0.12764909252447532
76,65,113.93842288589964,3,downwind,3880,0.2892240061938599
76,65,113.93842288589964,3,crosswind,3001,0.22679777183988564
76,65,113.93842288589964,3,upwind,4778,0.15283461076318897
76,65,113.93842288589964,6,downwind,3880,0.31799896193811283
76,65,113.93842288589964,6,crosswind,3001,0.21540555071945144
76,65,113.93842288589964,6,upwind,4777,0.12970690887711556
76,65,113.93842288589964,12,downwind,3879,0.2685052140242846
76,65,113.93842288589964,12,crosswind,2999,0.15242264804776157
76,65,113.93842288589964,12,upwind,4775,0.08639159994853794
76,65,113.93842288589964,24,downwind,3876,0.15126581536427075
76,65,113.93842288589964,24,crosswind,2997,0.05546453713530796
76,65,113.93842288589964,24,upwind,4772,0.030284855432796378
143,65,124.1975863871198,3,downwind,1521,0.29999297395620994
143,65,124.1975863871198,3,crosswind,7684,0.16352098996888112
143,65,124.1975863871198,3,upwind,2452,0.06030099956103041
143,65,124.1975863871198,6,downwind,1520,0.32755946937555835
143,65,124.1975863871198,6,crosswind,7684,0.1787611404084104
143,65,124.1975863871198,6,upwind,2452,0.05599995455903083
143,65,124.1975863871198,12,downwind,1516,0.2648879517764454
143,65,124.1975863871198,12,crosswind,7681,0.14000700343234462
143,65,124.1975863871198,12,upwind,2454,0.06139607686394292
143,65,124.1975863871198,24,downwind,1517,0.15144194895991236
143,65,124.1975863871198,24,crosswind,7677,0.07129044214805959
143,65,124.1975863871198,24,upwind,2449,0.0676904652641339
127,66,100.6563400633781,3,downwind,4122,0.2608683578263832
127,66,100.6563400633781,3,crosswind,4348,0.21734225288900466
127,66,100.6563400633781,3,upwind,2973,0.10678506864014121
127,66,100.6563400633781,6,downwind,4121,0.2419265821097628
127,66,100.6563400633781,6,crosswind,4347,0.21079213021689566
127,66,100.6563400633781,6,upwind,2972,0.09352797214582893
127,66,100.6563400633781,12,downwind,4120,0.11875257059615513
127,66,100.6563400633781,12,crosswind,4344,0.11436663802391722
127,66,100.6563400633781,12,upwind,2971,0.05606744144603587
127,66,100.6563400633781,24,downwind,4118,0.01644025969314327
127,66,100.6563400633781,24,crosswind,4343,-0.008993656379375199
127,66,100.6563400633781,24,upwind,2967,0.019469076068923168
120,66,112.6589996986565,3,downwind,5794,0.28588860129680155
120,66,112.6589996986565,3,crosswind,4285,0.2535734706425934
120,66,112.6589996986565,3,upwind,1588,0.1433590814317301
120,66,112.6589996986565,6,downwind,5792,0.24436394546579637
120,66,112.6589996986565,6,crosswind,4284,0.2266819612341137
120,66,112.6589996986565,6,upwind,1588,0.09344632924765799
120,66,112.6589996986565,12,downwind,5791,0.21431146364968445
120,66,112.6589996986565,12,crosswind,4280,0.18930634951955633
120,66,112.6589996986565,12,upwind,1588,0.03944897140044522
120,66,112.6589996986565,24,downwind,5785,0.15626904210337256
120,66,112.6589996986565,24,crosswind,4281,0.15626054203518763
120,66,112.6589996986565,24,upwind,1585,0.0870986699495926
7,66,155.58444870255892,3,downwind,2099,0.13245469161004
7,66,155.58444870255892,3,crosswind,7153,0.18078231080930693
7,66,155.58444870255892,3,upwind,2406,0.0991980321672578
7,66,155.58444870255892,6,downwind,2098,0.139528634781821
7,66,155.58444870255892,6,crosswind,7150,0.14875865836918475
7,66,155.58444870255892,6,upwind,2407,0.06681822430772615
7,66,155.58444870255892,12,downwind,2094,0.06872401259636952
7,66,155.58444870255892,12,crosswind,7149,0.0630763299887251
7,66,155.58444870255892,12,upwind,2407,-0.07291975774711273
7,66,155.58444870255892,24,downwind,2093,-0.11899651355100445
7,66,155.58444870255892,24,crosswind,7142,-0.016762165955622486
7,66,155.58444870255892,24,upwind,2407,-0.11566717921489987
14,66,160.02868066527833,3,downwind,4036,0.3613098819393025
14,66,160.02868066527833,3,crosswind,5195,0.3917447398344865
14,66,160.02868066527833,3,upwind,2425,0.20016082996657394
14,66,160.02868066527833,6,downwind,4035,0.4451067571915836
14,66,160.02868066527833,6,crosswind,5194,0.4102525405438666
14,66,160.02868066527833,6,upwind,2424,0.21053842707335965
14,66,160.02868066527833,12,downwind,4032,0.34166687822666114
14,66,160.02868066527833,12,crosswind,5194,0.3480281720152359
14,66,160.02868066527833,12,upwind,2422,0.19841436229903267
14,66,160.02868066527833,24,downwind,4027,0.14829178622973815
14,66,160.02868066527833,24,crosswind,5193,0.16947173774746516
14,66,160.02868066527833,24,upwind,2420,0.09721667533613947
123,66,189.5981715538876,3,downwind,3805,0.07416923205390077
123,66,189.5981715538876,3,crosswind,4787,0.09853037260246798
123,66,189.5981715538876,3,upwind,3076,0.06303478136366646
123,66,189.5981715538876,6,downwind,3805,0.08575293699831636
123,66,189.5981715538876,6,crosswind,4786,0.13073610285431098
123,66,189.5981715538876,6,upwind,3074,0.058541287413013045
123,66,189.5981715538876,12,downwind,3803,0.03517450448377954
123,66,189.5981715538876,12,crosswind,4784,0.11589976051312512
123,66,189.5981715538876,12,upwind,3073,0.049199148554410606
123,66,189.5981715538876,24,downwind,3798,0.004934602767725757
123,66,189.5981715538876,24,crosswind,4783,0.0949055904373602
123,66,189.5981715538876,24,upwind,3071,0.030271800584991786
119,67,79.49932958665434,3,downwind,4275,0.24222361418301647
119,67,79.49932958665434,3,crosswind,3905,0.26930254378645674
119,67,79.49932958665434,3,upwind,3464,0.2858966393363788
119,67,79.49932958665434,6,downwind,4276,0.2710103140279119
119,67,79.49932958665434,6,crosswind,3904,0.2503167425748422
119,67,79.49932958665434,6,upwind,3463,0.26207039575258834
119,67,79.49932958665434,12,downwind,4275,0.24246909021135454
119,67,79.49932958665434,12,crosswind,3903,0.20399469163084327
119,67,79.49932958665434,12,upwind,3459,0.17086308443070033
119,67,79.49932958665434,24,downwind,4270,0.12932889754458335
119,67,79.49932958665434,24,crosswind,3901,0.15238325142184575
119,67,79.49932958665434,24,upwind,3458,0.12717626232590282
77,67,108.53435354694561,3,downwind,3033,0.09792799348925706
77,67,108.53435354694561,3,crosswind,6056,0.16468940443636
77,67,108.53435354694561,3,upwind,2568,0.12257031605387177
77,67,108.53435354694561,6,downwind,3034,0.16817055240747145
77,67,108.53435354694561,6,crosswind,6054,0.16757133564381768
77,67,108.53435354694561,6,upwind,2568,0.13293353093253088
77,67,108.53435354694561,12,downwind,3034,0.1776472755211308
77,67,108.53435354694561,12,crosswind,6050,0.11318278904888418
77,67,108.53435354694561,12,upwind,2566,0.11720387093363542
77,67,108.53435354694561,24,downwind,3030,0.048883865225154234
77,67,108.53435354694561,24,crosswind,6048,0.0348905625110828
77,67,108.53435354694561,24,upwind,2564,0.03845840224202196
143,67,112.78114591199288,3,downwind,2220,0.11246491533220399
143,67,112.78114591199288,3,crosswind,8040,0.13858718925468105
143,67,112.78114591199288,3,upwind,1395,0.06971769669233865
143,67,112.78114591199288,6,downwind,2220,0.1899357695749287
143,67,112.78114591199288,6,crosswind,8040,0.16450804391535231
143,67,112.78114591199288,6,upwind,1394,0.06531777593995036
143,67,112.78114591199288,12,downwind,2222,0.2411346318556735
143,67,112.78114591199288,12,crosswind,8032,0.1435905245851423
143,67,112.78114591199288,12,upwind,1394,0.009663871822091125
143,67,112.78114591199288,24,downwind,2216,0.13058874331096235
143,67,112.78114591199288,24,crosswind,8032,0.08643961397244823
143,67,112.78114591199288,24,upwind,1392,0.03237566877019035
75,67,115.55012349203251,3,downwind,2269,0.07227669340124131
75,67,115.55012349203251,3,crosswind,7673,0.156839452492008
75,67,115.55012349203251,3,upwind,1715,0.13081811386019135
75,67,115.55012349203251,6,downwind,2269,0.10951442869263857
75,67,115.55012349203251,6,crosswind,7672,0.18113061257958463
75,67,115.55012349203251,6,upwind,1715,0.11435969419466145
75,67,115.55012349203251,12,downwind,2270,0.1672637915665722
75,67,115.55012349203251,12,crosswind,7664,0.14135905475822952
75,67,115.55012349203251,12,upwind,1715,0.041112589847798885
75,67,115.55012349203251,24,downwind,2263,0.09167598381738895
75,67,115.55012349203251,24,crosswind,7663,0.0764745213947508
75,67,115.55012349203251,24,upwind,1715,0.07473243288739265
144,67,121.20598528998134,3,downwind,3842,0.11470760680293696
144,67,121.20598528998134,3,crosswind,6414,0.14339624149202604
144,67,121.20598528998134,3,upwind,1401,0.12456518533901031
144,67,121.20598528998134,6,downwind,3843,0.1497506302154055
144,67,121.20598528998134,6,crosswind,6411,0.15874202252837213
144,67,121.20598528998134,6,upwind,1402,0.10367850648401253
144,67,121.20598528998134,12,downwind,3840,0.21150999142382834
144,67,121.20598528998134,12,crosswind,6410,0.10677038098932273
144,67,121.20598528998134,12,upwind,1400,0.077734647059841
144,67,121.20598528998134,24,downwind,3837,0.12117474275028349
144,67,121.20598528998134,24,crosswind,6408,0.05609774980227687
144,67,121.20598528998134,24,upwind,1397,0.0666634546330733
122,68,122.96752616594745,3,downwind,2648,0.07520820443515067
122,68,122.96752616594745,3,crosswind,7557,0.09032002073648646
122,68,122.96752616594745,3,upwind,1450,0.0798409309730468
122,68,122.96752616594745,6,downwind,2647,0.09847919201345476
122,68,122.96752616594745,6,crosswind,7557,0.0950832744261877
122,68,122.96752616594745,6,upwind,1450,0.08149165843561038
122,68,122.96752616594745,12,downwind,2647,0.07409833739278147
122,68,122.96752616594745,12,crosswind,7552,0.06946123096738871
122,68,122.96752616594745,12,upwind,1450,0.02655956869044675
122,68,122.96752616594745,24,downwind,2645,0.04908641770781641
122,68,122.96752616594745,24,crosswind,7548,0.01706232406702314
122,68,122.96752616594745,24,upwind,1448,0.002112337564830131
119,68,135.96505466380637,3,downwind,5311,0.1468294010030676
119,68,135.96505466380637,3,crosswind,2186,0.1328354030442666
119,68,135.96505466380637,3,upwind,4148,0.08505916404903274
119,68,135.96505466380637,6,downwind,5311,0.16275384726779485
119,68,135.96505466380637,6,crosswind,2186,0.10136701614937917
119,68,135.96505466380637,6,upwind,4147,0.08794226976975746
119,68,135.96505466380637,12,downwind,5309,0.16424186209485683
119,68,135.96505466380637,12,crosswind,2185,0.055644298184851275
119,68,135.96505466380637,12,upwind,4145,0.03492724752215499
119,68,135.96505466380637,24,downwind,5302,0.11480072895048983
119,68,135.96505466380637,24,crosswind,2183,0.020733290180496036
119,68,135.96505466380637,24,upwind,4146,-0.0006549596537756838
67,68,142.04411502593152,3,downwind,3181,0.11072111886278309
67,68,142.04411502593152,3,crosswind,3712,0.052329020632225456
67,68,142.04411502593152,3,upwind,4764,0.0653845577355085
67,68,142.04411502593152,6,downwind,3181,0.12045540167301817
67,68,142.04411502593152,6,crosswind,3711,0.045221944313713305
67,68,142.04411502593152,6,upwind,4764,0.08130586287789279
67,68,142.04411502593152,12,downwind,3179,0.10765123349572876
67,68,142.04411502593152,12,crosswind,3710,0.011410357439334653
67,68,142.04411502593152,12,upwind,4762,0.0659762343150215
67,68,142.04411502593152,24,downwind,3176,0.04632392546821
67,68,142.04411502593152,24,crosswind,3705,-0.0088867674033046
67,68,142.04411502593152,24,upwind,4762,0.043296252303475224
79,68,147.23882500476012,3,downwind,1975,0.11392931755192359
79,68,147.23882500476012,3,crosswind,8699,0.08033108492560367
79,68,147.23882500476012,3,upwind,967,0.0256944927620335
79,68,147.23882500476012,6,downwind,1976,0.09032953840489001
79,68,147.23882500476012,6,crosswind,8697,0.08552413417463195
79,68,147.23882500476012,6,upwind,967,0.011337124769333148
79,68,147.23882500476012,12,downwind,1976,0.007447355561359645
79,68,147.23882500476012,12,crosswind,8692,0.041726898291961516
79,68,147.23882500476012,12,upwind,967,-0.03911894399989733
79,68,147.23882500476012,24,downwind,1976,-0.05986221487749268
79,68,147.23882500476012,24,crosswind,8688,-0.01617479112357597
79,68,147.23882500476012,24,upwind,963,-0.03902264479301683
124,68,163.75919183460002,3,downwind,4302,0.15839856682157827
124,68,163.75919183460002,3,crosswind,2299,0.08659487486137418
124,68,163.75919183460002,3,upwind,4763,0.04678279022059665
124,68,163.75919183460002,6,downwind,4301,0.18387174785419347
124,68,163.75919183460002,6,crosswind,2299,0.07510554494524342
124,68,163.75919183460002,6,upwind,4763,0.037719806219235825
124,68,163.75919183460002,12,downwind,4300,0.15661879424319516
124,68,163.75919183460002,12,crosswind,2299,0.07301727216118638
124,68,163.75919183460002,12,upwind,4759,0.02101938960515763
124,68,163.75919183460002,24,downwind,4298,0.12078984047996168
124,68,163.75919183460002,24,crosswind,2295,0.01192272196542325
124,68,163.75919183460002,24,upwind,4758,0.016768325854775706
121,69,74.93275446808819,3,downwind,5070,0.2087907098174504
121,69,74.93275446808819,3,crosswind,2950,0.14288911678221364
121,69,74.93275446808819,3,upwind,3637,0.04331184592487414
121,69,74.93275446808819,6,downwind,5069,0.22475682971477481
121,69,74.93275446808819,6,crosswind,2951,0.1687152480589654
121,69,74.93275446808819,6,upwind,3636,0.07242821949158205
121,69,74.93275446808819,12,downwind,5068,0.16169940440631556
121,69,74.93275446808819,12,crosswind,2950,0.17530141986796566
121,69,74.93275446808819,12,upwind,3633,0.06785007060887464
121,69,74.93275446808819,24,downwind,5069,0.05843739315563636
121,69,74.93275446808819,24,crosswind,2945,0.1234824654336756
121,69,74.93275446808819,24,upwind,3629,0.043887320077880466
2,69,83.86106431330954,3,downwind,3274,0.2229247438270189
2,69,83.86106431330954,3,crosswind,5085,0.15418484862219486
2,69,83.86106431330954,3,upwind,3302,0.08116964137020058
2,69,83.86106431330954,6,downwind,3274,0.28718877124050074
2,69,83.86106431330954,6,crosswind,5082,0.18076534088123644
2,69,83.86106431330954,6,upwind,3304,0.10591104865311991
2,69,83.86106431330954,12,downwind,3273,0.2433668341758721
2,69,83.86106431330954,12,crosswind,5079,0.147397955764058
2,69,83.86106431330954,12,upwind,3303,0.09357320233959217
2,69,83.86106431330954,24,downwind,3267,0.10620048844719658
2,69,83.86106431330954,24,crosswind,5076,0.08769694006406631
2,69,83.86106431330954,24,upwind,3304,0.07401602543529473
13,69,92.48142303466751,3,downwind,4759,0.33404253752304
13,69,92.48142303466751,3,crosswind,3232,0.30259586976819963
13,69,92.48142303466751,3,upwind,3669,0.12153988399254124
13,69,92.48142303466751,6,downwind,4759,0.3653788180543333
13,69,92.48142303466751,6,crosswind,3232,0.39011373261078003
13,69,92.48142303466751,6,upwind,3668,0.1311465299019276
13,69,92.48142303466751,12,downwind,4757,0.290645719081999
13,69,92.48142303466751,12,crosswind,3232,0.4191335868091493
13,69,92.48142303466751,12,upwind,3665,0.14110796730346875
13,69,92.48142303466751,24,downwind,4757,0.14296783016851694
13,69,92.48142303466751,24,crosswind,3229,0.2907029996570216
13,69,92.48142303466751,24,upwind,3660,0.09777688990451291
123,69,98.59502979308435,3,downwind,4451,0.1932066271726019
123,69,98.59502979308435,3,crosswind,2688,0.12380796613380352
123,69,98.59502979308435,3,upwind,4517,0.06543008103193125
123,69,98.59502979308435,6,downwind,4450,0.2281317042706721
123,69,98.59502979308435,6,crosswind,2689,0.1802636811710693
123,69,98.59502979308435,6,upwind,4516,0.101263149823383
123,69,98.59502979308435,12,downwind,4451,0.22605387541910524
123,69,98.59502979308435,12,crosswind,2685,0.20845518650139852
123,69,98.59502979308435,12,upwind,4514,0.13449181748058425
123,69,98.59502979308435,24,downwind,4449,0.18395038522410603
123,69,98.59502979308435,24,crosswind,2683,0.10330950943571286
123,69,98.59502979308435,24,upwind,4510,0.12440287020008725
12,69,120.57562975636775,3,downwind,4828,0.08320199985906147
12,69,120.57562975636775,3,crosswind,3942,0.06749431505854236
12,69,120.57562975636775,3,upwind,2890,0.08288485447021708
12,69,120.57562975636775,6,downwind,4828,0.1405880715725931
12,69,120.57562975636775,6,crosswind,3941,0.08408459853606665
12,69,120.57562975636775,6,upwind,2890,0.0805941227403323
12,69,120.57562975636775,12,downwind,4827,0.13589606312616315
12,69,120.57562975636775,12,crosswind,3940,0.06033194031827169
12,69,120.57562975636775,12,upwind,2887,-0.0013391675811610865
12,69,120.57562975636775,24,downwind,4820,0.03814207509618915
12,69,120.57562975636775,24,crosswind,3942,0.02511756604108892
12,69,120.57562975636775,24,upwind,2884,0.026079865936990482
52,70,41.52127026960072,3,downwind,5844,0.22151613140781404
52,70,41.52127026960072,3,crosswind,1447,0.06233105817700535
52,70,41.52127026960072,3,upwind,4368,0.024498925062490278
52,70,41.52127026960072,6,downwind,5846,0.14287699439032395
52,70,41.52127026960072,6,crosswind,1446,0.03598275609538496
52,70,41.52127026960072,6,upwind,4366,0.03919713635813077
52,70,41.52127026960072,12,downwind,5845,0.06848153838345013
52,70,41.52127026960072,12,crosswind,1447,0.03012520087733743
52,70,41.52127026960072,12,upwind,4361,0.04082060258105366
52,70,41.52127026960072,24,downwind,5845,0.01356423149888159
52,70,41.52127026960072,24,crosswind,1446,-0.02581910554149779
52,70,41.52127026960072,24,upwind,4354,0.0017678086503556275
129,70,83.03523730020598,3,downwind,4876,0.23702765668454537
129,70,83.03523730020598,3,crosswind,4631,0.17464797928270537
129,70,83.03523730020598,3,upwind,2152,-0.01378713889519141
129,70,83.03523730020598,6,downwind,4876,0.18066733805014923
129,70,83.03523730020598,6,crosswind,4630,0.19289228333766778
129,70,83.03523730020598,6,upwind,2152,-0.013937752163791678
129,70,83.03523730020598,12,downwind,4871,0.12336671724561935
129,70,83.03523730020598,12,crosswind,4629,0.13108277353251085
129,70,83.03523730020598,12,upwind,2153,0.02443455846651447
129,70,83.03523730020598,24,downwind,4865,0.09441364596891869
129,70,83.03523730020598,24,crosswind,4626,0.028231651600446585
129,70,83.03523730020598,24,upwind,2154,0.04498654120483727
4,70,178.65137874263348,3,downwind,5756,0.19169341701399695
4,70,178.65137874263348,3,crosswind,2335,-0.0017329629302080827
4,70,178.65137874263348,3,upwind,3568,-0.0002561002939268802
4,70,178.65137874263348,6,downwind,5758,0.20430486904067185
4,70,178.65137874263348,6,crosswind,2333,0.016509041493987124
4,70,178.65137874263348,6,upwind,3567,0.009019182354147602
4,70,178.65137874263348,12,downwind,5756,0.11101373591212599
4,70,178.65137874263348,12,crosswind,2333,0.0049867356751621475
4,70,178.65137874263348,12,upwind,3564,-0.00630137362268967
4,70,178.65137874263348,24,downwind,5755,0.015002118458221745
4,70,178.65137874263348,24,crosswind,2332,-0.012453397941208255
4,70,178.65137874263348,24,upwind,3558,-0.038943929105990406
15,70,237.48230765658897,3,downwind,4202,0.15460823742897142
15,70,237.48230765658897,3,crosswind,2792,0.04578864978620777
15,70,237.48230765658897,3,upwind,4665,0.0026457910029010997
15,70,237.48230765658897,6,downwind,4203,0.19208172056988615
15,70,237.48230765658897,6,crosswind,2792,0.06867679717344614
15,70,237.48230765658897,6,upwind,4663,0.0039716082676411356
15,70,237.48230765658897,12,downwind,4202,0.15656187364574728
15,70,237.48230765658897,12,crosswind,2792,0.055804490065739384
15,70,237.48230765658897,12,upwind,4659,-0.009593949437427038
15,70,237.48230765658897,24,downwind,4199,0.08731351729778304
15,70,237.48230765658897,24,crosswind,2792,0.006107063162245931
15,70,237.48230765658897,24,upwind,4654,-0.02320128967841305
8,70,267.9133473001226,3,downwind,5599,0.15831586252019342
8,70,267.9133473001226,3,crosswind,4524,0.10796710986642091
8,70,267.9133473001226,3,upwind,1536,-0.04107831205698489
8,70,267.9133473001226,6,downwind,5599,0.17750446882213283
8,70,267.9133473001226,6,crosswind,4523,0.14294914027207764
8,70,267.9133473001226,6,upwind,1536,-0.039051220391116005
8,70,267.9133473001226,12,downwind,5596,0.12056247365018861
8,70,267.9133473001226,12,crosswind,4521,0.16466137756189633
8,70,267.9133473001226,12,upwind,1536,-0.01868593041479521
8,70,267.9133473001226,24,downwind,5598,0.06818892345423923
8,70,267.9133473001226,24,crosswind,4515,0.06312265781909387
8,70,267.9133473001226,24,upwind,1532,-0.0430953204072122
72,71,39.26413624814771,3,downwind,4469,0.3505866405030381
72,71,39.26413624814771,3,crosswind,4519,0.230710461706612
72,71,39.26413624814771,3,upwind,2673,0.11505386708246776
72,71,39.26413624814771,6,downwind,4467,0.26106449187165826
72,71,39.26413624814771,6,crosswind,4520,0.18659449578576134
72,71,39.26413624814771,6,upwind,2673,0.11074543014385428
72,71,39.26413624814771,12,downwind,4464,0.14259825423901812
72,71,39.26413624814771,12,crosswind,4519,0.1434391070927503
72,71,39.26413624814771,12,upwind,2672,0.09363564561863644
72,71,39.26413624814771,24,downwind,4460,0.029484728669992445
72,71,39.26413624814771,24,crosswind,4515,0.08368401880722909
72,71,39.26413624814771,24,upwind,2672,0.08128073892105174
139,71,57.602142210296996,3,downwind,4548,0.18022181883085978
139,71,57.602142210296996,3,crosswind,4413,0.033805658161043126
139,71,57.602142210296996,3,upwind,2700,0.03580265422150406
139,71,57.602142210296996,6,downwind,4546,0.14382679994817968
139,71,57.602142210296996,6,crosswind,4412,0.06584560422378459
139,71,57.602142210296996,6,upwind,2702,0.03553171537997389
139,71,57.602142210296996,12,downwind,4546,0.07063523995340025
139,71,57.602142210296996,12,crosswind,4410,0.027001159295293717
139,71,57.602142210296996,12,upwind,2699,0.014025034124671973
139,71,57.602142210296996,24,downwind,4542,0.03143843675999078
139,71,57.602142210296996,24,crosswind,4407,-0.049835838826355554
139,71,57.602142210296996,24,upwind,2698,-0.013779995190924274
133,71,72.56343626012729,3,downwind,2948,0.19562401484706662
133,71,72.56343626012729,3,crosswind,2172,0.2092169638623674
133,71,72.56343626012729,3,upwind,6537,0.008633870872484774
133,71,72.56343626012729,6,downwind,2948,0.2280543991067695
133,71,72.56343626012729,6,crosswind,2172,0.2115770425899697
133,71,72.56343626012729,6,upwind,6536,0.02725103460807659
133,71,72.56343626012729,12,downwind,2947,0.1919864721350557
133,71,72.56343626012729,12,crosswind,2172,0.14794769911182618
133,71,72.56343626012729,12,upwind,6532,0.05669446182064048
133,71,72.56343626012729,24,downwind,2949,0.08991346038367398
133,71,72.56343626012729,24,crosswind,2167,0.06775981983883791
133,71,72.56343626012729,24,upwind,6527,0.036980017878229896
17,71,84.66954808520647,3,downwind,4582,0.35758833683725755
17,71,84.66954808520647,3,crosswind,4390,0.1776116172562661
17,71,84.66954808520647,3,upwind,2689,0.05309727361727822
17,71,84.66954808520647,6,downwind,4580,0.3187039656971166
17,71,84.66954808520647,6,crosswind,4389,0.16579823937704072
17,71,84.66954808520647,6,upwind,2691,0.05979345410289638
17,71,84.66954808520647,12,downwind,4577,0.19236307879139616
17,71,84.66954808520647,12,crosswind,4388,0.1267058182459072
17,71,84.66954808520647,12,upwind,2690,0.09472479358189935
17,71,84.66954808520647,24,downwind,4573,0.037644602337815955
17,71,84.66954808520647,24,crosswind,4384,0.0333263809584778
17,71,84.66954808520647,24,upwind,2690,0.11756562140699896
109,71,97.98856622184391,3,downwind,5068,0.23051787418196984
109,71,97.98856622184391,3,crosswind,4017,0.06842802781640621
109,71,97.98856622184391,3,upwind,2386,0.04748272634026774
109,71,97.98856622184391,6,downwind,5066,0.20148491140043603
109,71,97.98856622184391,6,crosswind,4016,0.07535291965666567
109,71,97.98856622184391,6,upwind,2388,0.07465532925787048
109,71,97.98856622184391,12,downwind,5061,0.096940149691989
109,71,97.98856622184391,12,crosswind,4017,0.04835642118394416
109,71,97.98856622184391,12,upwind,2387,0.09572588824555982
109,71,97.98856622184391,24,downwind,5054,-0.021863324703484004
109,71,97.98856622184391,24,crosswind,4015,0.02216001389968289
109,71,97.98856622184391,24,upwind,2388,0.04709229477042333
71,72,39.26413624814771,3,downwind,2625,0.28458171962050116
71,72,39.26413624814771,3,crosswind,4439,0.10311269356338618
71,72,39.26413624814771,3,upwind,4597,0.002162136874268223
71,72,39.26413624814771,6,downwind,2625,0.2625485631419646
71,72,39.26413624814771,6,crosswind,4439,0.08611251616853446
71,72,39.26413624814771,6,upwind,4596,0.05006038623545409
71,72,39.26413624814771,12,downwind,2623,0.1676186874097684
71,72,39.26413624814771,12,crosswind,4439,0.07173619028951904
71,72,39.26413624814771,12,upwind,4593,0.048851242750577374
71,72,39.26413624814771,24,downwind,2624,0.09962469625144614
71,72,39.26413624814771,24,crosswind,4434,0.018761388819973034
71,72,39.26413624814771,24,upwind,4589,0.055416765658598065
17,72,45.70479115052507,3,downwind,4729,0.2994501691153808
17,72,45.70479115052507,3,crosswind,4301,0.13687531410616988
17,72,45.70479115052507,3,upwind,2631,-0.012801548339609331
17,72,45.70479115052507,6,downwind,4727,0.23014543772976107
17,72,45.70479115052507,6,crosswind,4300,0.10629078759209155
17,72,45.70479115052507,6,upwind,2633,0.03876522066921323
17,72,45.70479115052507,12,downwind,4724,0.11411293131281562
17,72,45.70479115052507,12,crosswind,4299,0.060138282647920864
17,72,45.70479115052507,12,upwind,2632,0.09737197142887669
17,72,45.70479115052507,24,downwind,4720,0.004656588238692525
17,72,45.70479115052507,24,crosswind,4295,0.01017738431112506
17,72,45.70479115052507,24,upwind,2632,0.11335439740800014
109,72,65.35157396288902,3,downwind,5709,0.18125888845839486
109,72,65.35157396288902,3,crosswind,3429,0.0604782193435849
109,72,65.35157396288902,3,upwind,2333,0.034671847546806196
109,72,65.35157396288902,6,downwind,5707,0.1345124458562094
109,72,65.35157396288902,6,crosswind,3427,0.06751337385109778
109,72,65.35157396288902,6,upwind,2336,0.05589475507296807
109,72,65.35157396288902,12,downwind,5704,0.04803647662098396
109,72,65.35157396288902,12,crosswind,3426,0.027911302125963225
109,72,65.35157396288902,12,upwind,2335,0.07811547396576493
109,72,65.35157396288902,24,downwind,5696,-0.018068291977453733
109,72,65.35157396288902,24,crosswind,3425,0.0205859838741015
109,72,65.35157396288902,24,upwind,2336,0.009146993778401204
136,72,69.88630834655059,3,downwind,3090,0.3253705124252984
136,72,69.88630834655059,3,crosswind,4306,0.16630967628430632
136,72,69.88630834655059,3,upwind,4265,0.026930670099533777
136,72,69.88630834655059,6,downwind,3089,0.2596598105692679
136,72,69.88630834655059,6,crosswind,4307,0.17582721143287866
136,72,69.88630834655059,6,upwind,4264,0.05976243819765751
136,72,69.88630834655059,12,downwind,3086,0.15154225223665946
136,72,69.88630834655059,12,crosswind,4306,0.12406748560646785
136,72,69.88630834655059,12,upwind,4263,0.10484153636421328
136,72,69.88630834655059,24,downwind,3083,0.04966801794077835
136,72,69.88630834655059,24,crosswind,4302,0.04094211248688996
136,72,69.88630834655059,24,upwind,4262,0.06403592472352977
139,72,85.04530652325042,3,downwind,3366,0.1741935458313922
139,72,85.04530652325042,3,crosswind,5271,0.038061525619630804
139,72,85.04530652325042,3,upwind,3024,-0.032051716163674686
139,72,85.04530652325042,6,downwind,3364,0.19644626439428714
139,72,85.04530652325042,6,crosswind,5273,0.04369718696428297
139,72,85.04530652325042,6,upwind,3023,0.013260855444731384
139,72,85.04530652325042,12,downwind,3365,0.17334980142979214
139,72,85.04530652325042,12,crosswind,5269,0.021464022827817973
139,72,85.04530652325042,12,upwind,3021,0.02610365778943444
139,72,85.04530652325042,24,downwind,3363,0.10686212009532216
139,72,85.04530652325042,24,crosswind,5265,-0.024838821626966677
139,72,85.04530652325042,24,upwind,3019,0.014293632696473088
39,73,108.50471265974755,3,downwind,2990,0.19590124186800617
39,73,108.50471265974755,3,crosswind,1123,0.13907161307064325
39,73,108.50471265974755,3,upwind,7536,0.02335308633522039
39,73,108.50471265974755,6,downwind,2988,0.2657887325386213
39,73,108.50471265974755,6,crosswind,1123,0.1872050392162565
39,73,108.50471265974755,6,upwind,7535,0.06222350060905827
39,73,108.50471265974755,12,downwind,2986,0.2955038047901638
39,73,108.50471265974755,12,crosswind,1123,0.23706203925211156
39,73,108.50471265974755,12,upwind,7529,0.08638493330273596
39,73,108.50471265974755,24,downwind,2993,0.22765776979745586
39,73,108.50471265974755,24,crosswind,1120,0.20174630485313388
39,73,108.50471265974755,24,upwind,7519,0.10040856495179638
151,73,111.44824757322313,3,downwind,3401,0.3320752708284999
151,73,111.44824757322313,3,crosswind,2085,0.09750406785593231
151,73,111.44824757322313,3,upwind,6161,0.0761007699140586
151,73,111.44824757322313,6,downwind,3401,0.40171037311109237
151,73,111.44824757322313,6,crosswind,2086,0.16819711296699372
151,73,111.44824757322313,6,upwind,6157,0.12185762526516358
151,73,111.44824757322313,12,downwind,3399,0.4002979654509051
151,73,111.44824757322313,12,crosswind,2083,0.2133714033938653
151,73,111.44824757322313,12,upwind,6154,0.16606964341087702
151,73,111.44824757322313,24,downwind,3397,0.29342868881834394
151,73,111.44824757322313,24,crosswind,2079,0.18175828247572579
151,73,111.44824757322313,24,upwind,6154,0.14074390941970363
140,73,126.33242984401342,3,downwind,4979,0.12956062968696963
140,73,126.33242984401342,3,crosswind,4985,0.03516300347715738
140,73,126.33242984401342,3,upwind,1683,0.010979516122151253
140,73,126.33242984401342,6,downwind,4977,0.18909665817709978
140,73,126.33242984401342,6,crosswind,4983,0.0757450980015253
140,73,126.33242984401342,6,upwind,1684,0.04780766151563735
140,73,126.33242984401342,12,downwind,4974,0.24868349185665414
140,73,126.33242984401342,12,crosswind,4979,0.1023081327990725
140,73,126.33242984401342,12,upwind,1683,0.09748594613135612
140,73,126.33242984401342,24,downwind,4976,0.2566522500674564
140,73,126.33242984401342,24,crosswind,4972,0.1052449784567439
140,73,126.33242984401342,24,upwind,1682,0.10846274781687319
154,73,134.51656385153063,3,downwind,3293,0.3221852780368958
154,73,134.51656385153063,3,crosswind,2840,0.13299763657871802
154,73,134.51656385153063,3,upwind,5514,0.048578338741083756
154,73,134.51656385153063,6,downwind,3293,0.4102374893789586
154,73,134.51656385153063,6,crosswind,2840,0.19729114257340616
154,73,134.51656385153063,6,upwind,5511,0.08819600206834419
154,73,134.51656385153063,12,downwind,3292,0.4324828877659168
154,73,134.51656385153063,12,crosswind,2837,0.22864789963194745
154,73,134.51656385153063,12,upwind,5507,0.12955403977790625
154,73,134.51656385153063,24,downwind,3288,0.3220715474563376
154,73,134.51656385153063,24,crosswind,2833,0.1765739435820115
154,73,134.51656385153063,24,upwind,5509,0.12337076894431978
157,73,137.3693552394372,3,downwind,3361,0.29203747610641073
157,73,137.3693552394372,3,crosswind,2865,0.11978287833429058
157,73,137.3693552394372,3,upwind,5298,0.024085074239323104
157,73,137.3693552394372,6,downwind,3361,0.355539084868332
157,73,137.3693552394372,6,crosswind,2866,0.173584624993178
157,73,137.3693552394372,6,upwind,5294,0.059653652533534156
157,73,137.3693552394372,12,downwind,3360,0.37612042296653125
157,73,137.3693552394372,12,crosswind,2862,0.19167704094304347
157,73,137.3693552394372,12,upwind,5291,0.09469705015034849
157,73,137.3693552394372,24,downwind,3357,0.2975043611327256
157,73,137.3693552394372,24,crosswind,2859,0.13138778681566607
157,73,137.3693552394372,24,upwind,5293,0.06684964190324265
77,74,96.13149652101565,3,downwind,4732,0.24719766065628004
77,74,96.13149652101565,3,crosswind,3620,0.16192441580802658
77,74,96.13149652101565,3,upwind,3308,0.06809038371390404
77,74,96.13149652101565,6,downwind,4731,0.24435131989025796
77,74,96.13149652101565,6,crosswind,3621,0.19095060349368162
77,74,96.13149652101565,6,upwind,3307,0.06699039241791925
77,74,96.13149652101565,12,downwind,4727,0.1465018433059386
77,74,96.13149652101565,12,crosswind,3622,0.1676183650150063
77,74,96.13149652101565,12,upwind,3305,0.05157978853409799
77,74,96.13149652101565,24,downwind,4724,0.027165803556732447
77,74,96.13149652101565,24,crosswind,3617,0.0783900838976404
77,74,96.13149652101565,24,upwind,3305,0.01340165673191156
119,74,101.50355790154168,3,downwind,3070,0.2084885832717056
119,74,101.50355790154168,3,crosswind,4724,0.1496102551431283
119,74,101.50355790154168,3,upwind,3853,0.0845676547705878
119,74,101.50355790154168,6,downwind,3069,0.21291263227770535
119,74,101.50355790154168,6,crosswind,4723,0.1534943527194696
119,74,101.50355790154168,6,upwind,3854,0.0959253985358026
119,74,101.50355790154168,12,downwind,3064,0.21624722175987648
119,74,101.50355790154168,12,crosswind,4723,0.14437609991784964
119,74,101.50355790154168,12,upwind,3854,0.0711117154269753
119,74,101.50355790154168,24,downwind,3065,0.13166855323083995
119,74,101.50355790154168,24,crosswind,4720,0.10249270381699281
119,74,101.50355790154168,24,upwind,3848,0.0371174227458224
42,74,114.44531075263917,3,downwind,4622,0.35716024535331214
42,74,114.44531075263917,3,crosswind,3773,0.1642502756834574
42,74,114.44531075263917,3,upwind,3266,0.09446346786407331
42,74,114.44531075263917,6,downwind,4621,0.3855021540883892
42,74,114.44531075263917,6,crosswind,3773,0.21462188621011366
42,74,114.44531075263917,6,upwind,3266,0.10887774619257143
42,74,114.44531075263917,12,downwind,4620,0.2731845400499913
42,74,114.44531075263917,12,crosswind,3771,0.20364741218028404
42,74,114.44531075263917,12,upwind,3264,0.12063121357250702
42,74,114.44531075263917,24,downwind,4615,0.13210055149612823
42,74,114.44531075263917,24,crosswind,3766,0.1104306545487342
42,74,114.44531075263917,24,upwind,3266,0.05196322506232442
79,74,114.61322921941355,3,downwind,4602,0.2594249255760015
79,74,114.61322921941355,3,crosswind,1003,0.1473367933299364
79,74,114.61322921941355,3,upwind,6038,0.1077283149548102
79,74,114.61322921941355,6,downwind,4601,0.2799989404030009
79,74,114.61322921941355,6,crosswind,1004,0.16660975070160933
79,74,114.61322921941355,6,upwind,6037,0.10937466869026775
79,74,114.61322921941355,12,downwind,4601,0.24010285461131198
79,74,114.61322921941355,12,crosswind,1003,0.10491745031969527
79,74,114.61322921941355,12,upwind,6033,0.07105281679601798
79,74,114.61322921941355,24,downwind,4601,0.15395542321005096
79,74,114.61322921941355,24,crosswind,1002,0.0060240735854862
79,74,114.61322921941355,24,upwind,6026,0.007985944994015285
78,74,128.6354402922836,3,downwind,3634,0.18649154145048655
78,74,128.6354402922836,3,crosswind,4860,0.10936717818044348
78,74,128.6354402922836,3,upwind,3167,0.013027966409084308
78,74,128.6354402922836,6,downwind,3635,0.20552982335425396
78,74,128.6354402922836,6,crosswind,4859,0.11733289756821426
78,74,128.6354402922836,6,upwind,3166,0.043346177128651804
78,74,128.6354402922836,12,downwind,3633,0.1715893106779646
78,74,128.6354402922836,12,crosswind,4859,0.10488061973882655
78,74,128.6354402922836,12,upwind,3163,0.023746487258380744
78,74,128.6354402922836,24,downwind,3626,0.1133163700950309
78,74,128.6354402922836,24,crosswind,4857,0.04054225690511023
78,74,128.6354402922836,24,upwind,3164,0.004153750426427842
143,75,34.293966608774234,3,downwind,5608,0.07943436396455082
143,75,34.293966608774234,3,crosswind,1256,0.05933365221549235
143,75,34.293966608774234,3,upwind,4790,-0.005026148151213018
143,75,34.293966608774234,6,downwind,5607,0.07675328636625528
143,75,34.293966608774234,6,crosswind,1257,0.09030162277401493
143,75,34.293966608774234,6,upwind,4788,0.023882324843166686
143,75,34.293966608774234,12,downwind,5604,0.04807740813668872
143,75,34.293966608774234,12,crosswind,1257,0.018727537500414837
143,75,34.293966608774234,12,upwind,4784,0.03888604182018936
143,75,34.293966608774234,24,downwind,5604,-0.030034539100575384
143,75,34.293966608774234,24,crosswind,1252,-0.03546673430260175
143,75,34.293966608774234,24,upwind,4781,0.01481040522008907
5,75,59.333673401097435,3,downwind,4448,0.3190497000098296
5,75,59.333673401097435,3,crosswind,1594,0.03437128571227207
5,75,59.333673401097435,3,upwind,5614,-0.0065408832665953005
5,75,59.333673401097435,6,downwind,4447,0.24648938401543308
5,75,59.333673401097435,6,crosswind,1594,0.00914079612497926
5,75,59.333673401097435,6,upwind,5613,-0.004756518678173001
5,75,59.333673401097435,12,downwind,4443,0.11725639223067001
5,75,59.333673401097435,12,crosswind,1593,0.014102077146174145
5,75,59.333673401097435,12,upwind,5611,0.020054529885881144
5,75,59.333673401097435,24,downwind,4439,0.055233222586009566
5,75,59.333673401097435,24,crosswind,1591,0.03559254091133971
5,75,59.333673401097435,24,upwind,5609,0.021808770977369003
145,75,70.93601828036174,3,downwind,3502,0.2237049571757097
145,75,70.93601828036174,3,crosswind,6572,0.1560385537487707
145,75,70.93601828036174,3,upwind,1582,-0.016150987093948004
145,75,70.93601828036174,6,downwind,3504,0.23544501198588544
145,75,70.93601828036174,6,crosswind,6568,0.16554334035962334
145,75,70.93601828036174,6,upwind,1582,-0.013411493023157592
145,75,70.93601828036174,12,downwind,3502,0.17746370091303557
145,75,70.93601828036174,12,crosswind,6563,0.14497790989822834
145,75,70.93601828036174,12,upwind,1582,-0.016063264873960176
145,75,70.93601828036174,24,downwind,3497,0.08357124771781252
145,75,70.93601828036174,24,crosswind,6561,0.038760945249714206
145,75,70.93601828036174,24,upwind,1581,-0.019593871480358068
144,75,99.20072274599647,3,downwind,5216,0.18287489634882798
144,75,99.20072274599647,3,crosswind,1879,0.12468228915714585
144,75,99.20072274599647,3,upwind,4561,0.04020072471985048
144,75,99.20072274599647,6,downwind,5215,0.19799231209402332
144,75,99.20072274599647,6,crosswind,1880,0.1299138321050669
144,75,99.20072274599647,6,upwind,4559,0.076757694558421
144,75,99.20072274599647,12,downwind,5211,0.1663462296588464
144,75,99.20072274599647,12,crosswind,1880,0.15097855908920418
144,75,99.20072274599647,12,upwind,4556,0.08300508898539387
144,75,99.20072274599647,24,downwind,5209,0.09085954884396448
144,75,99.20072274599647,24,crosswind,1878,0.09538532145837804
144,75,99.20072274599647,24,upwind,4552,0.038342505913150755
12,75,110.82434755584207,3,downwind,4348,0.34541066105620494
12,75,110.82434755584207,3,crosswind,1601,0.1641428077357249
12,75,110.82434755584207,3,upwind,5707,0.05066252792853908
12,75,110.82434755584207,6,downwind,4346,0.3142999262757834
12,75,110.82434755584207,6,crosswind,1602,0.19604641129249306
12,75,110.82434755584207,6,upwind,5706,0.06878624397994428
12,75,110.82434755584207,12,downwind,4342,0.15089959568609138
12,75,110.82434755584207,12,crosswind,1601,0.17809714455040493
12,75,110.82434755584207,12,upwind,5704,0.07581097988531184
12,75,110.82434755584207,24,downwind,4339,0.06263039181509965
12,75,110.82434755584207,24,crosswind,1599,0.1047968594317291
12,75,110.82434755584207,24,upwind,5701,0.06149376759582183
42,76,61.12416755407387,3,downwind,3186,0.3266708092626296
42,76,61.12416755407387,3,crosswind,3865,0.08700763296780292
42,76,61.12416755407387,3,upwind,4610,0.12996408172112323
42,76,61.12416755407387,6,downwind,3186,0.34564330139072413
42,76,61.12416755407387,6,crosswind,3865,0.12030987765248066
42,76,61.12416755407387,6,upwind,4609,0.14070574140325323
42,76,61.12416755407387,12,downwind,3184,0.2723378841723513
42,76,61.12416755407387,12,crosswind,3862,0.15441241136226344
42,76,61.12416755407387,12,upwind,4609,0.13649357289244868
42,76,61.12416755407387,24,downwind,3186,0.16365655156547537
42,76,61.12416755407387,24,crosswind,3858,0.10906778099693329
42,76,61.12416755407387,24,upwind,4603,0.08760268695081079
144,76,70.30545883628344,3,downwind,1344,0.23365730552205746
144,76,70.30545883628344,3,crosswind,6550,0.1652353823584162
144,76,70.30545883628344,3,upwind,3766,0.07921895350240966
144,76,70.30545883628344,6,downwind,1345,0.1786805422924205
144,76,70.30545883628344,6,crosswind,6547,0.18695434804578412
144,76,70.30545883628344,6,upwind,3767,0.09388531326717993
144,76,70.30545883628344,12,downwind,1344,0.13720413629816128
144,76,70.30545883628344,12,crosswind,6545,0.14885342885581354
144,76,70.30545883628344,12,upwind,3765,0.10597971975562562
144,76,70.30545883628344,24,downwind,1341,0.13185960724858062
144,76,70.30545883628344,24,crosswind,6543,0.08243766504271208
144,76,70.30545883628344,24,upwind,3762,0.11603440612349
146,76,99.77394318787519,3,downwind,4270,0.2036327549653867
146,76,99.77394318787519,3,crosswind,2758,0.21813820937215814
146,76,99.77394318787519,3,upwind,4615,0.059226179069344104
146,76,99.77394318787519,6,downwind,4270,0.22180029399295925
146,76,99.77394318787519,6,crosswind,2759,0.21290588972047203
146,76,99.77394318787519,6,upwind,4613,0.07775251103036408
146,76,99.77394318787519,12,downwind,4267,0.1632973317814655
146,76,99.77394318787519,12,crosswind,2759,0.20229799930122627
146,76,99.77394318787519,12,upwind,4611,0.06413245682621739
146,76,99.77394318787519,24,downwind,4266,0.07787664482914934
146,76,99.77394318787519,24,crosswind,2753,0.17137090024550516
146,76,99.77394318787519,24,upwind,4610,0.05653986794234937
77,76,111.56721020566329,3,downwind,3758,0.24837688836729008
77,76,111.56721020566329,3,crosswind,2270,0.056197517929050825
77,76,111.56721020566329,3,upwind,5632,0.07128030752865774
77,76,111.56721020566329,6,downwind,3757,0.2817703425969579
77,76,111.56721020566329,6,crosswind,2270,0.09213619832421083
77,76,111.56721020566329,6,upwind,5632,0.08692878809235798
77,76,111.56721020566329,12,downwind,3754,0.24259591304285094
77,76,111.56721020566329,12,crosswind,2268,0.09970745536514694
77,76,111.56721020566329,12,upwind,5632,0.09809652430316633
77,76,111.56721020566329,24,downwind,3755,0.1366490096917293
77,76,111.56721020566329,24,crosswind,2264,0.07965399764497419
77,76,111.56721020566329,24,upwind,5627,0.0485047594744795
143,76,111.8644119184811,3,downwind,4596,0.23714919084618374
143,76,111.8644119184811,3,crosswind,1429,0.10328946010227588
143,76,111.8644119184811,3,upwind,5633,0.026338740504177748
143,76,111.8644119184811,6,downwind,4595,0.23085913981593317
143,76,111.8644119184811,6,crosswind,1427,0.15318532055786072
143,76,111.8644119184811,6,upwind,5635,0.05565847559135082
143,76,111.8644119184811,12,downwind,4591,0.17589364018060005
143,76,111.8644119184811,12,crosswind,1429,0.12106477020676415
143,76,111.8644119184811,12,upwind,5632,0.07262216212116435
143,76,111.8644119184811,24,downwind,4587,0.09287818189440447
143,76,111.8644119184811,24,crosswind,1427,0.09994008105419502
143,76,111.8644119184811,24,upwind,5630,0.06969504489398777
119,77,46.629532521959696,3,downwind,4298,0.24479960178205987
119,77,46.629532521959696,3,crosswind,1734,0.1386836273632301
119,77,46.629532521959696,3,upwind,5613,0.07117655521927582
119,77,46.629532521959696,6,downwind,4298,0.23826740975915808
119,77,46.629532521959696,6,crosswind,1735,0.13831900791513033
119,77,46.629532521959696,6,upwind,5611,0.0745972117957214
119,77,46.629532521959696,12,downwind,4296,0.22257670426345103
119,77,46.629532521959696,12,crosswind,1733,0.10880089842105818
119,77,46.629532521959696,12,upwind,5610,0.0852241730299267
119,77,46.629532521959696,24,downwind,4297,0.1568317191276875
119,77,46.629532521959696,24,crosswind,1732,0.04101015811015604
119,77,46.629532521959696,24,upwind,5602,0.056984325860978714
144,77,59.081233556601546,3,downwind,5138,0.3501440095566888
144,77,59.081233556601546,3,crosswind,3001,0.13735833693006813
144,77,59.081233556601546,3,upwind,3519,0.0393659109968169
144,77,59.081233556601546,6,downwind,5136,0.3451529652289093
144,77,59.081233556601546,6,crosswind,3002,0.14410873451997322
144,77,59.081233556601546,6,upwind,3519,0.028996211442541032
144,77,59.081233556601546,12,downwind,5134,0.24893236790756113
144,77,59.081233556601546,12,crosswind,3000,0.12142242061830309
144,77,59.081233556601546,12,upwind,3518,0.004834729477377164
144,77,59.081233556601546,24,downwind,5132,0.11718050342695799
144,77,59.081233556601546,24,crosswind,2994,0.06189367494505041
144,77,59.081233556601546,24,upwind,3518,0.04920350803213672
42,77,64.65771763796928,3,downwind,4259,0.2902481362219854
42,77,64.65771763796928,3,crosswind,4895,0.24264094000783765
42,77,64.65771763796928,3,upwind,2505,0.1279994117071958
42,77,64.65771763796928,6,downwind,4260,0.2998504122933093
42,77,64.65771763796928,6,crosswind,4892,0.2328333208753772
42,77,64.65771763796928,6,upwind,2506,0.13834010529233007
42,77,64.65771763796928,12,downwind,4258,0.2283176108299832
42,77,64.65771763796928,12,crosswind,4890,0.16956019659228452
42,77,64.65771763796928,12,upwind,2505,0.12696390677635322
42,77,64.65771763796928,24,downwind,4249,0.12448758774242322
42,77,64.65771763796928,24,crosswind,4890,0.09316807433446232
42,77,64.65771763796928,24,upwind,2506,0.08283871921620342
74,77,96.13149652101565,3,downwind,4030,0.1754771684424835
74,77,96.13149652101565,3,crosswind,2890,0.17008632865368561
74,77,96.13149652101565,3,upwind,4739,0.10388794156720549
74,77,96.13149652101565,6,downwind,4030,0.20975841461248096
74,77,96.13149652101565,6,crosswind,2891,0.18067392381515468
74,77,96.13149652101565,6,upwind,4737,0.11124594329759374
74,77,96.13149652101565,12,downwind,4029,0.18060667956535453
74,77,96.13149652101565,12,crosswind,2890,0.233044712412077
74,77,96.13149652101565,12,upwind,4734,0.10453412078582584
74,77,96.13149652101565,24,downwind,4030,0.1574513225547327
74,77,96.13149652101565,24,crosswind,2886,0.20080613476445883
74,77,96.13149652101565,24,upwind,4729,0.03776589977372864
67,77,108.53435354694561,3,downwind,3028,0.14214134039053872
67,77,108.53435354694561,3,crosswind,4189,0.13022164062761893
67,77,108.53435354694561,3,upwind,4440,0.05001312605737225
67,77,108.53435354694561,6,downwind,3028,0.16659182917569718
67,77,108.53435354694561,6,crosswind,4189,0.13067420242564579
67,77,108.53435354694561,6,upwind,4439,0.07833147597085344
67,77,108.53435354694561,12,downwind,3025,0.1668475243248947
67,77,108.53435354694561,12,crosswind,4188,0.10360715582394481
67,77,108.53435354694561,12,upwind,4438,0.09581856746321096
67,77,108.53435354694561,24,downwind,3023,0.13517854614283015
67,77,108.53435354694561,24,crosswind,4187,0.04388007971878415
67,77,108.53435354694561,24,upwind,4433,0.07088748580672452
146,78,59.186256269092425,3,downwind,4878,0.4582013403360593
146,78,59.186256269092425,3,crosswind,3079,0.19824975911543957
146,78,59.186256269092425,3,upwind,3686,0.15085848038018126
146,78,59.186256269092425,6,downwind,4877,0.426336553021439
146,78,59.186256269092425,6,crosswind,3080,0.19586066697460225
146,78,59.186256269092425,6,upwind,3685,0.09907544554154853
146,78,59.186256269092425,12,downwind,4876,0.26384326957834703
146,78,59.186256269092425,12,crosswind,3080,0.16993110165802677
146,78,59.186256269092425,12,upwind,3681,0.07935412367151269
146,78,59.186256269092425,24,downwind,4874,0.10245221414596623
146,78,59.186256269092425,24,crosswind,3072,0.0771596654020967
146,78,59.186256269092425,24,upwind,3683,0.058681413017507816
147,78,73.21800462354715,3,downwind,4058,0.2933762664699417
147,78,73.21800462354715,3,crosswind,5304,0.16303499843027056
147,78,73.21800462354715,3,upwind,2297,0.05126876690761251
147,78,73.21800462354715,6,downwind,4058,0.30555726044468734
147,78,73.21800462354715,6,crosswind,5302,0.14957973794778565
147,78,73.21800462354715,6,upwind,2298,0.07005750187290222
147,78,73.21800462354715,12,downwind,4059,0.19285766541541685
147,78,73.21800462354715,12,crosswind,5300,0.08907591096819094
147,78,73.21800462354715,12,upwind,2294,0.08910517983514205
147,78,73.21800462354715,24,downwind,4053,0.046173531630984206
147,78,73.21800462354715,24,crosswind,5297,0.031321816768987355
147,78,73.21800462354715,24,upwind,2295,0.05299829782936809
148,78,106.72456480367968,3,downwind,3944,0.13260387196747855
148,78,106.72456480367968,3,crosswind,1928,0.10267719257769839
148,78,106.72456480367968,3,upwind,5788,0.05542666116996608
148,78,106.72456480367968,6,downwind,3945,0.14963793740612952
148,78,106.72456480367968,6,crosswind,1928,0.10440567453555653
148,78,106.72456480367968,6,upwind,5786,0.0565837312186331
148,78,106.72456480367968,12,downwind,3943,0.1245412178786879
148,78,106.72456480367968,12,crosswind,1928,0.10941551592835728
148,78,106.72456480367968,12,upwind,5783,0.036588262650468883
148,78,106.72456480367968,24,downwind,3941,0.06099471607826451
148,78,106.72456480367968,24,crosswind,1927,0.15638159967690698
148,78,106.72456480367968,24,upwind,5778,0.018550737723108394
150,78,108.00978766260923,3,downwind,4122,0.2031666319675207
150,78,108.00978766260923,3,crosswind,4402,0.08482414248908726
150,78,108.00978766260923,3,upwind,3128,0.01561728915428185
150,78,108.00978766260923,6,downwind,4123,0.19565762708011675
150,78,108.00978766260923,6,crosswind,4401,0.08194277216027684
150,78,108.00978766260923,6,upwind,3127,0.03641788982272391
150,78,108.00978766260923,12,downwind,4122,0.14852931231796584
150,78,108.00978766260923,12,crosswind,4399,0.05550328152309375
150,78,108.00978766260923,12,upwind,3125,0.024936627556627063
150,78,108.00978766260923,24,downwind,4119,0.05029825943211507
150,78,108.00978766260923,24,crosswind,4396,0.036255967052584846
150,78,108.00978766260923,24,upwind,3123,-0.006611230100458363
42,78,120.24078459102205,3,downwind,3970,0.3885988965648557
42,78,120.24078459102205,3,crosswind,3167,0.2698186182468166
42,78,120.24078459102205,3,upwind,4524,0.10178209039404255
42,78,120.24078459102205,6,downwind,3968,0.4538977005889989
42,78,120.24078459102205,6,crosswind,3168,0.2786075046970801
42,78,120.24078459102205,6,upwind,4524,0.11694910721780213
42,78,120.24078459102205,12,downwind,3966,0.36937965103649584
42,78,120.24078459102205,12,crosswind,3168,0.23844357480748699
42,78,120.24078459102205,12,upwind,4521,0.10920997067319459
42,78,120.24078459102205,24,downwind,3965,0.1849036621863881
42,78,120.24078459102205,24,crosswind,3165,0.13819477374828412
42,78,120.24078459102205,24,upwind,4517,0.07829007573556662
122,79,33.6925540852416,3,downwind,2772,0.1648346954348847
122,79,33.6925540852416,3,crosswind,2468,0.1141820649375626
122,79,33.6925540852416,3,upwind,6396,0.06619458668289406
122,79,33.6925540852416,6,downwind,2772,0.20015010396429064
122,79,33.6925540852416,6,crosswind,2468,0.20242858789934062
122,79,33.6925540852416,6,upwind,6394,0.09007083068381024
122,79,33.6925540852416,12,downwind,2772,0.19285283739772818
122,79,33.6925540852416,12,crosswind,2468,0.25363628411738814
122,79,33.6925540852416,12,upwind,6389,0.11473964076314373
122,79,33.6925540852416,24,downwind,2769,0.17101618081430925
122,79,33.6925540852416,24,crosswind,2465,0.20039573742529998
122,79,33.6925540852416,24,upwind,6387,0.09254407622763024
74,79,114.61322921941355,3,downwind,5940,0.24576837277184668
74,79,114.61322921941355,3,crosswind,1255,0.05005344026043951
74,79,114.61322921941355,3,upwind,4445,0.04078834131877434
74,79,114.61322921941355,6,downwind,5940,0.27586622871828154
74,79,114.61322921941355,6,crosswind,1255,0.08910395793900933
74,79,114.61322921941355,6,upwind,4443,0.05889654137124052
74,79,114.61322921941355,12,downwind,5937,0.2490132947037314
74,79,114.61322921941355,12,crosswind,1254,0.12830096574501829
74,79,114.61322921941355,12,upwind,4442,0.06786032811257212
74,79,114.61322921941355,24,downwind,5931,0.11140218114299348
74,79,114.61322921941355,24,crosswind,1251,0.06535627646145627
74,79,114.61322921941355,24,upwind,4443,0.0630088333485419
68,79,147.23882500476012,3,downwind,3318,0.20438760946794085
68,79,147.23882500476012,3,crosswind,3527,0.06859526132015294
68,79,147.23882500476012,3,upwind,4794,0.019955675858374374
68,79,147.23882500476012,6,downwind,3318,0.23450528200078102
68,79,147.23882500476012,6,crosswind,3525,0.09815432930127355
68,79,147.23882500476012,6,upwind,4794,0.03303045850269866
68,79,147.23882500476012,12,downwind,3317,0.24257298685528103
68,79,147.23882500476012,12,crosswind,3523,0.07429695844087095
68,79,147.23882500476012,12,upwind,4792,0.07542282215463189
68,79,147.23882500476012,24,downwind,3314,0.17159916020656182
68,79,147.23882500476012,24,crosswind,3523,0.008793742582402874
68,79,147.23882500476012,24,upwind,4787,0.0678489292019909
174,79,154.0044651778591,3,downwind,2425,0.10708541138857676
174,79,154.0044651778591,3,crosswind,7186,0.11835730274767092
174,79,154.0044651778591,3,upwind,1771,0.06087398249411413
174,79,154.0044651778591,6,downwind,2424,0.13349192487196102
174,79,154.0044651778591,6,crosswind,7187,0.1465222858639054
174,79,154.0044651778591,6,upwind,1769,0.09136823895502699
174,79,154.0044651778591,12,downwind,2424,0.15683117199492475
174,79,154.0044651778591,12,crosswind,7183,0.16316335935633075
174,79,154.0044651778591,12,upwind,1768,0.08332683010620225
174,79,154.0044651778591,24,downwind,2425,0.13834715209567203
174,79,154.0044651778591,24,crosswind,7177,0.14707563975363733
174,79,154.0044651778591,24,upwind,1765,0.04327848603253991
95,79,159.6894306534722,3,downwind,3364,0.2678919089159405
95,79,159.6894306534722,3,crosswind,1959,0.13079143971341692
95,79,159.6894306534722,3,upwind,6317,0.09281299632070783
95,79,159.6894306534722,6,downwind,3364,0.2994733679781353
95,79,159.6894306534722,6,crosswind,1959,0.19000562074010022
95,79,159.6894306534722,6,upwind,6315,0.12199259378183974
95,79,159.6894306534722,12,downwind,3365,0.2610047857532707
95,79,159.6894306534722,12,crosswind,1959,0.19524910770065793
95,79,159.6894306534722,12,upwind,6309,0.15919759412803455
95,79,159.6894306534722,24,downwind,3362,0.17913970930200995
95,79,159.6894306534722,24,crosswind,1954,0.15035807092175513
95,79,159.6894306534722,24,upwind,6309,0.12386296498034084
155,80,92.52722024351536,3,downwind,4086,0.2577354719278198
155,80,92.52722024351536,3,crosswind,5271,0.2499613098884998
155,80,92.52722024351536,3,upwind,2303,0.14563223985821436
155,80,92.52722024351536,6,downwind,4086,0.29352729423997687
155,80,92.52722024351536,6,crosswind,5269,0.29001911550110226
155,80,92.52722024351536,6,upwind,2304,0.18200065349670497
155,80,92.52722024351536,12,downwind,4082,0.2890911201697239
155,80,92.52722024351536,12,crosswind,5269,0.29667740603286824
155,80,92.52722024351536,12,upwind,2303,0.19604725198613285
155,80,92.52722024351536,24,downwind,4074,0.2455728969693038
155,80,92.52722024351536,24,crosswind,5268,0.2109021991604486
155,80,92.52722024351536,24,upwind,2304,0.15184885659646372
81,80,99.56821777709554,3,downwind,2812,0.2419614513187948
81,80,99.56821777709554,3,crosswind,7724,0.15944297345679045
81,80,99.56821777709554,3,upwind,1124,0.049471210060288796
81,80,99.56821777709554,6,downwind,2811,0.30308861293211986
81,80,99.56821777709554,6,crosswind,7724,0.1995896195265601
81,80,99.56821777709554,6,upwind,1124,0.10822285135638668
81,80,99.56821777709554,12,downwind,2812,0.2940291458985482
81,80,99.56821777709554,12,crosswind,7718,0.22329172047441306
81,80,99.56821777709554,12,upwind,1124,0.21887241603300794
81,80,99.56821777709554,24,downwind,2812,0.22767746073762793
81,80,99.56821777709554,24,crosswind,7710,0.1741194971103264
81,80,99.56821777709554,24,upwind,1124,0.2060315618390948
153,80,172.15976505432639,3,downwind,5025,0.1816533356777163
153,80,172.15976505432639,3,crosswind,2628,0.1958917233050071
153,80,172.15976505432639,3,upwind,4004,0.08947764529069803
153,80,172.15976505432639,6,downwind,5024,0.24165568603050847
153,80,172.15976505432639,6,crosswind,2627,0.21099634954234195
153,80,172.15976505432639,6,upwind,4005,0.0954920574801535
153,80,172.15976505432639,12,downwind,5018,0.28152782780325103
153,80,172.15976505432639,12,crosswind,2629,0.24720563133587145
153,80,172.15976505432639,12,upwind,4004,0.10933296121997953
153,80,172.15976505432639,24,downwind,5015,0.2647815734870348
153,80,172.15976505432639,24,crosswind,2624,0.28368119324172575
153,80,172.15976505432639,24,upwind,4004,0.09646550227864639
160,80,180.81753063920436,3,downwind,2998,0.12642821270000187
160,80,180.81753063920436,3,crosswind,4821,0.08264975450059214
160,80,180.81753063920436,3,upwind,3823,0.08163606229537822
160,80,180.81753063920436,6,downwind,2997,0.16751523966364473
160,80,180.81753063920436,6,crosswind,4822,0.11555580169015173
160,80,180.81753063920436,6,upwind,3822,0.11192616036898405
160,80,180.81753063920436,12,downwind,2995,0.16745644194010856
160,80,180.81753063920436,12,crosswind,4822,0.14716710967500207
160,80,180.81753063920436,12,upwind,3819,0.12240424916739559
160,80,180.81753063920436,24,downwind,2992,0.17384082100406942
160,80,180.81753063920436,24,crosswind,4820,0.15874131896715218
160,80,180.81753063920436,24,upwind,3816,0.11884512381417152
84,80,184.20595948324453,3,downwind,2684,0.1555886737259363
84,80,184.20595948324453,3,crosswind,2937,0.108621567625575
84,80,184.20595948324453,3,upwind,6040,0.103497490754026
84,80,184.20595948324453,6,downwind,2685,0.17604445229736754
84,80,184.20595948324453,6,crosswind,2937,0.16526634531425669
84,80,184.20595948324453,6,upwind,6038,0.13427596588112345
84,80,184.20595948324453,12,downwind,2684,0.19423616734181814
84,80,184.20595948324453,12,crosswind,2938,0.19963155835615543
84,80,184.20595948324453,12,upwind,6033,0.13958498247785112
84,80,184.20595948324453,24,downwind,2683,0.14690780619073165
84,80,184.20595948324453,24,crosswind,2938,0.18466212592017936
84,80,184.20595948324453,24,upwind,6026,0.113075908071979
155,81,78.00795426181229,3,downwind,5907,0.45668966143706524
155,81,78.00795426181229,3,crosswind,1259,0.19876383112366924
155,81,78.00795426181229,3,upwind,4493,0.14975944134131675
155,81,78.00795426181229,6,downwind,5905,0.46846054785315133
155,81,78.00795426181229,6,crosswind,1259,0.20536185627195794
155,81,78.00795426181229,6,upwind,4494,0.15128321454265237
155,81,78.00795426181229,12,downwind,5899,0.33334637103629394
155,81,78.00795426181229,12,crosswind,1260,0.21082225898312013
155,81,78.00795426181229,12,upwind,4494,0.12292899899443081
155,81,78.00795426181229,24,downwind,5893,0.17575444222907313
155,81,78.00795426181229,24,crosswind,1258,0.08955612766188013
155,81,78.00795426181229,24,upwind,4494,0.08317881415223707
80,81,99.56821777709554,3,downwind,2887,0.1664927196088136
80,81,99.56821777709554,3,crosswind,3259,0.14536349967406523
80,81,99.56821777709554,3,upwind,5513,0.10857132371624215
80,81,99.56821777709554,6,downwind,2888,0.1864338486368058
80,81,99.56821777709554,6,crosswind,3257,0.173613708696235
80,81,99.56821777709554,6,upwind,5513,0.10859554689935015
80,81,99.56821777709554,12,downwind,2886,0.12697451736496762
80,81,99.56821777709554,12,crosswind,3253,0.16523852181552157
80,81,99.56821777709554,12,upwind,5514,0.06946156463728116
80,81,99.56821777709554,24,downwind,2884,0.036668589660118996
80,81,99.56821777709554,24,crosswind,3255,0.109507846376529
80,81,99.56821777709554,24,upwind,5506,0.06821181291593131
82,81,134.28383036618766,3,downwind,3299,0.19482345477132262
82,81,134.28383036618766,3,crosswind,5075,0.12095422852021688
82,81,134.28383036618766,3,upwind,3285,0.04727126475786912
82,81,134.28383036618766,6,downwind,3298,0.24189138226623377
82,81,134.28383036618766,6,crosswind,5077,0.16057484379102868
82,81,134.28383036618766,6,upwind,3283,0.06379378922115192
82,81,134.28383036618766,12,downwind,3298,0.23932257265410103
82,81,134.28383036618766,12,crosswind,5073,0.16154639891589556
82,81,134.28383036618766,12,upwind,3282,0.07172202620732568
82,81,134.28383036618766,24,downwind,3298,0.1664688021825172
82,81,134.28383036618766,24,crosswind,5064,0.1236239968757492
82,81,134.28383036618766,24,upwind,3283,0.0708929309212504
83,81,150.33676665336097,3,downwind,3192,0.2548163845342062
83,81,150.33676665336097,3,crosswind,1548,0.13518545907816834
83,81,150.33676665336097,3,upwind,6911,0.04722517381796121
83,81,150.33676665336097,6,downwind,3192,0.29333918594279296
83,81,150.33676665336097,6,crosswind,1548,0.190050214489263
83,81,150.33676665336097,6,upwind,6910,0.06049300640251386
83,81,150.33676665336097,12,downwind,3192,0.22046866721671843
83,81,150.33676665336097,12,crosswind,1548,0.11873134292651076
83,81,150.33676665336097,12,upwind,6905,0.06472860181515744
83,81,150.33676665336097,24,downwind,3193,0.11262047767651624
83,81,150.33676665336097,24,crosswind,1547,0.06001682441428932
83,81,150.33676665336097,24,upwind,6897,0.01612153294230517
156,81,173.62228315154104,3,downwind,5875,0.21437710534813145
156,81,173.62228315154104,3,crosswind,3729,0.1081670529120936
156,81,173.62228315154104,3,upwind,2034,0.11170872031148232
156,81,173.62228315154104,6,downwind,5873,0.25071620474674255
156,81,173.62228315154104,6,crosswind,3730,0.14709956429838472
156,81,173.62228315154104,6,upwind,2034,0.11403317402210177
156,81,173.62228315154104,12,downwind,5870,0.24075010441462405
156,81,173.62228315154104,12,crosswind,3728,0.1695367617264382
156,81,173.62228315154104,12,upwind,2034,0.15736941048501416
156,81,173.62228315154104,24,downwind,5862,0.2002547336626785
156,81,173.62228315154104,24,crosswind,3727,0.12940070503318904
156,81,173.62228315154104,24,upwind,2035,0.17420681050627734
161,82,120.59801135242918,3,downwind,2655,0.19707344463160703
161,82,120.59801135242918,3,crosswind,3157,0.10559966282456017
161,82,120.59801135242918,3,upwind,5849,0.05850422073449506
161,82,120.59801135242918,6,downwind,2655,0.22977598221841208
161,82,120.59801135242918,6,crosswind,3157,0.10726470606826587
161,82,120.59801135242918,6,upwind,5848,0.07072106075296372
161,82,120.59801135242918,12,downwind,2654,0.1734810052950155
161,82,120.59801135242918,12,crosswind,3156,0.11831204939660468
161,82,120.59801135242918,12,upwind,5845,0.07314456064061886
161,82,120.59801135242918,24,downwind,2654,0.0800851013233547
161,82,120.59801135242918,24,crosswind,3156,0.08700977272668634
161,82,120.59801135242918,24,upwind,5837,0.11093278181769536
158,82,122.43098022741052,3,downwind,6030,0.18523473225802212
158,82,122.43098022741052,3,crosswind,3482,0.07755484712232016
158,82,122.43098022741052,3,upwind,2145,0.07135600044165145
158,82,122.43098022741052,6,downwind,6030,0.18771562988518897
158,82,122.43098022741052,6,crosswind,3480,0.08466147620138403
158,82,122.43098022741052,6,upwind,2146,0.07008168051935268
158,82,122.43098022741052,12,downwind,6027,0.160171901653468
158,82,122.43098022741052,12,crosswind,3478,0.07254837164053075
158,82,122.43098022741052,12,upwind,2146,0.1011028744548956
158,82,122.43098022741052,24,downwind,6018,0.08729037447514086
158,82,122.43098022741052,24,crosswind,3480,0.06857271958338276
158,82,122.43098022741052,24,upwind,2145,0.03342180607375377
44,82,134.24580592917974,3,downwind,3284,0.2890266456386447
44,82,134.24580592917974,3,crosswind,1427,0.20630883413120413
44,82,134.24580592917974,3,upwind,6950,0.0715303682731848
44,82,134.24580592917974,6,downwind,3284,0.34448199190564205
44,82,134.24580592917974,6,crosswind,1427,0.22583639025857175
44,82,134.24580592917974,6,upwind,6949,0.10264118993433839
44,82,134.24580592917974,12,downwind,3283,0.31105377601420364
44,82,134.24580592917974,12,crosswind,1426,0.2480617708934048
44,82,134.24580592917974,12,upwind,6946,0.10646924403227617
44,82,134.24580592917974,24,downwind,3284,0.22616318724030368
44,82,134.24580592917974,24,crosswind,1426,0.13621791014320808
44,82,134.24580592917974,24,upwind,6937,0.08646779050654088
81,82,134.28383036618766,3,downwind,4056,0.3063245452291523
81,82,134.28383036618766,3,crosswind,3785,0.16911450970298114
81,82,134.28383036618766,3,upwind,3819,0.07165827169271033
81,82,134.28383036618766,6,downwind,4053,0.36717021004941564
81,82,134.28383036618766,6,crosswind,3787,0.21045378406380236
81,82,134.28383036618766,6,upwind,3819,0.09327483765747398
81,82,134.28383036618766,12,downwind,4051,0.3417464948755771
81,82,134.28383036618766,12,crosswind,3784,0.2187494429570309
81,82,134.28383036618766,12,upwind,3819,0.12277494642386858
81,82,134.28383036618766,24,downwind,4051,0.25645233741263285
81,82,134.28383036618766,24,crosswind,3776,0.2151887758545278
81,82,134.28383036618766,24,upwind,3819,0.10210855174684717
83,82,145.29552895463533,3,downwind,2172,0.16966614019915213
83,82,145.29552895463533,3,crosswind,4787,0.2095086883155778
83,82,145.29552895463533,3,upwind,4693,0.16801445775634757
83,82,145.29552895463533,6,downwind,2172,0.18194763258741392
83,82,145.29552895463533,6,crosswind,4788,0.22491893852714856
83,82,145.29552895463533,6,upwind,4691,0.17597242207606298
83,82,145.29552895463533,12,downwind,2171,0.1348669608428373
83,82,145.29552895463533,12,crosswind,4785,0.20809373341355375
83,82,145.29552895463533,12,upwind,4690,0.1694722206335325
83,82,145.29552895463533,24,downwind,2172,0.09492395286587428
83,82,145.29552895463533,24,crosswind,4782,0.11766102204821757
83,82,145.29552895463533,24,upwind,4684,0.11199624299579179
161,83,81.41017182605688,3,downwind,3390,0.1802536002801239
161,83,81.41017182605688,3,crosswind,2756,0.13340593309420654
161,83,81.41017182605688,3,upwind,5501,0.09739484593483894
161,83,81.41017182605688,6,downwind,3388,0.17581956030660167
161,83,81.41017182605688,6,crosswind,2757,0.13486017119158258
161,83,81.41017182605688,6,upwind,5499,0.09117743492953789
161,83,81.41017182605688,12,downwind,3385,0.16353069655893318
161,83,81.41017182605688,12,crosswind,2756,0.11928780113521104
161,83,81.41017182605688,12,upwind,5496,0.0772060778675967
161,83,81.41017182605688,24,downwind,3386,0.10966201122528586
161,83,81.41017182605688,24,crosswind,2755,0.0951117095319868
161,83,81.41017182605688,24,upwind,5488,0.08804473289127714
84,83,118.0577414030127,3,downwind,2447,0.1614136045519839
84,83,118.0577414030127,3,crosswind,1843,0.1550758177657112
84,83,118.0577414030127,3,upwind,7357,0.11405459361782466
84,83,118.0577414030127,6,downwind,2448,0.15361086695488693
84,83,118.0577414030127,6,crosswind,1843,0.1557317933056895
84,83,118.0577414030127,6,upwind,7353,0.12487400968198786
84,83,118.0577414030127,12,downwind,2447,0.1495740563266893
84,83,118.0577414030127,12,crosswind,1840,0.10532157236381427
84,83,118.0577414030127,12,upwind,7350,0.11520029977944696
84,83,118.0577414030127,24,downwind,2448,0.10042976671087817
84,83,118.0577414030127,24,crosswind,1841,0.05217488772482005
84,83,118.0577414030127,24,upwind,7340,0.09142639369618655
82,83,145.29552895463533,3,downwind,5584,0.18052979524509538
82,83,145.29552895463533,3,crosswind,4608,0.1391861227386027
82,83,145.29552895463533,3,upwind,1455,0.15571992352434055
82,83,145.29552895463533,6,downwind,5582,0.18539285695791177
82,83,145.29552895463533,6,crosswind,4606,0.1543947254919561
82,83,145.29552895463533,6,upwind,1456,0.14068815294051232
82,83,145.29552895463533,12,downwind,5578,0.16937589245445742
82,83,145.29552895463533,12,crosswind,4603,0.13861102117341875
82,83,145.29552895463533,12,upwind,1456,0.15976901349239894
82,83,145.29552895463533,24,downwind,5569,0.09717317172804812
82,83,145.29552895463533,24,crosswind,4602,0.1180933778389522
82,83,145.29552895463533,24,upwind,1458,0.14478377408407384
81,83,150.33676665336097,3,downwind,6521,0.3191447819570683
81,83,150.33676665336097,3,crosswind,1312,0.16802304477803118
81,83,150.33676665336097,3,upwind,3814,0.13987592056316
81,83,150.33676665336097,6,downwind,6518,0.3290959013743735
81,83,150.33676665336097,6,crosswind,1311,0.25254529657760655
81,83,150.33676665336097,6,upwind,3815,0.1496586838157737
81,83,150.33676665336097,12,downwind,6514,0.24953590154077643
81,83,150.33676665336097,12,crosswind,1310,0.25695189067943197
81,83,150.33676665336097,12,upwind,3813,0.1677494064045357
81,83,150.33676665336097,24,downwind,6507,0.16831188001797626
81,83,150.33676665336097,24,crosswind,1309,0.14137249702403668
81,83,150.33676665336097,24,upwind,3813,0.11782897173550373
44,83,156.59749650893534,3,downwind,3548,0.16238051852045335
44,83,156.59749650893534,3,crosswind,2861,0.1496076501693413
44,83,156.59749650893534,3,upwind,5238,0.09438617938128972
44,83,156.59749650893534,6,downwind,3546,0.18272605167482803
44,83,156.59749650893534,6,crosswind,2860,0.1818321297897148
44,83,156.59749650893534,6,upwind,5238,0.09810937591112871
44,83,156.59749650893534,12,downwind,3543,0.18963564802547173
44,83,156.59749650893534,12,crosswind,2861,0.20635543607006607
44,83,156.59749650893534,12,upwind,5233,0.0931932657768202
44,83,156.59749650893534,24,downwind,3544,0.1918090602907497
44,83,156.59749650893534,24,crosswind,2861,0.15864401399032962
44,83,156.59749650893534,24,upwind,5224,0.11259146496294509
83,84,118.0577414030127,3,downwind,2644,0.23881020696332306
83,84,118.0577414030127,3,crosswind,7280,0.30555056399926234
83,84,118.0577414030127,3,upwind,1728,0.19037245700659292
83,84,118.0577414030127,6,downwind,2644,0.24142254655860151
83,84,118.0577414030127,6,crosswind,7279,0.3179843726089516
83,84,118.0577414030127,6,upwind,1728,0.20650881924442308
83,84,118.0577414030127,12,downwind,2643,0.2063050341653669
83,84,118.0577414030127,12,crosswind,7276,0.2780165319168054
83,84,118.0577414030127,12,upwind,1727,0.16833803472825687
83,84,118.0577414030127,24,downwind,2641,0.10852183869699218
83,84,118.0577414030127,24,crosswind,7270,0.15519164371421218
83,84,118.0577414030127,24,upwind,1727,0.08825401764020978
162,84,127.4264391502939,3,downwind,2252,0.2601188520659091
162,84,127.4264391502939,3,crosswind,1871,0.2759153848880919
162,84,127.4264391502939,3,upwind,7534,0.16456572518726245
162,84,127.4264391502939,6,downwind,2252,0.2680606723896221
162,84,127.4264391502939,6,crosswind,1872,0.2444708835572973
162,84,127.4264391502939,6,upwind,7532,0.16339566952009854
162,84,127.4264391502939,12,downwind,2251,0.2611819022784948
162,84,127.4264391502939,12,crosswind,1872,0.2298851189918233
162,84,127.4264391502939,12,upwind,7528,0.1371143027412856
162,84,127.4264391502939,24,downwind,2252,0.24248665020243884
162,84,127.4264391502939,24,crosswind,1871,0.1542620204217699
162,84,127.4264391502939,24,upwind,7520,0.13512733374866873
160,84,155.47812381045222,3,downwind,1714,0.21894511137702832
160,84,155.47812381045222,3,crosswind,4103,0.21024962320153978
160,84,155.47812381045222,3,upwind,5825,0.19147921399700768
160,84,155.47812381045222,6,downwind,1714,0.23694839240429014
160,84,155.47812381045222,6,crosswind,4101,0.22944089874310036
160,84,155.47812381045222,6,upwind,5826,0.20013659048136123
160,84,155.47812381045222,12,downwind,1713,0.23984163956257548
160,84,155.47812381045222,12,crosswind,4098,0.20863193211124134
160,84,155.47812381045222,12,upwind,5825,0.20390772045226274
160,84,155.47812381045222,24,downwind,1712,0.2288605371736459
160,84,155.47812381045222,24,crosswind,4092,0.21542278273447835
160,84,155.47812381045222,24,upwind,5824,0.17158216542681645
80,84,184.20595948324453,3,downwind,4526,0.27932526902732874
80,84,184.20595948324453,3,crosswind,4744,0.23130681693487165
80,84,184.20595948324453,3,upwind,2391,0.2158151595326707
80,84,184.20595948324453,6,downwind,4525,0.31000904083543884
80,84,184.20595948324453,6,crosswind,4745,0.21954981856344
80,84,184.20595948324453,6,upwind,2390,0.21365882474262637
80,84,184.20595948324453,12,downwind,4523,0.23363099098599088
80,84,184.20595948324453,12,crosswind,4745,0.2200073636120618
80,84,184.20595948324453,12,upwind,2387,0.20792118310432464
80,84,184.20595948324453,24,downwind,4522,0.12005563666718307
80,84,184.20595948324453,24,crosswind,4737,0.14445859267477018
80,84,184.20595948324453,24,upwind,2388,0.1568261054476737
161,84,191.9567541658429,3,downwind,2592,0.18562170035028386
161,84,191.9567541658429,3,crosswind,5712,0.18779600443453376
161,84,191.9567541658429,3,upwind,3357,0.19560223459343787
161,84,191.9567541658429,6,downwind,2593,0.18270700678110954
161,84,191.9567541658429,6,crosswind,5710,0.19717580932182963
161,84,191.9567541658429,6,upwind,3357,0.19541132437588715
161,84,191.9567541658429,12,downwind,2591,0.18591245174698648
161,84,191.9567541658429,12,crosswind,5711,0.17757569225702355
161,84,191.9567541658429,12,upwind,3353,0.17396330699753
161,84,191.9567541658429,24,downwind,2593,0.14204198229122525
161,84,191.9567541658429,24,crosswind,5703,0.1511409326701948
161,84,191.9567541658429,24,upwind,3351,0.10343675303115579
89,85,51.03358311298792,3,downwind,3065,0.23432815286635764
89,85,51.03358311298792,3,crosswind,2077,0.1385755945843739
89,85,51.03358311298792,3,upwind,6519,0.103984082923073
89,85,51.03358311298792,6,downwind,3066,0.23205427000781967
89,85,51.03358311298792,6,crosswind,2077,0.15847767609228794
89,85,51.03358311298792,6,upwind,6517,0.10700394303094428
89,85,51.03358311298792,12,downwind,3064,0.18071990424466958
89,85,51.03358311298792,12,crosswind,2077,0.12680481346967404
89,85,51.03358311298792,12,upwind,6514,0.10448640854720594
89,85,51.03358311298792,24,downwind,3065,0.11434628968007417
89,85,51.03358311298792,24,crosswind,2076,0.05034637255665208
89,85,51.03358311298792,24,upwind,6506,0.0843119501975301
46,85,109.459275388406,3,downwind,2745,0.18260798666866973
46,85,109.459275388406,3,crosswind,2925,0.13677797889140733
46,85,109.459275388406,3,upwind,5991,0.086060957339096
46,85,109.459275388406,6,downwind,2745,0.21969278588104593
46,85,109.459275388406,6,crosswind,2926,0.15864664892550723
46,85,109.459275388406,6,upwind,5989,0.08697977659003003
46,85,109.459275388406,12,downwind,2745,0.21112819873963284
46,85,109.459275388406,12,crosswind,2924,0.14328307696739725
46,85,109.459275388406,12,upwind,5986,0.06725722814372853
46,85,109.459275388406,24,downwind,2746,0.15129511348592378
46,85,109.459275388406,24,crosswind,2923,0.04986449705848752
46,85,109.459275388406,24,upwind,5978,0.043999377327297515
164,85,135.94785741343375,3,downwind,4398,0.1371561818535279
164,85,135.94785741343375,3,crosswind,4751,0.015836110564341338
164,85,135.94785741343375,3,upwind,2512,-0.059591117057853894
164,85,135.94785741343375,6,downwind,4400,0.18881175420243518
164,85,135.94785741343375,6,crosswind,4748,0.03872705771084688
164,85,135.94785741343375,6,upwind,2512,-0.04017218856740291
164,85,135.94785741343375,12,downwind,4400,0.16913375289286484
164,85,135.94785741343375,12,crosswind,4743,0.07793755583482163
164,85,135.94785741343375,12,upwind,2512,-0.010301666168493151
164,85,135.94785741343375,24,downwind,4395,0.0840495006994412
164,85,135.94785741343375,24,crosswind,4742,0.049612506685113675
164,85,135.94785741343375,24,upwind,2510,0.05800440140610395
90,85,148.92337318577617,3,downwind,4809,0.14125115108295572
90,85,148.92337318577617,3,crosswind,5404,0.04214157842066927
90,85,148.92337318577617,3,upwind,1448,0.013849382282404576
90,85,148.92337318577617,6,downwind,4812,0.20103760068064092
90,85,148.92337318577617,6,crosswind,5400,0.060972943993217114
90,85,148.92337318577617,6,upwind,1448,0.05394079402795793
90,85,148.92337318577617,12,downwind,4812,0.2024343580161039
90,85,148.92337318577617,12,crosswind,5395,0.09015143253333478
90,85,148.92337318577617,12,upwind,1448,0.07640282177656725
90,85,148.92337318577617,24,downwind,4805,0.11313329801542071
90,85,148.92337318577617,24,crosswind,5395,0.10890966387298384
90,85,148.92337318577617,24,upwind,1447,0.14189081042780402
171,85,149.52285606837052,3,downwind,2435,0.14257500724810523
171,85,149.52285606837052,3,crosswind,3176,0.08077342537722251
171,85,149.52285606837052,3,upwind,6050,-0.030050140838827222
171,85,149.52285606837052,6,downwind,2436,0.18150128350891973
171,85,149.52285606837052,6,crosswind,3177,0.10274471944505632
171,85,149.52285606837052,6,upwind,6047,-0.01655200818945014
171,85,149.52285606837052,12,downwind,2434,0.15727193229984304
171,85,149.52285606837052,12,crosswind,3178,0.08215611762661791
171,85,149.52285606837052,12,upwind,6043,0.005775895970001156
171,85,149.52285606837052,24,downwind,2436,0.09342796346491247
171,85,149.52285606837052,24,crosswind,3171,0.04112465063140055
171,85,149.52285606837052,24,upwind,6040,0.015241720855899721
88,86,65.5981122306506,3,downwind,5921,0.21341677610602547
88,86,65.5981122306506,3,crosswind,3882,0.10405351475220671
88,86,65.5981122306506,3,upwind,1851,0.01320246500552687
88,86,65.5981122306506,6,downwind,5918,0.25465928153017064
88,86,65.5981122306506,6,crosswind,3883,0.17571763976019567
88,86,65.5981122306506,6,upwind,1852,0.052117948643243456
88,86,65.5981122306506,12,downwind,5916,0.2818959743212967
88,86,65.5981122306506,12,crosswind,3882,0.22099377720035027
88,86,65.5981122306506,12,upwind,1850,0.16691410534362805
88,86,65.5981122306506,24,downwind,5909,0.22839967818213527
88,86,65.5981122306506,24,crosswind,3880,0.20346265112008063
88,86,65.5981122306506,24,upwind,1851,0.24336304377111273
87,86,80.52166908277427,3,downwind,3826,0.11649918617146128
87,86,80.52166908277427,3,crosswind,3399,0.02938909239367436
87,86,80.52166908277427,3,upwind,4434,0.1020641127279665
87,86,80.52166908277427,6,downwind,3827,0.16104210264659546
87,86,80.52166908277427,6,crosswind,3399,0.09223804368070751
87,86,80.52166908277427,6,upwind,4432,0.15861248929376492
87,86,80.52166908277427,12,downwind,3827,0.1915217848087835
87,86,80.52166908277427,12,crosswind,3396,0.1395647830799608
87,86,80.52166908277427,12,upwind,4430,0.19697344900776156
87,86,80.52166908277427,24,downwind,3825,0.1469971134586153
87,86,80.52166908277427,24,crosswind,3397,0.13885083686334207
87,86,80.52166908277427,24,upwind,4423,0.1678211578311749
165,86,99.70232919574453,3,downwind,6322,0.17382197841529423
165,86,99.70232919574453,3,crosswind,3383,0.12651604739250785
165,86,99.70232919574453,3,upwind,1950,0.054684893214581885
165,86,99.70232919574453,6,downwind,6319,0.20441144660467397
165,86,99.70232919574453,6,crosswind,3385,0.15602283782745477
165,86,99.70232919574453,6,upwind,1950,0.10545604890098441
165,86,99.70232919574453,12,downwind,6316,0.23582149749251125
165,86,99.70232919574453,12,crosswind,3385,0.2039476405794775
165,86,99.70232919574453,12,upwind,1948,0.14542533139416802
165,86,99.70232919574453,24,downwind,6309,0.21816595208564657
165,86,99.70232919574453,24,crosswind,3382,0.19799850393970583
165,86,99.70232919574453,24,upwind,1950,0.19650472648028505
166,86,121.90481125246907,3,downwind,6302,0.3109742891217115
166,86,121.90481125246907,3,crosswind,2325,0.1255827400219558
166,86,121.90481125246907,3,upwind,3032,0.016099924238488918
166,86,121.90481125246907,6,downwind,6301,0.3651167723505253
166,86,121.90481125246907,6,crosswind,2325,0.16316897419645685
166,86,121.90481125246907,6,upwind,3032,0.054280994991425476
166,86,121.90481125246907,12,downwind,6298,0.3381359680009515
166,86,121.90481125246907,12,crosswind,2325,0.24021851015685758
166,86,121.90481125246907,12,upwind,3030,0.12268325153876505
166,86,121.90481125246907,24,downwind,6291,0.23114029774536624
166,86,121.90481125246907,24,crosswind,2323,0.1748238670397179
166,86,121.90481125246907,24,upwind,3031,0.10803276372295183
171,86,150.99991071957672,3,downwind,5983,0.21870146838540835
171,86,150.99991071957672,3,crosswind,3173,0.07021286729069498
171,86,150.99991071957672,3,upwind,2503,0.027780791150433866
171,86,150.99991071957672,6,downwind,5980,0.28380073555390767
171,86,150.99991071957672,6,crosswind,3174,0.11373936463091712
171,86,150.99991071957672,6,upwind,2504,0.08369235599095233
171,86,150.99991071957672,12,downwind,5977,0.3205371329945107
171,86,150.99991071957672,12,crosswind,3174,0.14999091551488666
171,86,150.99991071957672,12,upwind,2502,0.1951616194831562
171,86,150.99991071957672,24,downwind,5974,0.2338383249267464
171,86,150.99991071957672,24,crosswind,3167,0.19296269780387496
171,86,150.99991071957672,24,upwind,2504,0.17067287616323557
86,87,80.52166908277427,3,downwind,4017,0.29846668113554764
86,87,80.52166908277427,3,crosswind,4332,0.23901403610933963
86,87,80.52166908277427,3,upwind,3311,0.1789808139361618
86,87,80.52166908277427,6,downwind,4016,0.3186736828742732
86,87,80.52166908277427,6,crosswind,4331,0.23377476823007856
86,87,80.52166908277427,6,upwind,3312,0.21020702797883936
86,87,80.52166908277427,12,downwind,4012,0.24761784489409688
86,87,80.52166908277427,12,crosswind,4330,0.17335498837002394
86,87,80.52166908277427,12,upwind,3312,0.14881450916301894
86,87,80.52166908277427,24,downwind,4008,0.09674490170995174
86,87,80.52166908277427,24,crosswind,4331,0.041466880210424835
86,87,80.52166908277427,24,upwind,3307,0.06132445233120787
88,87,82.4323514553438,3,downwind,5061,0.31504028393598466
88,87,82.4323514553438,3,crosswind,3152,0.16341065634712745
88,87,82.4323514553438,3,upwind,3443,0.057263001187017375
88,87,82.4323514553438,6,downwind,5058,0.32061637079274125
88,87,82.4323514553438,6,crosswind,3153,0.18304140813442182
88,87,82.4323514553438,6,upwind,3444,0.06681152901704976
88,87,82.4323514553438,12,downwind,5056,0.2535659576534373
88,87,82.4323514553438,12,crosswind,3152,0.20588744306653536
88,87,82.4323514553438,12,upwind,3442,0.08034288176742878
88,87,82.4323514553438,24,downwind,5053,0.14067352885644105
88,87,82.4323514553438,24,crosswind,3145,0.14520561206343566
88,87,82.4323514553438,24,upwind,3444,0.11608118930231268
165,87,85.05340903923359,3,downwind,5187,0.31802598672289
165,87,85.05340903923359,3,crosswind,3314,0.2175079388813271
165,87,85.05340903923359,3,upwind,3156,0.16417644880532054
165,87,85.05340903923359,6,downwind,5184,0.3381044031046907
165,87,85.05340903923359,6,crosswind,3315,0.22064231117168281
165,87,85.05340903923359,6,upwind,3157,0.1610379315299439
165,87,85.05340903923359,12,downwind,5184,0.2906799028012654
165,87,85.05340903923359,12,crosswind,3312,0.21048613164834387
165,87,85.05340903923359,12,upwind,3155,0.13362208636539444
165,87,85.05340903923359,24,downwind,5181,0.2339995205462713
165,87,85.05340903923359,24,crosswind,3306,0.23738666180870818
165,87,85.05340903923359,24,upwind,3156,0.18485626120115983
45,87,130.7284244700143,3,downwind,5455,0.20803099440899686
45,87,130.7284244700143,3,crosswind,3465,0.14380322995705663
45,87,130.7284244700143,3,upwind,2741,0.08954637918535946
45,87,130.7284244700143,6,downwind,5453,0.267384554607276
45,87,130.7284244700143,6,crosswind,3465,0.1621147424295151
45,87,130.7284244700143,6,upwind,2742,0.12378670074454862
45,87,130.7284244700143,12,downwind,5450,0.2995901541079175
45,87,130.7284244700143,12,crosswind,3465,0.18827647595701644
45,87,130.7284244700143,12,upwind,2740,0.1504497904217144
45,87,130.7284244700143,24,downwind,5443,0.26956947765079003
45,87,130.7284244700143,24,crosswind,3463,0.18261023251444963
45,87,130.7284244700143,24,upwind,2741,0.1394984257131581
171,87,157.16855203421454,3,downwind,4824,0.21922008222184658
171,87,157.16855203421454,3,crosswind,3550,0.1354653178412161
171,87,157.16855203421454,3,upwind,3287,0.09923853003637165
171,87,157.16855203421454,6,downwind,4823,0.2799252451026316
171,87,157.16855203421454,6,crosswind,3549,0.16476711465179447
171,87,157.16855203421454,6,upwind,3288,0.11280797219911848
171,87,157.16855203421454,12,downwind,4821,0.2864292914150849
171,87,157.16855203421454,12,crosswind,3548,0.18697457102304957
171,87,157.16855203421454,12,upwind,3286,0.1477428519545256
171,87,157.16855203421454,24,downwind,4819,0.18547854440937564
171,87,157.16855203421454,24,crosswind,3543,0.19240895632732394
171,87,157.16855203421454,24,upwind,3285,0.14743067030514306
165,88,38.520304950075534,3,downwind,6103,0.29472899234749733
165,88,38.520304950075534,3,crosswind,3928,0.26929649001342904
165,88,38.520304950075534,3,upwind,1636,0.2044168049404479
165,88,38.520304950075534,6,downwind,6100,0.26283437319968256
165,88,38.520304950075534,6,crosswind,3928,0.26395104628273686
165,88,38.520304950075534,6,upwind,1636,0.18987344303629483
165,88,38.520304950075534,12,downwind,6098,0.17439301647394959
165,88,38.520304950075534,12,crosswind,3927,0.19109084890347783
165,88,38.520304950075534,12,upwind,1634,0.1303952410149353
165,88,38.520304950075534,24,downwind,6091,0.12071289207103394
165,88,38.520304950075534,24,crosswind,3924,0.14566183300142327
165,88,38.520304950075534,24,upwind,1636,0.12227085046681818
86,88,65.5981122306506,3,downwind,1967,0.32700219200680153
86,88,65.5981122306506,3,crosswind,4052,0.342159823243314
86,88,65.5981122306506,3,upwind,5637,0.19415618156440337
86,88,65.5981122306506,6,downwind,1968,0.3482030193825632
86,88,65.5981122306506,6,crosswind,4048,0.3205278717950839
86,88,65.5981122306506,6,upwind,5637,0.15943962190139302
86,88,65.5981122306506,12,downwind,1965,0.31454648468105817
86,88,65.5981122306506,12,crosswind,4046,0.18235079753944775
86,88,65.5981122306506,12,upwind,5637,0.09356872605336244
86,88,65.5981122306506,24,downwind,1968,0.04370335401205063
86,88,65.5981122306506,24,crosswind,4045,0.0509953813427587
86,88,65.5981122306506,24,upwind,5627,0.01964872143422245
87,88,82.4323514553438,3,downwind,3309,0.22165337006388414
87,88,82.4323514553438,3,crosswind,3559,0.1374657278018708
87,88,82.4323514553438,3,upwind,4789,0.1318442589856495
87,88,82.4323514553438,6,downwind,3308,0.2742579135770533
87,88,82.4323514553438,6,crosswind,3560,0.13089475153674707
87,88,82.4323514553438,6,upwind,4786,0.15033974788413676
87,88,82.4323514553438,12,downwind,3308,0.22660028680979752
87,88,82.4323514553438,12,crosswind,3557,0.14851146415454589
87,88,82.4323514553438,12,upwind,4784,0.14433830298347375
87,88,82.4323514553438,24,downwind,3308,0.12926426421432763
87,88,82.4323514553438,24,crosswind,3553,0.10105939501933728
87,88,82.4323514553438,24,upwind,4780,0.10741083710032348
171,88,87.63674219001646,3,downwind,5743,0.2724247876742771
171,88,87.63674219001646,3,crosswind,3168,0.15338145053934138
171,88,87.63674219001646,3,upwind,2746,0.11526404924052491
171,88,87.63674219001646,6,downwind,5740,0.2908082542768996
171,88,87.63674219001646,6,crosswind,3167,0.16912363237170075
171,88,87.63674219001646,6,upwind,2747,0.1335755512256723
171,88,87.63674219001646,12,downwind,5739,0.2644013093611088
171,88,87.63674219001646,12,crosswind,3165,0.17682952174985747
171,88,87.63674219001646,12,upwind,2745,0.1795016123004934
171,88,87.63674219001646,24,downwind,5734,0.14535480801524134
171,88,87.63674219001646,24,crosswind,3162,0.13083076863332235
171,88,87.63674219001646,24,upwind,2745,0.11626484980213427
166,88,100.07176947325235,3,downwind,4342,0.2903695830051907
166,88,100.07176947325235,3,crosswind,4078,0.2227671893745139
166,88,100.07176947325235,3,upwind,3237,0.1545577758279992
166,88,100.07176947325235,6,downwind,4340,0.30204246392342
166,88,100.07176947325235,6,crosswind,4077,0.21277671243780172
166,88,100.07176947325235,6,upwind,3237,0.11814916941603704
166,88,100.07176947325235,12,downwind,4337,0.27137915509013466
166,88,100.07176947325235,12,crosswind,4077,0.1901903294372331
166,88,100.07176947325235,12,upwind,3235,0.07053338451520104
166,88,100.07176947325235,24,downwind,4339,0.14347647594147928
166,88,100.07176947325235,24,crosswind,4067,0.13346613043038305
166,88,100.07176947325235,24,upwind,3235,0.07739672538420582
85,89,51.03358311298792,3,downwind,6784,0.3322113429878672
85,89,51.03358311298792,3,crosswind,2329,0.2565998676266549
85,89,51.03358311298792,3,upwind,2548,0.15391785368004918
85,89,51.03358311298792,6,downwind,6784,0.2955436874857117
85,89,51.03358311298792,6,crosswind,2327,0.2574613285188356
85,89,51.03358311298792,6,upwind,2549,0.20005834337546005
85,89,51.03358311298792,12,downwind,6781,0.20823485320838123
85,89,51.03358311298792,12,crosswind,2325,0.20275602131369103
85,89,51.03358311298792,12,upwind,2549,0.19639201651760843
85,89,51.03358311298792,24,downwind,6775,0.12081387130153778
85,89,51.03358311298792,24,crosswind,2326,0.11743003310506973
85,89,51.03358311298792,24,upwind,2546,0.13781159844997234
46,89,58.42649870160033,3,downwind,2744,0.35854419344349586
46,89,58.42649870160033,3,crosswind,2931,0.27263143737976964
46,89,58.42649870160033,3,upwind,5986,0.2228001735180361
46,89,58.42649870160033,6,downwind,2744,0.3667282141088022
46,89,58.42649870160033,6,crosswind,2932,0.2711876813126048
46,89,58.42649870160033,6,upwind,5984,0.18684478552929326
46,89,58.42649870160033,12,downwind,2744,0.2355098919657562
46,89,58.42649870160033,12,crosswind,2930,0.22392725198216404
46,89,58.42649870160033,12,upwind,5981,0.13495432915211875
46,89,58.42649870160033,24,downwind,2745,0.1489808804251162
46,89,58.42649870160033,24,crosswind,2929,0.1309849792054452
46,89,58.42649870160033,24,upwind,5973,0.09019504647902146
171,89,112.33182597442374,3,downwind,2874,0.16237909808066905
171,89,112.33182597442374,3,crosswind,3175,0.14386091358310038
171,89,112.33182597442374,3,upwind,5612,0.0892015171565063
171,89,112.33182597442374,6,downwind,2875,0.19753661363330752
171,89,112.33182597442374,6,crosswind,3176,0.14853619798759796
171,89,112.33182597442374,6,upwind,5609,0.06974605369938475
171,89,112.33182597442374,12,downwind,2873,0.15055971413074953
171,89,112.33182597442374,12,crosswind,3176,0.10537103799953629
171,89,112.33182597442374,12,upwind,5606,0.043421453997776256
171,89,112.33182597442374,24,downwind,2873,0.08328471586460497
171,89,112.33182597442374,24,crosswind,3170,0.054564174554079005
171,89,112.33182597442374,24,upwind,5604,0.022242146121037545
167,89,127.14801145312862,3,downwind,2004,0.255105746486473
167,89,127.14801145312862,3,crosswind,3432,0.16504280771545538
167,89,127.14801145312862,3,upwind,6222,0.09433491332415882
167,89,127.14801145312862,6,downwind,2003,0.27810474523917156
167,89,127.14801145312862,6,crosswind,3433,0.17767432110585119
167,89,127.14801145312862,6,upwind,6221,0.09802219603317068
167,89,127.14801145312862,12,downwind,2001,0.24058564950956754
167,89,127.14801145312862,12,crosswind,3433,0.1574228558144926
167,89,127.14801145312862,12,upwind,6218,0.10250149208044056
167,89,127.14801145312862,24,downwind,2003,0.1979167734596711
167,89,127.14801145312862,24,crosswind,3432,0.10616274548072223
167,89,127.14801145312862,24,upwind,6209,0.07936391336958196
164,89,138.57956954642148,3,downwind,5073,0.18735344511102653
164,89,138.57956954642148,3,crosswind,5168,0.12080448842824715
164,89,138.57956954642148,3,upwind,1420,0.1555673771601193
164,89,138.57956954642148,6,downwind,5076,0.21771732642617103
164,89,138.57956954642148,6,crosswind,5163,0.10945002595039716
164,89,138.57956954642148,6,upwind,1421,0.17227311293482733
164,89,138.57956954642148,12,downwind,5075,0.20513423319554114
164,89,138.57956954642148,12,crosswind,5159,0.10533861576624151
164,89,138.57956954642148,12,upwind,1421,0.1402466172803055
164,89,138.57956954642148,24,downwind,5069,0.10810379955786986
164,89,138.57956954642148,24,crosswind,5159,0.08503847907636289
164,89,138.57956954642148,24,upwind,1419,0.09245815962071728
164,90,45.0598416226213,3,downwind,1443,0.19082521928703244
164,90,45.0598416226213,3,crosswind,3285,0.09386682244676843
164,90,45.0598416226213,3,upwind,6933,0.07600940318092754
164,90,45.0598416226213,6,downwind,1441,0.19247530328405751
164,90,45.0598416226213,6,crosswind,3289,0.07462816561778665
164,90,45.0598416226213,6,upwind,6930,0.06001717205382579
164,90,45.0598416226213,12,downwind,1440,0.18191726700066468
164,90,45.0598416226213,12,crosswind,3288,0.05224605559588771
164,90,45.0598416226213,12,upwind,6927,0.050348625354295636
164,90,45.0598416226213,24,downwind,1441,0.11980676233843204
164,90,45.0598416226213,24,crosswind,3285,0.053795664744117414
164,90,45.0598416226213,24,upwind,6921,0.015029718771317818
168,90,64.69640483843659,3,downwind,5122,0.22625648105193544
168,90,64.69640483843659,3,crosswind,4686,0.14928422708476247
168,90,64.69640483843659,3,upwind,1852,0.10821237941608415
168,90,64.69640483843659,6,downwind,5123,0.21914557201171636
168,90,64.69640483843659,6,crosswind,4685,0.14127888619327555
168,90,64.69640483843659,6,upwind,1851,0.10692792862206969
168,90,64.69640483843659,12,downwind,5123,0.19542285507305313
168,90,64.69640483843659,12,crosswind,4680,0.11175428201845146
168,90,64.69640483843659,12,upwind,1851,0.11202733142988494
168,90,64.69640483843659,24,downwind,5118,0.11166974030296274
168,90,64.69640483843659,24,crosswind,4678,0.07553217375825874
168,90,64.69640483843659,24,upwind,1850,0.10180918050823587
45,90,137.71433065611708,3,downwind,3732,0.19538405034243028
45,90,137.71433065611708,3,crosswind,4844,0.13279644063830348
45,90,137.71433065611708,3,upwind,3085,0.05792083783975139
45,90,137.71433065611708,6,downwind,3733,0.247615799588735
45,90,137.71433065611708,6,crosswind,4842,0.16036220648178237
45,90,137.71433065611708,6,upwind,3085,0.04798382844109262
45,90,137.71433065611708,12,downwind,3731,0.2491991174930535
45,90,137.71433065611708,12,crosswind,4841,0.1917433637389277
45,90,137.71433065611708,12,upwind,3083,0.0687990487294233
45,90,137.71433065611708,24,downwind,3732,0.18022375673134972
45,90,137.71433065611708,24,crosswind,4833,0.15303169585757895
45,90,137.71433065611708,24,upwind,3082,0.06649346114116159
169,90,142.84035039623112,3,downwind,7583,0.21008883413869167
169,90,142.84035039623112,3,crosswind,2271,0.12761083745656598
169,90,142.84035039623112,3,upwind,1807,0.12142859057646084
169,90,142.84035039623112,6,downwind,7580,0.2376577741963019
169,90,142.84035039623112,6,crosswind,2273,0.13987399570514353
169,90,142.84035039623112,6,upwind,1807,0.12544885000355205
169,90,142.84035039623112,12,downwind,7580,0.22474659924324808
169,90,142.84035039623112,12,crosswind,2270,0.11954201377678873
169,90,142.84035039623112,12,upwind,1805,0.11962546475232054
169,90,142.84035039623112,24,downwind,7575,0.1515917630075339
169,90,142.84035039623112,24,crosswind,2268,0.12076222162292205
169,90,142.84035039623112,24,upwind,1804,0.1543979524315901
85,90,148.92337318577617,3,downwind,2183,0.17738940259087252
85,90,148.92337318577617,3,crosswind,6073,0.21653148748536602
85,90,148.92337318577617,3,upwind,3405,0.13468045328815975
85,90,148.92337318577617,6,downwind,2182,0.187642955363932
85,90,148.92337318577617,6,crosswind,6075,0.2622374364405523
85,90,148.92337318577617,6,upwind,3403,0.15124518505560652
85,90,148.92337318577617,12,downwind,2181,0.1891116569189106
85,90,148.92337318577617,12,crosswind,6073,0.2730587768104764
85,90,148.92337318577617,12,upwind,3401,0.1522616793157681
85,90,148.92337318577617,24,downwind,2181,0.0846292569587798
85,90,148.92337318577617,24,crosswind,6067,0.21901152794445358
85,90,148.92337318577617,24,upwind,3399,0.15416682723900296
47,91,27.388000696556922,3,downwind,5051,0.2553287899367653
47,91,27.388000696556922,3,crosswind,3218,0.2271825083741072
47,91,27.388000696556922,3,upwind,3384,0.18892926596757936
47,91,27.388000696556922,6,downwind,5050,0.2578941606765608
47,91,27.388000696556922,6,crosswind,3217,0.22664284831406123
47,91,27.388000696556922,6,upwind,3384,0.14796688075134562
47,91,27.388000696556922,12,downwind,5047,0.22772803221376037
47,91,27.388000696556922,12,crosswind,3214,0.20064350147664836
47,91,27.388000696556922,12,upwind,3383,0.08301470761917171
47,91,27.388000696556922,24,downwind,5049,0.097890435044707
47,91,27.388000696556922,24,crosswind,3208,0.10179839704273255
47,91,27.388000696556922,24,upwind,3378,0.018615166369550126
95,91,72.38303687090792,3,downwind,6288,0.2872315261836543
95,91,72.38303687090792,3,crosswind,1943,0.16808896225974618
95,91,72.38303687090792,3,upwind,3420,0.078221235203379
95,91,72.38303687090792,6,downwind,6285,0.2802450575648676
95,91,72.38303687090792,6,crosswind,1943,0.16085145467856157
95,91,72.38303687090792,6,upwind,3421,0.08893353507067862
95,91,72.38303687090792,12,downwind,6281,0.23607522835110903
95,91,72.38303687090792,12,crosswind,1941,0.16036249505895672
95,91,72.38303687090792,12,upwind,3420,0.0962902740323216
95,91,72.38303687090792,24,downwind,6278,0.12189413916986823
95,91,72.38303687090792,24,crosswind,1939,0.07563414639452218
95,91,72.38303687090792,24,upwind,3416,0.04129672924826482
92,91,72.72666275686366,3,downwind,5294,0.24187388624718734
92,91,72.72666275686366,3,crosswind,3731,0.19224330050618288
92,91,72.72666275686366,3,upwind,2627,0.16943008167393453
92,91,72.72666275686366,6,downwind,5293,0.29290962202180837
92,91,72.72666275686366,6,crosswind,3730,0.20892310172181594
92,91,72.72666275686366,6,upwind,2627,0.1611545047080021
92,91,72.72666275686366,12,downwind,5290,0.28752750895510437
92,91,72.72666275686366,12,crosswind,3730,0.15361117613139733
92,91,72.72666275686366,12,upwind,2623,0.06403928706555492
92,91,72.72666275686366,24,downwind,5287,0.08599754631993688
92,91,72.72666275686366,24,crosswind,3723,0.07700998767896047
92,91,72.72666275686366,24,upwind,2624,0.03927350866878252
174,91,123.45276733578467,3,downwind,5346,0.10631274992601525
174,91,123.45276733578467,3,crosswind,2137,0.08895819686585396
174,91,123.45276733578467,3,upwind,3912,0.07505210984826076
174,91,123.45276733578467,6,downwind,5345,0.1174190220361565
174,91,123.45276733578467,6,crosswind,2138,0.10324676311321124
174,91,123.45276733578467,6,upwind,3910,0.08053922444693513
174,91,123.45276733578467,12,downwind,5342,0.10437538432277453
174,91,123.45276733578467,12,crosswind,2134,0.05797118770039848
174,91,123.45276733578467,12,upwind,3910,0.06255719623959893
174,91,123.45276733578467,24,downwind,5332,0.03087957989043542
174,91,123.45276733578467,24,crosswind,2136,0.029186220328832446
174,91,123.45276733578467,24,upwind,3909,-0.008412940265889603
94,91,138.6458779372516,3,downwind,3159,0.3005383149118199
94,91,138.6458779372516,3,crosswind,3189,0.321484062140582
94,91,138.6458779372516,3,upwind,5305,0.1383739793687421
94,91,138.6458779372516,6,downwind,3157,0.31867638905014184
94,91,138.6458779372516,6,crosswind,3191,0.33035274221321714
94,91,138.6458779372516,6,upwind,5303,0.16695460215023067
94,91,138.6458779372516,12,downwind,3156,0.24198367967180567
94,91,138.6458779372516,12,crosswind,3188,0.27281583444397123
94,91,138.6458779372516,12,upwind,5300,0.17048695881328854
94,91,138.6458779372516,24,downwind,3156,0.05510542242207306
94,91,138.6458779372516,24,crosswind,3185,0.17554556833685894
94,91,138.6458779372516,24,upwind,5294,0.07392588192222242
95,92,66.47257724339612,3,downwind,3507,0.11508066394925033
95,92,66.47257724339612,3,crosswind,6797,0.1292371585426239
95,92,66.47257724339612,3,upwind,1354,0.06733837639522891
95,92,66.47257724339612,6,downwind,3506,0.18620262140557226
95,92,66.47257724339612,6,crosswind,6798,0.16313668754500982
95,92,66.47257724339612,6,upwind,1353,0.08816322147122012
95,92,66.47257724339612,12,downwind,3502,0.22730032069302505
95,92,66.47257724339612,12,crosswind,6796,0.16621394720336358
95,92,66.47257724339612,12,upwind,1354,0.05111463525841851
95,92,66.47257724339612,24,downwind,3504,0.09931694993957096
95,92,66.47257724339612,24,crosswind,6791,0.10548503885558973
95,92,66.47257724339612,24,upwind,1349,0.060923763136810354
47,92,71.92832066889734,3,downwind,2735,0.10677494911810316
47,92,71.92832066889734,3,crosswind,4616,0.14732277275013103
47,92,71.92832066889734,3,upwind,4308,0.1523775601210733
47,92,71.92832066889734,6,downwind,2735,0.17037711626876695
47,92,71.92832066889734,6,crosswind,4616,0.2093383349620059
47,92,71.92832066889734,6,upwind,4307,0.18747071808506602
47,92,71.92832066889734,12,downwind,2731,0.23386676313414465
47,92,71.92832066889734,12,crosswind,4617,0.23860326175375168
47,92,71.92832066889734,12,upwind,4305,0.19178490057205994
47,92,71.92832066889734,24,downwind,2732,0.13760603303071584
47,92,71.92832066889734,24,crosswind,4613,0.128704619671693
47,92,71.92832066889734,24,upwind,4300,0.11455929287521364
91,92,72.72666275686366,3,downwind,2473,0.07932940064181403
91,92,72.72666275686366,3,crosswind,3396,0.101895284477343
91,92,72.72666275686366,3,upwind,5784,0.09445713120278733
91,92,72.72666275686366,6,downwind,2471,0.12814297253788187
91,92,72.72666275686366,6,crosswind,3398,0.1386364423130226
91,92,72.72666275686366,6,upwind,5783,0.1418365305041101
91,92,72.72666275686366,12,downwind,2471,0.1639534565794135
91,92,72.72666275686366,12,crosswind,3396,0.1629584490360898
91,92,72.72666275686366,12,upwind,5780,0.16227166258023792
91,92,72.72666275686366,24,downwind,2470,0.09429114624718857
91,92,72.72666275686366,24,crosswind,3391,0.10890315089522325
91,92,72.72666275686366,24,upwind,5778,0.0535425279652484
178,92,144.1562653271243,3,downwind,3415,0.2932641716572735
178,92,144.1562653271243,3,crosswind,2831,0.2033178743917015
178,92,144.1562653271243,3,upwind,5413,0.10882537315788608
178,92,144.1562653271243,6,downwind,3415,0.3613148817348163
178,92,144.1562653271243,6,crosswind,2830,0.25937285011672
178,92,144.1562653271243,6,upwind,5413,0.14190378713773336
178,92,144.1562653271243,12,downwind,3415,0.3653624249765648
178,92,144.1562653271243,12,crosswind,2829,0.2734531476548918
178,92,144.1562653271243,12,upwind,5409,0.19101584275405883
178,92,144.1562653271243,24,downwind,3410,0.2441081781147612
178,92,144.1562653271243,24,crosswind,2827,0.166338569561383
178,92,144.1562653271243,24,upwind,5408,0.14574202579644474
174,92,147.01006397516358,3,downwind,5916,0.0937501406712125
174,92,147.01006397516358,3,crosswind,1494,0.04463653988803425
174,92,147.01006397516358,3,upwind,3991,0.020482308746460846
174,92,147.01006397516358,6,downwind,5917,0.13283961782933884
174,92,147.01006397516358,6,crosswind,1493,0.08339759970747686
174,92,147.01006397516358,6,upwind,3990,0.041010048289716966
174,92,147.01006397516358,12,downwind,5913,0.15183752245971083
174,92,147.01006397516358,12,crosswind,1492,0.06066601070482197
174,92,147.01006397516358,12,upwind,3990,0.043356685217224425
174,92,147.01006397516358,24,downwind,5909,0.08914254676353894
174,92,147.01006397516358,24,crosswind,1491,0.06464344261879164
174,92,147.01006397516358,24,upwind,3987,-0.002156291188037795
124,93,179.07347248715686,3,downwind,1784,0.1086123326505096
124,93,179.07347248715686,3,crosswind,6369,0.08497354543740888
124,93,179.07347248715686,3,upwind,3209,0.04331080206500489
124,93,179.07347248715686,6,downwind,1784,0.17323751233635262
124,93,179.07347248715686,6,crosswind,6366,0.13578597163731154
124,93,179.07347248715686,6,upwind,3211,0.07604998171442039
124,93,179.07347248715686,12,downwind,1783,0.18070095787450738
124,93,179.07347248715686,12,crosswind,6364,0.13337960333982693
124,93,179.07347248715686,12,upwind,3209,0.06926735570008835
124,93,179.07347248715686,24,downwind,1781,0.06858156370227647
124,93,179.07347248715686,24,crosswind,6361,0.05683033634829292
124,93,179.07347248715686,24,upwind,3207,-0.005565762855050302
92,93,188.63646640249647,3,downwind,2668,0.10427126451108185
92,93,188.63646640249647,3,crosswind,3915,0.18868290889988296
92,93,188.63646640249647,3,upwind,5074,0.1702688581853525
92,93,188.63646640249647,6,downwind,2668,0.14711757057627278
92,93,188.63646640249647,6,crosswind,3915,0.1974717857276484
92,93,188.63646640249647,6,upwind,5073,0.21752199486608
92,93,188.63646640249647,12,downwind,2667,0.10828111174620537
92,93,188.63646640249647,12,crosswind,3915,0.17004974240360718
92,93,188.63646640249647,12,upwind,5069,0.15339065704061997
92,93,188.63646640249647,24,downwind,2665,0.012112779172709484
92,93,188.63646640249647,24,crosswind,3910,0.11384560863600882
92,93,188.63646640249647,24,upwind,5068,0.0887064522357511
68,93,190.7586195806233,3,downwind,3754,0.07150671465889513
68,93,190.7586195806233,3,crosswind,4007,0.08076891425659438
68,93,190.7586195806233,3,upwind,3895,0.06366416273778173
68,93,190.7586195806233,6,downwind,3753,0.10404506134118961
68,93,190.7586195806233,6,crosswind,4006,0.08939468648998844
68,93,190.7586195806233,6,upwind,3896,0.10539587937331449
68,93,190.7586195806233,12,downwind,3751,0.11684731902245751
68,93,190.7586195806233,12,crosswind,4006,0.08406104475952673
68,93,190.7586195806233,12,upwind,3893,0.09086412019392279
68,93,190.7586195806233,24,downwind,3748,0.07124492230176728
68,93,190.7586195806233,24,crosswind,4002,0.012957430180219021
68,93,190.7586195806233,24,upwind,3892,0.008607674123929146
178,93,195.34717534756373,3,downwind,2389,0.2071174132610067
178,93,195.34717534756373,3,crosswind,6729,0.21324657798734833
178,93,195.34717534756373,3,upwind,2539,0.15575582069270758
178,93,195.34717534756373,6,downwind,2389,0.240519745429763
178,93,195.34717534756373,6,crosswind,6730,0.25233155891927195
178,93,195.34717534756373,6,upwind,2537,0.18070209953936064
178,93,195.34717534756373,12,downwind,2390,0.2123873816825837
178,93,195.34717534756373,12,crosswind,6727,0.24303502109689365
178,93,195.34717534756373,12,upwind,2534,0.16240993699062792
178,93,195.34717534756373,24,downwind,2386,0.10482997822563957
178,93,195.34717534756373,24,crosswind,6726,0.14784296735811017
178,93,195.34717534756373,24,upwind,2531,0.08104976566521666
122,93,219.3783130331963,3,downwind,6486,0.05690673617299791
122,93,219.3783130331963,3,crosswind,2057,0.08602244195223858
122,93,219.3783130331963,3,upwind,3110,0.04401034903393488
122,93,219.3783130331963,6,downwind,6485,0.09902390619801443
122,93,219.3783130331963,6,crosswind,2056,0.13262650337282306
122,93,219.3783130331963,6,upwind,3111,0.10262721132218565
122,93,219.3783130331963,12,downwind,6480,0.11820464993304376
122,93,219.3783130331963,12,crosswind,2056,0.12537084850898036
122,93,219.3783130331963,12,upwind,3111,0.10102041310880219
122,93,219.3783130331963,24,downwind,6477,0.0644307269458341
122,93,219.3783130331963,24,crosswind,2054,0.06342739671690308
122,93,219.3783130331963,24,upwind,3108,0.014725944433403798
176,94,130.17811718639908,3,downwind,1984,0.017380693470216407
176,94,130.17811718639908,3,crosswind,4985,0.009312877663227425
176,94,130.17811718639908,3,upwind,4687,0.02063769324200913
176,94,130.17811718639908,6,downwind,1984,0.03635462576189011
176,94,130.17811718639908,6,crosswind,4986,0.002514230167173876
176,94,130.17811718639908,6,upwind,4685,0.03145478728366617
176,94,130.17811718639908,12,downwind,1984,0.044902198533709144
176,94,130.17811718639908,12,crosswind,4985,0.006741155396481631
176,94,130.17811718639908,12,upwind,4681,0.03351735279733007
176,94,130.17811718639908,24,downwind,1983,0.01781818923057557
176,94,130.17811718639908,24,crosswind,4982,0.057430999090358245
176,94,130.17811718639908,24,upwind,4677,0.03724303024085622
91,94,138.6458779372516,3,downwind,6072,0.12540783449477919
91,94,138.6458779372516,3,crosswind,1803,-0.018980230010372575
91,94,138.6458779372516,3,upwind,3780,-0.04312157167828186
91,94,138.6458779372516,6,downwind,6071,0.1709598590740073
91,94,138.6458779372516,6,crosswind,1803,0.01289117308733564
91,94,138.6458779372516,6,upwind,3780,-0.004290593204416292
91,94,138.6458779372516,12,downwind,6070,0.14942818934125485
91,94,138.6458779372516,12,crosswind,1801,0.07498645774600655
91,94,138.6458779372516,12,upwind,3778,0.03410933645922776
91,94,138.6458779372516,24,downwind,6066,0.10284034220490362
91,94,138.6458779372516,24,crosswind,1801,0.0886093354662416
91,94,138.6458779372516,24,upwind,3774,0.0645256699023293
177,94,139.3700580818008,3,downwind,3944,0.1655300525010357
177,94,139.3700580818008,3,crosswind,2149,0.033029549494942544
177,94,139.3700580818008,3,upwind,5559,0.06341008989871294
177,94,139.3700580818008,6,downwind,3944,0.17683957858773736
177,94,139.3700580818008,6,crosswind,2148,0.0788827277220234
177,94,139.3700580818008,6,upwind,5559,0.07913162769514963
177,94,139.3700580818008,12,downwind,3945,0.16467925209084072
177,94,139.3700580818008,12,crosswind,2147,0.12226716886174178
177,94,139.3700580818008,12,upwind,5554,0.09867013402066292
177,94,139.3700580818008,24,downwind,3941,0.09392379657588129
177,94,139.3700580818008,24,crosswind,2145,0.07492661943687419
177,94,139.3700580818008,24,upwind,5552,0.06183567154046543
172,94,143.499738102216,3,downwind,1818,0.053565466854127025
172,94,143.499738102216,3,crosswind,4195,-0.0017779969991816903
172,94,143.499738102216,3,upwind,5644,0.058771540582944544
172,94,143.499738102216,6,downwind,1818,0.08118209660616757
172,94,143.499738102216,6,crosswind,4194,0.037911489546109664
172,94,143.499738102216,6,upwind,5644,0.08400684131803983
172,94,143.499738102216,12,downwind,1817,0.10303534733340328
172,94,143.499738102216,12,crosswind,4190,0.1095428266623349
172,94,143.499738102216,12,upwind,5644,0.09350263458968613
172,94,143.499738102216,24,downwind,1818,0.1388908402497661
172,94,143.499738102216,24,crosswind,4188,0.12095890479956
172,94,143.499738102216,24,upwind,5637,0.11784795377990201
178,94,150.48537937263953,3,downwind,3947,0.2316518908819842
178,94,150.48537937263953,3,crosswind,2385,0.1394024060249776
178,94,150.48537937263953,3,upwind,5329,0.15038741528859606
178,94,150.48537937263953,6,downwind,3946,0.2557953454348177
178,94,150.48537937263953,6,crosswind,2384,0.19809388810324066
178,94,150.48537937263953,6,upwind,5330,0.17113053702913514
178,94,150.48537937263953,12,downwind,3947,0.23605955223173747
178,94,150.48537937263953,12,crosswind,2379,0.19677883096162013
178,94,150.48537937263953,12,upwind,5329,0.18624592425808126
178,94,150.48537937263953,24,downwind,3943,0.13119144561545318
178,94,150.48537937263953,24,crosswind,2377,0.13123695537996838
178,94,150.48537937263953,24,upwind,5327,0.12804696373913954
47,95,48.349409247241034,3,downwind,3745,0.43898227335953843
47,95,48.349409247241034,3,crosswind,1846,0.31598468229418464
47,95,48.349409247241034,3,upwind,6066,0.14287781738649033
47,95,48.349409247241034,6,downwind,3744,0.4022416742116838
47,95,48.349409247241034,6,crosswind,1846,0.278434103528091
47,95,48.349409247241034,6,upwind,6066,0.16044164982531758
47,95,48.349409247241034,12,downwind,3743,0.24791920536894999
47,95,48.349409247241034,12,crosswind,1846,0.19419211130904754
47,95,48.349409247241034,12,upwind,6062,0.15716927626853247
47,95,48.349409247241034,24,downwind,3738,0.1522922014070267
47,95,48.349409247241034,24,crosswind,1845,0.11952423080161777
47,95,48.349409247241034,24,upwind,6060,0.07536482919686523
92,95,66.47257724339612,3,downwind,3230,0.2893047046698704
92,95,66.47257724339612,3,crosswind,4583,0.16976263922373275
92,95,66.47257724339612,3,upwind,3844,0.17532257404673973
92,95,66.47257724339612,6,downwind,3230,0.3116384402127364
92,95,66.47257724339612,6,crosswind,4581,0.1720001299325889
92,95,66.47257724339612,6,upwind,3845,0.16979238534923893
92,95,66.47257724339612,12,downwind,3228,0.27372603388510075
92,95,66.47257724339612,12,crosswind,4576,0.14741442377622996
92,95,66.47257724339612,12,upwind,3847,0.08930000870875938
92,95,66.47257724339612,24,downwind,3225,0.12063360118393154
92,95,66.47257724339612,24,crosswind,4576,0.0687390816709119
92,95,66.47257724339612,24,upwind,3842,0.014512059024250188
91,95,72.38303687090792,3,downwind,3816,0.38557993417365605
91,95,72.38303687090792,3,crosswind,1449,0.22400147585778052
91,95,72.38303687090792,3,upwind,6386,0.09513075751775496
91,95,72.38303687090792,6,downwind,3816,0.38917339387049127
91,95,72.38303687090792,6,crosswind,1449,0.24105061944827091
91,95,72.38303687090792,6,upwind,6385,0.10200855089688358
91,95,72.38303687090792,12,downwind,3814,0.3036868390411643
91,95,72.38303687090792,12,crosswind,1447,0.1884698266054211
91,95,72.38303687090792,12,upwind,6384,0.09173776142944215
91,95,72.38303687090792,24,downwind,3809,0.23655647903971538
91,95,72.38303687090792,24,crosswind,1448,0.17611386622696706
91,95,72.38303687090792,24,upwind,6380,0.0431120541304377
174,95,81.09787463749015,3,downwind,5940,0.08621017355618871
174,95,81.09787463749015,3,crosswind,1496,0.08786650959178906
174,95,81.09787463749015,3,upwind,3963,0.051454799411715504
174,95,81.09787463749015,6,downwind,5941,0.09367603046381816
174,95,81.09787463749015,6,crosswind,1493,0.06300821590590192
174,95,81.09787463749015,6,upwind,3964,0.06348010598051775
174,95,81.09787463749015,12,downwind,5937,0.07867406433295464
174,95,81.09787463749015,12,crosswind,1493,0.003308399207637201
174,95,81.09787463749015,12,upwind,3963,0.03961701979559584
174,95,81.09787463749015,24,downwind,5933,0.03607657458991033
174,95,81.09787463749015,24,crosswind,1492,-0.014618062124643495
174,95,81.09787463749015,24,upwind,3960,-0.008152095704855174
122,95,153.84191952798065,3,downwind,4988,0.1609145687612142
122,95,153.84191952798065,3,crosswind,3283,0.14675642613990522
122,95,153.84191952798065,3,upwind,3382,0.08348977376961642
122,95,153.84191952798065,6,downwind,4986,0.18172715111676307
122,95,153.84191952798065,6,crosswind,3285,0.17760589383045944
122,95,153.84191952798065,6,upwind,3381,0.09883794241092142
122,95,153.84191952798065,12,downwind,4983,0.15300595800313951
122,95,153.84191952798065,12,crosswind,3282,0.1585445781178974
122,95,153.84191952798065,12,upwind,3382,0.09651730731958673
122,95,153.84191952798065,24,downwind,4981,0.0910675297636891
122,95,153.84191952798065,24,crosswind,3278,0.09827997702009265
122,95,153.84191952798065,24,upwind,3380,0.05802655765208332
49,96,68.69010203243694,3,downwind,3597,0.14550275043893965
49,96,68.69010203243694,3,crosswind,3772,0.04414282811879065
49,96,68.69010203243694,3,upwind,4292,0.029399656159690486
49,96,68.69010203243694,6,downwind,3599,0.1529620097043758
49,96,68.69010203243694,6,crosswind,3772,0.06391764590953268
49,96,68.69010203243694,6,upwind,4289,0.019117453244264324
49,96,68.69010203243694,12,downwind,3598,0.12222504903319505
49,96,68.69010203243694,12,crosswind,3769,0.04234931275689578
49,96,68.69010203243694,12,upwind,4288,0.022536361278412242
49,96,68.69010203243694,24,downwind,3597,0.04470500712287278
49,96,68.69010203243694,24,crosswind,3762,-0.015823064881448412
49,96,68.69010203243694,24,upwind,4288,0.03222928116441594
125,96,73.31592091713814,3,downwind,2201,0.08167879271629809
125,96,73.31592091713814,3,crosswind,4630,0.08215563622157254
125,96,73.31592091713814,3,upwind,4826,0.12874809077989546
125,96,73.31592091713814,6,downwind,2201,0.06063968268848142
125,96,73.31592091713814,6,crosswind,4630,0.08658400293279614
125,96,73.31592091713814,6,upwind,4825,0.1367172015302359
125,96,73.31592091713814,12,downwind,2200,0.04236589824459155
125,96,73.31592091713814,12,crosswind,4629,0.10655855072072999
125,96,73.31592091713814,12,upwind,4822,0.12128184615049824
125,96,73.31592091713814,24,downwind,2201,0.05238112660045048
125,96,73.31592091713814,24,crosswind,4623,0.09528570111898971
125,96,73.31592091713814,24,upwind,4819,0.0978424207145119
128,96,76.78809419029814,3,downwind,4192,0.04149049527931269
128,96,76.78809419029814,3,crosswind,3852,0.016678038134808504
128,96,76.78809419029814,3,upwind,3617,0.040009871103251105
128,96,76.78809419029814,6,downwind,4192,0.02602615373369316
128,96,76.78809419029814,6,crosswind,3853,-0.01095926056935055
128,96,76.78809419029814,6,upwind,3615,0.06823462365411487
128,96,76.78809419029814,12,downwind,4191,0.026022141371341376
128,96,76.78809419029814,12,crosswind,3850,-0.024436820650514654
128,96,76.78809419029814,12,upwind,3614,0.07952133057687714
128,96,76.78809419029814,24,downwind,4185,0.030082831415087875
128,96,76.78809419029814,24,crosswind,3851,-0.08212165105971592
128,96,76.78809419029814,24,upwind,3611,0.036234831152135535
181,96,122.68210331909535,3,downwind,4164,0.21447003421169153
181,96,122.68210331909535,3,crosswind,4401,0.14737218688744458
181,96,122.68210331909535,3,upwind,3092,0.06766235097948915
181,96,122.68210331909535,6,downwind,4164,0.23679310494622532
181,96,122.68210331909535,6,crosswind,4400,0.16577598239496105
181,96,122.68210331909535,6,upwind,3092,0.06850608517046684
181,96,122.68210331909535,12,downwind,4162,0.21050972210155133
181,96,122.68210331909535,12,crosswind,4396,0.1801104741056168
181,96,122.68210331909535,12,upwind,3093,0.05442459758899788
181,96,122.68210331909535,24,downwind,4161,0.13177711556261543
181,96,122.68210331909535,24,crosswind,4389,0.15808362001846457
181,96,122.68210331909535,24,upwind,3093,0.12255517205673218
126,96,215.29046787935914,3,downwind,3522,0.1321941710332978
126,96,215.29046787935914,3,crosswind,3339,0.07903575826431888
126,96,215.29046787935914,3,upwind,4796,0.02934232329574582
126,96,215.29046787935914,6,downwind,3522,0.16445134434203676
126,96,215.29046787935914,6,crosswind,3337,0.09285566206269084
126,96,215.29046787935914,6,upwind,4797,0.05537031658184319
126,96,215.29046787935914,12,downwind,3521,0.14406540287157524
126,96,215.29046787935914,12,crosswind,3337,0.05743067693441705
126,96,215.29046787935914,12,upwind,4793,0.09649426944418373
126,96,215.29046787935914,24,downwind,3521,0.08845694748087701
126,96,215.29046787935914,24,crosswind,3330,0.07650798277268742
126,96,215.29046787935914,24,upwind,4792,0.08514015240159267
57,97,42.9799219321919,3,downwind,3273,0.3572772461614238
57,97,42.9799219321919,3,crosswind,4215,0.24016781058286793
57,97,42.9799219321919,3,upwind,4140,0.19676278058085023
57,97,42.9799219321919,6,downwind,3273,0.3202980660160086
57,97,42.9799219321919,6,crosswind,4211,0.22010519065731315
57,97,42.9799219321919,6,upwind,4141,0.19851716265391062
57,97,42.9799219321919,12,downwind,3271,0.24098922397528613
57,97,42.9799219321919,12,crosswind,4208,0.1487420246795244
57,97,42.9799219321919,12,upwind,4139,0.17099397820517
57,97,42.9799219321919,24,downwind,3262,0.1172640256145749
57,97,42.9799219321919,24,crosswind,4207,0.06482858501965656
57,97,42.9799219321919,24,upwind,4137,0.06471498339799461
40,97,47.80928360452353,3,downwind,2740,0.3163945751620833
40,97,47.80928360452353,3,crosswind,5187,0.25557751537521484
40,97,47.80928360452353,3,upwind,3704,0.18097590149074752
40,97,47.80928360452353,6,downwind,2742,0.25255488779924307
40,97,47.80928360452353,6,crosswind,5184,0.20581259128836524
40,97,47.80928360452353,6,upwind,3702,0.15664817171128156
40,97,47.80928360452353,12,downwind,2742,0.15579960151183178
40,97,47.80928360452353,12,crosswind,5183,0.15254226946433874
40,97,47.80928360452353,12,upwind,3696,0.12714406160914782
40,97,47.80928360452353,24,downwind,2739,0.05177673109061503
40,97,47.80928360452353,24,crosswind,5183,0.04753990703467129
40,97,47.80928360452353,24,upwind,3687,0.0619206806689029
53,97,54.898642169629966,3,downwind,5684,0.22245150893366347
53,97,54.898642169629966,3,crosswind,2517,0.11531516609564138
53,97,54.898642169629966,3,upwind,3283,0.08874813671375442
53,97,54.898642169629966,6,downwind,5681,0.21707264604950155
53,97,54.898642169629966,6,crosswind,2518,0.14313053095047965
53,97,54.898642169629966,6,upwind,3282,0.10167432825320973
53,97,54.898642169629966,12,downwind,5679,0.1731049537156874
53,97,54.898642169629966,12,crosswind,2516,0.12673884182816916
53,97,54.898642169629966,12,upwind,3279,0.05426416251710579
53,97,54.898642169629966,24,downwind,5678,0.07424022524032559
53,97,54.898642169629966,24,crosswind,2509,0.030920394112697293
53,97,54.898642169629966,24,upwind,3275,-0.0005500379827428913
62,97,69.5116028707759,3,downwind,4948,0.2184340590628999
62,97,69.5116028707759,3,crosswind,2959,0.27579959717186225
62,97,69.5116028707759,3,upwind,3723,0.12886846059181056
62,97,69.5116028707759,6,downwind,4948,0.20897324016720242
62,97,69.5116028707759,6,crosswind,2958,0.2634941174637013
62,97,69.5116028707759,6,upwind,3721,0.14197663205222347
62,97,69.5116028707759,12,downwind,4946,0.15092003258355777
62,97,69.5116028707759,12,crosswind,2956,0.22771371227274637
62,97,69.5116028707759,12,upwind,3718,0.11741165452307394
62,97,69.5116028707759,24,downwind,4942,0.011558978480657903
62,97,69.5116028707759,24,crosswind,2953,0.15789555009140735
62,97,69.5116028707759,24,upwind,3713,0.0411838644043311
56,97,84.54418325266371,3,downwind,3539,0.4225408287794948
56,97,84.54418325266371,3,crosswind,3280,0.2112636818222237
56,97,84.54418325266371,3,upwind,4802,0.13021272244587148
56,97,84.54418325266371,6,downwind,3536,0.40385724553315117
56,97,84.54418325266371,6,crosswind,3279,0.2323341501588392
56,97,84.54418325266371,6,upwind,4803,0.14119662252738602
56,97,84.54418325266371,12,downwind,3532,0.27718263046381025
56,97,84.54418325266371,12,crosswind,3279,0.18467137444420034
56,97,84.54418325266371,12,upwind,4800,0.13401743201376717
56,97,84.54418325266371,24,downwind,3521,0.12701775596229617
56,97,84.54418325266371,24,crosswind,3280,0.07095340516900824
56,97,84.54418325266371,24,upwind,4798,0.08411552015066454
41,98,28.553539326073427,3,downwind,5119,0.34860711385602133
41,98,28.553539326073427,3,crosswind,2522,0.25524660762783663
41,98,28.553539326073427,3,upwind,3796,0.1795236094816382
41,98,28.553539326073427,6,downwind,5113,0.3265235310978635
41,98,28.553539326073427,6,crosswind,2520,0.2417018208986565
41,98,28.553539326073427,6,upwind,3791,0.14662417699097058
41,98,28.553539326073427,12,downwind,5107,0.24483696243495714
41,98,28.553539326073427,12,crosswind,2508,0.21058449213147243
41,98,28.553539326073427,12,upwind,3789,0.13495418820387833
41,98,28.553539326073427,24,downwind,5085,0.09553117785063917
41,98,28.553539326073427,24,crosswind,2518,0.05068255275662981
41,98,28.553539326073427,24,upwind,3780,0.07627239869878782
100,98,43.60100241713143,3,downwind,3068,0.2655381811604954
100,98,43.60100241713143,3,crosswind,5676,0.2119783680027919
100,98,43.60100241713143,3,upwind,2585,0.1661265075285096
100,98,43.60100241713143,6,downwind,3062,0.20632010224307942
100,98,43.60100241713143,6,crosswind,5674,0.1710591598630121
100,98,43.60100241713143,6,upwind,2580,0.1416623962112351
100,98,43.60100241713143,12,downwind,3057,0.15019083598912114
100,98,43.60100241713143,12,crosswind,5659,0.13768402311152858
100,98,43.60100241713143,12,upwind,2580,0.09796673184441165
100,98,43.60100241713143,24,downwind,3060,0.027825138573966398
100,98,43.60100241713143,24,crosswind,5632,0.05166882774474562
100,98,43.60100241713143,24,upwind,2583,0.02488151323731241
101,98,55.187740804937505,3,downwind,4048,0.3230776967736294
101,98,55.187740804937505,3,crosswind,2191,0.18675578867112125
101,98,55.187740804937505,3,upwind,5035,0.14791082698680255
101,98,55.187740804937505,6,downwind,4041,0.2668039682350594
101,98,55.187740804937505,6,crosswind,2189,0.16529084207614864
101,98,55.187740804937505,6,upwind,5030,0.1658205871437658
101,98,55.187740804937505,12,downwind,4031,0.14570597251479722
101,98,55.187740804937505,12,crosswind,2189,0.11401573537893915
101,98,55.187740804937505,12,upwind,5021,0.15881860852133897
101,98,55.187740804937505,24,downwind,4026,0.022457343320745324
101,98,55.187740804937505,24,crosswind,2186,-0.028755322236180134
101,98,55.187740804937505,24,upwind,5009,0.08608848483574681
102,98,64.31846842218793,3,downwind,3520,0.4504848051148449
102,98,64.31846842218793,3,crosswind,3052,0.37450273150806584
102,98,64.31846842218793,3,upwind,4642,0.18626091877982767
102,98,64.31846842218793,6,downwind,3519,0.3347369063957053
102,98,64.31846842218793,6,crosswind,3043,0.3292328314828202
102,98,64.31846842218793,6,upwind,4639,0.1928877843246176
102,98,64.31846842218793,12,downwind,3509,0.20086232329054507
102,98,64.31846842218793,12,crosswind,3048,0.276310654111259
102,98,64.31846842218793,12,upwind,4625,0.1667275589704198
102,98,64.31846842218793,24,downwind,3497,0.08671668952067849
102,98,64.31846842218793,24,crosswind,3046,0.14637388315641145
102,98,64.31846842218793,24,upwind,4617,0.08938536837687631
99,98,70.60493320450982,3,downwind,4615,0.2754500044619002
99,98,70.60493320450982,3,crosswind,3089,0.20990950098430664
99,98,70.60493320450982,3,upwind,3585,0.13134094193011012
99,98,70.60493320450982,6,downwind,4611,0.251534542721155
99,98,70.60493320450982,6,crosswind,3085,0.2108404093197473
99,98,70.60493320450982,6,upwind,3580,0.1077596295409636
99,98,70.60493320450982,12,downwind,4602,0.18628960327443125
99,98,70.60493320450982,12,crosswind,3075,0.16050555477524178
99,98,70.60493320450982,12,upwind,3578,0.09202048539553817
99,98,70.60493320450982,24,downwind,4592,0.0604388803933458
99,98,70.60493320450982,24,crosswind,3067,0.035512794404458814
99,98,70.60493320450982,24,upwind,3576,0.04683876342236161
100,99,41.705943646011576,3,downwind,3978,0.3342660835176341
100,99,41.705943646011576,3,crosswind,2070,0.21671498674325962
100,99,41.705943646011576,3,upwind,5280,0.1387063576088744
100,99,41.705943646011576,6,downwind,3971,0.23733903563657338
100,99,41.705943646011576,6,crosswind,2068,0.18034243515235276
100,99,41.705943646011576,6,upwind,5274,0.11056597343206434
100,99,41.705943646011576,12,downwind,3960,0.08698070660999913
100,99,41.705943646011576,12,crosswind,2069,0.15742504285836045
100,99,41.705943646011576,12,upwind,5258,0.08125092834333995
100,99,41.705943646011576,24,downwind,3939,0.01910323625227759
100,99,41.705943646011576,24,crosswind,2060,0.01285638805398883
100,99,41.705943646011576,24,upwind,5251,0.05189321819248884
41,99,43.933743728759936,3,downwind,3257,0.34039361824361036
41,99,43.933743728759936,3,crosswind,3923,0.27231089482584164
41,99,43.933743728759936,3,upwind,4268,0.21803346574000657
41,99,43.933743728759936,6,downwind,3251,0.26303149845391444
41,99,43.933743728759936,6,crosswind,3916,0.20464613802501402
41,99,43.933743728759936,6,upwind,4265,0.21225748950411463
41,99,43.933743728759936,12,downwind,3244,0.1794616273230933
41,99,43.933743728759936,12,crosswind,3907,0.1498412708854291
41,99,43.933743728759936,12,upwind,4251,0.15446249054122288
41,99,43.933743728759936,24,downwind,3223,0.07830395944882998
41,99,43.933743728759936,24,crosswind,3894,0.08043887361117573
41,99,43.933743728759936,24,upwind,4243,0.07718972099825568
63,99,68.81709641647447,3,downwind,3832,0.2760741813328662
63,99,68.81709641647447,3,crosswind,3554,0.2194259826169792
63,99,68.81709641647447,3,upwind,4059,0.17668840608770942
63,99,68.81709641647447,6,downwind,3830,0.2660603087451651
63,99,68.81709641647447,6,crosswind,3544,0.1683800402232141
63,99,68.81709641647447,6,upwind,4055,0.16226456244413623
63,99,68.81709641647447,12,downwind,3819,0.19169702394634644
63,99,68.81709641647447,12,crosswind,3539,0.14656017719663517
63,99,68.81709641647447,12,upwind,4041,0.10988766779660282
63,99,68.81709641647447,24,downwind,3809,0.1036413956823349
63,99,68.81709641647447,24,crosswind,3526,0.09963240123519805
63,99,68.81709641647447,24,upwind,4022,0.05560126103115264
98,99,70.60493320450982,3,downwind,3365,0.3516569912720189
98,99,70.60493320450982,3,crosswind,3327,0.22203210253774672
98,99,70.60493320450982,3,upwind,4598,0.16050389647346242
98,99,70.60493320450982,6,downwind,3361,0.2876661149349344
98,99,70.60493320450982,6,crosswind,3320,0.16224917682343118
98,99,70.60493320450982,6,upwind,4594,0.1664933307238246
98,99,70.60493320450982,12,downwind,3350,0.16033668923866978
98,99,70.60493320450982,12,crosswind,3315,0.14055779570765392
98,99,70.60493320450982,12,upwind,4581,0.11302994738153836
98,99,70.60493320450982,24,downwind,3333,0.0830533562004707
98,99,70.60493320450982,24,crosswind,3300,0.09227443752851759
98,99,70.60493320450982,24,upwind,4574,0.10136646157116214
102,99,101.74297894369522,3,downwind,4087,0.39359730681793487
102,99,101.74297894369522,3,crosswind,2027,0.2589890323736746
102,99,101.74297894369522,3,upwind,5089,0.14346155742000594
102,99,101.74297894369522,6,downwind,4081,0.40619174616107345
102,99,101.74297894369522,6,crosswind,2025,0.26224871227367247
102,99,101.74297894369522,6,upwind,5081,0.14097830055621788
102,99,101.74297894369522,12,downwind,4069,0.27427195358300355
102,99,101.74297894369522,12,crosswind,2019,0.27776990359564036
102,99,101.74297894369522,12,upwind,5071,0.1316124702972844
102,99,101.74297894369522,24,downwind,4039,0.10455921796221868
102,99,101.74297894369522,24,crosswind,2014,0.20179030849010998
102,99,101.74297894369522,24,upwind,5063,0.08421408106124129
41,100,33.1936541707213,3,downwind,3404,0.3312981478549277
41,100,33.1936541707213,3,crosswind,5093,0.22255083905832415
41,100,33.1936541707213,3,upwind,2995,0.09868168993210595
41,100,33.1936541707213,6,downwind,3401,0.31074102940512904
41,100,33.1936541707213,6,crosswind,5084,0.18624495982703604
41,100,33.1936541707213,6,upwind,2994,0.10370584116736632
41,100,33.1936541707213,12,downwind,3401,0.20783852855729623
41,100,33.1936541707213,12,crosswind,5082,0.10314550158473522
41,100,33.1936541707213,12,upwind,2980,0.08067640645788952
41,100,33.1936541707213,24,downwind,3397,0.124586544936788
41,100,33.1936541707213,24,crosswind,5057,0.02785896207607472
41,100,33.1936541707213,24,upwind,2981,0.045563926651575215
99,100,41.705943646011576,3,downwind,5217,0.3153342958260955
99,100,41.705943646011576,3,crosswind,2144,0.18459731664684412
99,100,41.705943646011576,3,upwind,3973,0.06620631044708176
99,100,41.705943646011576,6,downwind,5216,0.27836787557422993
99,100,41.705943646011576,6,crosswind,2146,0.22115158358006584
99,100,41.705943646011576,6,upwind,3959,0.08206323920805944
99,100,41.705943646011576,12,downwind,5209,0.16705553321300873
99,100,41.705943646011576,12,crosswind,2143,0.12903227360756905
99,100,41.705943646011576,12,upwind,3953,0.06302314298848528
99,100,41.705943646011576,24,downwind,5195,0.04558363015030857
99,100,41.705943646011576,24,crosswind,2143,0.07015129215806053
99,100,41.705943646011576,24,upwind,3941,-0.018513426044422295
98,100,43.60100241713143,3,downwind,2816,0.2396029751222826
98,100,43.60100241713143,3,crosswind,5253,0.2127119344290303
98,100,43.60100241713143,3,upwind,3269,0.1284257712489298
98,100,43.60100241713143,6,downwind,2811,0.21439455866581414
98,100,43.60100241713143,6,crosswind,5244,0.14569378710097064
98,100,43.60100241713143,6,upwind,3271,0.07208588998054036
98,100,43.60100241713143,12,downwind,2817,0.13184931935582553
98,100,43.60100241713143,12,crosswind,5228,0.043672925300765955
98,100,43.60100241713143,12,upwind,3266,0.017299189855123628
98,100,43.60100241713143,24,downwind,2808,0.07962325374953771
98,100,43.60100241713143,24,crosswind,5223,0.04139989341741
98,100,43.60100241713143,24,upwind,3256,0.03289145615709253
102,100,60.18958332429059,3,downwind,4089,0.4488943170855875
102,100,60.18958332429059,3,crosswind,2043,0.2663991987188054
102,100,60.18958332429059,3,upwind,5114,0.13421855492992119
102,100,60.18958332429059,6,downwind,4085,0.35469651601567925
102,100,60.18958332429059,6,crosswind,2038,0.2631317585042677
102,100,60.18958332429059,6,upwind,5110,0.13613357977571833
102,100,60.18958332429059,12,downwind,4074,0.1990301233923652
102,100,60.18958332429059,12,crosswind,2038,0.2562605678651016
102,100,60.18958332429059,12,upwind,5104,0.10990674441637437
102,100,60.18958332429059,24,downwind,4053,0.09006756927081862
102,100,60.18958332429059,24,crosswind,2035,0.15872998487660497
102,100,60.18958332429059,24,upwind,5099,0.07145370246637606
101,100,83.30892833783253,3,downwind,3543,0.32449429822755094
101,100,83.30892833783253,3,crosswind,3179,0.1715883006137177
101,100,83.30892833783253,3,upwind,4602,0.13743011120874887
101,100,83.30892833783253,6,downwind,3535,0.28271946943249404
101,100,83.30892833783253,6,crosswind,3179,0.1581252696343277
101,100,83.30892833783253,6,upwind,4598,0.14187828608500322
101,100,83.30892833783253,12,downwind,3525,0.15785800707011693
101,100,83.30892833783253,12,crosswind,3181,0.11019682589364518
101,100,83.30892833783253,12,upwind,4590,0.12343860013142549
101,100,83.30892833783253,24,downwind,3512,0.05324098277485379
101,100,83.30892833783253,24,crosswind,3172,0.009248496759290008
101,100,83.30892833783253,24,upwind,4584,0.10582628746884305
102,101,51.15875142414968,3,downwind,2559,0.33142443245907627
102,101,51.15875142414968,3,crosswind,5869,0.2861723734950846
102,101,51.15875142414968,3,upwind,2753,0.235403142623133
102,101,51.15875142414968,6,downwind,2561,0.21119053989715098
102,101,51.15875142414968,6,crosswind,5855,0.2276195101636431
102,101,51.15875142414968,6,upwind,2751,0.1869916374170133
102,101,51.15875142414968,12,downwind,2552,0.09710318536048855
102,101,51.15875142414968,12,crosswind,5853,0.12105039905658627
102,101,51.15875142414968,12,upwind,2737,0.15038209913572198
102,101,51.15875142414968,24,downwind,2550,0.06052790634200139
102,101,51.15875142414968,24,crosswind,5840,0.06316641693069616
102,101,51.15875142414968,24,upwind,2721,0.06989552122634882
98,101,55.187740804937505,3,downwind,5185,0.31668569644218364
98,101,55.187740804937505,3,crosswind,2236,0.20564720031695244
98,101,55.187740804937505,3,upwind,3851,0.07926594698454956
98,101,55.187740804937505,6,downwind,5178,0.2846141302764688
98,101,55.187740804937505,6,crosswind,2234,0.19316980216115504
98,101,55.187740804937505,6,upwind,3845,0.03648904910711979
98,101,55.187740804937505,12,downwind,5170,0.14692120770379105
98,101,55.187740804937505,12,crosswind,2226,0.16470837187528473
98,101,55.187740804937505,12,upwind,3834,0.002170410401622713
98,101,55.187740804937505,24,downwind,5157,0.06030126557278225
98,101,55.187740804937505,24,crosswind,2218,0.129433805523981
98,101,55.187740804937505,24,upwind,3824,0.029198364736517036
104,101,55.338229780180484,3,downwind,4067,0.4003374163053083
104,101,55.338229780180484,3,crosswind,2301,0.22762595450181597
104,101,55.338229780180484,3,upwind,4857,0.16128995737772964
104,101,55.338229780180484,6,downwind,4061,0.3188611030080925
104,101,55.338229780180484,6,crosswind,2301,0.2502434773783097
104,101,55.338229780180484,6,upwind,4850,0.15373702562605296
104,101,55.338229780180484,12,downwind,4053,0.19970948160593158
104,101,55.338229780180484,12,crosswind,2291,0.22570910498062782
104,101,55.338229780180484,12,upwind,4841,0.1084886509519764
104,101,55.338229780180484,24,downwind,4030,0.10944840896243847
104,101,55.338229780180484,24,crosswind,2284,0.08740140129156032
104,101,55.338229780180484,24,upwind,4831,0.048325546909405444
105,101,59.83672124983361,3,downwind,2978,0.39599576664891306
105,101,59.83672124983361,3,crosswind,4347,0.295912785629184
105,101,59.83672124983361,3,upwind,4072,0.18641187531219836
105,101,59.83672124983361,6,downwind,2976,0.294577037894887
105,101,59.83672124983361,6,crosswind,4340,0.25481467980321676
105,101,59.83672124983361,6,upwind,4066,0.2193847479424136
105,101,59.83672124983361,12,downwind,2967,0.19564356394118254
105,101,59.83672124983361,12,crosswind,4332,0.1800653252131949
105,101,59.83672124983361,12,upwind,4056,0.209611492700109
105,101,59.83672124983361,24,downwind,2954,0.10898348795644056
105,101,59.83672124983361,24,crosswind,4322,0.10190203510763003
105,101,59.83672124983361,24,upwind,4047,0.10258922931545468
41,101,83.01373619998361,3,downwind,5228,0.29918722291675215
41,101,83.01373619998361,3,crosswind,2289,0.19083977730866047
41,101,83.01373619998361,3,upwind,3916,0.04936092392984461
41,101,83.01373619998361,6,downwind,5224,0.30967980091725783
41,101,83.01373619998361,6,crosswind,2282,0.17702375375341992
41,101,83.01373619998361,6,upwind,3911,0.022095921390924988
41,101,83.01373619998361,12,downwind,5213,0.20358468489142806
41,101,83.01373619998361,12,crosswind,2276,0.1588458241073615
41,101,83.01373619998361,12,upwind,3899,0.031114219870339254
41,101,83.01373619998361,24,downwind,5199,0.07346419243821055
41,101,83.01373619998361,24,crosswind,2262,0.09192472981211043
41,101,83.01373619998361,24,upwind,3891,0.03791790324370253
105,102,42.97720628233034,3,downwind,4173,0.29312476489971484
105,102,42.97720628233034,3,crosswind,2004,0.24374295372134325
105,102,42.97720628233034,3,upwind,5133,0.2676901174539313
105,102,42.97720628233034,6,downwind,4163,0.26391624988200096
105,102,42.97720628233034,6,crosswind,2001,0.2271504595675405
105,102,42.97720628233034,6,upwind,5119,0.27156506912259853
105,102,42.97720628233034,12,downwind,4149,0.17614082555386412
105,102,42.97720628233034,12,crosswind,1996,0.17320268600302144
105,102,42.97720628233034,12,upwind,5092,0.23747472646451523
105,102,42.97720628233034,24,downwind,4146,0.0917614809643719
105,102,42.97720628233034,24,crosswind,1981,0.008956064276550432
105,102,42.97720628233034,24,upwind,5058,0.13031474503874485
101,102,51.15875142414968,3,downwind,2618,0.24721247872542182
101,102,51.15875142414968,3,crosswind,5660,0.22510199966083136
101,102,51.15875142414968,3,upwind,2900,0.1505416107547058
101,102,51.15875142414968,6,downwind,2612,0.23528950205263233
101,102,51.15875142414968,6,crosswind,5644,0.20999275057517472
101,102,51.15875142414968,6,upwind,2896,0.1733902173465253
101,102,51.15875142414968,12,downwind,2604,0.10805889229444705
101,102,51.15875142414968,12,crosswind,5615,0.17247724003489748
101,102,51.15875142414968,12,upwind,2888,0.13163838062239097
101,102,51.15875142414968,24,downwind,2595,0.05956020911384653
101,102,51.15875142414968,24,crosswind,5589,0.06899175684438419
101,102,51.15875142414968,24,upwind,2871,0.014137945984891204
100,102,60.18958332429059,3,downwind,5233,0.2968787954644225
100,102,60.18958332429059,3,crosswind,2020,0.13888028144116735
100,102,60.18958332429059,3,upwind,3978,0.10640968594480975
100,102,60.18958332429059,6,downwind,5216,0.262890329005118
100,102,60.18958332429059,6,crosswind,2020,0.15309540860029847
100,102,60.18958332429059,6,upwind,3968,0.08485681623737498
100,102,60.18958332429059,12,downwind,5187,0.20033280999496306
100,102,60.18958332429059,12,crosswind,2011,0.12611924171315173
100,102,60.18958332429059,12,upwind,3960,0.057303366288207376
100,102,60.18958332429059,24,downwind,5150,0.06918233504857828
100,102,60.18958332429059,24,crosswind,2000,-0.0003303639349407646
100,102,60.18958332429059,24,upwind,3956,0.035160333070083254
98,102,64.31846842218793,3,downwind,4381,0.34470570842140613
98,102,64.31846842218793,3,crosswind,3373,0.19767239533458147
98,102,64.31846842218793,3,upwind,3454,0.07755742991814774
98,102,64.31846842218793,6,downwind,4369,0.3226405316786025
98,102,64.31846842218793,6,crosswind,3367,0.16695024604120814
98,102,64.31846842218793,6,upwind,3446,0.07064021018289614
98,102,64.31846842218793,12,downwind,4342,0.22924651024807596
98,102,64.31846842218793,12,crosswind,3364,0.12298812991189843
98,102,64.31846842218793,12,upwind,3434,0.059635619577689127
98,102,64.31846842218793,24,downwind,4327,0.10942013518127472
98,102,64.31846842218793,24,crosswind,3329,0.05438488684472505
98,102,64.31846842218793,24,upwind,3439,0.05500920652387599
60,102,71.64149829385225,3,downwind,2883,0.3658531555678291
60,102,71.64149829385225,3,crosswind,5795,0.2656687925950439
60,102,71.64149829385225,3,upwind,2660,0.27813998635173315
60,102,71.64149829385225,6,downwind,2880,0.2973471435863578
60,102,71.64149829385225,6,crosswind,5777,0.25840886362572035
60,102,71.64149829385225,6,upwind,2655,0.29279792443702035
60,102,71.64149829385225,12,downwind,2868,0.20209724663193854
60,102,71.64149829385225,12,crosswind,5744,0.22569632091377154
60,102,71.64149829385225,12,upwind,2654,0.21200201670319666
60,102,71.64149829385225,24,downwind,2851,0.06277682635197086
60,102,71.64149829385225,24,crosswind,5717,0.09923425212867243
60,102,71.64149829385225,24,upwind,2646,0.1300461782880394
104,103,58.6349664006395,3,downwind,4935,0.261002378709254
104,103,58.6349664006395,3,crosswind,2736,0.22736209712502958
104,103,58.6349664006395,3,upwind,3775,0.137723869090809
104,103,58.6349664006395,6,downwind,4936,0.22592758447384972
104,103,58.6349664006395,6,crosswind,2735,0.22116013838108303
104,103,58.6349664006395,6,upwind,3774,0.1450979779971583
104,103,58.6349664006395,12,downwind,4932,0.16134992295166706
104,103,58.6349664006395,12,crosswind,2735,0.15890017942815715
104,103,58.6349664006395,12,upwind,3773,0.11918910996413631
104,103,58.6349664006395,24,downwind,4936,0.06569786554223829
104,103,58.6349664006395,24,crosswind,2730,0.10686906460245733
104,103,58.6349664006395,24,upwind,3766,0.07581198792796685
59,103,63.06357477800242,3,downwind,2817,0.30024065991879745
59,103,63.06357477800242,3,crosswind,4854,0.2009366394645853
59,103,63.06357477800242,3,upwind,3986,0.1466735656366388
59,103,63.06357477800242,6,downwind,2817,0.2958474126111474
59,103,63.06357477800242,6,crosswind,4854,0.18666373015125032
59,103,63.06357477800242,6,upwind,3985,0.1326597535533367
59,103,63.06357477800242,12,downwind,2818,0.24493250429568378
59,103,63.06357477800242,12,crosswind,4853,0.13757824764252397
59,103,63.06357477800242,12,upwind,3980,0.06776056791981169
59,103,63.06357477800242,24,downwind,2814,0.09961113492336622
59,103,63.06357477800242,24,crosswind,4851,0.0528469432267008
59,103,63.06357477800242,24,upwind,3978,0.0337870606340765
105,103,100.73108780737718,3,downwind,4250,0.2995248974277902
105,103,100.73108780737718,3,crosswind,3703,0.21118951433248723
105,103,100.73108780737718,3,upwind,3668,0.13651508865117987
105,103,100.73108780737718,6,downwind,4251,0.27955829086452233
105,103,100.73108780737718,6,crosswind,3702,0.2171495408814021
105,103,100.73108780737718,6,upwind,3667,0.13463712563048702
105,103,100.73108780737718,12,downwind,4247,0.18752231771552721
105,103,100.73108780737718,12,crosswind,3700,0.16428957425567708
105,103,100.73108780737718,12,upwind,3668,0.1157263162621717
105,103,100.73108780737718,24,downwind,4251,0.08291536922778375
105,103,100.73108780737718,24,crosswind,3694,0.13809903307177976
105,103,100.73108780737718,24,upwind,3662,0.04374522583230058
101,103,105.87209109943551,3,downwind,5061,0.28173406210976676
101,103,105.87209109943551,3,crosswind,2341,0.16547558551069408
101,103,105.87209109943551,3,upwind,4086,0.1075620728217234
101,103,105.87209109943551,6,downwind,5060,0.29705874465950033
101,103,105.87209109943551,6,crosswind,2343,0.1658100881330013
101,103,105.87209109943551,6,upwind,4084,0.11074053450474933
101,103,105.87209109943551,12,downwind,5060,0.2538358785957137
101,103,105.87209109943551,12,crosswind,2341,0.11928569333129123
101,103,105.87209109943551,12,upwind,4081,0.06571299729553715
101,103,105.87209109943551,24,downwind,5058,0.11908211532005585
101,103,105.87209109943551,24,crosswind,2343,0.062207529182899346
101,103,105.87209109943551,24,upwind,4073,0.012979243025457504
106,103,121.43643490898413,3,downwind,3928,0.21554379840262486
106,103,121.43643490898413,3,crosswind,3095,0.12468135674876715
106,103,121.43643490898413,3,upwind,4469,0.08081425046520399
106,103,121.43643490898413,6,downwind,3929,0.25784516938919616
106,103,121.43643490898413,6,crosswind,3095,0.13438293421855105
106,103,121.43643490898413,6,upwind,4467,0.08047340529019992
106,103,121.43643490898413,12,downwind,3930,0.23810338184825697
106,103,121.43643490898413,12,crosswind,3094,0.13767071967067362
106,103,121.43643490898413,12,upwind,4462,0.05051989782160718
106,103,121.43643490898413,24,downwind,3928,0.1050110459639539
106,103,121.43643490898413,24,crosswind,3091,0.0676692295150519
106,103,121.43643490898413,24,upwind,4459,0.012919142596947668
105,104,45.28636663911315,3,downwind,3199,0.33379867316338996
105,104,45.28636663911315,3,crosswind,4874,0.2568709362435598
105,104,45.28636663911315,3,upwind,3280,0.17993744976292395
105,104,45.28636663911315,6,downwind,3190,0.2495755495894498
105,104,45.28636663911315,6,crosswind,4865,0.22715678527347802
105,104,45.28636663911315,6,upwind,3271,0.13320954204210936
105,104,45.28636663911315,12,downwind,3179,0.14821664994288591
105,104,45.28636663911315,12,crosswind,4841,0.1658969279300105
105,104,45.28636663911315,12,upwind,3259,0.10247711378627365
105,104,45.28636663911315,24,downwind,3165,0.06684077191464437
105,104,45.28636663911315,24,crosswind,4819,0.10315578784089292
105,104,45.28636663911315,24,upwind,3234,0.055897811833231795
101,104,55.338229780180484,3,downwind,5014,0.3223856203752624
101,104,55.338229780180484,3,crosswind,2076,0.19194474031772868
101,104,55.338229780180484,3,upwind,4125,0.09116356470756723
101,104,55.338229780180484,6,downwind,5002,0.2664471482474381
101,104,55.338229780180484,6,crosswind,2072,0.17097569346768587
101,104,55.338229780180484,6,upwind,4113,0.07433953451014469
101,104,55.338229780180484,12,downwind,4990,0.16777595393838873
101,104,55.338229780180484,12,crosswind,2063,0.0850479098012064
101,104,55.338229780180484,12,upwind,4087,0.03532868614480001
101,104,55.338229780180484,24,downwind,4975,0.08488561125696405
101,104,55.338229780180484,24,crosswind,2047,0.08372676951383544
101,104,55.338229780180484,24,upwind,4056,-0.03392914138644243
103,104,58.6349664006395,3,downwind,3840,0.34852976398271496
103,104,58.6349664006395,3,crosswind,3051,0.2571906571289664
103,104,58.6349664006395,3,upwind,4490,0.26425391665745995
103,104,58.6349664006395,6,downwind,3830,0.3206099555296259
103,104,58.6349664006395,6,crosswind,3042,0.21089723095591498
103,104,58.6349664006395,6,upwind,4482,0.23554520984070712
103,104,58.6349664006395,12,downwind,3819,0.21717417815483067
103,104,58.6349664006395,12,crosswind,3024,0.12938587321929915
103,104,58.6349664006395,12,upwind,4464,0.17685869065745957
103,104,58.6349664006395,24,downwind,3792,0.10663267050284632
103,104,58.6349664006395,24,crosswind,3000,0.049682432464293345
103,104,58.6349664006395,24,upwind,4453,0.047910573775435034
102,104,75.89690012012066,3,downwind,4397,0.34036366833233195
102,104,75.89690012012066,3,crosswind,3101,0.25504969082571766
102,104,75.89690012012066,3,upwind,3637,0.15432387344902124
102,104,75.89690012012066,6,downwind,4392,0.2932483663274853
102,104,75.89690012012066,6,crosswind,3089,0.19809104110646863
102,104,75.89690012012066,6,upwind,3628,0.12331193661450743
102,104,75.89690012012066,12,downwind,4380,0.16153626942001584
102,104,75.89690012012066,12,crosswind,3063,0.1128418280833947
102,104,75.89690012012066,12,upwind,3618,0.08514511208946762
102,104,75.89690012012066,24,downwind,4367,0.08876217051321968
102,104,75.89690012012066,24,crosswind,3054,0.1095024506289899
102,104,75.89690012012066,24,upwind,3584,0.020268579522151272
59,104,86.15338472514449,3,downwind,2513,0.34019329505692236
59,104,86.15338472514449,3,crosswind,5180,0.28332377758916827
59,104,86.15338472514449,3,upwind,3688,0.2216594740155796
59,104,86.15338472514449,6,downwind,2509,0.3619729824905625
59,104,86.15338472514449,6,crosswind,5166,0.2447391621677337
59,104,86.15338472514449,6,upwind,3679,0.22652927316103783
59,104,86.15338472514449,12,downwind,2502,0.2849376094462064
59,104,86.15338472514449,12,crosswind,5143,0.17949670639712992
59,104,86.15338472514449,12,upwind,3662,0.1183473960622143
59,104,86.15338472514449,24,downwind,2484,0.13990889078133978
59,104,86.15338472514449,24,crosswind,5116,0.05039126265950879
59,104,86.15338472514449,24,upwind,3645,0.05137316308786219
102,105,42.97720628233034,3,downwind,5165,0.2916816232885887
102,105,42.97720628233034,3,crosswind,2083,0.25372120158095685
102,105,42.97720628233034,3,upwind,4111,0.12428038664379834
102,105,42.97720628233034,6,downwind,5165,0.2317685170828907
102,105,42.97720628233034,6,crosswind,2081,0.2083514104573932
102,105,42.97720628233034,6,upwind,4110,0.09042058657250239
102,105,42.97720628233034,12,downwind,5160,0.12845399109800762
102,105,42.97720628233034,12,crosswind,2079,0.12967095299703016
102,105,42.97720628233034,12,upwind,4108,0.07968103769574385
102,105,42.97720628233034,24,downwind,5156,0.05792536393196512
102,105,42.97720628233034,24,crosswind,2080,0.11979462289041136
102,105,42.97720628233034,24,upwind,4095,0.01582726279494603
104,105,45.28636663911315,3,downwind,3263,0.24919521341085812
104,105,45.28636663911315,3,crosswind,4332,0.18265586129136488
104,105,45.28636663911315,3,upwind,3815,0.07690330001520884
104,105,45.28636663911315,6,downwind,3262,0.20916434831040553
104,105,45.28636663911315,6,crosswind,4331,0.14999315420331538
104,105,45.28636663911315,6,upwind,3815,0.11943750223388924
104,105,45.28636663911315,12,downwind,3264,0.17729874445221763
104,105,45.28636663911315,12,crosswind,4329,0.10084708737111493
104,105,45.28636663911315,12,upwind,3807,0.09871168776017658
104,105,45.28636663911315,24,downwind,3251,0.0836390675822082
104,105,45.28636663911315,24,crosswind,4323,0.007552220481548982
104,105,45.28636663911315,24,upwind,3810,0.04484619609640466
101,105,59.83672124983361,3,downwind,3896,0.22719367469365256
101,105,59.83672124983361,3,crosswind,4114,0.13656770446180239
101,105,59.83672124983361,3,upwind,3433,0.09528668085702939
101,105,59.83672124983361,6,downwind,3896,0.21787241730319176
101,105,59.83672124983361,6,crosswind,4112,0.15590729038321144
101,105,59.83672124983361,6,upwind,3432,0.09162340322221856
101,105,59.83672124983361,12,downwind,3896,0.1629022485526189
101,105,59.83672124983361,12,crosswind,4109,0.13005570963688268
101,105,59.83672124983361,12,upwind,3426,0.0359280893873904
101,105,59.83672124983361,24,downwind,3888,0.05760959686796607
101,105,59.83672124983361,24,crosswind,4105,0.05020640473488469
101,105,59.83672124983361,24,upwind,3422,-0.03316125252143733
60,105,86.98513396504445,3,downwind,3800,0.3292883106313914
60,105,86.98513396504445,3,crosswind,4621,0.23024100141874737
60,105,86.98513396504445,3,upwind,3182,0.17850126113877576
60,105,86.98513396504445,6,downwind,3801,0.3009395154287633
60,105,86.98513396504445,6,crosswind,4617,0.21417036051732127
60,105,86.98513396504445,6,upwind,3182,0.17177436739673999
60,105,86.98513396504445,12,downwind,3792,0.15664990449077246
60,105,86.98513396504445,12,crosswind,4614,0.15959761356972169
60,105,86.98513396504445,12,upwind,3185,0.12850842204532764
60,105,86.98513396504445,24,downwind,3791,0.08910450251131585
60,105,86.98513396504445,24,crosswind,4609,0.08158024026097657
60,105,86.98513396504445,24,upwind,3175,0.07062009744989911
98,105,99.15497701668977,3,downwind,5076,0.2477347136381075
98,105,99.15497701668977,3,crosswind,2611,0.18609574036787913
98,105,99.15497701668977,3,upwind,3755,0.061324506632665025
98,105,99.15497701668977,6,downwind,5075,0.281164267523629
98,105,99.15497701668977,6,crosswind,2609,0.16535287046330452
98,105,99.15497701668977,6,upwind,3755,0.049774644377908905
98,105,99.15497701668977,12,downwind,5073,0.1903539375998306
98,105,99.15497701668977,12,crosswind,2609,0.12505701392314267
98,105,99.15497701668977,12,upwind,3748,0.02740153263734404
98,105,99.15497701668977,24,downwind,5069,0.1006758970347194
98,105,99.15497701668977,24,crosswind,2605,0.10296483581114244
98,105,99.15497701668977,24,upwind,3740,0.03464583123066404
59,106,67.80158667724675,3,downwind,4506,0.36339726027957914
59,106,67.80158667724675,3,crosswind,2508,0.276665827910714
59,106,67.80158667724675,3,upwind,4432,0.14281238929051207
59,106,67.80158667724675,6,downwind,4497,0.32141565879445905
59,106,67.80158667724675,6,crosswind,2505,0.29717110550250214
59,106,67.80158667724675,6,upwind,4421,0.17791156953386567
59,106,67.80158667724675,12,downwind,4485,0.21891805063347566
59,106,67.80158667724675,12,crosswind,2497,0.21066135415615608
59,106,67.80158667724675,12,upwind,4404,0.16569945561944213
59,106,67.80158667724675,24,downwind,4459,0.13380901624755184
59,106,67.80158667724675,24,crosswind,2491,0.03868893649329933
59,106,67.80158667724675,24,upwind,4388,0.06051451864656183
101,106,90.39799797158429,3,downwind,2913,0.2631404223393683
101,106,90.39799797158429,3,crosswind,5729,0.13145339996656885
101,106,90.39799797158429,3,upwind,2650,0.1018798770229041
101,106,90.39799797158429,6,downwind,2912,0.23864660321146244
101,106,90.39799797158429,6,crosswind,5715,0.16092146780989083
101,106,90.39799797158429,6,upwind,2644,0.12592797651767942
101,106,90.39799797158429,12,downwind,2909,0.17011566605591213
101,106,90.39799797158429,12,crosswind,5696,0.16662660896303721
101,106,90.39799797158429,12,upwind,2633,0.10338683984382392
101,106,90.39799797158429,24,downwind,2906,0.05737895880108393
101,106,90.39799797158429,24,crosswind,5676,0.11947237124358442
101,106,90.39799797158429,24,upwind,2615,0.06308516704540543
98,106,111.08837262961545,3,downwind,3657,0.20521877301857197
98,106,111.08837262961545,3,crosswind,4660,0.09205865240083151
98,106,111.08837262961545,3,upwind,2960,0.04627612374061955
98,106,111.08837262961545,6,downwind,3651,0.192928091532586
98,106,111.08837262961545,6,crosswind,4649,0.09329077476218914
98,106,111.08837262961545,6,upwind,2953,0.06948986255942924
98,106,111.08837262961545,12,downwind,3643,0.11853321283345147
98,106,111.08837262961545,12,crosswind,4632,0.055180071821626105
98,106,111.08837262961545,12,upwind,2942,0.05016946833805353
98,106,111.08837262961545,24,downwind,3634,0.023273925954490154
98,106,111.08837262961545,24,crosswind,4610,0.08231825905005734
98,106,111.08837262961545,24,upwind,2924,0.04393255432978293
104,106,112.67115241217267,3,downwind,3038,0.31123582888967477
104,106,112.67115241217267,3,crosswind,5037,0.19929627995782756
104,106,112.67115241217267,3,upwind,3160,0.11911538924628431
104,106,112.67115241217267,6,downwind,3038,0.31680484316117363
104,106,112.67115241217267,6,crosswind,5023,0.20598925605536403
104,106,112.67115241217267,6,upwind,3151,0.16906276225872208
104,106,112.67115241217267,12,downwind,3027,0.23097874193533605
104,106,112.67115241217267,12,crosswind,5013,0.19204687869916326
104,106,112.67115241217267,12,upwind,3134,0.15249816954442622
104,106,112.67115241217267,24,downwind,3013,0.12427623419494402
104,106,112.67115241217267,24,crosswind,4997,0.12922258413498974
104,106,112.67115241217267,24,upwind,3117,0.09866796718147007
103,106,121.43643490898413,3,downwind,3913,0.35685317955117635
103,106,121.43643490898413,3,crosswind,3829,0.2965785646963723
103,106,121.43643490898413,3,upwind,3704,0.10584236720579229
103,106,121.43643490898413,6,downwind,3906,0.3882558965875044
103,106,121.43643490898413,6,crosswind,3825,0.3214189063857909
103,106,121.43643490898413,6,upwind,3692,0.14604179086094018
103,106,121.43643490898413,12,downwind,3896,0.30549590070417704
103,106,121.43643490898413,12,crosswind,3812,0.26878736251285806
103,106,121.43643490898413,12,upwind,3678,0.16039247863514594
103,106,121.43643490898413,24,downwind,3873,0.17616743932418455
103,106,121.43643490898413,24,crosswind,3802,0.1397361046840365
103,106,121.43643490898413,24,upwind,3663,0.06374174286789519
34,107,44.7311662984183,3,downwind,4357,0.3294381731438724
34,107,44.7311662984183,3,crosswind,3086,0.21071410935573448
34,107,44.7311662984183,3,upwind,4184,0.006722906519937872
34,107,44.7311662984183,6,downwind,4359,0.2541958601206263
34,107,44.7311662984183,6,crosswind,3084,0.20683537273505573
34,107,44.7311662984183,6,upwind,4183,0.03906880582628388
34,107,44.7311662984183,12,downwind,4359,0.14412786828218885
34,107,44.7311662984183,12,crosswind,3082,0.1572701839540547
34,107,44.7311662984183,12,upwind,4180,0.06251133284193158
34,107,44.7311662984183,24,downwind,4359,0.036048243468347514
34,107,44.7311662984183,24,crosswind,3082,0.1040246402428924
34,107,44.7311662984183,24,upwind,4172,0.03884286229121471
108,107,55.158812908351486,3,downwind,5001,0.36458809842755213
108,107,55.158812908351486,3,crosswind,4509,0.18035708944109272
108,107,55.158812908351486,3,upwind,1894,0.12166060315515345
108,107,55.158812908351486,6,downwind,4999,0.2761741711516315
108,107,55.158812908351486,6,crosswind,4510,0.17037176845549493
108,107,55.158812908351486,6,upwind,1894,0.15681777816947598
108,107,55.158812908351486,12,downwind,4996,0.13860652994128975
108,107,55.158812908351486,12,crosswind,4508,0.08502970430489008
108,107,55.158812908351486,12,upwind,1894,0.13010875316253714
108,107,55.158812908351486,24,downwind,4989,0.008692275175948427
108,107,55.158812908351486,24,crosswind,4508,-0.03033433088741094
108,107,55.158812908351486,24,upwind,1893,0.08270158345298492
23,107,56.11778763753333,3,downwind,3090,0.37376956350106844
23,107,56.11778763753333,3,crosswind,3318,0.25041013281737967
23,107,56.11778763753333,3,upwind,5251,0.08113102095200297
23,107,56.11778763753333,6,downwind,3090,0.34280936491882746
23,107,56.11778763753333,6,crosswind,3317,0.21246957559321836
23,107,56.11778763753333,6,upwind,5251,0.0957426206887936
23,107,56.11778763753333,12,downwind,3087,0.2394981828201206
23,107,56.11778763753333,12,crosswind,3314,0.138265068342022
23,107,56.11778763753333,12,upwind,5252,0.08275340220478912
23,107,56.11778763753333,24,downwind,3082,0.12746604426383937
23,107,56.11778763753333,24,crosswind,3312,0.06263362505290851
23,107,56.11778763753333,24,upwind,5251,0.057546200908141706
33,107,66.5054534114317,3,downwind,1815,0.27138310450583564
33,107,66.5054534114317,3,crosswind,4953,0.0923255862923237
33,107,66.5054534114317,3,upwind,4712,0.04682616990845241
33,107,66.5054534114317,6,downwind,1816,0.2721065002585353
33,107,66.5054534114317,6,crosswind,4951,0.10169567110074768
33,107,66.5054534114317,6,upwind,4712,0.06035107808258504
33,107,66.5054534114317,12,downwind,1816,0.21030238941137827
33,107,66.5054534114317,12,crosswind,4947,0.09619284060606703
33,107,66.5054534114317,12,upwind,4711,0.08547345174482296
33,107,66.5054534114317,24,downwind,1815,0.15245086291364038
33,107,66.5054534114317,24,crosswind,4944,0.06202501143320084
33,107,66.5054534114317,24,upwind,4707,0.08712951433223529
26,107,68.67254492295467,3,downwind,3305,0.16286482478998043
26,107,68.67254492295467,3,crosswind,4009,0.19704725402968207
26,107,68.67254492295467,3,upwind,4345,0.2797952675932975
26,107,68.67254492295467,6,downwind,3306,0.21516937511714482
26,107,68.67254492295467,6,crosswind,4008,0.23243124500583345
26,107,68.67254492295467,6,upwind,4344,0.3203616567096241
26,107,68.67254492295467,12,downwind,3306,0.23875056972208883
26,107,68.67254492295467,12,crosswind,4008,0.21659574380025648
26,107,68.67254492295467,12,upwind,4339,0.26804345977929345
26,107,68.67254492295467,24,downwind,3307,0.17873478194035888
26,107,68.67254492295467,24,crosswind,4008,0.15473751892250717
26,107,68.67254492295467,24,upwind,4330,0.12481714824787105
16,108,37.8857778642674,3,downwind,5263,0.2521828207949642
16,108,37.8857778642674,3,crosswind,3277,0.08152187524996904
16,108,37.8857778642674,3,upwind,2849,-0.04471106679651066
16,108,37.8857778642674,6,downwind,5255,0.2293937770793943
16,108,37.8857778642674,6,crosswind,3276,0.10184088452339221
16,108,37.8857778642674,6,upwind,2845,-0.057542823126329704
16,108,37.8857778642674,12,downwind,5247,0.1733176393801812
16,108,37.8857778642674,12,crosswind,3266,0.10069624438472786
16,108,37.8857778642674,12,upwind,2839,-0.089504661939513
16,108,37.8857778642674,24,downwind,5237,0.06826563188457929
16,108,37.8857778642674,24,crosswind,3256,0.04857067133885968
16,108,37.8857778642674,24,upwind,2826,-0.13841802576624565
107,108,55.158812908351486,3,downwind,1941,0.24990159384106156
107,108,55.158812908351486,3,crosswind,4562,0.08364184914844004
107,108,55.158812908351486,3,upwind,4885,0.06077825499582089
107,108,55.158812908351486,6,downwind,1939,0.15542883672866722
107,108,55.158812908351486,6,crosswind,4559,0.06709571037928931
107,108,55.158812908351486,6,upwind,4877,0.09741497387821027
107,108,55.158812908351486,12,downwind,1934,0.07617233113948384
107,108,55.158812908351486,12,crosswind,4554,0.02552133756778239
107,108,55.158812908351486,12,upwind,4863,0.1296354965457815
107,108,55.158812908351486,24,downwind,1923,-0.002922832871082399
107,108,55.158812908351486,24,crosswind,4540,-0.00970365182062877
107,108,55.158812908351486,24,upwind,4855,0.06271036882032478
19,108,67.87256410439491,3,downwind,3436,0.3393477334304261
19,108,67.87256410439491,3,crosswind,3477,0.26011008342007574
19,108,67.87256410439491,3,upwind,4475,0.13254561743778764
19,108,67.87256410439491,6,downwind,3434,0.25756724005225334
19,108,67.87256410439491,6,crosswind,3471,0.2339321728196374
19,108,67.87256410439491,6,upwind,4470,0.1374078754661504
19,108,67.87256410439491,12,downwind,3423,0.1312829189501342
19,108,67.87256410439491,12,crosswind,3465,0.20421743055263505
19,108,67.87256410439491,12,upwind,4463,0.09668546001687985
19,108,67.87256410439491,24,downwind,3411,-0.019865449700059244
19,108,67.87256410439491,24,crosswind,3453,0.08514927396358256
19,108,67.87256410439491,24,upwind,4454,0.04766030232247724
34,108,81.99888498739514,3,downwind,2148,0.23978757866958952
34,108,81.99888498739514,3,crosswind,4933,0.1017850012287022
34,108,81.99888498739514,3,upwind,4276,-0.012545102320825695
34,108,81.99888498739514,6,downwind,2147,0.21617629066240762
34,108,81.99888498739514,6,crosswind,4926,0.103478329888814
34,108,81.99888498739514,6,upwind,4271,0.004097115170397712
34,108,81.99888498739514,12,downwind,2144,0.09177552477369322
34,108,81.99888498739514,12,crosswind,4917,0.07352099420942441
34,108,81.99888498739514,12,upwind,4259,0.029244238425385666
34,108,81.99888498739514,24,downwind,2136,0.04744800140462394
34,108,81.99888498739514,24,crosswind,4910,0.011974981206248061
34,108,81.99888498739514,24,upwind,4241,0.021453889109473677
23,108,82.2980356704875,3,downwind,2301,0.14689274034200764
23,108,82.2980356704875,3,crosswind,3348,0.07328829302536181
23,108,82.2980356704875,3,upwind,5740,0.06309434138211814
23,108,82.2980356704875,6,downwind,2300,0.12202780077923826
23,108,82.2980356704875,6,crosswind,3345,0.06456127475951227
23,108,82.2980356704875,6,upwind,5731,0.08911311704509478
23,108,82.2980356704875,12,downwind,2295,0.02391102526233796
23,108,82.2980356704875,12,crosswind,3337,0.05428515601097484
23,108,82.2980356704875,12,upwind,5720,0.09325437244729524
23,108,82.2980356704875,24,downwind,2285,-0.08046668465806728
23,108,82.2980356704875,24,crosswind,3326,0.014385890214522126
23,108,82.2980356704875,24,upwind,5708,0.04336261591375401
18,109,35.786147449549,3,downwind,5965,0.18830779174323564
18,109,35.786147449549,3,crosswind,3197,0.08038125921524424
18,109,35.786147449549,3,upwind,2273,0.1279766848802085
18,109,35.786147449549,6,downwind,5954,0.1876212550262746
18,109,35.786147449549,6,crosswind,3195,0.10734270814239558
18,109,35.786147449549,6,upwind,2273,0.1533906869483415
18,109,35.786147449549,12,downwind,5942,0.13975449372952253
18,109,35.786147449549,12,crosswind,3192,0.10048316811642209
18,109,35.786147449549,12,upwind,2269,0.13198848505737457
18,109,35.786147449549,24,downwind,5928,0.045140388329769764
18,109,35.786147449549,24,crosswind,3182,0.01665620272114361
18,109,35.786147449549,24,upwind,2271,0.08186424508466927
17,109,36.550941119836935,3,downwind,2145,0.2593723689661032
17,109,36.550941119836935,3,crosswind,3508,0.13163321981714576
17,109,36.550941119836935,3,upwind,5782,0.10865807588210179
17,109,36.550941119836935,6,downwind,2146,0.18131678574207716
17,109,36.550941119836935,6,crosswind,3501,0.07490297761150459
17,109,36.550941119836935,6,upwind,5775,0.07531530499766827
17,109,36.550941119836935,12,downwind,2142,0.10150858483169589
17,109,36.550941119836935,12,crosswind,3504,0.003603558802268624
17,109,36.550941119836935,12,upwind,5757,0.022363699846203317
17,109,36.550941119836935,24,downwind,2144,-0.008440443162447903
17,109,36.550941119836935,24,crosswind,3492,-0.05008414344343591
17,109,36.550941119836935,24,upwind,5745,-0.06156894233343174
25,109,44.17573540763748,3,downwind,5115,0.34436913841871586
25,109,44.17573540763748,3,crosswind,4064,0.24252314968657288
25,109,44.17573540763748,3,upwind,2256,0.14928721527848238
25,109,44.17573540763748,6,downwind,5112,0.25818045371899984
25,109,44.17573540763748,6,crosswind,4052,0.18338713570242776
25,109,44.17573540763748,6,upwind,2258,0.11000181314629631
25,109,44.17573540763748,12,downwind,5100,0.12137018450345931
25,109,44.17573540763748,12,crosswind,4050,0.07117533519425513
25,109,44.17573540763748,12,upwind,2253,0.012608802220256682
25,109,44.17573540763748,24,downwind,5072,-0.005824811346286839
25,109,44.17573540763748,24,crosswind,4051,-0.01786531923876614
25,109,44.17573540763748,24,upwind,2258,0.004083910280606431
112,109,47.150050820652474,3,downwind,5723,0.23850865286919806
112,109,47.150050820652474,3,crosswind,3169,0.18286230999140204
112,109,47.150050820652474,3,upwind,2541,0.1148872399872481
112,109,47.150050820652474,6,downwind,5716,0.177147014187825
112,109,47.150050820652474,6,crosswind,3166,0.12610720529729244
112,109,47.150050820652474,6,upwind,2539,0.08769326017704326
112,109,47.150050820652474,12,downwind,5702,0.08174057770833527
112,109,47.150050820652474,12,crosswind,3165,0.0539542852074717
112,109,47.150050820652474,12,upwind,2536,0.04223276598975193
112,109,47.150050820652474,24,downwind,5688,0.026547174862200942
112,109,47.150050820652474,24,crosswind,3153,0.014781921701102149
112,109,47.150050820652474,24,upwind,2537,-0.011309969160634073
22,109,54.11490744801881,3,downwind,4372,0.2838973940562381
22,109,54.11490744801881,3,crosswind,4228,0.15952777891948006
22,109,54.11490744801881,3,upwind,2830,0.07706623593795163
22,109,54.11490744801881,6,downwind,4365,0.2132995003810979
22,109,54.11490744801881,6,crosswind,4222,0.12556796299052553
22,109,54.11490744801881,6,upwind,2830,0.041465284315548114
22,109,54.11490744801881,12,downwind,4361,0.07436199738460629
22,109,54.11490744801881,12,crosswind,4211,0.06816965864929042
22,109,54.11490744801881,12,upwind,2826,0.008497739083807274
22,109,54.11490744801881,24,downwind,4342,-0.028854119384056312
22,109,54.11490744801881,24,crosswind,4205,-0.03568071334058047
22,109,54.11490744801881,24,upwind,2829,-0.015078103384291289
24,110,33.59215548500594,3,downwind,2082,0.4716247933105119
24,110,33.59215548500594,3,crosswind,4254,0.29545528575381597
24,110,33.59215548500594,3,upwind,5324,0.1943631397455762
24,110,33.59215548500594,6,downwind,2082,0.3117386788559124
24,110,33.59215548500594,6,crosswind,4254,0.22390414803466166
24,110,33.59215548500594,6,upwind,5323,0.1624513911454392
24,110,33.59215548500594,12,downwind,2081,0.16552692360534124
24,110,33.59215548500594,12,crosswind,4253,0.09906622021075932
24,110,33.59215548500594,12,upwind,5320,0.12065639892436042
24,110,33.59215548500594,24,downwind,2082,0.09517625542936951
24,110,33.59215548500594,24,crosswind,4252,0.05875236987363647
24,110,33.59215548500594,24,upwind,5312,0.09066440938811648
23,110,38.53898422135438,3,downwind,4117,0.26789072607657655
23,110,38.53898422135438,3,crosswind,3689,0.1485329741490932
23,110,38.53898422135438,3,upwind,3855,0.09531624211985523
23,110,38.53898422135438,6,downwind,4116,0.18594474859152246
23,110,38.53898422135438,6,crosswind,3689,0.1480332582321022
23,110,38.53898422135438,6,upwind,3855,0.1271705747181597
23,110,38.53898422135438,12,downwind,4117,0.1095445779881655
23,110,38.53898422135438,12,crosswind,3686,0.13737577373036114
23,110,38.53898422135438,12,upwind,3852,0.10755365960712589
23,110,38.53898422135438,24,downwind,4117,0.0696077988297353
23,110,38.53898422135438,24,crosswind,3686,0.11003598698521669
23,110,38.53898422135438,24,upwind,3844,0.1251343054578142
19,110,58.10089064561675,3,downwind,5571,0.41107179083992257
19,110,58.10089064561675,3,crosswind,3918,0.24708203968529135
19,110,58.10089064561675,3,upwind,2171,0.12050073893615566
19,110,58.10089064561675,6,downwind,5570,0.3427123435187677
19,110,58.10089064561675,6,crosswind,3918,0.20897337524099885
19,110,58.10089064561675,6,upwind,2171,0.09167688311481269
19,110,58.10089064561675,12,downwind,5569,0.19133463057565706
19,110,58.10089064561675,12,crosswind,3915,0.09513581339453117
19,110,58.10089064561675,12,upwind,2170,0.09774888037247334
19,110,58.10089064561675,24,downwind,5563,0.07397281605453686
19,110,58.10089064561675,24,crosswind,3912,0.023681709443791093
19,110,58.10089064561675,24,upwind,2171,0.023853427610650953
112,110,67.94436597080613,3,downwind,2286,0.3394710525538089
112,110,67.94436597080613,3,crosswind,3327,0.22413346215779634
112,110,67.94436597080613,3,upwind,6044,0.11714709282569524
112,110,67.94436597080613,6,downwind,2287,0.24253964144153883
112,110,67.94436597080613,6,crosswind,3327,0.18715231770236967
112,110,67.94436597080613,6,upwind,6042,0.11386330425258755
112,110,67.94436597080613,12,downwind,2286,0.13334051956378684
112,110,67.94436597080613,12,crosswind,3325,0.09439029806678075
112,110,67.94436597080613,12,upwind,6040,0.09948290100318351
112,110,67.94436597080613,24,downwind,2286,0.07367076903686806
112,110,67.94436597080613,24,crosswind,3324,0.07370163176527918
112,110,67.94436597080613,24,upwind,6033,0.0648526092211344
18,110,71.2033826036081,3,downwind,2394,0.2158406877059198
18,110,71.2033826036081,3,crosswind,3174,0.17451276259788254
18,110,71.2033826036081,3,upwind,6093,0.2287387045265475
18,110,71.2033826036081,6,downwind,2395,0.237888466814063
18,110,71.2033826036081,6,crosswind,3175,0.21107764752712727
18,110,71.2033826036081,6,upwind,6090,0.25342210357786626
18,110,71.2033826036081,12,downwind,2394,0.20873691439781855
18,110,71.2033826036081,12,crosswind,3173,0.17973762785628128
18,110,71.2033826036081,12,upwind,6088,0.20521264083908597
18,110,71.2033826036081,24,downwind,2393,0.17734197080755287
18,110,71.2033826036081,24,crosswind,3171,0.15569861695372558
18,110,71.2033826036081,24,upwind,6083,0.13205511624819624
113,111,35.04185082259324,3,downwind,2548,0.22230466552583283
113,111,35.04185082259324,3,crosswind,2466,0.21056253669670177
113,111,35.04185082259324,3,upwind,6411,0.14307512101640601
113,111,35.04185082259324,6,downwind,2542,0.22224892286945164
113,111,35.04185082259324,6,crosswind,2463,0.19527245950123506
113,111,35.04185082259324,6,upwind,6401,0.17989243563791554
113,111,35.04185082259324,12,downwind,2527,0.20465232333614608
113,111,35.04185082259324,12,crosswind,2454,0.14192215065799837
113,111,35.04185082259324,12,upwind,6393,0.1784564008809083
113,111,35.04185082259324,24,downwind,2507,0.10772428070354091
113,111,35.04185082259324,24,crosswind,2447,0.09871852017712572
113,111,35.04185082259324,24,upwind,6376,0.10272798907290133
112,111,48.92359341194865,3,downwind,2926,0.3809601255094146
112,111,48.92359341194865,3,crosswind,3795,0.2323486592950921
112,111,48.92359341194865,3,upwind,4704,0.11271055917143814
112,111,48.92359341194865,6,downwind,2920,0.3465109960833046
112,111,48.92359341194865,6,crosswind,3789,0.2401487390996842
112,111,48.92359341194865,6,upwind,4697,0.13112553378458527
112,111,48.92359341194865,12,downwind,2905,0.23961828900146676
112,111,48.92359341194865,12,crosswind,3777,0.24409082736898507
112,111,48.92359341194865,12,upwind,4692,0.1296926383293245
112,111,48.92359341194865,24,downwind,2896,0.11128928989038829
112,111,48.92359341194865,24,crosswind,3757,0.1610079990895427
112,111,48.92359341194865,24,upwind,4677,0.11611642285586106
24,111,50.07789433940024,3,downwind,4025,0.4309243177942451
24,111,50.07789433940024,3,crosswind,4247,0.25765390713906566
24,111,50.07789433940024,3,upwind,3157,0.1461448578573005
24,111,50.07789433940024,6,downwind,4016,0.3938997014713417
24,111,50.07789433940024,6,crosswind,4241,0.27393254798238587
24,111,50.07789433940024,6,upwind,3153,0.18829223811965992
24,111,50.07789433940024,12,downwind,4006,0.2845363085679723
24,111,50.07789433940024,12,crosswind,4228,0.26167171849233184
24,111,50.07789433940024,12,upwind,3144,0.2159070149663317
24,111,50.07789433940024,24,downwind,3998,0.13520438540627058
24,111,50.07789433940024,24,crosswind,4210,0.16217670281101507
24,111,50.07789433940024,24,upwind,3126,0.20625322048778105
23,111,50.77793674490204,3,downwind,5019,0.28982322710532465
23,111,50.77793674490204,3,crosswind,4434,0.13749237640056597
23,111,50.77793674490204,3,upwind,1976,0.07576075269556354
23,111,50.77793674490204,6,downwind,5012,0.2864218440809883
23,111,50.77793674490204,6,crosswind,4428,0.16898211144531566
23,111,50.77793674490204,6,upwind,1970,0.1372754179203695
23,111,50.77793674490204,12,downwind,4998,0.24398646266122465
23,111,50.77793674490204,12,crosswind,4421,0.16204728278478006
23,111,50.77793674490204,12,upwind,1959,0.1668492468025727
23,111,50.77793674490204,24,downwind,4993,0.1443939140140354
23,111,50.77793674490204,24,crosswind,4397,0.07686325159382362
23,111,50.77793674490204,24,upwind,1944,0.14675892330269524
33,111,63.59015547659115,3,downwind,4733,0.23480324431117777
33,111,63.59015547659115,3,crosswind,2838,0.10486621615964019
33,111,63.59015547659115,3,upwind,3681,0.08655768706075899
33,111,63.59015547659115,6,downwind,4725,0.21681429654964263
33,111,63.59015547659115,6,crosswind,2835,0.12791862133710977
33,111,63.59015547659115,6,upwind,3673,0.11576322357962082
33,111,63.59015547659115,12,downwind,4713,0.16222920330068535
33,111,63.59015547659115,12,crosswind,2831,0.15016470936254134
33,111,63.59015547659115,12,upwind,3657,0.08297178908750712
33,111,63.59015547659115,24,downwind,4687,0.09590554362452999
33,111,63.59015547659115,24,crosswind,2827,0.10981783379003432
33,111,63.59015547659115,24,upwind,3643,0.03677932653370319
18,112,29.304813090999357,3,downwind,3447,0.1849158247510797
18,112,29.304813090999357,3,crosswind,4039,0.21609901202898021
18,112,29.304813090999357,3,upwind,4170,0.2245542424295098
18,112,29.304813090999357,6,downwind,3448,0.23716061376420539
18,112,29.304813090999357,6,crosswind,4037,0.2518982069562224
18,112,29.304813090999357,6,upwind,4169,0.2482098906741632
18,112,29.304813090999357,12,downwind,3446,0.2216508899455823
18,112,29.304813090999357,12,crosswind,4033,0.22367970416292013
18,112,29.304813090999357,12,upwind,4168,0.19730926758201575
18,112,29.304813090999357,24,downwind,3440,0.1148167869672526
18,112,29.304813090999357,24,crosswind,4032,0.1604382289263774
18,112,29.304813090999357,24,upwind,4167,0.10644057478437638
24,112,35.02577836522574,3,downwind,5845,0.3132799432524909
24,112,35.02577836522574,3,crosswind,3615,0.1813723509787762
24,112,35.02577836522574,3,upwind,2195,0.12958356744803462
24,112,35.02577836522574,6,downwind,5843,0.2269969274139968
24,112,35.02577836522574,6,crosswind,3614,0.13195197468538436
24,112,35.02577836522574,6,upwind,2196,0.07675833923683723
24,112,35.02577836522574,12,downwind,5839,0.11738279449005497
24,112,35.02577836522574,12,crosswind,3612,0.06555785840494069
24,112,35.02577836522574,12,upwind,2195,0.029222738931096358
24,112,35.02577836522574,24,downwind,5837,0.021019618498501508
24,112,35.02577836522574,24,crosswind,3607,-0.03838321748505274
24,112,35.02577836522574,24,upwind,2194,-0.008682113924716362
113,112,44.60051855197081,3,downwind,2454,0.2604392271458845
113,112,44.60051855197081,3,crosswind,5423,0.1450162946949857
113,112,44.60051855197081,3,upwind,3774,-0.01404185036118625
113,112,44.60051855197081,6,downwind,2455,0.25509187071016687
113,112,44.60051855197081,6,crosswind,5421,0.14783342166976848
113,112,44.60051855197081,6,upwind,3773,-0.0002821835295531587
113,112,44.60051855197081,12,downwind,2455,0.13626950262179083
113,112,44.60051855197081,12,crosswind,5417,0.11705729883489084
113,112,44.60051855197081,12,upwind,3770,-0.008928930085337263
113,112,44.60051855197081,24,downwind,2451,0.06606533561364465
113,112,44.60051855197081,24,crosswind,5418,0.06758900449403163
113,112,44.60051855197081,24,upwind,3765,-0.021735095252719935
109,112,47.150050820652474,3,downwind,2342,0.20852415130571716
109,112,47.150050820652474,3,crosswind,3573,0.08878934274413887
109,112,47.150050820652474,3,upwind,5552,0.05747174329420206
109,112,47.150050820652474,6,downwind,2343,0.14802384039160113
109,112,47.150050820652474,6,crosswind,3573,0.07689015563638535
109,112,47.150050820652474,6,upwind,5549,0.07159081471745657
109,112,47.150050820652474,12,downwind,2341,0.07894374309731272
109,112,47.150050820652474,12,crosswind,3572,0.054365354808945714
109,112,47.150050820652474,12,upwind,5545,0.033821349744693925
109,112,47.150050820652474,24,downwind,2340,0.00774894656203508
109,112,47.150050820652474,24,crosswind,3568,-0.0022368831404861117
109,112,47.150050820652474,24,upwind,5542,0.027938454327957152
25,112,48.49202990960742,3,downwind,3641,0.4195903627631524
25,112,48.49202990960742,3,crosswind,4001,0.2870780424031803
25,112,48.49202990960742,3,upwind,4014,0.15357528429580963
25,112,48.49202990960742,6,downwind,3640,0.31793154819621705
25,112,48.49202990960742,6,crosswind,4001,0.2636398156467052
25,112,48.49202990960742,6,upwind,4013,0.14612153539658607
25,112,48.49202990960742,12,downwind,3638,0.17033659730186182
25,112,48.49202990960742,12,crosswind,3997,0.14284023900971543
25,112,48.49202990960742,12,upwind,4012,0.11419894989960389
25,112,48.49202990960742,24,downwind,3632,0.019505591188410016
25,112,48.49202990960742,24,crosswind,3995,0.05128912694855344
25,112,48.49202990960742,24,upwind,4012,0.07006419132743899
111,113,35.04185082259324,3,downwind,6275,0.3071735180698397
111,113,35.04185082259324,3,crosswind,2839,0.1394908223997996
111,113,35.04185082259324,3,upwind,2332,0.1351544270080277
111,113,35.04185082259324,6,downwind,6271,0.25524454190308304
111,113,35.04185082259324,6,crosswind,2842,0.13382141423960808
111,113,35.04185082259324,6,upwind,2332,0.10377243213713216
111,113,35.04185082259324,12,downwind,6269,0.16576300121480284
111,113,35.04185082259324,12,crosswind,2840,0.08159555226731645
111,113,35.04185082259324,12,upwind,2331,0.06577965850193483
111,113,35.04185082259324,24,downwind,6266,0.07133614077176666
111,113,35.04185082259324,24,crosswind,2836,0.015576116207087286
111,113,35.04185082259324,24,upwind,2330,-0.0017695220283532548
112,113,44.60051855197081,3,downwind,4044,0.44052909306095767
112,113,44.60051855197081,3,crosswind,4828,0.22799019686463115
112,113,44.60051855197081,3,upwind,2775,0.1342203749664592
112,113,44.60051855197081,6,downwind,4042,0.3413469705184563
112,113,44.60051855197081,6,crosswind,4828,0.18695062864715797
112,113,44.60051855197081,6,upwind,2776,0.0955987892030999
112,113,44.60051855197081,12,downwind,4039,0.20289358791777892
112,113,44.60051855197081,12,crosswind,4826,0.12129303519798348
112,113,44.60051855197081,12,upwind,2776,0.0699258298331503
112,113,44.60051855197081,24,downwind,4032,0.0837148110101178
112,113,44.60051855197081,24,crosswind,4824,0.060189001245342925
112,113,44.60051855197081,24,upwind,2777,0.08495730148051199
24,113,67.265747065321,3,downwind,4662,0.4509691879575979
24,113,67.265747065321,3,crosswind,4789,0.26046887373370564
24,113,67.265747065321,3,upwind,2200,0.15750358987583696
24,113,67.265747065321,6,downwind,4659,0.39256116743839997
24,113,67.265747065321,6,crosswind,4791,0.23838809947466472
24,113,67.265747065321,6,upwind,2200,0.13015786679235203
24,113,67.265747065321,12,downwind,4653,0.2303539365104961
24,113,67.265747065321,12,crosswind,4792,0.18346662416238996
24,113,67.265747065321,12,upwind,2200,0.10357029032389528
24,113,67.265747065321,24,downwind,4646,0.06866349007231361
24,113,67.265747065321,24,crosswind,4792,0.08009486076374268
24,113,67.265747065321,24,upwind,2199,0.12674777768545192
18,113,71.9821098588605,3,downwind,3908,0.2888331706157157
18,113,71.9821098588605,3,crosswind,4218,0.2778667543761041
18,113,71.9821098588605,3,upwind,3525,0.12469066821376652
18,113,71.9821098588605,6,downwind,3906,0.3386196400275613
18,113,71.9821098588605,6,crosswind,4219,0.32495180526174655
18,113,71.9821098588605,6,upwind,3525,0.16688719353920853
18,113,71.9821098588605,12,downwind,3903,0.31452157743384807
18,113,71.9821098588605,12,crosswind,4217,0.2809617134876176
18,113,71.9821098588605,12,upwind,3525,0.19025110412753973
18,113,71.9821098588605,24,downwind,3897,0.17353935026055398
18,113,71.9821098588605,24,crosswind,4213,0.1962312327498176
18,113,71.9821098588605,24,upwind,3527,0.14952341527198346
109,113,72.26229018474646,3,downwind,2919,0.294638264793421
109,113,72.26229018474646,3,crosswind,4137,0.1762517347205423
109,113,72.26229018474646,3,upwind,4406,0.08532085316205178
109,113,72.26229018474646,6,downwind,2918,0.2399627726906447
109,113,72.26229018474646,6,crosswind,4137,0.1673940621589486
109,113,72.26229018474646,6,upwind,4406,0.08963375044606259
109,113,72.26229018474646,12,downwind,2917,0.14229581334715632
109,113,72.26229018474646,12,crosswind,4134,0.11440622753020828
109,113,72.26229018474646,12,upwind,4405,0.06949376392508458
109,113,72.26229018474646,24,downwind,2914,0.020625232092443782
109,113,72.26229018474646,24,crosswind,4131,0.031940060629394876
109,113,72.26229018474646,24,upwind,4403,0.08164528951190167
30,114,35.04964327905626,3,downwind,4927,0.3659397187220188
30,114,35.04964327905626,3,crosswind,4559,0.25449512645567585
30,114,35.04964327905626,3,upwind,2091,0.19648200085143327
30,114,35.04964327905626,6,downwind,4925,0.35335034520486985
30,114,35.04964327905626,6,crosswind,4555,0.2574710218047747
30,114,35.04964327905626,6,upwind,2087,0.1652606885497874
30,114,35.04964327905626,12,downwind,4918,0.28087783798574817
30,114,35.04964327905626,12,crosswind,4551,0.1861735062262718
30,114,35.04964327905626,12,upwind,2086,0.1579424775320144
30,114,35.04964327905626,24,downwind,4919,0.1936350039188507
30,114,35.04964327905626,24,crosswind,4536,0.08365162715849793
30,114,35.04964327905626,24,upwind,2087,0.08884197365088344
33,114,73.53001192509532,3,downwind,4187,0.3151496634706552
33,114,73.53001192509532,3,crosswind,4849,0.2242735113176843
33,114,73.53001192509532,3,upwind,2376,0.11449601265735657
33,114,73.53001192509532,6,downwind,4185,0.3357417888597821
33,114,73.53001192509532,6,crosswind,4846,0.23840325157844625
33,114,73.53001192509532,6,upwind,2372,0.1626600776428239
33,114,73.53001192509532,12,downwind,4180,0.26087190860607185
33,114,73.53001192509532,12,crosswind,4835,0.22835293404839271
33,114,73.53001192509532,12,upwind,2378,0.16809478917386272
33,114,73.53001192509532,24,downwind,4170,0.14099070019201929
33,114,73.53001192509532,24,crosswind,4840,0.20078181283817564
33,114,73.53001192509532,24,upwind,2374,0.15015797459819816
32,114,89.52342852753584,3,downwind,4707,0.22917269289499026
32,114,89.52342852753584,3,crosswind,4388,0.17903766777318977
32,114,89.52342852753584,3,upwind,2225,0.1276895769258607
32,114,89.52342852753584,6,downwind,4704,0.2482894398390234
32,114,89.52342852753584,6,crosswind,4386,0.18859837563073012
32,114,89.52342852753584,6,upwind,2222,0.12389617064978964
32,114,89.52342852753584,12,downwind,4699,0.22966098887824213
32,114,89.52342852753584,12,crosswind,4387,0.1944371847337448
32,114,89.52342852753584,12,upwind,2215,0.10551615271220463
32,114,89.52342852753584,24,downwind,4699,0.16437436261842664
32,114,89.52342852753584,24,crosswind,4373,0.11681746726450813
32,114,89.52342852753584,24,upwind,2214,0.06369842342248605
26,114,94.0420888428706,3,downwind,5597,0.19643004323043745
26,114,94.0420888428706,3,crosswind,4222,0.1469003011708367
26,114,94.0420888428706,3,upwind,1758,0.13049080959602366
26,114,94.0420888428706,6,downwind,5594,0.243845130149054
26,114,94.0420888428706,6,crosswind,4217,0.22095517023634884
26,114,94.0420888428706,6,upwind,1756,0.15630573471387468
26,114,94.0420888428706,12,downwind,5584,0.26598675680669975
26,114,94.0420888428706,12,crosswind,4213,0.248013815183239
26,114,94.0420888428706,12,upwind,1758,0.16811289457365322
26,114,94.0420888428706,24,downwind,5587,0.20020521261886276
26,114,94.0420888428706,24,crosswind,4205,0.2197651184259978
26,114,94.0420888428706,24,upwind,1750,0.16471970530243574
116,114,107.34100059490191,3,downwind,3641,0.10238859948138528
116,114,107.34100059490191,3,crosswind,3609,0.10522791791224383
116,114,107.34100059490191,3,upwind,4321,0.042368850130285025
116,114,107.34100059490191,6,downwind,3633,0.14600680776064084
116,114,107.34100059490191,6,crosswind,3609,0.14891055108844684
116,114,107.34100059490191,6,upwind,4319,0.06335658660069729
116,114,107.34100059490191,12,downwind,3634,0.21458650634538592
116,114,107.34100059490191,12,crosswind,3601,0.1992449459024644
116,114,107.34100059490191,12,upwind,4314,0.08311189798130296
116,114,107.34100059490191,24,downwind,3630,0.21066303054638066
116,114,107.34100059490191,24,crosswind,3597,0.20493814614075406
116,114,107.34100059490191,24,upwind,4309,0.09964121643817876
38,115,10.195398025307217,3,downwind,4582,0.17062616504999936
38,115,10.195398025307217,3,crosswind,3947,0.14869701819104555
38,115,10.195398025307217,3,upwind,3136,0.09763456798077629
38,115,10.195398025307217,6,downwind,4582,0.18132794302681013
38,115,10.195398025307217,6,crosswind,3947,0.17039677764534478
38,115,10.195398025307217,6,upwind,3134,0.13509300060714585
38,115,10.195398025307217,12,downwind,4582,0.15318243191040756
38,115,10.195398025307217,12,crosswind,3947,0.16570792215567343
38,115,10.195398025307217,12,upwind,3130,0.10720040791397951
38,115,10.195398025307217,24,downwind,4579,0.09490833397349246
38,115,10.195398025307217,24,crosswind,3942,0.08189633457759689
38,115,10.195398025307217,24,upwind,3130,0.03641514939185759
137,115,68.35974652046902,3,downwind,2131,0.10874840806822683
137,115,68.35974652046902,3,crosswind,3677,0.13090518884620347
137,115,68.35974652046902,3,upwind,5863,0.10380230199552257
137,115,68.35974652046902,6,downwind,2131,0.14099172192384296
137,115,68.35974652046902,6,crosswind,3677,0.16099391911413566
137,115,68.35974652046902,6,upwind,5861,0.10495177377546634
137,115,68.35974652046902,12,downwind,2129,0.09993696809236396
137,115,68.35974652046902,12,crosswind,3676,0.133300275408279
137,115,68.35974652046902,12,upwind,5860,0.10035018602376466
137,115,68.35974652046902,24,downwind,2126,0.06382283919098554
137,115,68.35974652046902,24,crosswind,3675,0.07751963615302537
137,115,68.35974652046902,24,upwind,5856,0.04381580835499304
131,115,88.67707775191471,3,downwind,2647,0.10144432046732829
131,115,88.67707775191471,3,crosswind,4441,0.21616463756494989
131,115,88.67707775191471,3,upwind,4583,0.16792130498149707
131,115,88.67707775191471,6,downwind,2646,0.11487571525590386
131,115,88.67707775191471,6,crosswind,4440,0.22549695457655775
131,115,88.67707775191471,6,upwind,4583,0.1608949343898753
131,115,88.67707775191471,12,downwind,2643,0.08162263427114334
131,115,88.67707775191471,12,crosswind,4440,0.1863062470904436
131,115,88.67707775191471,12,upwind,4582,0.12221333538513628
131,115,88.67707775191471,24,downwind,2643,0.007907405039313073
131,115,88.67707775191471,24,crosswind,4433,0.09911331853069508
131,115,88.67707775191471,24,upwind,4581,0.05336625923690096
130,115,111.52101856123235,3,downwind,3605,0.2025332528209768
130,115,111.52101856123235,3,crosswind,4337,0.2492874010547275
130,115,111.52101856123235,3,upwind,3729,0.1069100846452816
130,115,111.52101856123235,6,downwind,3603,0.2211136551142643
130,115,111.52101856123235,6,crosswind,4337,0.29600279109910344
130,115,111.52101856123235,6,upwind,3729,0.09141164192844671
130,115,111.52101856123235,12,downwind,3601,0.19426472101782782
130,115,111.52101856123235,12,crosswind,4337,0.24333188829737323
130,115,111.52101856123235,12,upwind,3727,0.07819705982643556
130,115,111.52101856123235,24,downwind,3598,0.08271343826539058
130,115,111.52101856123235,24,crosswind,4331,0.13373199919799952
130,115,111.52101856123235,24,upwind,3728,0.037687621895167174
136,115,111.90023479490173,3,downwind,6040,0.20470471044120142
136,115,111.90023479490173,3,crosswind,3236,0.10465192815388585
136,115,111.90023479490173,3,upwind,2399,0.061360074434612076
136,115,111.90023479490173,6,downwind,6037,0.25931803413063303
136,115,111.90023479490173,6,crosswind,3236,0.09575500293334055
136,115,111.90023479490173,6,upwind,2400,0.10013854303084609
136,115,111.90023479490173,12,downwind,6034,0.25305182644855484
136,115,111.90023479490173,12,crosswind,3235,0.06996182569010274
136,115,111.90023479490173,12,upwind,2400,0.14734554516761042
136,115,111.90023479490173,24,downwind,6026,0.14434593776381235
136,115,111.90023479490173,24,crosswind,3235,0.023919228975391095
136,115,111.90023479490173,24,upwind,2400,0.11827764385403419
35,116,46.38196561323736,3,downwind,1882,0.1957054209838563
35,116,46.38196561323736,3,crosswind,3288,0.12253341525386371
35,116,46.38196561323736,3,upwind,6483,0.0344757912993011
35,116,46.38196561323736,6,downwind,1882,0.1676223315760357
35,116,46.38196561323736,6,crosswind,3288,0.14296221411772803
35,116,46.38196561323736,6,upwind,6479,0.06532894928202727
35,116,46.38196561323736,12,downwind,1881,0.07410664407478693
35,116,46.38196561323736,12,crosswind,3287,0.08337447302656538
35,116,46.38196561323736,12,upwind,6475,0.09011520378279032
35,116,46.38196561323736,24,downwind,1878,-0.007070434267152061
35,116,46.38196561323736,24,crosswind,3287,0.0389852400095459
35,116,46.38196561323736,24,upwind,6470,0.07925769837398179
32,116,91.14735611047828,3,downwind,5388,0.3304974024127086
32,116,91.14735611047828,3,crosswind,3217,0.26525648951421044
32,116,91.14735611047828,3,upwind,2789,0.12294192324037134
32,116,91.14735611047828,6,downwind,5386,0.35652851951214337
32,116,91.14735611047828,6,crosswind,3215,0.27570521108805984
32,116,91.14735611047828,6,upwind,2789,0.12830873569771087
32,116,91.14735611047828,12,downwind,5384,0.2893865684842082
32,116,91.14735611047828,12,crosswind,3212,0.22869534200097236
32,116,91.14735611047828,12,upwind,2788,0.08656299371608212
32,116,91.14735611047828,24,downwind,5375,0.17099547234710288
32,116,91.14735611047828,24,crosswind,3215,0.1664778016028287
32,116,91.14735611047828,24,upwind,2789,0.015390661259577899
37,116,98.51627656419508,3,downwind,4626,0.11075656300809159
37,116,98.51627656419508,3,crosswind,2336,0.05602386545651187
37,116,98.51627656419508,3,upwind,4694,0.005461494334323222
37,116,98.51627656419508,6,downwind,4625,0.12217756551807825
37,116,98.51627656419508,6,crosswind,2335,0.0960093998395893
37,116,98.51627656419508,6,upwind,4692,0.0321547410738213
37,116,98.51627656419508,12,downwind,4625,0.12415856264886513
37,116,98.51627656419508,12,crosswind,2332,0.12092599360486067
37,116,98.51627656419508,12,upwind,4689,0.050890027690955936
37,116,98.51627656419508,24,downwind,4623,0.08870528688898388
37,116,98.51627656419508,24,crosswind,2332,0.0988002295375417
37,116,98.51627656419508,24,upwind,4683,0.034342221438704
30,116,99.16213316197506,3,downwind,4832,0.3895569319748048
30,116,99.16213316197506,3,crosswind,3611,0.2401321334683397
30,116,99.16213316197506,3,upwind,3213,0.09602095670670903
30,116,99.16213316197506,6,downwind,4830,0.43563874054363005
30,116,99.16213316197506,6,crosswind,3608,0.2903029137346573
30,116,99.16213316197506,6,upwind,3214,0.1180307984793303
30,116,99.16213316197506,12,downwind,4825,0.34237932829362255
30,116,99.16213316197506,12,crosswind,3608,0.27565884489887316
30,116,99.16213316197506,12,upwind,3213,0.1104989415560002
30,116,99.16213316197506,24,downwind,4818,0.1554998087904133
30,116,99.16213316197506,24,crosswind,3610,0.1590572974126502
30,116,99.16213316197506,24,upwind,3210,0.07734587195307027
114,116,107.34100059490191,3,downwind,3818,0.3840904127391297
114,116,107.34100059490191,3,crosswind,4606,0.2069445232196022
114,116,107.34100059490191,3,upwind,3160,0.06616390882809936
114,116,107.34100059490191,6,downwind,3816,0.38146597341014665
114,116,107.34100059490191,6,crosswind,4605,0.21666705704783343
114,116,107.34100059490191,6,upwind,3159,0.07194996873800134
114,116,107.34100059490191,12,downwind,3812,0.2738752333713024
114,116,107.34100059490191,12,crosswind,4602,0.15347778205884266
114,116,107.34100059490191,12,upwind,3160,0.06025693366326633
114,116,107.34100059490191,24,downwind,3809,0.1301650559917172
114,116,107.34100059490191,24,crosswind,4598,0.05783057758989133
114,116,107.34100059490191,24,upwind,3159,0.08511713623551188
159,117,79.08520490017271,3,downwind,2377,0.20796710498183243
159,117,79.08520490017271,3,crosswind,3395,0.13076753938191732
159,117,79.08520490017271,3,upwind,5887,0.03206020701515125
159,117,79.08520490017271,6,downwind,2378,0.28374831960304125
159,117,79.08520490017271,6,crosswind,3394,0.16037340050512885
159,117,79.08520490017271,6,upwind,5886,0.07309384520776585
159,117,79.08520490017271,12,downwind,2379,0.28785163869088887
159,117,79.08520490017271,12,crosswind,3394,0.19512972692839342
159,117,79.08520490017271,12,upwind,5880,0.10200396934637224
159,117,79.08520490017271,24,downwind,2378,0.16448408877199108
159,117,79.08520490017271,24,crosswind,3392,0.18477053341564847
159,117,79.08520490017271,24,upwind,5875,0.13281056750552486
150,117,95.65969446946879,3,downwind,4402,0.431035437782022
150,117,95.65969446946879,3,crosswind,3161,0.20122612197955825
150,117,95.65969446946879,3,upwind,4089,0.05976639289295923
150,117,95.65969446946879,6,downwind,4400,0.4463687446130736
150,117,95.65969446946879,6,crosswind,3161,0.23994053393396278
150,117,95.65969446946879,6,upwind,4090,0.09425900727300779
150,117,95.65969446946879,12,downwind,4397,0.3589391786774036
150,117,95.65969446946879,12,crosswind,3160,0.19909457521371657
150,117,95.65969446946879,12,upwind,4089,0.14397078441353342
150,117,95.65969446946879,24,downwind,4395,0.23525296493268946
150,117,95.65969446946879,24,crosswind,3155,0.13531923216676164
150,117,95.65969446946879,24,upwind,4088,0.16483647150290756
156,117,135.37203240265507,3,downwind,3627,0.1783207570438651
156,117,135.37203240265507,3,crosswind,2086,0.12675231831517975
156,117,135.37203240265507,3,upwind,5927,0.0017335750964641394
156,117,135.37203240265507,6,downwind,3628,0.2509495520375755
156,117,135.37203240265507,6,crosswind,2086,0.15531737766034578
156,117,135.37203240265507,6,upwind,5925,0.04374489973845614
156,117,135.37203240265507,12,downwind,3628,0.2685044326772176
156,117,135.37203240265507,12,crosswind,2086,0.17000175321749403
156,117,135.37203240265507,12,upwind,5920,0.07940329755336736
156,117,135.37203240265507,24,downwind,3628,0.1945851589742585
156,117,135.37203240265507,24,crosswind,2086,0.17226814805454635
156,117,135.37203240265507,24,upwind,5912,0.10170379972410394
147,117,160.17299938189709,3,downwind,4182,0.33922921689221264
147,117,160.17299938189709,3,crosswind,2994,0.17762856811644454
147,117,160.17299938189709,3,upwind,4483,0.0683748618334766
147,117,160.17299938189709,6,downwind,4181,0.4277840334086387
147,117,160.17299938189709,6,crosswind,2994,0.2433072848881123
147,117,160.17299938189709,6,upwind,4483,0.10635146328489445
147,117,160.17299938189709,12,downwind,4177,0.4259101854809536
147,117,160.17299938189709,12,crosswind,2994,0.22356479781058206
147,117,160.17299938189709,12,upwind,4482,0.14326566863971932
147,117,160.17299938189709,24,downwind,4177,0.2820787552433579
147,117,160.17299938189709,24,crosswind,2989,0.16696310281715143
147,117,160.17299938189709,24,upwind,4479,0.17438465437554407
148,117,172.33256067156785,3,downwind,1641,0.17065194610631543
148,117,172.33256067156785,3,crosswind,6447,0.15611184344384335
148,117,172.33256067156785,3,upwind,3572,0.11473579250670382
148,117,172.33256067156785,6,downwind,1640,0.21056987724429546
148,117,172.33256067156785,6,crosswind,6448,0.20677210373133745
148,117,172.33256067156785,6,upwind,3571,0.1625971263115065
148,117,172.33256067156785,12,downwind,1639,0.22279284361065935
148,117,172.33256067156785,12,crosswind,6445,0.2503035885448456
148,117,172.33256067156785,12,upwind,3570,0.14979240738335386
148,117,172.33256067156785,24,downwind,1637,0.22983938007364002
148,117,172.33256067156785,24,crosswind,6443,0.20590896911851128
148,117,172.33256067156785,24,upwind,3566,0.11358473779551849
147,118,58.66021066780767,3,downwind,2683,0.26107510925951205
147,118,58.66021066780767,3,crosswind,4508,0.08799470497014929
147,118,58.66021066780767,3,upwind,4463,0.03437072041226736
147,118,58.66021066780767,6,downwind,2684,0.26190953663473193
147,118,58.66021066780767,6,crosswind,4506,0.11698265027562132
147,118,58.66021066780767,6,upwind,4462,0.08537716390789903
147,118,58.66021066780767,12,downwind,2684,0.227834154736078
147,118,58.66021066780767,12,crosswind,4502,0.11739496273541004
147,118,58.66021066780767,12,upwind,4461,0.08788757185783104
147,118,58.66021066780767,24,downwind,2684,0.16574599709186877
147,118,58.66021066780767,24,crosswind,4497,0.07674796446220415
147,118,58.66021066780767,24,upwind,4458,0.08795298437595692
146,118,88.89909956813356,3,downwind,2132,0.3535421683918621
146,118,88.89909956813356,3,crosswind,5864,0.2562491165098086
146,118,88.89909956813356,3,upwind,3642,0.04046818116657385
146,118,88.89909956813356,6,downwind,2133,0.35768747641546494
146,118,88.89909956813356,6,crosswind,5860,0.2675592524850788
146,118,88.89909956813356,6,upwind,3643,0.07934409770767856
146,118,88.89909956813356,12,downwind,2131,0.2885626381732183
146,118,88.89909956813356,12,crosswind,5859,0.21491294089670737
146,118,88.89909956813356,12,upwind,3641,0.08598450242335337
146,118,88.89909956813356,24,downwind,2129,0.17715967870817906
146,118,88.89909956813356,24,crosswind,5859,0.1279511243358057
146,118,88.89909956813356,24,upwind,3635,0.10429752052901502
150,118,92.57085218012539,3,downwind,3683,0.1005074563530024
150,118,92.57085218012539,3,crosswind,2817,0.09462726082633016
150,118,92.57085218012539,3,upwind,5148,-0.027103914322618855
150,118,92.57085218012539,6,downwind,3683,0.10383182614055902
150,118,92.57085218012539,6,crosswind,2817,0.13754181127475903
150,118,92.57085218012539,6,upwind,5146,0.01998944519632869
150,118,92.57085218012539,12,downwind,3682,0.07473116966854014
150,118,92.57085218012539,12,crosswind,2815,0.14309558771277894
150,118,92.57085218012539,12,upwind,5144,0.03583798772463684
150,118,92.57085218012539,24,downwind,3683,0.022233176581138766
150,118,92.57085218012539,24,crosswind,2810,0.14620041212138996
150,118,92.57085218012539,24,upwind,5140,0.00705906558931834
149,118,127.92804677708232,3,downwind,4486,0.2500953126414212
149,118,127.92804677708232,3,crosswind,3275,0.03520356538165939
149,118,127.92804677708232,3,upwind,3894,0.02619543358863622
149,118,127.92804677708232,6,downwind,4484,0.24950725608438376
149,118,127.92804677708232,6,crosswind,3275,0.06261481661857961
149,118,127.92804677708232,6,upwind,3894,0.06510325379982733
149,118,127.92804677708232,12,downwind,4483,0.16132411224500565
149,118,127.92804677708232,12,crosswind,3271,0.05609211058118107
149,118,127.92804677708232,12,upwind,3894,0.08294233842110989
149,118,127.92804677708232,24,downwind,4479,0.05374975389022552
149,118,127.92804677708232,24,crosswind,3268,0.0156628975126839
149,118,127.92804677708232,24,upwind,3893,0.054282908704263666
78,118,129.85784906554218,3,downwind,2882,0.21582228349771063
78,118,129.85784906554218,3,crosswind,4834,0.0995021679839297
78,118,129.85784906554218,3,upwind,3940,0.045322695250078246
78,118,129.85784906554218,6,downwind,2882,0.2845458512214492
78,118,129.85784906554218,6,crosswind,4832,0.13322612843271647
78,118,129.85784906554218,6,upwind,3940,0.08755549989184326
78,118,129.85784906554218,12,downwind,2880,0.2656646545132643
78,118,129.85784906554218,12,crosswind,4831,0.1438463967167699
78,118,129.85784906554218,12,upwind,3938,0.11529252654672181
78,118,129.85784906554218,24,downwind,2881,0.18973491813516044
78,118,129.85784906554218,24,crosswind,4827,0.11420091251108322
78,118,129.85784906554218,24,upwind,3933,0.13755547912564886
77,119,46.629532521959696,3,downwind,4633,0.17191453936520493
77,119,46.629532521959696,3,crosswind,3533,0.052439902799688715
77,119,46.629532521959696,3,upwind,3474,0.03702552561065461
77,119,46.629532521959696,6,downwind,4634,0.17522799351028437
77,119,46.629532521959696,6,crosswind,3532,0.05538142014805449
77,119,46.629532521959696,6,upwind,3471,0.07364809741531891
77,119,46.629532521959696,12,downwind,4635,0.0756184411302967
77,119,46.629532521959696,12,crosswind,3528,0.013004565841646006
77,119,46.629532521959696,12,upwind,3466,0.0528692259826878
77,119,46.629532521959696,24,downwind,4627,-0.07485988942763061
77,119,46.629532521959696,24,crosswind,3525,-0.05480105203300409
77,119,46.629532521959696,24,upwind,3467,0.005043500592504191
67,119,79.49932958665434,3,downwind,2809,0.12042954639176609
67,119,79.49932958665434,3,crosswind,4085,0.0888668555307856
67,119,79.49932958665434,3,upwind,4745,0.009183427426176513
67,119,79.49932958665434,6,downwind,2809,0.12506247272814053
67,119,79.49932958665434,6,crosswind,4082,0.13010874730895
67,119,79.49932958665434,6,upwind,4745,0.02113706785123433
67,119,79.49932958665434,12,downwind,2806,0.09066634147149982
67,119,79.49932958665434,12,crosswind,4079,0.11070367281414674
67,119,79.49932958665434,12,upwind,4743,0.018974446854842106
67,119,79.49932958665434,24,downwind,2802,0.015456040446646046
67,119,79.49932958665434,24,crosswind,4083,0.03329201642783446
67,119,79.49932958665434,24,upwind,4733,-0.017236231192952128
144,119,95.34998703525412,3,downwind,3750,0.11123262792317212
144,119,95.34998703525412,3,crosswind,5554,0.08602327834433285
144,119,95.34998703525412,3,upwind,2337,0.06499825012681969
144,119,95.34998703525412,6,downwind,3749,0.12827058637680427
144,119,95.34998703525412,6,crosswind,5552,0.09886619746695202
144,119,95.34998703525412,6,upwind,2337,0.07727421746342482
144,119,95.34998703525412,12,downwind,3747,0.09807216292799492
144,119,95.34998703525412,12,crosswind,5546,0.0742744928734083
144,119,95.34998703525412,12,upwind,2337,0.03740383691848803
144,119,95.34998703525412,24,downwind,3743,-0.005149690380092537
144,119,95.34998703525412,24,crosswind,5541,-0.0004900243160432015
144,119,95.34998703525412,24,upwind,2336,0.056433265143272154
74,119,101.50355790154168,3,downwind,2669,0.09596535857646013
74,119,101.50355790154168,3,crosswind,5753,0.1552588431178868
74,119,101.50355790154168,3,upwind,3219,0.10748316160074632
74,119,101.50355790154168,6,downwind,2669,0.12694000644313808
74,119,101.50355790154168,6,crosswind,5750,0.16605103675936528
74,119,101.50355790154168,6,upwind,3219,0.11227893850926272
74,119,101.50355790154168,12,downwind,2666,0.06285432078051241
74,119,101.50355790154168,12,crosswind,5748,0.11653932500838353
74,119,101.50355790154168,12,upwind,3216,0.072799505809148
74,119,101.50355790154168,24,downwind,2665,0.012741536885044804
74,119,101.50355790154168,24,crosswind,5750,0.025319515662756493
74,119,101.50355790154168,24,upwind,3205,-0.008862715193856601
42,119,110.98074730187153,3,downwind,4196,0.1143169072480729
42,119,110.98074730187153,3,crosswind,4947,0.10458240833589104
42,119,110.98074730187153,3,upwind,2498,0.08910983320233547
42,119,110.98074730187153,6,downwind,4197,0.12108736052877006
42,119,110.98074730187153,6,crosswind,4946,0.1227928334219212
42,119,110.98074730187153,6,upwind,2495,0.10716296470370332
42,119,110.98074730187153,12,downwind,4195,0.08536199786627001
42,119,110.98074730187153,12,crosswind,4941,0.08797713974944191
42,119,110.98074730187153,12,upwind,2494,0.06747720942246481
42,119,110.98074730187153,24,downwind,4187,0.012943620137162461
42,119,110.98074730187153,24,crosswind,4939,0.007245362904792671
42,119,110.98074730187153,24,upwind,2494,0.024536288905439955
123,120,102.2043131367909,3,downwind,4573,0.09411607145570292
123,120,102.2043131367909,3,crosswind,3237,0.10593331879621005
123,120,102.2043131367909,3,upwind,3855,0.06530876281322505
123,120,102.2043131367909,6,downwind,4572,0.11417010825508056
123,120,102.2043131367909,6,crosswind,3236,0.12872568618057412
123,120,102.2043131367909,6,upwind,3853,0.07268025437143048
123,120,102.2043131367909,12,downwind,4570,0.08696963855526663
123,120,102.2043131367909,12,crosswind,3234,0.09799076989738936
123,120,102.2043131367909,12,upwind,3852,0.038858422436784376
123,120,102.2043131367909,24,downwind,4568,0.053596572548348355
123,120,102.2043131367909,24,crosswind,3232,0.04012637256521225
123,120,102.2043131367909,24,upwind,3848,-0.00730577242979088
66,120,112.6589996986565,3,downwind,2407,0.1991078162618792
66,120,112.6589996986565,3,crosswind,3423,0.1274629310661545
66,120,112.6589996986565,3,upwind,5836,0.04713164104625355
66,120,112.6589996986565,6,downwind,2407,0.21182228930323427
66,120,112.6589996986565,6,crosswind,3420,0.11499256439248673
66,120,112.6589996986565,6,upwind,5835,0.0734069551095551
66,120,112.6589996986565,12,downwind,2405,0.16441846459060636
66,120,112.6589996986565,12,crosswind,3417,0.10339016276377654
66,120,112.6589996986565,12,upwind,5835,0.0635671326501292
66,120,112.6589996986565,24,downwind,2401,0.05832996707604645
66,120,112.6589996986565,24,crosswind,3415,0.028563184520359733
66,120,112.6589996986565,24,upwind,5833,-0.006000738914467074
13,120,166.46715909433107,3,downwind,3835,0.0653817874559981
13,120,166.46715909433107,3,crosswind,4580,0.0595343644037485
13,120,166.46715909433107,3,upwind,3240,0.1199432566873778
13,120,166.46715909433107,6,downwind,3833,0.06950740826899762
13,120,166.46715909433107,6,crosswind,4578,0.07404920996805575
13,120,166.46715909433107,6,upwind,3240,0.12351041391163327
13,120,166.46715909433107,12,downwind,3831,0.019630860026699063
13,120,166.46715909433107,12,crosswind,4574,0.04825597342519995
13,120,166.46715909433107,12,upwind,3241,0.05485855801876594
13,120,166.46715909433107,24,downwind,3833,-0.04859874535805904
13,120,166.46715909433107,24,crosswind,4568,-0.01597852148598402
13,120,166.46715909433107,24,upwind,3237,0.002538199934266219
14,120,175.17157763752772,3,downwind,3896,0.26784592424303
14,120,175.17157763752772,3,crosswind,3827,0.10515977536950548
14,120,175.17157763752772,3,upwind,3931,0.07066743800862306
14,120,175.17157763752772,6,downwind,3896,0.29603914180455143
14,120,175.17157763752772,6,crosswind,3825,0.1351407217095521
14,120,175.17157763752772,6,upwind,3929,0.06082803513316494
14,120,175.17157763752772,12,downwind,3894,0.23100605322350473
14,120,175.17157763752772,12,crosswind,3821,0.0770302405884431
14,120,175.17157763752772,12,upwind,3930,0.05767493755742657
14,120,175.17157763752772,24,downwind,3889,0.10910776062877273
14,120,175.17157763752772,24,crosswind,3818,-0.016867361094449022
14,120,175.17157763752772,24,upwind,3930,0.02930508829206964
121,120,183.95265045825565,3,downwind,4530,0.015682825358111382
121,120,183.95265045825565,3,crosswind,4694,0.05177980523012314
121,120,183.95265045825565,3,upwind,2442,0.055961364809243824
121,120,183.95265045825565,6,downwind,4528,0.023084793842850965
121,120,183.95265045825565,6,crosswind,4692,0.056913824554162065
121,120,183.95265045825565,6,upwind,2442,0.05853467287960773
121,120,183.95265045825565,12,downwind,4527,0.011260137312051971
121,120,183.95265045825565,12,crosswind,4688,0.029153264406153373
121,120,183.95265045825565,12,upwind,2442,0.013793226735646511
121,120,183.95265045825565,24,downwind,4529,-0.002577797085464399
121,120,183.95265045825565,24,crosswind,4682,0.0010636186037130632
121,120,183.95265045825565,24,upwind,2438,-0.019242948738010364
13,121,25.14477798086572,3,downwind,4010,0.4549110354039953
13,121,25.14477798086572,3,crosswind,4154,0.3443260186729958
13,121,25.14477798086572,3,upwind,3494,0.2712160157822533
13,121,25.14477798086572,6,downwind,4010,0.35661738253378483
13,121,25.14477798086572,6,crosswind,4150,0.3474084960472659
13,121,25.14477798086572,6,upwind,3495,0.21406030740132484
13,121,25.14477798086572,12,downwind,4008,0.2289694303423591
13,121,25.14477798086572,12,crosswind,4148,0.27230958000870076
13,121,25.14477798086572,12,upwind,3494,0.13073950083291486
13,121,25.14477798086572,24,downwind,4005,0.09349862166220654
13,121,25.14477798086572,24,crosswind,4146,0.1034588594414347
13,121,25.14477798086572,24,upwind,3491,0.05221387367410437
69,121,74.93275446808819,3,downwind,3983,0.3368284515725144
69,121,74.93275446808819,3,crosswind,1507,0.18301315859262965
69,121,74.93275446808819,3,upwind,6169,0.14404658130274467
69,121,74.93275446808819,6,downwind,3982,0.37232238119522243
69,121,74.93275446808819,6,crosswind,1507,0.1474589919456433
69,121,74.93275446808819,6,upwind,6167,0.15349735948469675
69,121,74.93275446808819,12,downwind,3980,0.2924003557085644
69,121,74.93275446808819,12,crosswind,1506,0.1268386570322691
69,121,74.93275446808819,12,upwind,6165,0.12935371702673706
69,121,74.93275446808819,24,downwind,3974,0.11952677356718876
69,121,74.93275446808819,24,crosswind,1504,0.08607285404947113
69,121,74.93275446808819,24,upwind,6165,0.07293625016263175
123,121,83.08728346715583,3,downwind,3537,0.202968115012127
123,121,83.08728346715583,3,crosswind,3966,0.13571513599891347
123,121,83.08728346715583,3,upwind,4165,0.0855491679215179
123,121,83.08728346715583,6,downwind,3536,0.22379206228733575
123,121,83.08728346715583,6,crosswind,3964,0.16022400147191915
123,121,83.08728346715583,6,upwind,4165,0.10425409592474205
123,121,83.08728346715583,12,downwind,3535,0.1764477664841876
123,121,83.08728346715583,12,crosswind,3963,0.16467318120756005
123,121,83.08728346715583,12,upwind,4162,0.12122374597640882
123,121,83.08728346715583,24,downwind,3534,0.14478716692163063
123,121,83.08728346715583,24,crosswind,3960,0.08891185486424412
123,121,83.08728346715583,24,upwind,4158,0.09733261240307868
124,121,141.69132297691112,3,downwind,3997,0.163612786639241
124,121,141.69132297691112,3,crosswind,4594,0.18638025080876072
124,121,141.69132297691112,3,upwind,2787,0.04431074192192163
124,121,141.69132297691112,6,downwind,3997,0.1654610315990087
124,121,141.69132297691112,6,crosswind,4593,0.23344455596249486
124,121,141.69132297691112,6,upwind,2785,0.09330941023619282
124,121,141.69132297691112,12,downwind,3997,0.13667425472740882
124,121,141.69132297691112,12,crosswind,4590,0.2562107483903207
124,121,141.69132297691112,12,upwind,2783,0.15018546701459623
124,121,141.69132297691112,24,downwind,3993,0.10722614123544479
124,121,141.69132297691112,24,crosswind,4588,0.20791226753484585
124,121,141.69132297691112,24,upwind,2781,0.11437438799069485
2,121,158.79140902083282,3,downwind,3274,0.10975897034800824
2,121,158.79140902083282,3,crosswind,5082,0.10555216061427185
2,121,158.79140902083282,3,upwind,3303,0.15926937878874292
2,121,158.79140902083282,6,downwind,3274,0.15103521145608842
2,121,158.79140902083282,6,crosswind,5079,0.128856489120729
2,121,158.79140902083282,6,upwind,3303,0.17587178243847537
2,121,158.79140902083282,12,downwind,3271,0.17226828692986892
2,121,158.79140902083282,12,crosswind,5077,0.13269918198892097
2,121,158.79140902083282,12,upwind,3303,0.14807598572905267
2,121,158.79140902083282,24,downwind,3268,0.08284502951319589
2,121,158.79140902083282,24,crosswind,5076,0.09549211149244956
2,121,158.79140902083282,24,upwind,3299,0.09267233980936473
79,122,33.6925540852416,3,downwind,6343,0.2550574926899324
79,122,33.6925540852416,3,crosswind,1463,0.065827984235846
79,122,33.6925540852416,3,upwind,3835,0.17905219775554979
79,122,33.6925540852416,6,downwind,6342,0.23410211189995242
79,122,33.6925540852416,6,crosswind,1462,0.024921362026680792
79,122,33.6925540852416,6,upwind,3834,0.1095626225868626
79,122,33.6925540852416,12,downwind,6338,0.14394784829597274
79,122,33.6925540852416,12,crosswind,1463,-0.042944575079732795
79,122,33.6925540852416,12,upwind,3832,0.008093308525775908
79,122,33.6925540852416,24,downwind,6334,0.013818597178364698
79,122,33.6925540852416,24,crosswind,1462,-0.09575828384490773
79,122,33.6925540852416,24,upwind,3829,-0.08536821183933538
68,122,122.96752616594745,3,downwind,3080,0.24795173197280132
68,122,122.96752616594745,3,crosswind,3947,0.0960202330768644
68,122,122.96752616594745,3,upwind,4631,0.045822268769564634
68,122,122.96752616594745,6,downwind,3079,0.26217370613220925
68,122,122.96752616594745,6,crosswind,3946,0.08742743545784291
68,122,122.96752616594745,6,upwind,4630,0.05957435857349449
68,122,122.96752616594745,12,downwind,3077,0.20847886556951928
68,122,122.96752616594745,12,crosswind,3945,0.08359958343739583
68,122,122.96752616594745,12,upwind,4628,0.08481566422930348
68,122,122.96752616594745,24,downwind,3075,0.08773394208371575
68,122,122.96752616594745,24,crosswind,3941,0.006926697554551634
68,122,122.96752616594745,24,upwind,4626,0.037888853052705715
74,122,136.2882110726136,3,downwind,5898,0.1850678003521131
74,122,136.2882110726136,3,crosswind,1453,0.12115030266893784
74,122,136.2882110726136,3,upwind,4308,0.030425157975151936
74,122,136.2882110726136,6,downwind,5898,0.2298619195619164
74,122,136.2882110726136,6,crosswind,1452,0.10530124749463007
74,122,136.2882110726136,6,upwind,4306,-0.008632768600576018
74,122,136.2882110726136,12,downwind,5897,0.20222630030332958
74,122,136.2882110726136,12,crosswind,1450,0.05545972022583641
74,122,136.2882110726136,12,upwind,4304,-0.06234229798984106
74,122,136.2882110726136,24,downwind,5893,0.08551375171786305
74,122,136.2882110726136,24,crosswind,1448,-0.023811738758165293
74,122,136.2882110726136,24,upwind,4302,-0.09311529983733575
95,122,153.84191952798065,3,downwind,3591,0.2261674694865294
95,122,153.84191952798065,3,crosswind,1875,0.10261613480319229
95,122,153.84191952798065,3,upwind,6191,0.09334510613580718
95,122,153.84191952798065,6,downwind,3591,0.2183080707557893
95,122,153.84191952798065,6,crosswind,1875,0.07766898926334931
95,122,153.84191952798065,6,upwind,6188,0.10890048499413911
95,122,153.84191952798065,12,downwind,3590,0.1235891454137232
95,122,153.84191952798065,12,crosswind,1875,0.0758540295082863
95,122,153.84191952798065,12,upwind,6184,0.08241219949074745
95,122,153.84191952798065,24,downwind,3586,0.016668515535515595
95,122,153.84191952798065,24,crosswind,1872,-0.008713291340750247
95,122,153.84191952798065,24,upwind,6183,0.026647139064583984
174,122,165.35626859225226,3,downwind,2901,0.11178616833951184
174,122,165.35626859225226,3,crosswind,6507,0.09750222054335615
174,122,165.35626859225226,3,upwind,1994,0.037563151970256045
174,122,165.35626859225226,6,downwind,2902,0.13483802761903185
174,122,165.35626859225226,6,crosswind,6505,0.1078328584568424
174,122,165.35626859225226,6,upwind,1992,0.028626839318134104
174,122,165.35626859225226,12,downwind,2900,0.09608011150997613
174,122,165.35626859225226,12,crosswind,6502,0.08983353505103188
174,122,165.35626859225226,12,upwind,1992,0.0031789062239824303
174,122,165.35626859225226,24,downwind,2900,0.04657389571108407
174,122,165.35626859225226,24,crosswind,6497,0.02376345223086946
174,122,165.35626859225226,24,upwind,1989,-0.014930906880132698
13,123,69.92474975072733,3,downwind,4094,0.23607029314590167
13,123,69.92474975072733,3,crosswind,4324,0.24530495386790496
13,123,69.92474975072733,3,upwind,3238,0.17277971873416156
13,123,69.92474975072733,6,downwind,4092,0.1976727249496584
13,123,69.92474975072733,6,crosswind,4323,0.19199394688803628
13,123,69.92474975072733,6,upwind,3238,0.15275859094603672
13,123,69.92474975072733,12,downwind,4090,0.07266948985358727
13,123,69.92474975072733,12,crosswind,4321,0.08283319339889443
13,123,69.92474975072733,12,upwind,3237,0.06985886965676633
13,123,69.92474975072733,24,downwind,4090,-0.06274525448716349
13,123,69.92474975072733,24,crosswind,4317,-0.014256910393295507
13,123,69.92474975072733,24,upwind,3233,0.010114521377731613
121,123,83.08728346715583,3,downwind,4736,0.13528840930404068
121,123,83.08728346715583,3,crosswind,4518,0.12308531328109443
121,123,83.08728346715583,3,upwind,2413,-0.024356176681250685
121,123,83.08728346715583,6,downwind,4735,0.11780714170147169
121,123,83.08728346715583,6,crosswind,4515,0.10656971614201985
121,123,83.08728346715583,6,upwind,2414,-0.0354266237236016
121,123,83.08728346715583,12,downwind,4733,0.01969486141733686
121,123,83.08728346715583,12,crosswind,4512,0.031248189942152754
121,123,83.08728346715583,12,upwind,2414,-0.07410784352877638
121,123,83.08728346715583,24,downwind,4734,-0.05529281322279289
121,123,83.08728346715583,24,crosswind,4505,-0.03522324465240913
121,123,83.08728346715583,24,upwind,2412,-0.1271862030552646
69,123,98.59502979308435,3,downwind,3409,0.16305091395429325
69,123,98.59502979308435,3,crosswind,3197,0.15832679878396885
69,123,98.59502979308435,3,upwind,5051,0.08733176757298428
69,123,98.59502979308435,6,downwind,3408,0.16176935205195414
69,123,98.59502979308435,6,crosswind,3195,0.16213737520621263
69,123,98.59502979308435,6,upwind,5051,0.056797386657981924
69,123,98.59502979308435,12,downwind,3409,0.14448743131439878
69,123,98.59502979308435,12,crosswind,3193,0.07528299389479018
69,123,98.59502979308435,12,upwind,5047,-0.019309654086891257
69,123,98.59502979308435,24,downwind,3403,0.05255976978159429
69,123,98.59502979308435,24,crosswind,3192,-0.008426852700298219
69,123,98.59502979308435,24,upwind,5046,-0.09494864155989625
120,123,102.2043131367909,3,downwind,3398,0.25173246034743735
120,123,102.2043131367909,3,crosswind,4352,0.15131783660630357
120,123,102.2043131367909,3,upwind,3915,0.13097215292823136
120,123,102.2043131367909,6,downwind,3398,0.230062460956017
120,123,102.2043131367909,6,crosswind,4350,0.17275520361871802
120,123,102.2043131367909,6,upwind,3914,0.12239169148584106
120,123,102.2043131367909,12,downwind,3397,0.17111735709201392
120,123,102.2043131367909,12,crosswind,4348,0.20755760499367815
120,123,102.2043131367909,12,upwind,3912,0.13088739143369052
120,123,102.2043131367909,24,downwind,3398,0.08972982831290098
120,123,102.2043131367909,24,crosswind,4343,0.11835081711488049
120,123,102.2043131367909,24,upwind,3908,0.12314589808881667
2,123,161.36801374204506,3,downwind,3769,0.03895329160446003
2,123,161.36801374204506,3,crosswind,4501,0.09706900761197135
2,123,161.36801374204506,3,upwind,3387,0.09573341719394365
2,123,161.36801374204506,6,downwind,3769,0.024648677846373188
2,123,161.36801374204506,6,crosswind,4500,0.0964370810067361
2,123,161.36801374204506,6,upwind,3385,0.08751480049986857
2,123,161.36801374204506,12,downwind,3768,0.029757229259826882
2,123,161.36801374204506,12,crosswind,4497,0.05450922981785961
2,123,161.36801374204506,12,upwind,3384,0.05191678271673565
2,123,161.36801374204506,24,downwind,3763,0.007718743653154259
2,123,161.36801374204506,24,crosswind,4498,-0.002278418911386041
2,123,161.36801374204506,24,upwind,3380,-0.001241828775656083
13,124,125.81051194014195,3,downwind,3549,0.23192355865339145
13,124,125.81051194014195,3,crosswind,2930,0.29847178404194363
13,124,125.81051194014195,3,upwind,4807,0.20163482147126968
13,124,125.81051194014195,6,downwind,3535,0.24426735803195332
13,124,125.81051194014195,6,crosswind,2910,0.2924016089070102
13,124,125.81051194014195,6,upwind,4801,0.1786781124615292
13,124,125.81051194014195,12,downwind,3511,0.20353025947845912
13,124,125.81051194014195,12,crosswind,2909,0.22984572901120404
13,124,125.81051194014195,12,upwind,4780,0.11439919656830755
13,124,125.81051194014195,24,downwind,3480,0.10905926786804654
13,124,125.81051194014195,24,crosswind,2916,0.11078586773209324
13,124,125.81051194014195,24,upwind,4767,0.01410807475863023
121,124,141.69132297691112,3,downwind,3571,0.13862885120491622
121,124,141.69132297691112,3,crosswind,2898,0.17705725526862287
121,124,141.69132297691112,3,upwind,4828,0.15070014546124116
121,124,141.69132297691112,6,downwind,3554,0.13791486877620954
121,124,141.69132297691112,6,crosswind,2884,0.14699387316855347
121,124,141.69132297691112,6,upwind,4819,0.13100941818956144
121,124,141.69132297691112,12,downwind,3532,0.1323608686985167
121,124,141.69132297691112,12,crosswind,2882,0.1115447859258897
121,124,141.69132297691112,12,upwind,4796,0.059335262567928475
121,124,141.69132297691112,24,downwind,3501,0.06394047671462023
121,124,141.69132297691112,24,crosswind,2885,0.04704074726795486
121,124,141.69132297691112,24,upwind,4788,-0.053145947047461214
68,124,163.75919183460002,3,downwind,4881,0.06590567492925063
68,124,163.75919183460002,3,crosswind,2866,0.0975567484666549
68,124,163.75919183460002,3,upwind,3539,0.12340318767112797
68,124,163.75919183460002,6,downwind,4859,0.07449264824037964
68,124,163.75919183460002,6,crosswind,2855,0.07192339384663353
68,124,163.75919183460002,6,upwind,3532,0.10879994360958481
68,124,163.75919183460002,12,downwind,4838,0.08992666829331517
68,124,163.75919183460002,12,crosswind,2842,0.01566413403959126
68,124,163.75919183460002,12,upwind,3520,0.05131217765883626
68,124,163.75919183460002,24,downwind,4835,0.024641096644930596
68,124,163.75919183460002,24,crosswind,2808,-0.0043975916543809125
68,124,163.75919183460002,24,upwind,3520,-0.034116677819162916
123,124,173.3280290669543,3,downwind,2832,0.23042393388932925
123,124,173.3280290669543,3,crosswind,4792,0.21584129434278007
123,124,173.3280290669543,3,upwind,3672,0.13381776366691656
123,124,173.3280290669543,6,downwind,2819,0.22606637475816171
123,124,173.3280290669543,6,crosswind,4772,0.19908472618064638
123,124,173.3280290669543,6,upwind,3665,0.14173440123474812
123,124,173.3280290669543,12,downwind,2807,0.20229401707570696
123,124,173.3280290669543,12,crosswind,4752,0.17505834298579484
123,124,173.3280290669543,12,upwind,3650,0.11525208480528971
123,124,173.3280290669543,24,downwind,2776,0.12229744279010327
123,124,173.3280290669543,24,crosswind,4757,0.0904335520344623
123,124,173.3280290669543,24,upwind,3640,0.0033169056390578593
93,124,179.07347248715686,3,downwind,4086,0.20665208969035223
93,124,179.07347248715686,3,crosswind,4618,0.24301241919928207
93,124,179.07347248715686,3,upwind,2581,0.2649462881266728
93,124,179.07347248715686,6,downwind,4069,0.1699227021164722
93,124,179.07347248715686,6,crosswind,4604,0.2030515323325005
93,124,179.07347248715686,6,upwind,2572,0.19161058770748995
93,124,179.07347248715686,12,downwind,4054,0.17554837510707708
93,124,179.07347248715686,12,crosswind,4576,0.166546293734085
93,124,179.07347248715686,12,upwind,2569,0.1513576042717784
93,124,179.07347248715686,24,downwind,4039,0.08549511825450741
93,124,179.07347248715686,24,crosswind,4569,0.10966188674894246
93,124,179.07347248715686,24,upwind,2554,0.03861288250272601
96,125,73.31592091713814,3,downwind,4387,0.16314717733041992
96,125,73.31592091713814,3,crosswind,3949,0.08195206597114849
96,125,73.31592091713814,3,upwind,3323,0.14195745272404284
96,125,73.31592091713814,6,downwind,4386,0.18146279492183873
96,125,73.31592091713814,6,crosswind,3947,0.09592921435478406
96,125,73.31592091713814,6,upwind,3323,0.15702443501858337
96,125,73.31592091713814,12,downwind,4383,0.15916474234432074
96,125,73.31592091713814,12,crosswind,3948,0.10681066304898396
96,125,73.31592091713814,12,upwind,3320,0.13553248515296862
96,125,73.31592091713814,24,downwind,4378,0.024765435081103883
96,125,73.31592091713814,24,crosswind,3946,0.08242838544094132
96,125,73.31592091713814,24,upwind,3319,0.04201078494500407
128,125,132.932736187279,3,downwind,3509,0.03402485124277412
128,125,132.932736187279,3,crosswind,5159,0.08465306873373582
128,125,132.932736187279,3,upwind,2997,0.01997423446725797
128,125,132.932736187279,6,downwind,3508,0.04141667574644442
128,125,132.932736187279,6,crosswind,5157,0.05479381124129364
128,125,132.932736187279,6,upwind,2997,0.021389574925711627
128,125,132.932736187279,12,downwind,3504,0.055793316056918375
128,125,132.932736187279,12,crosswind,5156,0.0003776002755509742
128,125,132.932736187279,12,upwind,2997,0.010889513602793624
128,125,132.932736187279,24,downwind,3501,0.022572706278979702
128,125,132.932736187279,24,crosswind,5150,-0.05120223009937244
128,125,132.932736187279,24,upwind,2998,-0.009656802906065498
49,125,140.57665723173668,3,downwind,3428,0.09312225467456456
49,125,140.57665723173668,3,crosswind,4001,0.0337717547850141
49,125,140.57665723173668,3,upwind,4230,0.06648022590028088
49,125,140.57665723173668,6,downwind,3428,0.12371026372078088
49,125,140.57665723173668,6,crosswind,4001,0.06134926655071673
49,125,140.57665723173668,6,upwind,4227,0.08486087487162632
49,125,140.57665723173668,12,downwind,3427,0.1426285789810107
49,125,140.57665723173668,12,crosswind,3997,0.07699112381554991
49,125,140.57665723173668,12,upwind,4227,0.05710642317016745
49,125,140.57665723173668,24,downwind,3427,0.07319919943073168
49,125,140.57665723173668,24,crosswind,3988,0.05063771835179659
49,125,140.57665723173668,24,upwind,4228,0.020818800841513115
126,125,142.2933598314491,3,downwind,3570,0.19701188844409287
126,125,142.2933598314491,3,crosswind,3218,0.1403700557874719
126,125,142.2933598314491,3,upwind,4881,0.04697346327031064
126,125,142.2933598314491,6,downwind,3570,0.2348249651360387
126,125,142.2933598314491,6,crosswind,3216,0.13870813144109678
126,125,142.2933598314491,6,upwind,4880,0.08000868459838059
126,125,142.2933598314491,12,downwind,3569,0.18476742258688658
126,125,142.2933598314491,12,crosswind,3214,0.10750559370020947
126,125,142.2933598314491,12,upwind,4878,0.11061129251542907
126,125,142.2933598314491,24,downwind,3568,0.0516336172255651
126,125,142.2933598314491,24,crosswind,3214,0.03575616149310589
126,125,142.2933598314491,24,upwind,4871,0.07529533274105037
181,125,195.92360649221274,3,downwind,4178,0.13849444057042024
181,125,195.92360649221274,3,crosswind,4368,0.1234917576596043
181,125,195.92360649221274,3,upwind,3109,0.09443969812461814
181,125,195.92360649221274,6,downwind,4177,0.1653555145720749
181,125,195.92360649221274,6,crosswind,4366,0.16056017478712659
181,125,195.92360649221274,6,upwind,3109,0.10175480566273269
181,125,195.92360649221274,12,downwind,4176,0.16079915177868476
181,125,195.92360649221274,12,crosswind,4362,0.14845321796317745
181,125,195.92360649221274,12,upwind,3109,0.05667317479532756
181,125,195.92360649221274,24,downwind,4172,0.06310425806285636
181,125,195.92360649221274,24,crosswind,4356,0.07687728017992554
181,125,195.92360649221274,24,upwind,3111,0.07521248848406288
125,126,142.2933598314491,3,downwind,4949,0.20334981616661965
125,126,142.2933598314491,3,crosswind,4561,0.14214572954492716
125,126,142.2933598314491,3,upwind,2159,0.01844355953280661
125,126,142.2933598314491,6,downwind,4947,0.233085571358113
125,126,142.2933598314491,6,crosswind,4560,0.15745400222688857
125,126,142.2933598314491,6,upwind,2159,-0.004543433843081247
125,126,142.2933598314491,12,downwind,4945,0.20003723308145505
125,126,142.2933598314491,12,crosswind,4557,0.17363238301190673
125,126,142.2933598314491,12,upwind,2159,-0.05768527821598552
125,126,142.2933598314491,24,downwind,4940,0.11276011422814278
125,126,142.2933598314491,24,crosswind,4554,0.0939751109038706
125,126,142.2933598314491,24,upwind,2159,-0.03493236619059049
50,126,203.64282195950432,3,downwind,3573,0.1457317668519622
50,126,203.64282195950432,3,crosswind,3147,0.1626251899277853
50,126,203.64282195950432,3,upwind,4938,0.0806161795384315
50,126,203.64282195950432,6,downwind,3571,0.17833247365206656
50,126,203.64282195950432,6,crosswind,3148,0.18492823868874853
50,126,203.64282195950432,6,upwind,4936,0.13115093382372323
50,126,203.64282195950432,12,downwind,3570,0.18606998107523165
50,126,203.64282195950432,12,crosswind,3148,0.1945643391998933
50,126,203.64282195950432,12,upwind,4932,0.16615700348854087
50,126,203.64282195950432,24,downwind,3569,0.06026111847235956
50,126,203.64282195950432,24,crosswind,3147,0.1136974339345837
50,126,203.64282195950432,24,upwind,4926,0.07931453094862753
96,126,215.29046787935914,3,downwind,4329,0.10810351975396204
96,126,215.29046787935914,3,crosswind,4074,0.15491299669119585
96,126,215.29046787935914,3,upwind,3256,0.08506504021076393
96,126,215.29046787935914,6,downwind,4328,0.0868510458188861
96,126,215.29046787935914,6,crosswind,4073,0.17485833617487748
96,126,215.29046787935914,6,upwind,3255,0.09112027148383586
96,126,215.29046787935914,12,downwind,4325,0.08972348905485936
96,126,215.29046787935914,12,crosswind,4074,0.15601145108788303
96,126,215.29046787935914,12,upwind,3252,0.0546533205780134
96,126,215.29046787935914,24,downwind,4320,0.04214356615661414
96,126,215.29046787935914,24,crosswind,4071,0.09318575934246763
96,126,215.29046787935914,24,upwind,3252,0.010060524156319828
51,126,237.87202586056787,3,downwind,2057,0.1905565030805431
51,126,237.87202586056787,3,crosswind,4168,0.08724183742281286
51,126,237.87202586056787,3,upwind,5444,0.06345748471121149
51,126,237.87202586056787,6,downwind,2056,0.2342405445430031
51,126,237.87202586056787,6,crosswind,4167,0.09942693728762443
51,126,237.87202586056787,6,upwind,5443,0.05372346785291537
51,126,237.87202586056787,12,downwind,2053,0.23366383447438047
51,126,237.87202586056787,12,crosswind,4169,0.051329559790729756
51,126,237.87202586056787,12,upwind,5439,0.030817440769192024
51,126,237.87202586056787,24,downwind,2053,0.050910401555638723
51,126,237.87202586056787,24,crosswind,4165,-0.014636887315050093
51,126,237.87202586056787,24,upwind,5435,-0.06759656177229123
128,126,270.26560264803237,3,downwind,3411,0.11471355891945054
128,126,270.26560264803237,3,crosswind,5316,0.11671946789822388
128,126,270.26560264803237,3,upwind,2938,0.0045163291981922
128,126,270.26560264803237,6,downwind,3410,0.10972710305486054
128,126,270.26560264803237,6,crosswind,5314,0.11633360328749644
128,126,270.26560264803237,6,upwind,2938,-0.005499408287296043
128,126,270.26560264803237,12,downwind,3408,0.08247309798248526
128,126,270.26560264803237,12,crosswind,5311,0.08002076195698843
128,126,270.26560264803237,12,upwind,2938,-0.024261999456203373
128,126,270.26560264803237,24,downwind,3406,-0.018659251133046752
128,126,270.26560264803237,24,crosswind,5304,-0.01102383790303093
128,126,270.26560264803237,24,upwind,2939,-0.035971534068676536
66,127,100.6563400633781,3,downwind,3401,0.13904563153667585
66,127,100.6563400633781,3,crosswind,4559,0.08944485911263944
66,127,100.6563400633781,3,upwind,3434,0.04542649281123462
66,127,100.6563400633781,6,downwind,3388,0.11847519111137778
66,127,100.6563400633781,6,crosswind,4551,0.09660872857329433
66,127,100.6563400633781,6,upwind,3425,0.023144057993457392
66,127,100.6563400633781,12,downwind,3363,0.04812503826830924
66,127,100.6563400633781,12,crosswind,4532,0.06599042238090566
66,127,100.6563400633781,12,upwind,3420,0.0017706633017596396
66,127,100.6563400633781,24,downwind,3359,-0.04221145168357155
66,127,100.6563400633781,24,crosswind,4506,-0.007516726910034499
66,127,100.6563400633781,24,upwind,3402,-0.006854117667269319
14,127,124.67885910010824,3,downwind,5061,0.2308775969778986
14,127,124.67885910010824,3,crosswind,4021,0.26162093014195653
14,127,124.67885910010824,3,upwind,2300,0.18786787153113435
14,127,124.67885910010824,6,downwind,5050,0.25039573928030795
14,127,124.67885910010824,6,crosswind,4010,0.26958989281668694
14,127,124.67885910010824,6,upwind,2292,0.17573514088729694
14,127,124.67885910010824,12,downwind,5030,0.16597917983150653
14,127,124.67885910010824,12,crosswind,3990,0.23655198085558943
14,127,124.67885910010824,12,upwind,2283,0.11660034339519887
14,127,124.67885910010824,24,downwind,5018,0.03124909041300913
14,127,124.67885910010824,24,crosswind,3981,0.14102532547340615
14,127,124.67885910010824,24,upwind,2256,0.059023058109034264
7,127,150.2725924913059,3,downwind,3503,0.1074950168948668
7,127,150.2725924913059,3,crosswind,2743,0.06564495335671598
7,127,150.2725924913059,3,upwind,5137,0.07340102890799369
7,127,150.2725924913059,6,downwind,3489,0.08457802434331695
7,127,150.2725924913059,6,crosswind,2737,0.06587026450009839
7,127,150.2725924913059,6,upwind,5127,0.04183671854453613
7,127,150.2725924913059,12,downwind,3473,0.014516575715008345
7,127,150.2725924913059,12,crosswind,2721,-0.014517680421631063
7,127,150.2725924913059,12,upwind,5110,-0.01592291934352777
7,127,150.2725924913059,24,downwind,3451,-0.10059554984673186
7,127,150.2725924913059,24,crosswind,2708,-0.10795029725305408
7,127,150.2725924913059,24,upwind,5097,-0.08253431955517013
120,127,192.5960393310122,3,downwind,4831,0.1368817458470721
120,127,192.5960393310122,3,crosswind,4593,0.06666327510757825
120,127,192.5960393310122,3,upwind,1968,0.045833019542743526
120,127,192.5960393310122,6,downwind,4815,0.13687842845838533
120,127,192.5960393310122,6,crosswind,4583,0.08775523448926618
120,127,192.5960393310122,6,upwind,1964,0.03713566766934335
120,127,192.5960393310122,12,downwind,4787,0.13177543135792816
120,127,192.5960393310122,12,crosswind,4566,0.12482718544253106
120,127,192.5960393310122,12,upwind,1960,0.05496318248217374
120,127,192.5960393310122,24,downwind,4776,0.13337513881503502
120,127,192.5960393310122,24,crosswind,4538,0.09277782227359682
120,127,192.5960393310122,24,upwind,1951,0.06258247819274093
50,127,274.19133544853935,3,downwind,4536,0.22180218461138107
50,127,274.19133544853935,3,crosswind,3738,0.2270923180422176
50,127,274.19133544853935,3,upwind,3110,0.1944048389972086
50,127,274.19133544853935,6,downwind,4526,0.27732608285421806
50,127,274.19133544853935,6,crosswind,3729,0.26143948129818806
50,127,274.19133544853935,6,upwind,3099,0.20517888153010216
50,127,274.19133544853935,12,downwind,4516,0.2473386037308884
50,127,274.19133544853935,12,crosswind,3700,0.2788472124491179
50,127,274.19133544853935,12,upwind,3089,0.2142025942921995
50,127,274.19133544853935,24,downwind,4502,0.0899751849786323
50,127,274.19133544853935,24,crosswind,3694,0.20674739638508424
50,127,274.19133544853935,24,upwind,3061,0.18794085795072482
49,128,49.25403092199728,3,downwind,3241,0.14278572871886921
49,128,49.25403092199728,3,crosswind,4595,0.08408194854663298
49,128,49.25403092199728,3,upwind,3825,0.06597311467146666
49,128,49.25403092199728,6,downwind,3241,0.17220912005223526
49,128,49.25403092199728,6,crosswind,4594,0.112545922697664
49,128,49.25403092199728,6,upwind,3825,0.0982182018965869
49,128,49.25403092199728,12,downwind,3238,0.1326115529075142
49,128,49.25403092199728,12,crosswind,4595,0.15160427768408022
49,128,49.25403092199728,12,upwind,3822,0.12230901888145362
49,128,49.25403092199728,24,downwind,3235,0.13908576141809018
49,128,49.25403092199728,24,crosswind,4593,0.10457893887466468
49,128,49.25403092199728,24,upwind,3819,0.12012186460349505
96,128,76.78809419029814,3,downwind,3159,0.08514599988243028
96,128,76.78809419029814,3,crosswind,4536,0.16180685142686327
96,128,76.78809419029814,3,upwind,3966,0.08925744176516193
96,128,76.78809419029814,6,downwind,3158,0.12299737597179405
96,128,76.78809419029814,6,crosswind,4536,0.17808893875521928
96,128,76.78809419029814,6,upwind,3966,0.08528337807626715
96,128,76.78809419029814,12,downwind,3156,0.16465892175702884
96,128,76.78809419029814,12,crosswind,4532,0.20088430479699204
96,128,76.78809419029814,12,upwind,3967,0.10411787975762803
96,128,76.78809419029814,24,downwind,3156,0.13465409084919688
96,128,76.78809419029814,24,crosswind,4529,0.18783852843768745
96,128,76.78809419029814,24,upwind,3962,0.13610537365386322
181,128,105.53541289070735,3,downwind,4117,0.1126619843150383
181,128,105.53541289070735,3,crosswind,4341,0.11338491466809601
181,128,105.53541289070735,3,upwind,3199,0.0741227687258492
181,128,105.53541289070735,6,downwind,4116,0.1270346358789545
181,128,105.53541289070735,6,crosswind,4342,0.1299334670428659
181,128,105.53541289070735,6,upwind,3198,0.07466993301050451
181,128,105.53541289070735,12,downwind,4112,0.14738537896279919
181,128,105.53541289070735,12,crosswind,4340,0.12887599039380687
181,128,105.53541289070735,12,upwind,3199,0.06809047950244342
181,128,105.53541289070735,24,downwind,4108,0.1230372035474609
181,128,105.53541289070735,24,crosswind,4336,0.09054202930839202
181,128,105.53541289070735,24,upwind,3199,0.08185392573566835
125,128,132.932736187279,3,downwind,2030,0.1769546568378026
125,128,132.932736187279,3,crosswind,4639,0.16810399382133792
125,128,132.932736187279,3,upwind,4994,0.0961806506191266
125,128,132.932736187279,6,downwind,2030,0.19856566304290246
125,128,132.932736187279,6,crosswind,4637,0.18218948396401236
125,128,132.932736187279,6,upwind,4995,0.14359137839555064
125,128,132.932736187279,12,downwind,2030,0.20829901795733669
125,128,132.932736187279,12,crosswind,4634,0.2152677307576136
125,128,132.932736187279,12,upwind,4993,0.20330232716021596
125,128,132.932736187279,24,downwind,2030,0.1423545939169924
125,128,132.932736187279,24,crosswind,4634,0.2344295294375306
125,128,132.932736187279,24,upwind,4985,0.18327716445410092
182,128,181.75749454998854,3,downwind,4622,0.0914725585630111
182,128,181.75749454998854,3,crosswind,3707,0.18148986914191237
182,128,181.75749454998854,3,upwind,3290,0.13623608845909727
182,128,181.75749454998854,6,downwind,4620,0.13290246717550108
182,128,181.75749454998854,6,crosswind,3709,0.20804187608392308
182,128,181.75749454998854,6,upwind,3289,0.13848314641087556
182,128,181.75749454998854,12,downwind,4614,0.18077770096718757
182,128,181.75749454998854,12,crosswind,3709,0.18949494797426691
182,128,181.75749454998854,12,upwind,3290,0.1287654482842749
182,128,181.75749454998854,24,downwind,4614,0.13708144725965407
182,128,181.75749454998854,24,crosswind,3702,0.15508735128174575
182,128,181.75749454998854,24,upwind,3289,0.12041025897406722
70,129,83.03523730020598,3,downwind,2541,0.14049070296527275
70,129,83.03523730020598,3,crosswind,5085,0.03798646112564999
70,129,83.03523730020598,3,upwind,4034,0.023360007230872143
70,129,83.03523730020598,6,downwind,2541,0.16876023578868454
70,129,83.03523730020598,6,crosswind,5085,0.06013392047091732
70,129,83.03523730020598,6,upwind,4033,-0.011393144993633713
70,129,83.03523730020598,12,downwind,2543,0.1055652095748457
70,129,83.03523730020598,12,crosswind,5082,0.06665355862135891
70,129,83.03523730020598,12,upwind,4029,-0.047475617649815095
70,129,83.03523730020598,24,downwind,2541,0.0014707765066325094
70,129,83.03523730020598,24,crosswind,5083,0.019959951401627887
70,129,83.03523730020598,24,upwind,4022,-0.04148439745054796
52,129,101.82241532450128,3,downwind,4258,0.05796112877026606
52,129,101.82241532450128,3,crosswind,3005,0.05109621340939505
52,129,101.82241532450128,3,upwind,4398,0.030331184324008168
52,129,101.82241532450128,6,downwind,4257,0.09628539230697421
52,129,101.82241532450128,6,crosswind,3006,0.06217949057730734
52,129,101.82241532450128,6,upwind,4397,0.006321529407421057
52,129,101.82241532450128,12,downwind,4258,0.06844580941736433
52,129,101.82241532450128,12,crosswind,3004,0.057171835421505675
52,129,101.82241532450128,12,upwind,4393,-0.014958324444510576
52,129,101.82241532450128,24,downwind,4257,-0.036284696806620956
52,129,101.82241532450128,24,crosswind,3006,0.025117675591850977
52,129,101.82241532450128,24,upwind,4384,-0.03655865895789282
4,129,196.345225765203,3,downwind,4996,0.06600072782858267
4,129,196.345225765203,3,crosswind,3019,0.021687427696295093
4,129,196.345225765203,3,upwind,3646,0.0368469183862835
4,129,196.345225765203,6,downwind,4996,0.0844452045858221
4,129,196.345225765203,6,crosswind,3019,0.021240770326375658
4,129,196.345225765203,6,upwind,3645,0.03741040607926249
4,129,196.345225765203,12,downwind,4995,0.055442261906125355
4,129,196.345225765203,12,crosswind,3017,0.03039372140766437
4,129,196.345225765203,12,upwind,3643,-0.01631204223638921
4,129,196.345225765203,24,downwind,4994,-0.016620470016958114
4,129,196.345225765203,24,crosswind,3017,0.006556673856303915
4,129,196.345225765203,24,upwind,3636,-0.0239900419432342
8,129,219.6747390030249,3,downwind,5050,0.125231177043509
8,129,219.6747390030249,3,crosswind,5094,0.1043024672495479
8,129,219.6747390030249,3,upwind,1517,-0.013443513361453916
8,129,219.6747390030249,6,downwind,5050,0.1386180611514264
8,129,219.6747390030249,6,crosswind,5093,0.13351298768642664
8,129,219.6747390030249,6,upwind,1517,-0.017032650664663192
8,129,219.6747390030249,12,downwind,5047,0.08042368275922866
8,129,219.6747390030249,12,crosswind,5092,0.1372762092386058
8,129,219.6747390030249,12,upwind,1516,-0.0262357310316004
8,129,219.6747390030249,24,downwind,5047,-0.01668652621218296
8,129,219.6747390030249,24,crosswind,5087,0.03413082707435971
8,129,219.6747390030249,24,upwind,1513,-0.05745225047936726
3,129,287.2076014770419,3,downwind,4918,0.05564723550531241
3,129,287.2076014770419,3,crosswind,3662,0.0758004750743125
3,129,287.2076014770419,3,upwind,3081,0.0626593570271174
3,129,287.2076014770419,6,downwind,4920,0.07142461924780043
3,129,287.2076014770419,6,crosswind,3660,0.09643262797401979
3,129,287.2076014770419,6,upwind,3080,0.056836234359317526
3,129,287.2076014770419,12,downwind,4918,0.05589708262899336
3,129,287.2076014770419,12,crosswind,3659,0.0746601774056314
3,129,287.2076014770419,12,upwind,3078,0.02328317865691886
3,129,287.2076014770419,24,downwind,4918,-0.013841362521809413
3,129,287.2076014770419,24,crosswind,3656,0.044118648654601036
3,129,287.2076014770419,24,upwind,3073,-0.00847156954649243
131,130,56.745372719560415,3,downwind,2503,0.22112388820957943
131,130,56.745372719560415,3,crosswind,3628,0.1765577967118353
131,130,56.745372719560415,3,upwind,5538,0.06006677864904743
131,130,56.745372719560415,6,downwind,2503,0.1890836218478871
131,130,56.745372719560415,6,crosswind,3626,0.13845086714907626
131,130,56.745372719560415,6,upwind,5537,0.06460994336569907
131,130,56.745372719560415,12,downwind,2501,0.07440056569904593
131,130,56.745372719560415,12,crosswind,3625,0.10290297361190769
131,130,56.745372719560415,12,upwind,5535,0.06383796312994704
131,130,56.745372719560415,24,downwind,2501,0.010045886432531159
131,130,56.745372719560415,24,crosswind,3627,0.0504332961740344
131,130,56.745372719560415,24,upwind,5525,0.036345894403392635
115,130,111.52101856123235,3,downwind,3389,0.2414694608825811
115,130,111.52101856123235,3,crosswind,4442,0.1312095363257323
115,130,111.52101856123235,3,upwind,3838,0.12912114466964336
115,130,111.52101856123235,6,downwind,3388,0.25671621655212284
115,130,111.52101856123235,6,crosswind,4442,0.1433833860044016
115,130,111.52101856123235,6,upwind,3836,0.14425063629197435
115,130,111.52101856123235,12,downwind,3389,0.23169799335334454
115,130,111.52101856123235,12,crosswind,4439,0.13214959159303064
115,130,111.52101856123235,12,upwind,3833,0.13289311336313062
115,130,111.52101856123235,24,downwind,3385,0.16145389511486496
115,130,111.52101856123235,24,crosswind,4438,0.11786034752880657
115,130,111.52101856123235,24,upwind,3830,0.11544512299385662
136,130,113.90944866837765,3,downwind,5329,0.2750614193338186
136,130,113.90944866837765,3,crosswind,4015,0.1314046129329614
136,130,113.90944866837765,3,upwind,2325,-0.012856697642088542
136,130,113.90944866837765,6,downwind,5328,0.28772648341783275
136,130,113.90944866837765,6,crosswind,4014,0.15434808666530486
136,130,113.90944866837765,6,upwind,2324,0.012189417182235915
136,130,113.90944866837765,12,downwind,5326,0.2503636065670999
136,130,113.90944866837765,12,crosswind,4010,0.13889303222410967
136,130,113.90944866837765,12,upwind,2325,0.002928119438338274
136,130,113.90944866837765,24,downwind,5323,0.15950497980202696
136,130,113.90944866837765,24,crosswind,4006,0.08039212481062087
136,130,113.90944866837765,24,upwind,2324,-0.05342056729883008
38,130,120.63786642225617,3,downwind,3448,0.2595831083947831
38,130,120.63786642225617,3,crosswind,4419,0.10474459698789217
38,130,120.63786642225617,3,upwind,3792,0.028543956339254783
38,130,120.63786642225617,6,downwind,3447,0.26106659429651113
38,130,120.63786642225617,6,crosswind,4419,0.10141015961468983
38,130,120.63786642225617,6,upwind,3790,0.059990343120423596
38,130,120.63786642225617,12,downwind,3448,0.1949820617276354
38,130,120.63786642225617,12,crosswind,4416,0.08794479946869281
38,130,120.63786642225617,12,upwind,3787,0.061379956268369465
38,130,120.63786642225617,24,downwind,3443,0.15332780349720632
38,130,120.63786642225617,24,crosswind,4416,0.0433949189977507
38,130,120.63786642225617,24,upwind,3784,0.02387187777428276
132,130,123.82939201314868,3,downwind,2512,0.3842098765833465
132,130,123.82939201314868,3,crosswind,3978,0.2588107205566892
132,130,123.82939201314868,3,upwind,5168,0.13975497509105733
132,130,123.82939201314868,6,downwind,2510,0.42328719514777424
132,130,123.82939201314868,6,crosswind,3977,0.25932262098152725
132,130,123.82939201314868,6,upwind,5168,0.14483197207802337
132,130,123.82939201314868,12,downwind,2507,0.331708040204942
132,130,123.82939201314868,12,crosswind,3975,0.19574361652080904
132,130,123.82939201314868,12,upwind,5168,0.1356923655435206
132,130,123.82939201314868,24,downwind,2508,0.19454260658183636
132,130,123.82939201314868,24,crosswind,3970,0.11705218283650459
132,130,123.82939201314868,24,upwind,5164,0.12076922990430972
130,131,56.745372719560415,3,downwind,5525,0.30259964739069556
130,131,56.745372719560415,3,crosswind,3450,0.11473139186529684
130,131,56.745372719560415,3,upwind,2694,0.06903101079647579
130,131,56.745372719560415,6,downwind,5523,0.22776651219147365
130,131,56.745372719560415,6,crosswind,3449,0.08315849377232548
130,131,56.745372719560415,6,upwind,2694,0.05626632982078285
130,131,56.745372719560415,12,downwind,5521,0.1107589071830831
130,131,56.745372719560415,12,crosswind,3448,0.027783575422159264
130,131,56.745372719560415,12,upwind,2692,0.05800662745891456
130,131,56.745372719560415,24,downwind,5512,-0.016420204008572897
130,131,56.745372719560415,24,crosswind,3449,-0.03157934878943836
130,131,56.745372719560415,24,upwind,2692,0.029659342489832527
115,131,88.67707775191471,3,downwind,4764,0.16745041618912893
115,131,88.67707775191471,3,crosswind,3865,0.10214692033617248
115,131,88.67707775191471,3,upwind,3040,0.21920886487025185
115,131,88.67707775191471,6,downwind,4763,0.15996511286339468
115,131,88.67707775191471,6,crosswind,3865,0.10807180592500173
115,131,88.67707775191471,6,upwind,3038,0.19796563140668835
115,131,88.67707775191471,12,downwind,4763,0.160934976632764
115,131,88.67707775191471,12,crosswind,3863,0.06920238652475197
115,131,88.67707775191471,12,upwind,3035,0.14187870009926545
115,131,88.67707775191471,24,downwind,4759,0.0938876669776894
115,131,88.67707775191471,24,crosswind,3859,0.016300244816700248
115,131,88.67707775191471,24,upwind,3035,0.12107931925932239
38,131,98.86350429174534,3,downwind,4711,0.19492959428334256
38,131,98.86350429174534,3,crosswind,3871,0.09043822715746352
38,131,98.86350429174534,3,upwind,3077,0.030847703057148623
38,131,98.86350429174534,6,downwind,4710,0.19681273477940373
38,131,98.86350429174534,6,crosswind,3871,0.074880509110788
38,131,98.86350429174534,6,upwind,3075,0.02888022748630196
38,131,98.86350429174534,12,downwind,4710,0.12602370421710446
38,131,98.86350429174534,12,crosswind,3870,0.05869984557334095
38,131,98.86350429174534,12,upwind,3071,-0.015442896958892253
38,131,98.86350429174534,24,downwind,4707,0.0433644404362893
38,131,98.86350429174534,24,crosswind,3865,-0.026134145420283982
38,131,98.86350429174534,24,upwind,3071,-0.05365861291322581
137,131,104.97657605887456,3,downwind,2672,0.20722881572025328
137,131,104.97657605887456,3,crosswind,5172,0.0891760294395143
137,131,104.97657605887456,3,upwind,3825,0.03277409691774974
137,131,104.97657605887456,6,downwind,2673,0.18212649795249886
137,131,104.97657605887456,6,crosswind,5170,0.08507854356153921
137,131,104.97657605887456,6,upwind,3823,0.02365415572207933
137,131,104.97657605887456,12,downwind,2674,0.12289817740440355
137,131,104.97657605887456,12,crosswind,5168,0.051437202539002524
137,131,104.97657605887456,12,upwind,3819,0.012971242097148082
137,131,104.97657605887456,24,downwind,2667,0.05638665134809808
137,131,104.97657605887456,24,crosswind,5167,0.0057406318962284495
137,131,104.97657605887456,24,upwind,3819,-0.02311082260980074
132,131,141.68854888761192,3,downwind,3127,0.3529138067334446
132,131,141.68854888761192,3,crosswind,3963,0.22597740684013995
132,131,141.68854888761192,3,upwind,4568,0.10403534818394579
132,131,141.68854888761192,6,downwind,3124,0.39978612839148736
132,131,141.68854888761192,6,crosswind,3963,0.2390414402695396
132,131,141.68854888761192,6,upwind,4568,0.09888323697243269
132,131,141.68854888761192,12,downwind,3121,0.3175716691910645
132,131,141.68854888761192,12,crosswind,3961,0.19932513540016747
132,131,141.68854888761192,12,upwind,4568,0.09892022885146086
132,131,141.68854888761192,24,downwind,3120,0.17303892345702135
132,131,141.68854888761192,24,crosswind,3959,0.1298798531997347
132,131,141.68854888761192,24,upwind,4563,0.08875653690864413
21,132,53.45881194455599,3,downwind,4637,0.3581451171389849
21,132,53.45881194455599,3,crosswind,3835,0.15755897606328803
21,132,53.45881194455599,3,upwind,3187,0.09938788895281281
21,132,53.45881194455599,6,downwind,4636,0.2952127283818222
21,132,53.45881194455599,6,crosswind,3833,0.12907054499855056
21,132,53.45881194455599,6,upwind,3189,0.06155587848278951
21,132,53.45881194455599,12,downwind,4632,0.1841129662178895
21,132,53.45881194455599,12,crosswind,3833,0.06103961524669155
21,132,53.45881194455599,12,upwind,3188,0.0298236766903192
21,132,53.45881194455599,24,downwind,4626,0.10092630843016302
21,132,53.45881194455599,24,crosswind,3830,-0.038486331695733206
21,132,53.45881194455599,24,upwind,3189,-0.021696516670189674
58,132,116.56975585342694,3,downwind,4087,0.30387494612014093
58,132,116.56975585342694,3,crosswind,4156,0.114271247852445
58,132,116.56975585342694,3,upwind,3415,0.03129665539509766
58,132,116.56975585342694,6,downwind,4086,0.28819517251825816
58,132,116.56975585342694,6,crosswind,4154,0.11903214123605652
58,132,116.56975585342694,6,upwind,3417,0.045594258329443735
58,132,116.56975585342694,12,downwind,4080,0.19349494719695512
58,132,116.56975585342694,12,crosswind,4156,0.10315761111560745
58,132,116.56975585342694,12,upwind,3416,0.04268610623972466
58,132,116.56975585342694,24,downwind,4076,0.10574020279258878
58,132,116.56975585342694,24,crosswind,4150,0.016556697889296045
58,132,116.56975585342694,24,upwind,3418,0.03147998778333928
149,132,117.9435635026597,3,downwind,1821,0.3255027432036493
149,132,117.9435635026597,3,crosswind,5178,0.17130992636693892
149,132,117.9435635026597,3,upwind,4659,0.02827390921819404
149,132,117.9435635026597,6,downwind,1822,0.32499652748373553
149,132,117.9435635026597,6,crosswind,5175,0.18302043158097941
149,132,117.9435635026597,6,upwind,4660,0.029373456816458577
149,132,117.9435635026597,12,downwind,1820,0.20707427130171766
149,132,117.9435635026597,12,crosswind,5174,0.13881819282653854
149,132,117.9435635026597,12,upwind,4658,0.01745261951838497
149,132,117.9435635026597,24,downwind,1819,0.07225661852957026
149,132,117.9435635026597,24,crosswind,5176,0.05579964448504595
149,132,117.9435635026597,24,upwind,4649,-0.02516199060008422
130,132,123.82939201314868,3,downwind,4616,0.1696783069796801
130,132,123.82939201314868,3,crosswind,4473,0.0587981388656384
130,132,123.82939201314868,3,upwind,2566,-0.04055931047582585
130,132,123.82939201314868,6,downwind,4616,0.18665289508379268
130,132,123.82939201314868,6,crosswind,4473,0.08275744550102737
130,132,123.82939201314868,6,upwind,2565,-0.030005679625274534
130,132,123.82939201314868,12,downwind,4613,0.1444254830028354
130,132,123.82939201314868,12,crosswind,4472,0.0972805771801357
130,132,123.82939201314868,12,upwind,2564,-0.03952215466230393
130,132,123.82939201314868,24,downwind,4612,0.035858201108429084
130,132,123.82939201314868,24,crosswind,4467,0.046597567913145725
130,132,123.82939201314868,24,upwind,2562,-0.034946179981595445
29,132,139.28278198545536,3,downwind,5596,0.258660823223816
29,132,139.28278198545536,3,crosswind,3666,0.12085529216971728
29,132,139.28278198545536,3,upwind,2394,0.028276571201864786
29,132,139.28278198545536,6,downwind,5595,0.28969116309124116
29,132,139.28278198545536,6,crosswind,3664,0.10295555282633305
29,132,139.28278198545536,6,upwind,2396,0.02149132452741183
29,132,139.28278198545536,12,downwind,5592,0.23078840458613065
29,132,139.28278198545536,12,crosswind,3663,0.07871459003850619
29,132,139.28278198545536,12,upwind,2395,0.010567224553564444
29,132,139.28278198545536,24,downwind,5588,0.10964199288975401
29,132,139.28278198545536,24,crosswind,3661,0.013069929092085535
29,132,139.28278198545536,24,upwind,2393,0.003148608770488732
138,133,43.35426201656059,3,downwind,3154,0.14252289005568436
138,133,43.35426201656059,3,crosswind,1312,0.05757876564550396
138,133,43.35426201656059,3,upwind,7186,0.05429728372233831
138,133,43.35426201656059,6,downwind,3154,0.13347556968101643
138,133,43.35426201656059,6,crosswind,1311,0.057105225788404705
138,133,43.35426201656059,6,upwind,7184,0.03794957060473577
138,133,43.35426201656059,12,downwind,3153,0.069512576620149
138,133,43.35426201656059,12,crosswind,1311,0.01468766912227502
138,133,43.35426201656059,12,upwind,7180,0.022035839133114694
138,133,43.35426201656059,24,downwind,3149,0.06639675447860964
138,133,43.35426201656059,24,crosswind,1311,-0.007837628988532857
138,133,43.35426201656059,24,upwind,7176,-0.014353989726046172
71,133,72.56343626012729,3,downwind,6097,0.36421580806822146
71,133,72.56343626012729,3,crosswind,3010,0.1694044244327831
71,133,72.56343626012729,3,upwind,2552,0.14403923179926473
71,133,72.56343626012729,6,downwind,6095,0.3711181077864991
71,133,72.56343626012729,6,crosswind,3009,0.16610757084729738
71,133,72.56343626012729,6,upwind,2552,0.11107937093729828
71,133,72.56343626012729,12,downwind,6090,0.2600760301755082
71,133,72.56343626012729,12,crosswind,3011,0.11272639103769844
71,133,72.56343626012729,12,upwind,2550,0.0608924225144091
71,133,72.56343626012729,24,downwind,6085,0.13948002283978245
71,133,72.56343626012729,24,crosswind,3009,0.03395986745087621
71,133,72.56343626012729,24,upwind,2549,0.06396618102125474
134,133,86.18866892102089,3,downwind,3227,0.24694352037418857
134,133,86.18866892102089,3,crosswind,772,0.22426940547871252
134,133,86.18866892102089,3,upwind,7659,0.12194723999527808
134,133,86.18866892102089,6,downwind,3227,0.24140131100647494
134,133,86.18866892102089,6,crosswind,770,0.21008459085363498
134,133,86.18866892102089,6,upwind,7658,0.11308105465970693
134,133,86.18866892102089,12,downwind,3226,0.17432869957023234
134,133,86.18866892102089,12,crosswind,770,0.1642627854609561
134,133,86.18866892102089,12,upwind,7654,0.08840491467629744
134,133,86.18866892102089,24,downwind,3223,0.09384683793986782
134,133,86.18866892102089,24,crosswind,770,0.155533477922202
134,133,86.18866892102089,24,upwind,7649,0.02270679837742061
139,133,88.65178542255904,3,downwind,6282,0.2588910266977257
139,133,88.65178542255904,3,crosswind,2675,0.15412896811762697
139,133,88.65178542255904,3,upwind,2702,0.07427804274293187
139,133,88.65178542255904,6,downwind,6279,0.2541778945015671
139,133,88.65178542255904,6,crosswind,2674,0.13012843940352314
139,133,88.65178542255904,6,upwind,2703,0.06516468935428045
139,133,88.65178542255904,12,downwind,6278,0.17156029812914897
139,133,88.65178542255904,12,crosswind,2670,0.09669106811797687
139,133,88.65178542255904,12,upwind,2703,0.016162243916888037
139,133,88.65178542255904,24,downwind,6272,0.06744984319818804
139,133,88.65178542255904,24,crosswind,2670,0.05912317643299605
139,133,88.65178542255904,24,upwind,2701,-0.024121228005848865
72,133,109.08255599907157,3,downwind,5262,0.3723745749457196
72,133,109.08255599907157,3,crosswind,3849,0.17373365171993302
72,133,109.08255599907157,3,upwind,2548,0.13542156251099727
72,133,109.08255599907157,6,downwind,5261,0.41413929780462094
72,133,109.08255599907157,6,crosswind,3847,0.19656831827707263
72,133,109.08255599907157,6,upwind,2548,0.10189924665959113
72,133,109.08255599907157,12,downwind,5256,0.3220971004813745
72,133,109.08255599907157,12,crosswind,3848,0.16096623435525556
72,133,109.08255599907157,12,upwind,2547,0.0827111499237046
72,133,109.08255599907157,24,downwind,5252,0.17383213507071885
72,133,109.08255599907157,24,crosswind,3845,0.10529848723080287
72,133,109.08255599907157,24,upwind,2546,0.11383753901476655
138,134,45.610924968064836,3,downwind,6474,0.12923731504799651
138,134,45.610924968064836,3,crosswind,2375,0.07260155012167416
138,134,45.610924968064836,3,upwind,2803,0.04775117976487726
138,134,45.610924968064836,6,downwind,6474,0.10597423994946678
138,134,45.610924968064836,6,crosswind,2374,0.04929491504026727
138,134,45.610924968064836,6,upwind,2803,0.02384566754475518
138,134,45.610924968064836,12,downwind,6469,0.055066471632842
138,134,45.610924968064836,12,crosswind,2376,0.028862525916179452
138,134,45.610924968064836,12,upwind,2801,-0.0012563365287331662
138,134,45.610924968064836,24,downwind,6463,0.012379423825136333
138,134,45.610924968064836,24,crosswind,2373,-0.012128423391522791
138,134,45.610924968064836,24,upwind,2802,-0.002227967133467866
133,134,86.18866892102089,3,downwind,6499,0.23734205737561712
133,134,86.18866892102089,3,crosswind,2284,0.22694766127173657
133,134,86.18866892102089,3,upwind,2872,0.08584988904227209
133,134,86.18866892102089,6,downwind,6498,0.22616071402985585
133,134,86.18866892102089,6,crosswind,2285,0.21812208979423842
133,134,86.18866892102089,6,upwind,2871,0.0754381968290031
133,134,86.18866892102089,12,downwind,6493,0.14811100067311234
133,134,86.18866892102089,12,crosswind,2285,0.19347317844966316
133,134,86.18866892102089,12,upwind,2871,0.09524899158603414
133,134,86.18866892102089,24,downwind,6488,0.0821023005317753
133,134,86.18866892102089,24,crosswind,2281,0.08400669325747484
133,134,86.18866892102089,24,upwind,2872,0.06097665908363469
135,134,138.23079004857962,3,downwind,5285,0.10463208388449757
135,134,138.23079004857962,3,crosswind,4401,0.03280424529148024
135,134,138.23079004857962,3,upwind,1973,-0.01173535526052778
135,134,138.23079004857962,6,downwind,5285,0.1403030402475666
135,134,138.23079004857962,6,crosswind,4399,0.03094945657487749
135,134,138.23079004857962,6,upwind,1974,-0.021156276962424597
135,134,138.23079004857962,12,downwind,5285,0.15354119698107346
135,134,138.23079004857962,12,crosswind,4395,0.02659382215693558
135,134,138.23079004857962,12,upwind,1973,-0.06822766870075347
135,134,138.23079004857962,24,downwind,5285,0.12318374555775188
135,134,138.23079004857962,24,crosswind,4390,0.027483419577021304
135,134,138.23079004857962,24,upwind,1970,-0.15224548790771306
73,134,139.09314131040247,3,downwind,2087,0.2046116909786992
73,134,139.09314131040247,3,crosswind,2853,0.17230474928203912
73,134,139.09314131040247,3,upwind,6709,0.03254805383411256
73,134,139.09314131040247,6,downwind,2086,0.23382964702892756
73,134,139.09314131040247,6,crosswind,2854,0.1821212192895693
73,134,139.09314131040247,6,upwind,6708,0.025459868724797118
73,134,139.09314131040247,12,downwind,2086,0.1629613837311627
73,134,139.09314131040247,12,crosswind,2855,0.17122053638174745
73,134,139.09314131040247,12,upwind,6702,0.0023358332306753302
73,134,139.09314131040247,24,downwind,2087,0.04197720144897284
73,134,139.09314131040247,24,crosswind,2853,0.10519827385929348
73,134,139.09314131040247,24,upwind,6695,-0.032191792271856874
140,134,139.5102522058559,3,downwind,2982,0.1827194473435811
140,134,139.5102522058559,3,crosswind,4031,0.08943008891375286
140,134,139.5102522058559,3,upwind,4644,0.016346856986089786
140,134,139.5102522058559,6,downwind,2983,0.20708153776154245
140,134,139.5102522058559,6,crosswind,4030,0.1330985007297285
140,134,139.5102522058559,6,upwind,4643,0.02387453295760796
140,134,139.5102522058559,12,downwind,2982,0.1683242268029826
140,134,139.5102522058559,12,crosswind,4031,0.1734153505347538
140,134,139.5102522058559,12,upwind,4638,0.050654592404032486
140,134,139.5102522058559,24,downwind,2984,0.09918193965286559
140,134,139.5102522058559,24,crosswind,4030,0.19139194139128718
140,134,139.5102522058559,24,upwind,4629,0.05119531955905072
138,135,111.97151842269196,3,downwind,2069,0.22785697104300157
138,135,111.97151842269196,3,crosswind,7436,0.13466360013259224
138,135,111.97151842269196,3,upwind,2149,0.0700122742401462
138,135,111.97151842269196,6,downwind,2067,0.2739798264228185
138,135,111.97151842269196,6,crosswind,7437,0.1347366846834884
138,135,111.97151842269196,6,upwind,2149,0.04714480155266248
138,135,111.97151842269196,12,downwind,2065,0.26532051433528253
138,135,111.97151842269196,12,crosswind,7435,0.10220675656683505
138,135,111.97151842269196,12,upwind,2148,0.036901163284539004
138,135,111.97151842269196,24,downwind,2061,0.1703648658594355
138,135,111.97151842269196,24,crosswind,7431,0.012660209703509897
138,135,111.97151842269196,24,upwind,2148,-0.006449414762240016
140,135,119.8914890420163,3,downwind,2135,0.2478559936771816
140,135,119.8914890420163,3,crosswind,2633,0.24403937980201354
140,135,119.8914890420163,3,upwind,6891,0.1544684009631727
140,135,119.8914890420163,6,downwind,2135,0.2504727382059288
140,135,119.8914890420163,6,crosswind,2634,0.24683999158569328
140,135,119.8914890420163,6,upwind,6889,0.14154519901944262
140,135,119.8914890420163,12,downwind,2136,0.21752828816344777
140,135,119.8914890420163,12,crosswind,2631,0.2020024449259674
140,135,119.8914890420163,12,upwind,6886,0.1509643939720986
140,135,119.8914890420163,24,downwind,2136,0.18040609481672415
140,135,119.8914890420163,24,crosswind,2632,0.10356744944556226
140,135,119.8914890420163,24,upwind,6877,0.15462302242939072
36,135,120.32294865719184,3,downwind,1874,0.20836874392349744
36,135,120.32294865719184,3,crosswind,8133,0.17162364564779597
36,135,120.32294865719184,3,upwind,1654,0.004492432221761222
36,135,120.32294865719184,6,downwind,1874,0.19065501651211125
36,135,120.32294865719184,6,crosswind,8132,0.16513377422703956
36,135,120.32294865719184,6,upwind,1654,-0.060964769198274996
36,135,120.32294865719184,12,downwind,1874,0.1998075507591365
36,135,120.32294865719184,12,crosswind,8128,0.13665646679207247
36,135,120.32294865719184,12,upwind,1653,-0.12130009743177587
36,135,120.32294865719184,24,downwind,1874,0.12698729690703722
36,135,120.32294865719184,24,crosswind,8121,0.10536586491898607
36,135,120.32294865719184,24,upwind,1652,-0.1003633248520692
133,135,121.91640555951696,3,downwind,3009,0.2872696553349333
133,135,121.91640555951696,3,crosswind,5860,0.18287716891235575
133,135,121.91640555951696,3,upwind,2788,0.15734926930708032
133,135,121.91640555951696,6,downwind,3008,0.37383204042302176
133,135,121.91640555951696,6,crosswind,5860,0.20758231340501496
133,135,121.91640555951696,6,upwind,2788,0.15637631261236126
133,135,121.91640555951696,12,downwind,3005,0.4034036758681851
133,135,121.91640555951696,12,crosswind,5859,0.20920699462025533
133,135,121.91640555951696,12,upwind,2787,0.12451858314050025
133,135,121.91640555951696,24,downwind,3000,0.30570610419026145
133,135,121.91640555951696,24,crosswind,5857,0.15272015620554605
133,135,121.91640555951696,24,upwind,2786,0.09912993210804855
139,135,125.68878023505492,3,downwind,4328,0.2566460820853292
139,135,125.68878023505492,3,crosswind,4698,0.17407321752549856
139,135,125.68878023505492,3,upwind,2635,0.19888012423624865
139,135,125.68878023505492,6,downwind,4327,0.33182557830594656
139,135,125.68878023505492,6,crosswind,4699,0.1838163251175315
139,135,125.68878023505492,6,upwind,2634,0.18805923252438614
139,135,125.68878023505492,12,downwind,4324,0.3389742218486999
139,135,125.68878023505492,12,crosswind,4697,0.18657825121802427
139,135,125.68878023505492,12,upwind,2634,0.1365771508739369
139,135,125.68878023505492,24,downwind,4320,0.18814571679025463
139,135,125.68878023505492,24,crosswind,4692,0.1435493827771849
139,135,125.68878023505492,24,upwind,2635,0.06832538202811067
17,136,51.36234780995425,3,downwind,5454,0.29917136028787444
17,136,51.36234780995425,3,crosswind,3936,0.1781557369721447
17,136,51.36234780995425,3,upwind,2275,0.03803996844121332
17,136,51.36234780995425,6,downwind,5453,0.24745456165798993
17,136,51.36234780995425,6,crosswind,3935,0.16995609194377925
17,136,51.36234780995425,6,upwind,2275,0.027087200179315676
17,136,51.36234780995425,12,downwind,5451,0.14503774193052266
17,136,51.36234780995425,12,crosswind,3934,0.12587528885181784
17,136,51.36234780995425,12,upwind,2274,0.02687125217315632
17,136,51.36234780995425,24,downwind,5448,0.07340427723640092
17,136,51.36234780995425,24,crosswind,3930,0.0711075647833184
17,136,51.36234780995425,24,upwind,2273,-0.02743845194869811
72,136,69.88630834655059,3,downwind,3917,0.33268365010785
72,136,69.88630834655059,3,crosswind,4642,0.19681384208909106
72,136,69.88630834655059,3,upwind,3106,0.09622396736459167
72,136,69.88630834655059,6,downwind,3916,0.3233094526163645
72,136,69.88630834655059,6,crosswind,4643,0.19674602013965534
72,136,69.88630834655059,6,upwind,3104,0.10594860729296339
72,136,69.88630834655059,12,downwind,3916,0.22096082522350893
72,136,69.88630834655059,12,crosswind,4641,0.1839256543771388
72,136,69.88630834655059,12,upwind,3102,0.082265688221313
72,136,69.88630834655059,24,downwind,3914,0.14814616327028163
72,136,69.88630834655059,24,crosswind,4637,0.13066004976734677
72,136,69.88630834655059,24,upwind,3100,0.06478975144464172
109,136,87.02039654867937,3,downwind,5674,0.17793184479158786
109,136,87.02039654867937,3,crosswind,3476,0.09906171358940434
109,136,87.02039654867937,3,upwind,2325,0.03314454816901804
109,136,87.02039654867937,6,downwind,5673,0.17261564837163382
109,136,87.02039654867937,6,crosswind,3475,0.07242547436317337
109,136,87.02039654867937,6,upwind,2325,0.03541815834080569
109,136,87.02039654867937,12,downwind,5671,0.08909647145428375
109,136,87.02039654867937,12,crosswind,3474,0.04626946353733748
109,136,87.02039654867937,12,upwind,2324,0.004067883198763351
109,136,87.02039654867937,24,downwind,5668,0.05252222177518066
109,136,87.02039654867937,24,crosswind,3470,-0.035964784095257676
109,136,87.02039654867937,24,upwind,2323,-0.0033287546172899537
22,136,101.97844989192185,3,downwind,5941,0.32315222100211055
22,136,101.97844989192185,3,crosswind,3436,0.22596789935427153
22,136,101.97844989192185,3,upwind,2283,0.11237867071721518
22,136,101.97844989192185,6,downwind,5939,0.32046715360938477
22,136,101.97844989192185,6,crosswind,3435,0.2175623432051031
22,136,101.97844989192185,6,upwind,2284,0.0738999046613348
22,136,101.97844989192185,12,downwind,5937,0.2050044010485898
22,136,101.97844989192185,12,crosswind,3433,0.1484992927849458
22,136,101.97844989192185,12,upwind,2284,0.047269427433527536
22,136,101.97844989192185,24,downwind,5932,0.05931810744009742
22,136,101.97844989192185,24,crosswind,3431,0.0593375963087096
22,136,101.97844989192185,24,upwind,2283,-0.0035139475953207704
71,136,103.7921705681933,3,downwind,3027,0.24017508939374502
71,136,103.7921705681933,3,crosswind,5138,0.17694554530744286
71,136,103.7921705681933,3,upwind,3500,0.07653895336400918
71,136,103.7921705681933,6,downwind,3026,0.2716129626354118
71,136,103.7921705681933,6,crosswind,5139,0.18432680304185955
71,136,103.7921705681933,6,upwind,3498,0.10126326874946584
71,136,103.7921705681933,12,downwind,3026,0.22428772265810917
71,136,103.7921705681933,12,crosswind,5138,0.15992015141674676
71,136,103.7921705681933,12,upwind,3495,0.0858165371355272
71,136,103.7921705681933,24,downwind,3024,0.14854390204514914
71,136,103.7921705681933,24,crosswind,5134,0.13194978141981026
71,136,103.7921705681933,24,upwind,3493,0.08831876947221687
115,137,68.35974652046902,3,downwind,5893,0.22780147698363692
115,137,68.35974652046902,3,crosswind,3894,0.21922745358726622
115,137,68.35974652046902,3,upwind,1882,0.26037765947820574
115,137,68.35974652046902,6,downwind,5891,0.25483278376038354
115,137,68.35974652046902,6,crosswind,3893,0.23067132195357304
115,137,68.35974652046902,6,upwind,1882,0.26377910601044935
115,137,68.35974652046902,12,downwind,5889,0.22272412307438544
115,137,68.35974652046902,12,crosswind,3892,0.2221756536252094
115,137,68.35974652046902,12,upwind,1880,0.22860363217741844
115,137,68.35974652046902,24,downwind,5884,0.16911208868723024
115,137,68.35974652046902,24,crosswind,3893,0.161901678951206
115,137,68.35974652046902,24,upwind,1876,0.17388067754931819
38,137,69.92791665454905,3,downwind,5943,0.3319037336940044
38,137,69.92791665454905,3,crosswind,3859,0.16532540658980618
38,137,69.92791665454905,3,upwind,1857,0.06105946348382412
38,137,69.92791665454905,6,downwind,5943,0.3125576572942491
38,137,69.92791665454905,6,crosswind,3856,0.17192402312832247
38,137,69.92791665454905,6,upwind,1857,0.022326632028184155
38,137,69.92791665454905,12,downwind,5942,0.19853987750296578
38,137,69.92791665454905,12,crosswind,3854,0.13380949207905274
38,137,69.92791665454905,12,upwind,1855,0.02428313576956983
38,137,69.92791665454905,24,downwind,5937,0.09237247101885092
38,137,69.92791665454905,24,crosswind,3854,0.07514708221197526
38,137,69.92791665454905,24,upwind,1852,0.020700573751523413
131,137,104.97657605887456,3,downwind,4145,0.3441438725900009
131,137,104.97657605887456,3,crosswind,4007,0.16046486374321015
131,137,104.97657605887456,3,upwind,3517,0.08761853579429632
131,137,104.97657605887456,6,downwind,4143,0.3574437024217167
131,137,104.97657605887456,6,crosswind,4007,0.18121547469409563
131,137,104.97657605887456,6,upwind,3516,0.08016549870865292
131,137,104.97657605887456,12,downwind,4140,0.26592786139798275
131,137,104.97657605887456,12,crosswind,4004,0.16106079377184518
131,137,104.97657605887456,12,upwind,3517,0.07041856343105342
131,137,104.97657605887456,24,downwind,4136,0.11622971394482816
131,137,104.97657605887456,24,crosswind,4002,0.10330879900090408
131,137,104.97657605887456,24,upwind,3515,0.0036598741625900213
134,137,143.6110191652933,3,downwind,2749,0.13570969614366776
134,137,143.6110191652933,3,crosswind,4201,0.10403699960572342
134,137,143.6110191652933,3,upwind,4708,0.04071800001479819
134,137,143.6110191652933,6,downwind,2748,0.16115872700883122
134,137,143.6110191652933,6,crosswind,4201,0.1317550252643434
134,137,143.6110191652933,6,upwind,4706,0.05474862383631305
134,137,143.6110191652933,12,downwind,2747,0.17095071970307207
134,137,143.6110191652933,12,crosswind,4199,0.11732597783912642
134,137,143.6110191652933,12,upwind,4704,0.056879491005421876
134,137,143.6110191652933,24,downwind,2747,0.17482696285004817
134,137,143.6110191652933,24,crosswind,4193,0.08255421929496339
134,137,143.6110191652933,24,upwind,4702,0.0157695302583534
130,137,151.955521022091,3,downwind,4573,0.3338818654918813
130,137,151.955521022091,3,crosswind,3855,0.14439251930229227
130,137,151.955521022091,3,upwind,3241,0.07876786734979374
130,137,151.955521022091,6,downwind,4571,0.39976543854785485
130,137,151.955521022091,6,crosswind,3855,0.16960478115965902
130,137,151.955521022091,6,upwind,3240,0.08136054476364994
130,137,151.955521022091,12,downwind,4569,0.3480800026642106
130,137,151.955521022091,12,crosswind,3853,0.15629391826654715
130,137,151.955521022091,12,upwind,3239,0.12359931398880236
130,137,151.955521022091,24,downwind,4564,0.1848984238581251
130,137,151.955521022091,24,crosswind,3850,0.12532659913120447
130,137,151.955521022091,24,upwind,3239,0.07546889742477968
133,138,43.35426201656059,3,downwind,6517,0.2237430867486679
133,138,43.35426201656059,3,crosswind,2191,0.18462696587846877
133,138,43.35426201656059,3,upwind,2936,0.08649211290748017
133,138,43.35426201656059,6,downwind,6516,0.16031560545516357
133,138,43.35426201656059,6,crosswind,2190,0.13113230187059263
133,138,43.35426201656059,6,upwind,2936,0.07259061406739707
133,138,43.35426201656059,12,downwind,6511,0.06963948718224743
133,138,43.35426201656059,12,crosswind,2191,0.054125755578974366
133,138,43.35426201656059,12,upwind,2936,0.05252666721234414
133,138,43.35426201656059,24,downwind,6506,-0.009253361323881517
133,138,43.35426201656059,24,crosswind,2185,-0.06354204994499849
133,138,43.35426201656059,24,upwind,2939,-0.006777810599819242
134,138,45.610924968064836,3,downwind,2927,0.1185727236754873
134,138,45.610924968064836,3,crosswind,1430,0.19367564445394622
134,138,45.610924968064836,3,upwind,7291,0.1337277953957483
134,138,45.610924968064836,6,downwind,2925,0.07271784919802439
134,138,45.610924968064836,6,crosswind,1428,0.09470135031491261
134,138,45.610924968064836,6,upwind,7292,0.09698189917475306
134,138,45.610924968064836,12,downwind,2926,0.03054117104855048
134,138,45.610924968064836,12,crosswind,1429,0.031731117516512926
134,138,45.610924968064836,12,upwind,7286,0.025948922049707345
134,138,45.610924968064836,24,downwind,2927,-0.04665341831600812
134,138,45.610924968064836,24,crosswind,1426,-0.07271537474449573
134,138,45.610924968064836,24,upwind,7280,-0.057692973873321035
135,138,111.97151842269196,3,downwind,4865,0.07256936952485576
135,138,111.97151842269196,3,crosswind,4235,0.06980472052089313
135,138,111.97151842269196,3,upwind,2548,-0.037546701610259234
135,138,111.97151842269196,6,downwind,4863,0.07282485062400994
135,138,111.97151842269196,6,crosswind,4235,0.037330905668525816
135,138,111.97151842269196,6,upwind,2548,-0.0557534274540634
135,138,111.97151842269196,12,downwind,4863,0.06640064940452994
135,138,111.97151842269196,12,crosswind,4232,0.01687646818069916
135,138,111.97151842269196,12,upwind,2547,-0.11538345436126272
135,138,111.97151842269196,24,downwind,4863,0.024510791572906313
135,138,111.97151842269196,24,crosswind,4230,-0.020504782858889858
135,138,111.97151842269196,24,upwind,2541,-0.2063787238332147
71,138,115.90454322614376,3,downwind,6072,0.23454211225212582
71,138,115.90454322614376,3,crosswind,3032,0.11561393643978098
71,138,115.90454322614376,3,upwind,2544,0.08946548472100752
71,138,115.90454322614376,6,downwind,6069,0.2534492059181295
71,138,115.90454322614376,6,crosswind,3032,0.0989171265292061
71,138,115.90454322614376,6,upwind,2545,0.06995328002800677
71,138,115.90454322614376,12,downwind,6066,0.18748595957616104
71,138,115.90454322614376,12,crosswind,3031,0.030964471419246915
71,138,115.90454322614376,12,upwind,2545,0.0658535374536464
71,138,115.90454322614376,24,downwind,6058,0.06520361604299019
71,138,115.90454322614376,24,crosswind,3030,-0.05782669033053557
71,138,115.90454322614376,24,upwind,2546,0.028300692363961346
139,138,124.25762936167483,3,downwind,6348,0.20935414937950322
139,138,124.25762936167483,3,crosswind,2594,0.1305325144612624
139,138,124.25762936167483,3,upwind,2706,0.07995250357498963
139,138,124.25762936167483,6,downwind,6347,0.20707325503915905
139,138,124.25762936167483,6,crosswind,2592,0.09376907311901761
139,138,124.25762936167483,6,upwind,2707,0.00922925205963712
139,138,124.25762936167483,12,downwind,6344,0.14459404817188545
139,138,124.25762936167483,12,crosswind,2591,0.05456639987332937
139,138,124.25762936167483,12,upwind,2707,-0.0427956278470441
139,138,124.25762936167483,24,downwind,6336,0.04944679859701584
139,138,124.25762936167483,24,crosswind,2590,0.023419731535897836
139,138,124.25762936167483,24,upwind,2708,-0.12428073741552587
71,139,57.602142210296996,3,downwind,2557,0.39380386993070277
71,139,57.602142210296996,3,crosswind,4693,0.24032168489316644
71,139,57.602142210296996,3,upwind,4411,0.14335527465606654
71,139,57.602142210296996,6,downwind,2558,0.33706917300537853
71,139,57.602142210296996,6,crosswind,4693,0.23446382776627162
71,139,57.602142210296996,6,upwind,4409,0.13991723174132945
71,139,57.602142210296996,12,downwind,2556,0.2160473901788495
71,139,57.602142210296996,12,crosswind,4691,0.20774643159329526
71,139,57.602142210296996,12,upwind,4408,0.10614273114219344
71,139,57.602142210296996,24,downwind,2555,0.10666184733007052
71,139,57.602142210296996,24,crosswind,4687,0.1539713150362085
71,139,57.602142210296996,24,upwind,4405,0.06629587018181614
113,139,81.23713799670013,3,downwind,5488,0.3140004528235624
113,139,81.23713799670013,3,crosswind,3850,0.18276823664963732
113,139,81.23713799670013,3,upwind,2318,0.12752282388506941
113,139,81.23713799670013,6,downwind,5485,0.30326094456893027
113,139,81.23713799670013,6,crosswind,3851,0.17711415734237998
113,139,81.23713799670013,6,upwind,2319,0.09663283732688227
113,139,81.23713799670013,12,downwind,5482,0.22373427544265298
113,139,81.23713799670013,12,crosswind,3850,0.10695693389857505
113,139,81.23713799670013,12,upwind,2318,0.07489665688670114
113,139,81.23713799670013,24,downwind,5475,0.1146760247938058
113,139,81.23713799670013,24,crosswind,3848,0.06485575330582302
113,139,81.23713799670013,24,upwind,2319,0.07767666992791798
72,139,85.04530652325042,3,downwind,3183,0.4145886757290469
72,139,85.04530652325042,3,crosswind,4663,0.24141724158846076
72,139,85.04530652325042,3,upwind,3815,0.11977951432333252
72,139,85.04530652325042,6,downwind,3182,0.4086602853383069
72,139,85.04530652325042,6,crosswind,4665,0.26999092331158026
72,139,85.04530652325042,6,upwind,3813,0.11774693189965489
72,139,85.04530652325042,12,downwind,3180,0.2880505853137083
72,139,85.04530652325042,12,crosswind,4662,0.2444092736473461
72,139,85.04530652325042,12,upwind,3813,0.0921286518712979
72,139,85.04530652325042,24,downwind,3178,0.14410273159720782
72,139,85.04530652325042,24,crosswind,4657,0.1511207948295214
72,139,85.04530652325042,24,upwind,3812,0.07700512449058144
133,139,88.65178542255904,3,downwind,2709,0.23673632071956133
133,139,88.65178542255904,3,crosswind,2881,0.198232740200398
133,139,88.65178542255904,3,upwind,6067,0.10224527063085391
133,139,88.65178542255904,6,downwind,2709,0.2309874546659567
133,139,88.65178542255904,6,crosswind,2879,0.18498628090647617
133,139,88.65178542255904,6,upwind,6068,0.12814591873100026
133,139,88.65178542255904,12,downwind,2710,0.1803771125722974
133,139,88.65178542255904,12,crosswind,2875,0.14637837344114904
133,139,88.65178542255904,12,upwind,6066,0.13338830766525758
133,139,88.65178542255904,24,downwind,2709,0.07792037674569047
133,139,88.65178542255904,24,crosswind,2873,0.05591306504256161
133,139,88.65178542255904,24,upwind,6061,0.0836401913725232
111,139,111.97634337679918,3,downwind,5411,0.2639560805076697
111,139,111.97634337679918,3,crosswind,4000,0.11128138960446396
111,139,111.97634337679918,3,upwind,2044,0.10795312383227591
111,139,111.97634337679918,6,downwind,5410,0.292035068987142
111,139,111.97634337679918,6,crosswind,3999,0.1337349943523962
111,139,111.97634337679918,6,upwind,2045,0.06045126423962131
111,139,111.97634337679918,12,downwind,5407,0.23597552847021366
111,139,111.97634337679918,12,crosswind,3997,0.09826434033361084
111,139,111.97634337679918,12,upwind,2045,0.007077203990265141
111,139,111.97634337679918,24,downwind,5402,0.10103935495926158
111,139,111.97634337679918,24,crosswind,3995,0.046607722984962775
111,139,111.97634337679918,24,upwind,2044,-0.010185494956772683
142,140,118.97893959712427,3,downwind,2737,0.13028780066183265
142,140,118.97893959712427,3,crosswind,6329,0.12707391847563665
142,140,118.97893959712427,3,upwind,2591,-0.009705456147771033
142,140,118.97893959712427,6,downwind,2736,0.1451215072274053
142,140,118.97893959712427,6,crosswind,6329,0.14360557941071084
142,140,118.97893959712427,6,upwind,2591,-0.022804066516472248
142,140,118.97893959712427,12,downwind,2736,0.16331193667336705
142,140,118.97893959712427,12,crosswind,6325,0.16720579276496547
142,140,118.97893959712427,12,upwind,2590,-0.026247545527670103
142,140,118.97893959712427,24,downwind,2736,0.09696730161061684
142,140,118.97893959712427,24,crosswind,6318,0.11938115105217256
142,140,118.97893959712427,24,upwind,2589,-0.017272296919289727
135,140,119.8914890420163,3,downwind,6325,0.30526591480445936
135,140,119.8914890420163,3,crosswind,3042,0.129266291200967
135,140,119.8914890420163,3,upwind,2290,0.12265679081824242
135,140,119.8914890420163,6,downwind,6324,0.3235996051514159
135,140,119.8914890420163,6,crosswind,3043,0.14091452826033107
135,140,119.8914890420163,6,upwind,2289,0.13977176982070436
135,140,119.8914890420163,12,downwind,6320,0.2780381271363525
135,140,119.8914890420163,12,crosswind,3043,0.15981841116029588
135,140,119.8914890420163,12,upwind,2288,0.13284597395393077
135,140,119.8914890420163,24,downwind,6313,0.13102878075955088
135,140,119.8914890420163,24,crosswind,3042,0.10852148304895039
135,140,119.8914890420163,24,upwind,2288,0.10262122082069028
141,140,123.551920992811,3,downwind,2897,0.15555006538786048
141,140,123.551920992811,3,crosswind,2135,0.14107050044089056
141,140,123.551920992811,3,upwind,6625,0.1219645222930251
141,140,123.551920992811,6,downwind,2897,0.1681509379520739
141,140,123.551920992811,6,crosswind,2134,0.13752134412741013
141,140,123.551920992811,6,upwind,6625,0.08619379629983984
141,140,123.551920992811,12,downwind,2897,0.14235698502702124
141,140,123.551920992811,12,crosswind,2134,0.09057790716829477
141,140,123.551920992811,12,upwind,6620,0.03950422944566537
141,140,123.551920992811,24,downwind,2897,0.0728810610095397
141,140,123.551920992811,24,crosswind,2133,-8.673744156075196e-05
141,140,123.551920992811,24,upwind,6613,0.011369922531242372
73,140,126.33242984401342,3,downwind,1829,0.2747287891110792
73,140,126.33242984401342,3,crosswind,6136,0.24401860776759043
73,140,126.33242984401342,3,upwind,3682,0.14548358831445793
73,140,126.33242984401342,6,downwind,1829,0.3253594402128441
73,140,126.33242984401342,6,crosswind,6135,0.2707076018889205
73,140,126.33242984401342,6,upwind,3682,0.17252050579021766
73,140,126.33242984401342,12,downwind,1830,0.2959000090832725
73,140,126.33242984401342,12,crosswind,6129,0.2406330741871596
73,140,126.33242984401342,12,upwind,3682,0.14481282483191202
73,140,126.33242984401342,24,downwind,1828,0.19216049447224592
73,140,126.33242984401342,24,crosswind,6124,0.1133076384897432
73,140,126.33242984401342,24,upwind,3681,0.04660563141951253
134,140,139.5102522058559,3,downwind,6457,0.21330374676211258
134,140,139.5102522058559,3,crosswind,2006,0.08243040093852667
134,140,139.5102522058559,3,upwind,3193,0.083819909448043
134,140,139.5102522058559,6,downwind,6456,0.27653854216681856
134,140,139.5102522058559,6,crosswind,2006,0.11355977562260951
134,140,139.5102522058559,6,upwind,3193,0.06797498456492837
134,140,139.5102522058559,12,downwind,6454,0.33055627047932784
134,140,139.5102522058559,12,crosswind,2005,0.11398808715591767
134,140,139.5102522058559,12,upwind,3191,0.09230001460332882
134,140,139.5102522058559,24,downwind,6447,0.22236619067025942
134,140,139.5102522058559,24,crosswind,2002,0.008014511801078953
134,140,139.5102522058559,24,upwind,3193,0.058830458314324235
142,141,96.26246962743826,3,downwind,6802,0.18596297315569635
142,141,96.26246962743826,3,crosswind,2128,0.04882897133939234
142,141,96.26246962743826,3,upwind,2728,0.016280741050331737
142,141,96.26246962743826,6,downwind,6801,0.2400196810160585
142,141,96.26246962743826,6,crosswind,2128,0.06675528585797635
142,141,96.26246962743826,6,upwind,2728,0.07342879615351933
142,141,96.26246962743826,12,downwind,6797,0.23436657754353027
142,141,96.26246962743826,12,crosswind,2126,0.07756807923355148
142,141,96.26246962743826,12,upwind,2729,0.11314037248500274
142,141,96.26246962743826,24,downwind,6791,0.19140832169945732
142,141,96.26246962743826,24,crosswind,2128,0.09487446712276709
142,141,96.26246962743826,24,upwind,2725,0.023304015846327474
140,141,123.551920992811,3,downwind,5670,0.2313026825693106
140,141,123.551920992811,3,crosswind,3241,0.1302864594134067
140,141,123.551920992811,3,upwind,2747,0.13345700803140303
140,141,123.551920992811,6,downwind,5669,0.2893519101831994
140,141,123.551920992811,6,crosswind,3241,0.19403566891756566
140,141,123.551920992811,6,upwind,2747,0.18202273225777454
140,141,123.551920992811,12,downwind,5664,0.3152231445423351
140,141,123.551920992811,12,crosswind,3241,0.22598953396418953
140,141,123.551920992811,12,upwind,2747,0.2422289969316789
140,141,123.551920992811,24,downwind,5655,0.2469929650205886
140,141,123.551920992811,24,crosswind,3241,0.27306127642737005
140,141,123.551920992811,24,upwind,2748,0.20065365007406097
39,141,124.29339249206056,3,downwind,1370,0.2994094486177167
39,141,124.29339249206056,3,crosswind,8447,0.20547730071046527
39,141,124.29339249206056,3,upwind,1842,0.13369187583297265
39,141,124.29339249206056,6,downwind,1371,0.3478702164324741
39,141,124.29339249206056,6,crosswind,8445,0.2623299428212256
39,141,124.29339249206056,6,upwind,1842,0.17838869385181874
39,141,124.29339249206056,12,downwind,1372,0.35598361593618577
39,141,124.29339249206056,12,crosswind,8439,0.2798359648748713
39,141,124.29339249206056,12,upwind,1842,0.18423187704619787
39,141,124.29339249206056,24,downwind,1369,0.24257227919925392
39,141,124.29339249206056,24,crosswind,8433,0.1980443726232871
39,141,124.29339249206056,24,upwind,1843,0.18028362703866216
73,141,190.91594545165557,3,downwind,3063,0.3223590519810943
73,141,190.91594545165557,3,crosswind,5262,0.2148995720690725
73,141,190.91594545165557,3,upwind,3324,0.10991358385993588
73,141,190.91594545165557,6,downwind,3062,0.4273157737320463
73,141,190.91594545165557,6,crosswind,5262,0.26883153488415595
73,141,190.91594545165557,6,upwind,3324,0.1663690122256739
73,141,190.91594545165557,12,downwind,3060,0.4537028707158141
73,141,190.91594545165557,12,crosswind,5260,0.2992588965310108
73,141,190.91594545165557,12,upwind,3323,0.17561502370209836
73,141,190.91594545165557,24,downwind,3056,0.3354973917519907
73,141,190.91594545165557,24,crosswind,5255,0.2069807114526288
73,141,190.91594545165557,24,upwind,3324,0.1619612110276768
36,141,199.23983674129096,3,downwind,7690,0.20836545330308356
36,141,199.23983674129096,3,crosswind,1210,0.042661166250062624
36,141,199.23983674129096,3,upwind,2759,0.02027019179166727
36,141,199.23983674129096,6,downwind,7689,0.2737988742591043
36,141,199.23983674129096,6,crosswind,1210,0.03810354264340968
36,141,199.23983674129096,6,upwind,2759,0.04929348545253046
36,141,199.23983674129096,12,downwind,7686,0.2932996439244177
36,141,199.23983674129096,12,crosswind,1209,0.05181419887986578
36,141,199.23983674129096,12,upwind,2758,0.07168291066522897
36,141,199.23983674129096,24,downwind,7678,0.21082166690083928
36,141,199.23983674129096,24,crosswind,1210,0.02184670092112858
36,141,199.23983674129096,24,upwind,2757,0.037829441357125126
141,142,96.26246962743826,3,downwind,2056,0.30252334836658773
141,142,96.26246962743826,3,crosswind,4378,0.3674267776767625
141,142,96.26246962743826,3,upwind,5223,0.15270164407556225
141,142,96.26246962743826,6,downwind,2057,0.34936989310611377
141,142,96.26246962743826,6,crosswind,4377,0.41778071887260554
141,142,96.26246962743826,6,upwind,5222,0.1350878901549818
141,142,96.26246962743826,12,downwind,2058,0.26210486913370074
141,142,96.26246962743826,12,crosswind,4372,0.33286034785120805
141,142,96.26246962743826,12,upwind,5221,0.10206262786636999
141,142,96.26246962743826,24,downwind,2055,0.12655710442069884
141,142,96.26246962743826,24,crosswind,4365,0.1335992940844536
141,142,96.26246962743826,24,upwind,5223,-0.007856835906083345
36,142,105.20250486557484,3,downwind,7675,0.3434571180554789
36,142,105.20250486557484,3,crosswind,1213,0.10574215964547827
36,142,105.20250486557484,3,upwind,2769,0.1865393352315298
36,142,105.20250486557484,6,downwind,7675,0.39386320980327594
36,142,105.20250486557484,6,crosswind,1212,0.07986713515588494
36,142,105.20250486557484,6,upwind,2769,0.12824221630050786
36,142,105.20250486557484,12,downwind,7670,0.31529720913393017
36,142,105.20250486557484,12,crosswind,1213,0.01494528999055786
36,142,105.20250486557484,12,upwind,2768,0.03272392223594055
36,142,105.20250486557484,24,downwind,7663,0.12753580062228187
36,142,105.20250486557484,24,crosswind,1213,-0.011286375869006923
36,142,105.20250486557484,24,upwind,2767,0.020806843199760727
140,142,118.97893959712427,3,downwind,2942,0.35918977904550636
140,142,118.97893959712427,3,crosswind,5226,0.24780967974415422
140,142,118.97893959712427,3,upwind,3489,0.15984399709505875
140,142,118.97893959712427,6,downwind,2941,0.4634410245126068
140,142,118.97893959712427,6,crosswind,5226,0.2875255364122153
140,142,118.97893959712427,6,upwind,3489,0.18288502465787376
140,142,118.97893959712427,12,downwind,2938,0.49735859420298884
140,142,118.97893959712427,12,crosswind,5225,0.26712908310165706
140,142,118.97893959712427,12,upwind,3488,0.16290307400810805
140,142,118.97893959712427,24,downwind,2930,0.3645897165640083
140,142,118.97893959712427,24,crosswind,5223,0.1996020449747034
140,142,118.97893959712427,24,upwind,3490,0.14114012253672825
135,142,164.25401015361678,3,downwind,4465,0.29137238127394094
135,142,164.25401015361678,3,crosswind,4112,0.16139939047581764
135,142,164.25401015361678,3,upwind,3080,0.10457902274118758
135,142,164.25401015361678,6,downwind,4464,0.3672098358836035
135,142,164.25401015361678,6,crosswind,4112,0.18278128680967248
135,142,164.25401015361678,6,upwind,3080,0.12496095050774031
135,142,164.25401015361678,12,downwind,4459,0.4016626697910047
135,142,164.25401015361678,12,crosswind,4113,0.19428874093685963
135,142,164.25401015361678,12,upwind,3079,0.1460785805989024
135,142,164.25401015361678,24,downwind,4451,0.27236345663941336
135,142,164.25401015361678,24,crosswind,4111,0.11505700454101599
135,142,164.25401015361678,24,upwind,3081,0.08985089416764738
35,142,181.11482439656126,3,downwind,6629,0.2783724725648434
35,142,181.11482439656126,3,crosswind,3160,0.1564017277051141
35,142,181.11482439656126,3,upwind,1865,0.08644777511777632
35,142,181.11482439656126,6,downwind,6629,0.35009713209836235
35,142,181.11482439656126,6,crosswind,3160,0.16909520814269058
35,142,181.11482439656126,6,upwind,1864,0.07187087641673214
35,142,181.11482439656126,12,downwind,6626,0.3712411461241657
35,142,181.11482439656126,12,crosswind,3157,0.1325833166982724
35,142,181.11482439656126,12,upwind,1865,0.051555902260700136
35,142,181.11482439656126,24,downwind,6618,0.21754170163016884
35,142,181.11482439656126,24,crosswind,3159,0.03844996684394453
35,142,181.11482439656126,24,upwind,1863,0.006423346266242273
75,143,34.293966608774234,3,downwind,4609,0.40029893628260743
75,143,34.293966608774234,3,crosswind,1512,0.26668646322706235
75,143,34.293966608774234,3,upwind,5531,0.18389272995699493
75,143,34.293966608774234,6,downwind,4606,0.3152569070412987
75,143,34.293966608774234,6,crosswind,1514,0.2385399010982486
75,143,34.293966608774234,6,upwind,5531,0.14991728648139188
75,143,34.293966608774234,12,downwind,4601,0.16602942294330103
75,143,34.293966608774234,12,crosswind,1514,0.1908510211668753
75,143,34.293966608774234,12,upwind,5531,0.06268518325312136
75,143,34.293966608774234,24,downwind,4599,0.06639420876339251
75,143,34.293966608774234,24,crosswind,1509,0.16340821726547136
75,143,34.293966608774234,24,upwind,5530,0.04803130044355929
144,143,65.49026320496287,3,downwind,5218,0.26432306257197874
144,143,65.49026320496287,3,crosswind,1776,0.1977401026880063
144,143,65.49026320496287,3,upwind,4661,0.1057656419877246
144,143,65.49026320496287,6,downwind,5218,0.2709663645876999
144,143,65.49026320496287,6,crosswind,1777,0.15997972213764877
144,143,65.49026320496287,6,upwind,4659,0.12831974901544355
144,143,65.49026320496287,12,downwind,5216,0.21624746249495325
144,143,65.49026320496287,12,crosswind,1777,0.11802820394022531
144,143,65.49026320496287,12,upwind,4656,0.09197134536022174
144,143,65.49026320496287,24,downwind,5214,0.13221627819855278
144,143,65.49026320496287,24,crosswind,1774,0.11849045249947505
144,143,65.49026320496287,24,upwind,4653,0.029686551120819336
145,143,72.76650399971471,3,downwind,2954,0.26366663385456535
145,143,72.76650399971471,3,crosswind,7045,0.21633346445547985
145,143,72.76650399971471,3,upwind,1656,0.057210438730334844
145,143,72.76650399971471,6,downwind,2955,0.27644807297931034
145,143,72.76650399971471,6,crosswind,7041,0.22625693374872832
145,143,72.76650399971471,6,upwind,1658,0.05491213737796374
145,143,72.76650399971471,12,downwind,2955,0.21730501344731878
145,143,72.76650399971471,12,crosswind,7035,0.16205040086451303
145,143,72.76650399971471,12,upwind,1659,0.050299827901774674
145,143,72.76650399971471,24,downwind,2953,0.07340171106803402
145,143,72.76650399971471,24,crosswind,7030,0.07910187597446627
145,143,72.76650399971471,24,upwind,1658,0.0021209356275190324
5,143,93.45999842717292,3,downwind,4460,0.38633849123792485
5,143,93.45999842717292,3,crosswind,1595,0.1607265847991787
5,143,93.45999842717292,3,upwind,5600,0.08112198770538327
5,143,93.45999842717292,6,downwind,4458,0.3692739573510865
5,143,93.45999842717292,6,crosswind,1595,0.14815246207416397
5,143,93.45999842717292,6,upwind,5601,0.0728301793662496
5,143,93.45999842717292,12,downwind,4455,0.23728502147962485
5,143,93.45999842717292,12,crosswind,1593,0.13083892650226742
5,143,93.45999842717292,12,upwind,5601,0.06730311541912087
5,143,93.45999842717292,24,downwind,4451,0.12024604731388752
5,143,93.45999842717292,24,crosswind,1591,0.13915115117876126
5,143,93.45999842717292,24,upwind,5599,0.05879529644177678
76,143,111.8644119184811,3,downwind,5119,0.1878452500365343
76,143,111.8644119184811,3,crosswind,2523,0.1975257996593557
76,143,111.8644119184811,3,upwind,4013,0.10464949588755285
76,143,111.8644119184811,6,downwind,5118,0.21445216191443175
76,143,111.8644119184811,6,crosswind,2526,0.22340623782824484
76,143,111.8644119184811,6,upwind,4010,0.11682810634193726
76,143,111.8644119184811,12,downwind,5115,0.1613166322398225
76,143,111.8644119184811,12,crosswind,2526,0.21119789919729312
76,143,111.8644119184811,12,upwind,4008,0.10207126724319211
76,143,111.8644119184811,24,downwind,5107,0.06071765689983108
76,143,111.8644119184811,24,crosswind,2527,0.14798064328724328
76,143,111.8644119184811,24,upwind,4007,0.028153725619419902
77,144,59.081233556601546,3,downwind,3959,0.3188955976382734
77,144,59.081233556601546,3,crosswind,2083,0.1891051041710243
77,144,59.081233556601546,3,upwind,5616,0.055622395519853755
77,144,59.081233556601546,6,downwind,3959,0.3414999921077881
77,144,59.081233556601546,6,crosswind,2083,0.23121057651114535
77,144,59.081233556601546,6,upwind,5615,0.07476533255154241
77,144,59.081233556601546,12,downwind,3956,0.2913843989380565
77,144,59.081233556601546,12,crosswind,2085,0.18358965342619757
77,144,59.081233556601546,12,upwind,5611,0.07216757503142947
77,144,59.081233556601546,24,downwind,3958,0.16226004591348372
77,144,59.081233556601546,24,crosswind,2080,0.15288087673532744
77,144,59.081233556601546,24,upwind,5606,0.014486271668590005
42,144,62.20892962080598,3,downwind,4529,0.3007331379304094
42,144,62.20892962080598,3,crosswind,3179,0.3326921336464341
42,144,62.20892962080598,3,upwind,3951,0.1225138983272704
42,144,62.20892962080598,6,downwind,4529,0.3205616226797266
42,144,62.20892962080598,6,crosswind,3180,0.36308937656913354
42,144,62.20892962080598,6,upwind,3949,0.13544260427524268
42,144,62.20892962080598,12,downwind,4526,0.2211557692137276
42,144,62.20892962080598,12,crosswind,3180,0.3240763328017915
42,144,62.20892962080598,12,upwind,3947,0.11634451113098461
42,144,62.20892962080598,24,downwind,4522,0.11904416169178718
42,144,62.20892962080598,24,crosswind,3177,0.23806906151468335
42,144,62.20892962080598,24,upwind,3946,0.0493174307212411
143,144,65.49026320496287,3,downwind,4778,0.2848864333449688
143,144,65.49026320496287,3,crosswind,1403,0.10748299686207798
143,144,65.49026320496287,3,upwind,5476,0.04996440420501775
143,144,65.49026320496287,6,downwind,4776,0.23870269940759037
143,144,65.49026320496287,6,crosswind,1404,0.1866629073147245
143,144,65.49026320496287,6,upwind,5476,0.06588268179588025
143,144,65.49026320496287,12,downwind,4772,0.14747250062914263
143,144,65.49026320496287,12,crosswind,1404,0.17664296750916697
143,144,65.49026320496287,12,upwind,5475,0.048621361740259175
143,144,65.49026320496287,24,downwind,4768,0.07043178455999576
143,144,65.49026320496287,24,crosswind,1400,0.11273160086977353
143,144,65.49026320496287,24,upwind,5475,-0.00961625073939176
76,144,70.30545883628344,3,downwind,4501,0.2450309140719645
76,144,70.30545883628344,3,crosswind,4692,0.12472183794199226
76,144,70.30545883628344,3,upwind,2466,0.1929298210049432
76,144,70.30545883628344,6,downwind,4502,0.2596351924048739
76,144,70.30545883628344,6,crosswind,4690,0.12867822745336466
76,144,70.30545883628344,6,upwind,2466,0.18070455847642578
76,144,70.30545883628344,12,downwind,4501,0.1633537691040526
76,144,70.30545883628344,12,crosswind,4688,0.08961788906280124
76,144,70.30545883628344,12,upwind,2464,0.15118992819021848
76,144,70.30545883628344,24,downwind,4494,0.060561200764673674
76,144,70.30545883628344,24,crosswind,4686,0.021746989094565003
76,144,70.30545883628344,24,upwind,2465,0.03543548964982261
119,144,95.34998703525412,3,downwind,3825,0.2374068161884521
119,144,95.34998703525412,3,crosswind,3084,0.15109738531296782
119,144,95.34998703525412,3,upwind,4737,0.07254545381513888
119,144,95.34998703525412,6,downwind,3825,0.28517880882362456
119,144,95.34998703525412,6,crosswind,3084,0.1684652519761367
119,144,95.34998703525412,6,upwind,4736,0.08612138667709675
119,144,95.34998703525412,12,downwind,3823,0.27635095387579917
119,144,95.34998703525412,12,crosswind,3082,0.18289301491991347
119,144,95.34998703525412,12,upwind,4735,0.10879354775236084
119,144,95.34998703525412,24,downwind,3824,0.19076395012450262
119,144,95.34998703525412,24,crosswind,3078,0.13868427631859567
119,144,95.34998703525412,24,upwind,4730,0.08716094499240527
65,145,67.32240043700163,3,downwind,5370,0.1587714372338936
65,145,67.32240043700163,3,crosswind,3296,0.04950408899448038
65,145,67.32240043700163,3,upwind,2994,-0.04185920559390101
65,145,67.32240043700163,6,downwind,5370,0.16469012160479524
65,145,67.32240043700163,6,crosswind,3296,0.058533486041123135
65,145,67.32240043700163,6,upwind,2993,-0.014390341329158004
65,145,67.32240043700163,12,downwind,5368,0.10361216463890136
65,145,67.32240043700163,12,crosswind,3295,0.04867861226217535
65,145,67.32240043700163,12,upwind,2991,0.010962023633743483
65,145,67.32240043700163,24,downwind,5364,0.011730124019188277
65,145,67.32240043700163,24,crosswind,3292,0.052259417682388114
65,145,67.32240043700163,24,upwind,2990,0.03764581089352295
75,145,70.93601828036174,3,downwind,1878,0.32907665414177734
75,145,70.93601828036174,3,crosswind,6743,0.17544316243367528
75,145,70.93601828036174,3,upwind,3036,0.056001502988742104
75,145,70.93601828036174,6,downwind,1878,0.32855321977052493
75,145,70.93601828036174,6,crosswind,6744,0.16791376317183454
75,145,70.93601828036174,6,upwind,3034,0.07605719037883954
75,145,70.93601828036174,12,downwind,1875,0.24562978264047375
75,145,70.93601828036174,12,crosswind,6741,0.11883633155669908
75,145,70.93601828036174,12,upwind,3035,0.07905536781232277
75,145,70.93601828036174,24,downwind,1873,0.19524846490725997
75,145,70.93601828036174,24,crosswind,6741,0.08012923161390072
75,145,70.93601828036174,24,upwind,3029,0.07703245693911194
143,145,72.76650399971471,3,downwind,1814,0.2484214768475407
143,145,72.76650399971471,3,crosswind,7636,0.05612470937421108
143,145,72.76650399971471,3,upwind,2208,0.08025661841832887
143,145,72.76650399971471,6,downwind,1814,0.2692901894497873
143,145,72.76650399971471,6,crosswind,7635,0.08269255539391847
143,145,72.76650399971471,6,upwind,2208,0.08674042213343362
143,145,72.76650399971471,12,downwind,1815,0.17966281618777957
143,145,72.76650399971471,12,crosswind,7628,0.064696258788572
143,145,72.76650399971471,12,upwind,2209,0.05353104802647329
143,145,72.76650399971471,24,downwind,1814,0.07303906095360792
143,145,72.76650399971471,24,crosswind,7626,0.02596147439388193
143,145,72.76650399971471,24,upwind,2204,0.06842075729993091
5,145,105.56623081431525,3,downwind,3841,0.289339824168479
5,145,105.56623081431525,3,crosswind,2504,0.16720407789787425
5,145,105.56623081431525,3,upwind,5316,0.0046363018956186676
5,145,105.56623081431525,6,downwind,3840,0.2862543249319177
5,145,105.56623081431525,6,crosswind,2503,0.171818781787232
5,145,105.56623081431525,6,upwind,5317,0.021682849049815843
5,145,105.56623081431525,12,downwind,3837,0.18422266218384384
5,145,105.56623081431525,12,crosswind,2502,0.14357071095683957
5,145,105.56623081431525,12,upwind,5316,0.03830067227140478
5,145,105.56623081431525,24,downwind,3833,0.10341597241432339
5,145,105.56623081431525,24,crosswind,2504,0.10014748777673584
5,145,105.56623081431525,24,upwind,5310,0.05830337180496965
55,145,113.43982091033972,3,downwind,4015,0.2639654081680771
55,145,113.43982091033972,3,crosswind,2720,0.09263958884536916
55,145,113.43982091033972,3,upwind,4893,0.013235901105387575
55,145,113.43982091033972,6,downwind,4014,0.26036653655192943
55,145,113.43982091033972,6,crosswind,2720,0.08615256983100344
55,145,113.43982091033972,6,upwind,4893,0.04310207702117392
55,145,113.43982091033972,12,downwind,4010,0.1596530303669086
55,145,113.43982091033972,12,crosswind,2720,0.07685446463777398
55,145,113.43982091033972,12,upwind,4892,0.04872056635952502
55,145,113.43982091033972,24,downwind,4008,0.09088654418970837
55,145,113.43982091033972,24,crosswind,2714,-0.0011713871923005215
55,145,113.43982091033972,24,upwind,4892,0.03213053486360651
147,146,52.10228271062894,3,downwind,4482,0.20700031123112367
147,146,52.10228271062894,3,crosswind,3531,0.12051046014135025
147,146,52.10228271062894,3,upwind,3619,-0.020223042787580855
147,146,52.10228271062894,6,downwind,4479,0.2129299854826015
147,146,52.10228271062894,6,crosswind,3531,0.13618356789527958
147,146,52.10228271062894,6,upwind,3617,0.00534999392567589
147,146,52.10228271062894,12,downwind,4477,0.15365810188887888
147,146,52.10228271062894,12,crosswind,3532,0.09265838670887824
147,146,52.10228271062894,12,upwind,3611,0.027102121813758828
147,146,52.10228271062894,24,downwind,4467,0.05433283381587884
147,146,52.10228271062894,24,crosswind,3531,0.08526303025998427
147,146,52.10228271062894,24,upwind,3611,0.0025053632596566708
78,146,59.186256269092425,3,downwind,3627,0.18784789681748115
78,146,59.186256269092425,3,crosswind,3140,0.1624753352543824
78,146,59.186256269092425,3,upwind,4867,0.00629702235593084
78,146,59.186256269092425,6,downwind,3625,0.20878377100805076
78,146,59.186256269092425,6,crosswind,3139,0.179966179789426
78,146,59.186256269092425,6,upwind,4865,0.048410866975173224
78,146,59.186256269092425,12,downwind,3622,0.1509908567313114
78,146,59.186256269092425,12,crosswind,3136,0.16101318558645517
78,146,59.186256269092425,12,upwind,4864,0.07588688764460005
78,146,59.186256269092425,24,downwind,3621,0.06716882680174958
78,146,59.186256269092425,24,crosswind,3129,0.17516892879736337
78,146,59.186256269092425,24,upwind,4861,0.06898132838944504
42,146,85.2551821294276,3,downwind,3323,0.44007420006271847
42,146,85.2551821294276,3,crosswind,3806,0.2577216436426453
42,146,85.2551821294276,3,upwind,4505,0.07971152191991548
42,146,85.2551821294276,6,downwind,3319,0.3950781205840867
42,146,85.2551821294276,6,crosswind,3807,0.28395637289704667
42,146,85.2551821294276,6,upwind,4503,0.09398920252403285
42,146,85.2551821294276,12,downwind,3317,0.2709833101204318
42,146,85.2551821294276,12,crosswind,3808,0.228786139388419
42,146,85.2551821294276,12,upwind,4497,0.11851881087684941
42,146,85.2551821294276,24,downwind,3321,0.12668302671296228
42,146,85.2551821294276,24,crosswind,3806,0.1045544788864136
42,146,85.2551821294276,24,upwind,4484,0.10305592694082238
118,146,88.89909956813356,3,downwind,4454,0.2589045544544939
118,146,88.89909956813356,3,crosswind,5152,0.1045302834333506
118,146,88.89909956813356,3,upwind,2025,0.02924845561187817
118,146,88.89909956813356,6,downwind,4451,0.27753009682613794
118,146,88.89909956813356,6,crosswind,5150,0.10640014333211821
118,146,88.89909956813356,6,upwind,2025,0.04463339199637763
118,146,88.89909956813356,12,downwind,4451,0.20274283587614866
118,146,88.89909956813356,12,crosswind,5146,0.08387629543641739
118,146,88.89909956813356,12,upwind,2022,0.0408633751712309
118,146,88.89909956813356,24,downwind,4440,0.09945502100972933
118,146,88.89909956813356,24,crosswind,5148,0.05731056602287128
118,146,88.89909956813356,24,upwind,2020,0.04448268390605514
76,146,99.77394318787519,3,downwind,4467,0.4031834847542424
76,146,99.77394318787519,3,crosswind,2354,0.19952487284654918
76,146,99.77394318787519,3,upwind,4813,0.07643939222782073
76,146,99.77394318787519,6,downwind,4464,0.37112988586416934
76,146,99.77394318787519,6,crosswind,2354,0.21185845326880626
76,146,99.77394318787519,6,upwind,4811,0.045637085477789795
76,146,99.77394318787519,12,downwind,4461,0.21035162737790106
76,146,99.77394318787519,12,crosswind,2355,0.1814427740553619
76,146,99.77394318787519,12,upwind,4806,0.022954247865134808
76,146,99.77394318787519,24,downwind,4462,0.05893276419045142
76,146,99.77394318787519,24,crosswind,2350,0.04817890321548664
76,146,99.77394318787519,24,upwind,4799,0.016337451769392036
146,147,52.10228271062894,3,downwind,3685,0.49672987329151014
146,147,52.10228271062894,3,crosswind,3468,0.28107358727280646
146,147,52.10228271062894,3,upwind,4486,0.15881080965722685
146,147,52.10228271062894,6,downwind,3684,0.4023329624175713
146,147,52.10228271062894,6,crosswind,3468,0.2303294938146335
146,147,52.10228271062894,6,upwind,4486,0.14694762060116517
146,147,52.10228271062894,12,downwind,3681,0.28165503965110217
146,147,52.10228271062894,12,crosswind,3467,0.1445598843868965
146,147,52.10228271062894,12,upwind,4485,0.10628954074688254
146,147,52.10228271062894,24,downwind,3681,0.16667468262962257
146,147,52.10228271062894,24,crosswind,3467,0.08268425952008926
146,147,52.10228271062894,24,upwind,4477,0.03133970731034776
118,147,58.66021066780767,3,downwind,4797,0.3284372808652932
118,147,58.66021066780767,3,crosswind,4420,0.26226621357401037
118,147,58.66021066780767,3,upwind,2437,0.10832057404704863
118,147,58.66021066780767,6,downwind,4795,0.27822819644378566
118,147,58.66021066780767,6,crosswind,4420,0.22543333575059496
118,147,58.66021066780767,6,upwind,2438,0.10494697544402588
118,147,58.66021066780767,12,downwind,4795,0.17610189996778483
118,147,58.66021066780767,12,crosswind,4416,0.14072020235675542
118,147,58.66021066780767,12,upwind,2437,0.091837296905721
118,147,58.66021066780767,24,downwind,4789,0.09382337219776123
118,147,58.66021066780767,24,crosswind,4413,0.07844012700371122
118,147,58.66021066780767,24,upwind,2438,0.0352459906178609
150,147,64.628138253763,3,downwind,4026,0.19932248567636646
150,147,64.628138253763,3,crosswind,3095,0.08097861833841624
150,147,64.628138253763,3,upwind,4527,0.009991030175992609
150,147,64.628138253763,6,downwind,4026,0.16944716540238045
150,147,64.628138253763,6,crosswind,3096,0.05270828494939245
150,147,64.628138253763,6,upwind,4525,0.026179651648857497
150,147,64.628138253763,12,downwind,4025,0.0906568196536485
150,147,64.628138253763,12,crosswind,3095,0.05728155632370808
150,147,64.628138253763,12,upwind,4522,0.03185124358277133
150,147,64.628138253763,24,downwind,4024,0.023626089431486846
150,147,64.628138253763,24,crosswind,3090,0.019999900321775725
150,147,64.628138253763,24,upwind,4520,0.024364322043877375
78,147,73.21800462354715,3,downwind,2657,0.2966841733377993
78,147,73.21800462354715,3,crosswind,5398,0.14313689254454326
78,147,73.21800462354715,3,upwind,3602,0.0973176198183121
78,147,73.21800462354715,6,downwind,2657,0.31548507133897574
78,147,73.21800462354715,6,crosswind,5397,0.1517031690713181
78,147,73.21800462354715,6,upwind,3602,0.10400140062748534
78,147,73.21800462354715,12,downwind,2654,0.24411839519595327
78,147,73.21800462354715,12,crosswind,5395,0.14931309612951077
78,147,73.21800462354715,12,upwind,3602,0.10951632668113116
78,147,73.21800462354715,24,downwind,2654,0.17565784184119054
78,147,73.21800462354715,24,crosswind,5393,0.09195455485464628
78,147,73.21800462354715,24,upwind,3596,0.14254445896069282
42,147,136.46872651020936,3,downwind,3154,0.41923628804385865
42,147,136.46872651020936,3,crosswind,3998,0.21723028685991863
42,147,136.46872651020936,3,upwind,4505,0.08668086422460144
42,147,136.46872651020936,6,downwind,3152,0.4647855723007765
42,147,136.46872651020936,6,crosswind,3999,0.2678605169640728
42,147,136.46872651020936,6,upwind,4505,0.10419480420563428
42,147,136.46872651020936,12,downwind,3150,0.372389124051334
42,147,136.46872651020936,12,crosswind,3999,0.27450923797039667
42,147,136.46872651020936,12,upwind,4502,0.13868140618317398
42,147,136.46872651020936,24,downwind,3150,0.2202945297645788
42,147,136.46872651020936,24,crosswind,3999,0.1950068665919357
42,147,136.46872651020936,24,upwind,4494,0.11375241249127764
78,148,106.72456480367968,3,downwind,4789,0.33772552007065937
78,148,106.72456480367968,3,crosswind,3034,0.24377826822656956
78,148,106.72456480367968,3,upwind,3836,0.11593083642388155
78,148,106.72456480367968,6,downwind,4787,0.36869717597554214
78,148,106.72456480367968,6,crosswind,3035,0.28043977539272835
78,148,106.72456480367968,6,upwind,3836,0.13597473261054152
78,148,106.72456480367968,12,downwind,4787,0.2626519027080846
78,148,106.72456480367968,12,crosswind,3033,0.2834805754441157
78,148,106.72456480367968,12,upwind,3833,0.16174156423652403
78,148,106.72456480367968,24,downwind,4784,0.1474858600783505
78,148,106.72456480367968,24,crosswind,3030,0.2561583564165873
78,148,106.72456480367968,24,upwind,3831,0.09555196061255025
153,148,107.71623193873899,3,downwind,4316,0.23692941492269012
153,148,107.71623193873899,3,crosswind,2152,0.22307983810001875
153,148,107.71623193873899,3,upwind,5187,0.07633000806184688
153,148,107.71623193873899,6,downwind,4317,0.2507841230365012
153,148,107.71623193873899,6,crosswind,2152,0.23645919367219287
153,148,107.71623193873899,6,upwind,5185,0.06357601235987145
153,148,107.71623193873899,12,downwind,4316,0.17293282157819895
153,148,107.71623193873899,12,crosswind,2153,0.18443427413552957
153,148,107.71623193873899,12,upwind,5180,0.04721462315797025
153,148,107.71623193873899,24,downwind,4316,0.09606631674708184
153,148,107.71623193873899,24,crosswind,2148,0.11156804300876631
153,148,107.71623193873899,24,upwind,5177,0.040968338003313336
150,148,137.78502864669892,3,downwind,4343,0.19737800802670766
150,148,137.78502864669892,3,crosswind,4855,0.15863859071679096
150,148,137.78502864669892,3,upwind,2452,0.16945840065073672
150,148,137.78502864669892,6,downwind,4342,0.21731557629414164
150,148,137.78502864669892,6,crosswind,4853,0.16938741222892478
150,148,137.78502864669892,6,upwind,2454,0.21437813266162542
150,148,137.78502864669892,12,downwind,4341,0.1552342379236108
150,148,137.78502864669892,12,crosswind,4851,0.13209276843221365
150,148,137.78502864669892,12,upwind,2452,0.17547632979004915
150,148,137.78502864669892,24,downwind,4336,0.07252461842914437
150,148,137.78502864669892,24,crosswind,4851,0.06795606833019595
150,148,137.78502864669892,24,upwind,2449,0.11343038757692785
147,148,153.22409906822529,3,downwind,4895,0.33246202205817127
147,148,153.22409906822529,3,crosswind,3550,0.20965236895391834
147,148,153.22409906822529,3,upwind,3212,0.14982533535008175
147,148,153.22409906822529,6,downwind,4894,0.37619608238766333
147,148,153.22409906822529,6,crosswind,3550,0.23781214789963007
147,148,153.22409906822529,6,upwind,3212,0.17240609619438296
147,148,153.22409906822529,12,downwind,4894,0.29696599697617637
147,148,153.22409906822529,12,crosswind,3548,0.24781429777871763
147,148,153.22409906822529,12,upwind,3209,0.1565818219256389
147,148,153.22409906822529,24,downwind,4890,0.17267193375842688
147,148,153.22409906822529,24,crosswind,3543,0.17807366755224285
147,148,153.22409906822529,24,upwind,3210,0.12766447553210508
159,148,162.5084975219212,3,downwind,4271,0.15618041874634014
159,148,162.5084975219212,3,crosswind,3881,0.03484036359269335
159,148,162.5084975219212,3,upwind,3505,-0.031366436769765235
159,148,162.5084975219212,6,downwind,4272,0.1934456794401799
159,148,162.5084975219212,6,crosswind,3879,0.07181248285425883
159,148,162.5084975219212,6,upwind,3505,-0.00642079617533528
159,148,162.5084975219212,12,downwind,4271,0.19122679162011952
159,148,162.5084975219212,12,crosswind,3878,0.10813056952977941
159,148,162.5084975219212,12,upwind,3502,0.030389642435860235
159,148,162.5084975219212,24,downwind,4270,0.12553355672511013
159,148,162.5084975219212,24,crosswind,3873,0.11827230977611573
159,148,162.5084975219212,24,upwind,3500,0.022698628866718407
65,149,94.21361547838511,3,downwind,3614,0.3981737764376795
65,149,94.21361547838511,3,crosswind,2273,0.14932187253964965
65,149,94.21361547838511,3,upwind,5771,0.1067931177199081
65,149,94.21361547838511,6,downwind,3613,0.3747827730149761
65,149,94.21361547838511,6,crosswind,2274,0.17608621292193588
65,149,94.21361547838511,6,upwind,5770,0.11872775309133722
65,149,94.21361547838511,12,downwind,3611,0.264400654705393
65,149,94.21361547838511,12,crosswind,2273,0.19808078322325146
65,149,94.21361547838511,12,upwind,5768,0.10151381719074462
65,149,94.21361547838511,24,downwind,3610,0.18582466740171938
65,149,94.21361547838511,24,crosswind,2272,0.06657424617636593
65,149,94.21361547838511,24,upwind,5762,0.0480671384650974
132,149,117.9435635026597,3,downwind,5557,0.1902422558515982
132,149,117.9435635026597,3,crosswind,4029,0.06388461740447862
132,149,117.9435635026597,3,upwind,2072,0.011049889230288597
132,149,117.9435635026597,6,downwind,5556,0.21594886304076738
132,149,117.9435635026597,6,crosswind,4028,0.08923883067338069
132,149,117.9435635026597,6,upwind,2073,-0.00916792229824128
132,149,117.9435635026597,12,downwind,5556,0.17070867705093465
132,149,117.9435635026597,12,crosswind,4025,0.059704432417577766
132,149,117.9435635026597,12,upwind,2071,0.003777296896976571
132,149,117.9435635026597,24,downwind,5551,0.08525855389578253
132,149,117.9435635026597,24,crosswind,4022,-0.0011943569046652725
132,149,117.9435635026597,24,upwind,2071,0.0007021211324773542
76,149,127.68881475180144,3,downwind,1861,0.3179095813481951
76,149,127.68881475180144,3,crosswind,6383,0.23212315349126528
76,149,127.68881475180144,3,upwind,3415,0.09648470675386574
76,149,127.68881475180144,6,downwind,1862,0.3936528104914879
76,149,127.68881475180144,6,crosswind,6380,0.24663415458179272
76,149,127.68881475180144,6,upwind,3416,0.130975946082334
76,149,127.68881475180144,12,downwind,1861,0.342010801438414
76,149,127.68881475180144,12,crosswind,6376,0.21877084608746628
76,149,127.68881475180144,12,upwind,3416,0.1246698056316793
76,149,127.68881475180144,24,downwind,1862,0.1501071017873883
76,149,127.68881475180144,24,crosswind,6371,0.13644312035833342
76,149,127.68881475180144,24,upwind,3412,0.05765545995750675
118,149,127.92804677708232,3,downwind,3749,0.2909901023473475
118,149,127.92804677708232,3,crosswind,3023,0.22966383108367228
118,149,127.92804677708232,3,upwind,4884,0.08876503958847813
118,149,127.92804677708232,6,downwind,3750,0.3099272931930245
118,149,127.92804677708232,6,crosswind,3023,0.27769011638036023
118,149,127.92804677708232,6,upwind,4882,0.08823208703470968
118,149,127.92804677708232,12,downwind,3749,0.2141629363167928
118,149,127.92804677708232,12,crosswind,3022,0.2531524124977522
118,149,127.92804677708232,12,upwind,4879,0.07310494591830607
118,149,127.92804677708232,24,downwind,3751,0.12026441376982297
118,149,127.92804677708232,24,crosswind,3016,0.14701172263570872
118,149,127.92804677708232,24,upwind,4875,0.026616113794155762
61,149,139.60385957384545,3,downwind,3807,0.35029128732650605
61,149,139.60385957384545,3,crosswind,3609,0.17842083639540487
61,149,139.60385957384545,3,upwind,4242,0.10044744344083892
61,149,139.60385957384545,6,downwind,3806,0.3690878426159495
61,149,139.60385957384545,6,crosswind,3610,0.19463118630103596
61,149,139.60385957384545,6,upwind,4241,0.11119115421049455
61,149,139.60385957384545,12,downwind,3804,0.3078466994965312
61,149,139.60385957384545,12,crosswind,3608,0.17779463061818584
61,149,139.60385957384545,12,upwind,4240,0.13672500429021087
61,149,139.60385957384545,24,downwind,3802,0.19517612796099565
61,149,139.60385957384545,24,crosswind,3606,0.10968253095083456
61,149,139.60385957384545,24,upwind,4236,0.10530428412991004
147,150,64.628138253763,3,downwind,4217,0.4298394666377589
147,150,64.628138253763,3,crosswind,2950,0.24687584895542816
147,150,64.628138253763,3,upwind,4478,0.1808388646836877
147,150,64.628138253763,6,downwind,4217,0.3994408524169441
147,150,64.628138253763,6,crosswind,2950,0.24651941101709235
147,150,64.628138253763,6,upwind,4477,0.17909865190319219
147,150,64.628138253763,12,downwind,4213,0.29157314495584596
147,150,64.628138253763,12,crosswind,2951,0.20053264918724734
147,150,64.628138253763,12,upwind,4473,0.14544935973753575
147,150,64.628138253763,24,downwind,4211,0.15162809772048888
147,150,64.628138253763,24,crosswind,2946,0.11533441228676553
147,150,64.628138253763,24,upwind,4470,0.12395507572177761
118,150,92.57085218012539,3,downwind,4814,0.4715162146841709
118,150,92.57085218012539,3,crosswind,3014,0.23489367592532473
118,150,92.57085218012539,3,upwind,3817,0.20465338060792262
118,150,92.57085218012539,6,downwind,4813,0.47265099570807606
118,150,92.57085218012539,6,crosswind,3013,0.25100137124792793
118,150,92.57085218012539,6,upwind,3818,0.19524262034317844
118,150,92.57085218012539,12,downwind,4809,0.32663599232323054
118,150,92.57085218012539,12,crosswind,3013,0.2267725957150426
118,150,92.57085218012539,12,upwind,3815,0.14889523086437287
118,150,92.57085218012539,24,downwind,4806,0.186373959131866
118,150,92.57085218012539,24,crosswind,3004,0.12024538667606863
118,150,92.57085218012539,24,upwind,3817,0.09526562109267121
117,150,95.65969446946879,3,downwind,3736,0.21249686463881134
117,150,95.65969446946879,3,crosswind,2929,0.120628890777991
117,150,95.65969446946879,3,upwind,4982,0.006195326644691498
117,150,95.65969446946879,6,downwind,3737,0.23016893165460978
117,150,95.65969446946879,6,crosswind,2929,0.11704989699084017
117,150,95.65969446946879,6,upwind,4980,0.015154776160258265
117,150,95.65969446946879,12,downwind,3734,0.16960486753834159
117,150,95.65969446946879,12,crosswind,2930,0.10344354009142806
117,150,95.65969446946879,12,upwind,4975,0.027571126401478074
117,150,95.65969446946879,24,downwind,3734,0.07298187881598886
117,150,95.65969446946879,24,crosswind,2922,0.031050286854685298
117,150,95.65969446946879,24,upwind,4973,0.015583590227477523
78,150,108.00978766260923,3,downwind,3028,0.3170299526615421
78,150,108.00978766260923,3,crosswind,5113,0.24141591190108386
78,150,108.00978766260923,3,upwind,3506,0.10957607392622387
78,150,108.00978766260923,6,downwind,3028,0.3482399919187978
78,150,108.00978766260923,6,crosswind,5111,0.28605536828272815
78,150,108.00978766260923,6,upwind,3507,0.11942786082237236
78,150,108.00978766260923,12,downwind,3026,0.300554162897044
78,150,108.00978766260923,12,crosswind,5110,0.26014906691900025
78,150,108.00978766260923,12,upwind,3503,0.12333668091835018
78,150,108.00978766260923,24,downwind,3026,0.23499460831813324
78,150,108.00978766260923,24,crosswind,5109,0.1703146371002385
78,150,108.00978766260923,24,upwind,3494,0.13234458096526094
146,150,114.24643942723361,3,downwind,4152,0.42955389430044066
146,150,114.24643942723361,3,crosswind,2876,0.19428240418717646
146,150,114.24643942723361,3,upwind,4601,0.15743256099900602
146,150,114.24643942723361,6,downwind,4152,0.4905345495979631
146,150,114.24643942723361,6,crosswind,2875,0.20969123146426397
146,150,114.24643942723361,6,upwind,4601,0.16418042352556758
146,150,114.24643942723361,12,downwind,4151,0.41122967977437774
146,150,114.24643942723361,12,crosswind,2874,0.2200214733110221
146,150,114.24643942723361,12,upwind,4596,0.1737354702846877
146,150,114.24643942723361,24,downwind,4149,0.26335199065036
146,150,114.24643942723361,24,crosswind,2875,0.16646861046614803
146,150,114.24643942723361,24,upwind,4587,0.11347828912071613
154,151,24.573167289619995,3,downwind,3838,0.36918529019631896
154,151,24.573167289619995,3,crosswind,2476,0.2335829731525933
154,151,24.573167289619995,3,upwind,5344,0.09057138730295786
154,151,24.573167289619995,6,downwind,3838,0.293558378907928
154,151,24.573167289619995,6,crosswind,2477,0.19564723393679506
154,151,24.573167289619995,6,upwind,5341,0.08501767401748205
154,151,24.573167289619995,12,downwind,3837,0.18409909536698152
154,151,24.573167289619995,12,crosswind,2473,0.12076043301743052
154,151,24.573167289619995,12,upwind,5341,0.06565990390129382
154,151,24.573167289619995,24,downwind,3831,0.1049273933280972
154,151,24.573167289619995,24,crosswind,2472,0.08151994112980579
154,151,24.573167289619995,24,upwind,5340,0.04931257302217193
157,151,30.97456618577314,3,downwind,4166,0.2711745459371145
157,151,30.97456618577314,3,crosswind,2467,0.1775953719213611
157,151,30.97456618577314,3,upwind,4907,0.06894373482588365
157,151,30.97456618577314,6,downwind,4165,0.2212071602098372
157,151,30.97456618577314,6,crosswind,2469,0.16861400447116817
157,151,30.97456618577314,6,upwind,4905,0.06698469684750206
157,151,30.97456618577314,12,downwind,4164,0.14399625305468725
157,151,30.97456618577314,12,crosswind,2465,0.11213493467927074
157,151,30.97456618577314,12,upwind,4905,0.03743991218016177
157,151,30.97456618577314,24,downwind,4158,0.0706662096690009
157,151,30.97456618577314,24,crosswind,2466,0.05036597240370485
157,151,30.97456618577314,24,upwind,4904,0.03556244094830274
158,151,79.25624296406885,3,downwind,2223,0.25645068075168403
158,151,79.25624296406885,3,crosswind,3237,0.12252353594085719
158,151,79.25624296406885,3,upwind,6201,0.12206304947213571
158,151,79.25624296406885,6,downwind,2225,0.2739177901256691
158,151,79.25624296406885,6,crosswind,3234,0.1389308109829093
158,151,79.25624296406885,6,upwind,6201,0.12263552205358529
158,151,79.25624296406885,12,downwind,2225,0.2579961482581215
158,151,79.25624296406885,12,crosswind,3232,0.16035931139771528
158,151,79.25624296406885,12,upwind,6198,0.07691140893607037
158,151,79.25624296406885,24,downwind,2224,0.1784663226354457
158,151,79.25624296406885,24,crosswind,3234,0.09100575800521796
158,151,79.25624296406885,24,upwind,6189,0.02102195880356689
43,151,80.69999238670509,3,downwind,1981,0.5061087577049501
43,151,80.69999238670509,3,crosswind,5311,0.4005361778562817
43,151,80.69999238670509,3,upwind,4366,0.15320645210126752
43,151,80.69999238670509,6,downwind,1981,0.5264650384971831
43,151,80.69999238670509,6,crosswind,5309,0.4376214754868872
43,151,80.69999238670509,6,upwind,4367,0.19602117049649684
43,151,80.69999238670509,12,downwind,1978,0.3771085462305332
43,151,80.69999238670509,12,crosswind,5308,0.3356742801716129
43,151,80.69999238670509,12,upwind,4366,0.17021334070403235
43,151,80.69999238670509,24,downwind,1978,0.19637660269661064
43,151,80.69999238670509,24,crosswind,5304,0.19978007339931003
43,151,80.69999238670509,24,upwind,4362,0.11398520660490492
73,151,111.44824757322313,3,downwind,3376,0.26301547877460935
73,151,111.44824757322313,3,crosswind,6224,0.19543534016973088
73,151,111.44824757322313,3,upwind,2048,-0.02849891696778359
73,151,111.44824757322313,6,downwind,3376,0.3171688760596151
73,151,111.44824757322313,6,crosswind,6223,0.23473585699428418
73,151,111.44824757322313,6,upwind,2048,-0.008947021763262031
73,151,111.44824757322313,12,downwind,3375,0.25786899770428057
73,151,111.44824757322313,12,crosswind,6219,0.20937621327646982
73,151,111.44824757322313,12,upwind,2048,0.006776232311902101
73,151,111.44824757322313,24,downwind,3377,0.1365440054857232
73,151,111.44824757322313,24,crosswind,6210,0.09733108969575922
73,151,111.44824757322313,24,upwind,2047,-0.05740720419828976
153,152,135.1158068460379,3,downwind,4477,0.20142810995921687
153,152,135.1158068460379,3,crosswind,4683,0.2538880748120332
153,152,135.1158068460379,3,upwind,2511,0.13958615544463435
153,152,135.1158068460379,6,downwind,4478,0.2413047503733117
153,152,135.1158068460379,6,crosswind,4682,0.2688292764296513
153,152,135.1158068460379,6,upwind,2509,0.12263888530611673
153,152,135.1158068460379,12,downwind,4477,0.2685127628114028
153,152,135.1158068460379,12,crosswind,4683,0.23095487256927286
153,152,135.1158068460379,12,upwind,2505,0.09014437670856322
153,152,135.1158068460379,24,downwind,4473,0.23935784855813763
153,152,135.1158068460379,24,crosswind,4679,0.18397878053573327
153,152,135.1158068460379,24,upwind,2505,0.09104972288207966
148,152,163.50976688631982,3,downwind,6169,0.24465382391695273
148,152,163.50976688631982,3,crosswind,2266,0.10930885574207014
148,152,163.50976688631982,3,upwind,3229,0.07033275210668509
148,152,163.50976688631982,6,downwind,6169,0.3088739502404929
148,152,163.50976688631982,6,crosswind,2264,0.10638907882752915
148,152,163.50976688631982,6,upwind,3229,0.07559262093447058
148,152,163.50976688631982,12,downwind,6167,0.3178627037793754
148,152,163.50976688631982,12,crosswind,2264,0.14959300599795006
148,152,163.50976688631982,12,upwind,3227,0.07405748324808789
148,152,163.50976688631982,24,downwind,6163,0.24326853381942334
148,152,163.50976688631982,24,crosswind,2264,0.20076395418217824
148,152,163.50976688631982,24,upwind,3223,0.07292554356179479
174,152,169.80669685168746,3,downwind,3968,0.26849212057686395
174,152,169.80669685168746,3,crosswind,1493,0.12957095470643645
174,152,169.80669685168746,3,upwind,5946,0.09728004634999252
174,152,169.80669685168746,6,downwind,3967,0.32796303289461803
174,152,169.80669685168746,6,crosswind,1492,0.18729746539340153
174,152,169.80669685168746,6,upwind,5946,0.07474983496223346
174,152,169.80669685168746,12,downwind,3967,0.33741685198889526
174,152,169.80669685168746,12,crosswind,1491,0.14834673754314243
174,152,169.80669685168746,12,upwind,5943,0.05817291046268349
174,152,169.80669685168746,24,downwind,3966,0.2778827846951793
174,152,169.80669685168746,24,crosswind,1489,0.10482898435936522
174,152,169.80669685168746,24,upwind,5938,0.05812827287557798
173,152,172.48507333360126,3,downwind,3442,0.2203464627635095
173,152,172.48507333360126,3,crosswind,1544,0.22971036805511222
173,152,172.48507333360126,3,upwind,6683,0.15055686527211626
173,152,172.48507333360126,6,downwind,3442,0.25555286010742456
173,152,172.48507333360126,6,crosswind,1544,0.23051921355347035
173,152,172.48507333360126,6,upwind,6681,0.18425155706917673
173,152,172.48507333360126,12,downwind,3442,0.2551044108959365
173,152,172.48507333360126,12,crosswind,1543,0.19797812862580266
173,152,172.48507333360126,12,upwind,6678,0.21380539179823
173,152,172.48507333360126,24,downwind,3442,0.2187506115283438
173,152,172.48507333360126,24,crosswind,1542,0.18068804070611225
173,152,172.48507333360126,24,upwind,6671,0.1994932514532603
80,152,210.78885980313197,3,downwind,3865,0.11690240540395964
80,152,210.78885980313197,3,crosswind,3780,0.05711856884656977
80,152,210.78885980313197,3,upwind,4020,0.023444430414023942
80,152,210.78885980313197,6,downwind,3865,0.09951232839994839
80,152,210.78885980313197,6,crosswind,3779,0.056860936255702106
80,152,210.78885980313197,6,upwind,4019,0.054204666723760446
80,152,210.78885980313197,12,downwind,3864,0.11778063844888573
80,152,210.78885980313197,12,crosswind,3777,0.018826537227857487
80,152,210.78885980313197,12,upwind,4018,0.07761832301692624
80,152,210.78885980313197,24,downwind,3862,0.10755301444130097
80,152,210.78885980313197,24,crosswind,3771,0.028012857679489436
80,152,210.78885980313197,24,upwind,4018,0.0726320570576825
148,153,107.71623193873899,3,downwind,5197,0.269639041046913
148,153,107.71623193873899,3,crosswind,2500,0.08065601625649235
148,153,107.71623193873899,3,upwind,3961,0.046156156037248625
148,153,107.71623193873899,6,downwind,5196,0.2838702263538644
148,153,107.71623193873899,6,crosswind,2499,0.12854473873747996
148,153,107.71623193873899,6,upwind,3960,0.09704341573725415
148,153,107.71623193873899,12,downwind,5196,0.21458596888490503
148,153,107.71623193873899,12,crosswind,2496,0.15287976250684496
148,153,107.71623193873899,12,upwind,3958,0.14823355035393404
148,153,107.71623193873899,24,downwind,5195,0.10572085654630552
148,153,107.71623193873899,24,crosswind,2494,0.12436698842493882
148,153,107.71623193873899,24,upwind,3953,0.08847400990491613
155,153,116.22097230713956,3,downwind,4494,0.23149794154488204
155,153,116.22097230713956,3,crosswind,1231,0.10541136160013852
155,153,116.22097230713956,3,upwind,5933,0.033965175280630984
155,153,116.22097230713956,6,downwind,4493,0.27196591605392356
155,153,116.22097230713956,6,crosswind,1231,0.11159310353968012
155,153,116.22097230713956,6,upwind,5931,0.06836071660648435
155,153,116.22097230713956,12,downwind,4492,0.21260583110423106
155,153,116.22097230713956,12,crosswind,1231,0.14966523806970988
155,153,116.22097230713956,12,upwind,5927,0.08740028687003558
155,153,116.22097230713956,24,downwind,4491,0.08754912264973821
155,153,116.22097230713956,24,crosswind,1229,0.06321598828661801
155,153,116.22097230713956,24,upwind,5922,0.05692738559304323
159,153,120.65106249903263,3,downwind,4100,0.14656937886647167
159,153,120.65106249903263,3,crosswind,5979,0.07584968399123483
159,153,120.65106249903263,3,upwind,1578,-0.07056942992214871
159,153,120.65106249903263,6,downwind,4099,0.18617103354845793
159,153,120.65106249903263,6,crosswind,5977,0.1171423539912135
159,153,120.65106249903263,6,upwind,1578,-0.02555372202096214
159,153,120.65106249903263,12,downwind,4098,0.193213447859624
159,153,120.65106249903263,12,crosswind,5973,0.13000493348458386
159,153,120.65106249903263,12,upwind,1578,0.013046588731725962
159,153,120.65106249903263,24,downwind,4094,0.10809390876636678
159,153,120.65106249903263,24,crosswind,5970,0.08812871555666338
159,153,120.65106249903263,24,upwind,1577,0.018623292541810263
152,153,135.1158068460379,3,downwind,3771,0.1411076584471162
152,153,135.1158068460379,3,crosswind,1439,0.12908612631222133
152,153,135.1158068460379,3,upwind,6459,0.06240515351289397
152,153,135.1158068460379,6,downwind,3771,0.1750296956136297
152,153,135.1158068460379,6,crosswind,1436,0.18446675880459992
152,153,135.1158068460379,6,upwind,6459,0.12014562759011461
152,153,135.1158068460379,12,downwind,3770,0.18951385330185744
152,153,135.1158068460379,12,crosswind,1434,0.11829081192508384
152,153,135.1158068460379,12,upwind,6457,0.15064526438887887
152,153,135.1158068460379,24,downwind,3766,0.10395308909804162
152,153,135.1158068460379,24,crosswind,1435,0.05019262905344765
152,153,135.1158068460379,24,upwind,6452,0.10627387518566399
80,153,172.15976505432639,3,downwind,2294,0.0888398360570993
80,153,172.15976505432639,3,crosswind,4789,0.06981584461517537
80,153,172.15976505432639,3,upwind,4576,0.05740354467482768
80,153,172.15976505432639,6,downwind,2293,0.10713910564694923
80,153,172.15976505432639,6,crosswind,4787,0.0897687632295858
80,153,172.15976505432639,6,upwind,4576,0.08874104083225134
80,153,172.15976505432639,12,downwind,2291,0.12329756827733349
80,153,172.15976505432639,12,crosswind,4785,0.0631957138085179
80,153,172.15976505432639,12,upwind,4575,0.08639743236855092
80,153,172.15976505432639,24,downwind,2291,0.06880371206299532
80,153,172.15976505432639,24,crosswind,4783,0.016794513682958194
80,153,172.15976505432639,24,upwind,4569,0.017084945129062553
157,154,9.669632210174074,3,downwind,4458,0.13516842685010375
157,154,9.669632210174074,3,crosswind,4550,0.14569534752962368
157,154,9.669632210174074,3,upwind,2524,0.12380004019161661
157,154,9.669632210174074,6,downwind,4458,0.10474812906580584
157,154,9.669632210174074,6,crosswind,4549,0.08169723769265509
157,154,9.669632210174074,6,upwind,2524,0.0896512819168786
157,154,9.669632210174074,12,downwind,4455,0.04499375759868931
157,154,9.669632210174074,12,crosswind,4548,0.04409579373927934
157,154,9.669632210174074,12,upwind,2523,0.058057748212197634
157,154,9.669632210174074,24,downwind,4449,-0.0171214217753005
157,154,9.669632210174074,24,crosswind,4546,0.0026537997735025763
157,154,9.669632210174074,24,upwind,2525,0.05789658895095197
151,154,24.573167289619995,3,downwind,5871,0.28060076536588097
151,154,24.573167289619995,3,crosswind,2125,0.17342758540271527
151,154,24.573167289619995,3,upwind,3660,0.029386864873412473
151,154,24.573167289619995,6,downwind,5867,0.2423200661759066
151,154,24.573167289619995,6,crosswind,2128,0.18059412513559814
151,154,24.573167289619995,6,upwind,3660,0.043243346887487974
151,154,24.573167289619995,12,downwind,5867,0.18485617986058067
151,154,24.573167289619995,12,crosswind,2124,0.1755463558469379
151,154,24.573167289619995,12,upwind,3659,0.06499832363524234
151,154,24.573167289619995,24,downwind,5866,0.0870352268427498
151,154,24.573167289619995,24,crosswind,2122,0.10780723684906166
151,154,24.573167289619995,24,upwind,3654,0.04990705732263888
43,154,59.17646452029424,3,downwind,1641,0.44789115166135207
43,154,59.17646452029424,3,crosswind,5592,0.4431058825632563
43,154,59.17646452029424,3,upwind,4424,0.25121781766496204
43,154,59.17646452029424,6,downwind,1641,0.4530105275028602
43,154,59.17646452029424,6,crosswind,5590,0.4338664964676214
43,154,59.17646452029424,6,upwind,4425,0.2395001217929661
43,154,59.17646452029424,12,downwind,1638,0.2951893429105994
43,154,59.17646452029424,12,crosswind,5589,0.30359092244795466
43,154,59.17646452029424,12,upwind,4424,0.17499210944437704
43,154,59.17646452029424,24,downwind,1636,0.18320495528671765
43,154,59.17646452029424,24,crosswind,5587,0.17367949281605777
43,154,59.17646452029424,24,upwind,4420,0.10300350186005422
158,154,81.28768544735341,3,downwind,2525,0.249679127171894
158,154,81.28768544735341,3,crosswind,2988,0.1435984296434698
158,154,81.28768544735341,3,upwind,6140,0.09013787273916207
158,154,81.28768544735341,6,downwind,2525,0.27109977456979384
158,154,81.28768544735341,6,crosswind,2988,0.19424438772037558
158,154,81.28768544735341,6,upwind,6139,0.0808856249752731
158,154,81.28768544735341,12,downwind,2525,0.2723352171739622
158,154,81.28768544735341,12,crosswind,2986,0.1609686327842014
158,154,81.28768544735341,12,upwind,6136,0.07412415739691831
158,154,81.28768544735341,24,downwind,2526,0.20581856875611085
158,154,81.28768544735341,24,crosswind,2987,0.08613588820738304
158,154,81.28768544735341,24,upwind,6126,0.01934586714713456
156,154,107.0372335141988,3,downwind,1918,0.317297431036225
156,154,107.0372335141988,3,crosswind,6154,0.2671783951827001
156,154,107.0372335141988,3,upwind,3564,0.13818433025068916
156,154,107.0372335141988,6,downwind,1918,0.3642267151537382
156,154,107.0372335141988,6,crosswind,6152,0.2944731938646179
156,154,107.0372335141988,6,upwind,3565,0.1449525409199813
156,154,107.0372335141988,12,downwind,1917,0.29662286921575104
156,154,107.0372335141988,12,crosswind,6148,0.24183079144908418
156,154,107.0372335141988,12,upwind,3565,0.12310455156196856
156,154,107.0372335141988,24,downwind,1917,0.2200982385497329
156,154,107.0372335141988,24,crosswind,6141,0.13496573198629405
156,154,107.0372335141988,24,upwind,3564,0.08576463288935778
81,155,78.00795426181229,3,downwind,4011,0.22257820786549093
81,155,78.00795426181229,3,crosswind,1591,0.1716872442337031
81,155,78.00795426181229,3,upwind,6057,-0.025820550195102602
81,155,78.00795426181229,6,downwind,4012,0.2464029009027688
81,155,78.00795426181229,6,crosswind,1590,0.21996339747940838
81,155,78.00795426181229,6,upwind,6056,0.01402285028684099
81,155,78.00795426181229,12,downwind,4012,0.20010984272295254
81,155,78.00795426181229,12,crosswind,1591,0.20242345889684898
81,155,78.00795426181229,12,upwind,6050,0.03902535755893948
81,155,78.00795426181229,24,downwind,4012,0.11627436251481027
81,155,78.00795426181229,24,crosswind,1590,0.16125582135147795
81,155,78.00795426181229,24,upwind,6043,0.02909307171351351
80,155,92.52722024351536,3,downwind,2197,0.1439647756708994
80,155,92.52722024351536,3,crosswind,4012,0.12258807362813517
80,155,92.52722024351536,3,upwind,5450,0.029049332798253936
80,155,92.52722024351536,6,downwind,2197,0.15707309801762503
80,155,92.52722024351536,6,crosswind,4013,0.1292953351238545
80,155,92.52722024351536,6,upwind,5448,0.04982099077094924
80,155,92.52722024351536,12,downwind,2194,0.11403714199950499
80,155,92.52722024351536,12,crosswind,4013,0.07974079454643099
80,155,92.52722024351536,12,upwind,5446,0.06519798728575203
80,155,92.52722024351536,24,downwind,2194,0.05025785350326952
80,155,92.52722024351536,24,crosswind,4012,0.05774823204913417
80,155,92.52722024351536,24,upwind,5439,0.017384275926629028
153,155,116.22097230713956,3,downwind,5211,0.383390704907668
153,155,116.22097230713956,3,crosswind,1781,0.18593653296829876
153,155,116.22097230713956,3,upwind,4663,0.10771825139776364
153,155,116.22097230713956,6,downwind,5209,0.3881242747945879
153,155,116.22097230713956,6,crosswind,1780,0.27282772933858385
153,155,116.22097230713956,6,upwind,4665,0.12099716135606411
153,155,116.22097230713956,12,downwind,5205,0.2666390497111275
153,155,116.22097230713956,12,crosswind,1779,0.25732271712169663
153,155,116.22097230713956,12,upwind,4665,0.08566705813627967
153,155,116.22097230713956,24,downwind,5202,0.14980165058660205
153,155,116.22097230713956,24,crosswind,1776,0.11894263760977145
153,155,116.22097230713956,24,upwind,4663,0.079914895967727
159,155,135.33636757272205,3,downwind,5866,0.1471365930572216
159,155,135.33636757272205,3,crosswind,3462,0.1080711376876258
159,155,135.33636757272205,3,upwind,2330,0.10111152208520177
159,155,135.33636757272205,6,downwind,5865,0.18443712025287348
159,155,135.33636757272205,6,crosswind,3462,0.15182320194474827
159,155,135.33636757272205,6,upwind,2330,0.12314002562876769
159,155,135.33636757272205,12,downwind,5859,0.17621989968860657
159,155,135.33636757272205,12,crosswind,3462,0.12445736223645489
159,155,135.33636757272205,12,upwind,2331,0.1425454371928743
159,155,135.33636757272205,24,downwind,5854,0.1283100388089559
159,155,135.33636757272205,24,crosswind,3460,0.09363122406268408
159,155,135.33636757272205,24,upwind,2330,0.11902149627645986
156,155,164.62636588100258,3,downwind,4218,0.12351099070554315
156,155,164.62636588100258,3,crosswind,6059,0.08845403030993627
156,155,164.62636588100258,3,upwind,1361,0.06393903424840283
156,155,164.62636588100258,6,downwind,4218,0.14767973629862366
156,155,164.62636588100258,6,crosswind,6056,0.12122046089320229
156,155,164.62636588100258,6,upwind,1363,0.11455709972561416
156,155,164.62636588100258,12,downwind,4216,0.13250339884519738
156,155,164.62636588100258,12,crosswind,6054,0.1422521419585958
156,155,164.62636588100258,12,upwind,1362,0.15410975766861024
156,155,164.62636588100258,24,downwind,4214,0.10759679228734301
156,155,164.62636588100258,24,crosswind,6048,0.13402839286716853
156,155,164.62636588100258,24,upwind,1362,0.20001180355459333
43,156,51.11322652049948,3,downwind,4348,0.30552099800700266
43,156,51.11322652049948,3,crosswind,4154,0.2357202784123025
43,156,51.11322652049948,3,upwind,3130,0.13833254070301304
43,156,51.11322652049948,6,downwind,4347,0.30754640606809347
43,156,51.11322652049948,6,crosswind,4150,0.21574474750774164
43,156,51.11322652049948,6,upwind,3129,0.10973946276705837
43,156,51.11322652049948,12,downwind,4344,0.20245119836174902
43,156,51.11322652049948,12,crosswind,4150,0.16220271281583284
43,156,51.11322652049948,12,upwind,3123,0.0608799756802067
43,156,51.11322652049948,24,downwind,4344,0.10707695512845161
43,156,51.11322652049948,24,crosswind,4144,0.07701287589117166
43,156,51.11322652049948,24,upwind,3121,0.035353212209496276
159,156,102.94394009674238,3,downwind,3440,0.3574043519128095
159,156,102.94394009674238,3,crosswind,3935,0.26962127100691513
159,156,102.94394009674238,3,upwind,4255,0.12666286489949433
159,156,102.94394009674238,6,downwind,3438,0.35268819879739605
159,156,102.94394009674238,6,crosswind,3932,0.27439267996753425
159,156,102.94394009674238,6,upwind,4254,0.1393723986608161
159,156,102.94394009674238,12,downwind,3434,0.2663307590386114
159,156,102.94394009674238,12,crosswind,3930,0.22358613105096364
159,156,102.94394009674238,12,upwind,4251,0.1295025491640046
159,156,102.94394009674238,24,downwind,3432,0.14680770883133673
159,156,102.94394009674238,24,crosswind,3925,0.12953158972462092
159,156,102.94394009674238,24,upwind,4250,0.07924529536304328
157,156,105.40782411568331,3,downwind,5384,0.18922844520035173
157,156,105.40782411568331,3,crosswind,3244,0.052554965487995195
157,156,105.40782411568331,3,upwind,2891,0.044795665924790694
157,156,105.40782411568331,6,downwind,5382,0.192699891176242
157,156,105.40782411568331,6,crosswind,3242,0.09055903727122984
157,156,105.40782411568331,6,upwind,2889,0.05244024681334171
157,156,105.40782411568331,12,downwind,5378,0.1639779862246135
157,156,105.40782411568331,12,crosswind,3242,0.09283605276366075
157,156,105.40782411568331,12,upwind,2884,0.06420419154063102
157,156,105.40782411568331,24,downwind,5378,0.09942286812486645
157,156,105.40782411568331,24,crosswind,3234,0.09178710071143217
157,156,105.40782411568331,24,upwind,2884,0.021817632511839602
154,156,107.0372335141988,3,downwind,5535,0.16756816979317954
154,156,107.0372335141988,3,crosswind,2935,0.09045440257935342
154,156,107.0372335141988,3,upwind,3160,0.03747345496715148
154,156,107.0372335141988,6,downwind,5533,0.19467597420783236
154,156,107.0372335141988,6,crosswind,2933,0.12734594099251317
154,156,107.0372335141988,6,upwind,3158,0.04529393366032429
154,156,107.0372335141988,12,downwind,5528,0.1817819591163555
154,156,107.0372335141988,12,crosswind,2934,0.1187341708437973
154,156,107.0372335141988,12,upwind,3153,0.03139371738296841
154,156,107.0372335141988,24,downwind,5529,0.09485629081772234
154,156,107.0372335141988,24,crosswind,2925,0.12376733852066316
154,156,107.0372335141988,24,upwind,3153,-0.0014093444169105591
158,156,125.37399065170617,3,downwind,3559,0.2104119280292181
158,156,125.37399065170617,3,crosswind,3958,0.13467308278815743
158,156,125.37399065170617,3,upwind,4124,-0.007786310881047687
158,156,125.37399065170617,6,downwind,3559,0.25007064920472233
158,156,125.37399065170617,6,crosswind,3954,0.14561358972298696
158,156,125.37399065170617,6,upwind,4122,0.003330463307605901
158,156,125.37399065170617,12,downwind,3559,0.2388698853882896
158,156,125.37399065170617,12,crosswind,3950,0.12874612192375826
158,156,125.37399065170617,12,upwind,4117,0.007165020236124621
158,156,125.37399065170617,24,downwind,3555,0.14044651912686815
158,156,125.37399065170617,24,crosswind,3948,0.08236798385474688
158,156,125.37399065170617,24,upwind,4115,0.009943879763982087
154,157,9.669632210174074,3,downwind,2369,0.40093578858528583
154,157,9.669632210174074,3,crosswind,4827,0.33381168594105687
154,157,9.669632210174074,3,upwind,4295,0.3526229093781504
154,157,9.669632210174074,6,downwind,2366,0.2934702751003348
154,157,9.669632210174074,6,crosswind,4810,0.27079057953078456
154,157,9.669632210174074,6,upwind,4286,0.24631215462202588
154,157,9.669632210174074,12,downwind,2360,0.20642223735896376
154,157,9.669632210174074,12,crosswind,4798,0.20262909864876835
154,157,9.669632210174074,12,upwind,4276,0.19531560125713804
154,157,9.669632210174074,24,downwind,2354,0.16934273371154349
154,157,9.669632210174074,24,crosswind,4790,0.12135615794220837
154,157,9.669632210174074,24,upwind,4263,0.1393123670593594
151,157,30.97456618577314,3,downwind,5361,0.4215080730749231
151,157,30.97456618577314,3,crosswind,2482,0.326417414868119
151,157,30.97456618577314,3,upwind,3655,0.22666510741234455
151,157,30.97456618577314,6,downwind,5346,0.38488412809798656
151,157,30.97456618577314,6,crosswind,2479,0.30656235964103296
151,157,30.97456618577314,6,upwind,3644,0.1822600518484772
151,157,30.97456618577314,12,downwind,5336,0.3149537671204057
151,157,30.97456618577314,12,crosswind,2471,0.2501523809090155
151,157,30.97456618577314,12,upwind,3634,0.16103916725137374
151,157,30.97456618577314,24,downwind,5319,0.18878206441884698
151,157,30.97456618577314,24,crosswind,2474,0.19547854249231061
151,157,30.97456618577314,24,upwind,3621,0.12499859787531117
43,157,60.07473152855512,3,downwind,1465,0.43411533797988605
43,157,60.07473152855512,3,crosswind,5491,0.48029865122806364
43,157,60.07473152855512,3,upwind,4537,0.3824069423665426
43,157,60.07473152855512,6,downwind,1459,0.46632279122071646
43,157,60.07473152855512,6,crosswind,5481,0.46380778643785653
43,157,60.07473152855512,6,upwind,4524,0.3657539895311379
43,157,60.07473152855512,12,downwind,1453,0.3280777133728286
43,157,60.07473152855512,12,crosswind,5472,0.34623586107099463
43,157,60.07473152855512,12,upwind,4511,0.28766395758554225
43,157,60.07473152855512,24,downwind,1452,0.1943015791956194
43,157,60.07473152855512,24,crosswind,5461,0.22925074777833213
43,157,60.07473152855512,24,upwind,4496,0.18799492393843942
158,157,90.43421825130974,3,downwind,2522,0.30148923504303526
158,157,90.43421825130974,3,crosswind,2930,0.24142972072908953
158,157,90.43421825130974,3,upwind,6050,0.2111336426473082
158,157,90.43421825130974,6,downwind,2513,0.3214391777074413
158,157,90.43421825130974,6,crosswind,2928,0.24929949619996258
158,157,90.43421825130974,6,upwind,6032,0.1802601499570576
158,157,90.43421825130974,12,downwind,2513,0.2912549400368065
158,157,90.43421825130974,12,crosswind,2919,0.2206485431063866
158,157,90.43421825130974,12,upwind,6013,0.14105290338390036
158,157,90.43421825130974,24,downwind,2509,0.2459970283815869
158,157,90.43421825130974,24,crosswind,2915,0.10944176783507657
158,157,90.43421825130974,24,upwind,5994,0.07968985829455642
156,157,105.40782411568331,3,downwind,1617,0.37081093655112424
156,157,105.40782411568331,3,crosswind,6328,0.3392515795800141
156,157,105.40782411568331,3,upwind,3539,0.24569296945325272
156,157,105.40782411568331,6,downwind,1611,0.38896300509455717
156,157,105.40782411568331,6,crosswind,6314,0.35322489741423085
156,157,105.40782411568331,6,upwind,3531,0.2586407490598843
156,157,105.40782411568331,12,downwind,1608,0.3247642800845874
156,157,105.40782411568331,12,crosswind,6298,0.28398697380453974
156,157,105.40782411568331,12,upwind,3521,0.22225057603233536
156,157,105.40782411568331,24,downwind,1611,0.22421019073830517
156,157,105.40782411568331,24,crosswind,6273,0.1991277858959555
156,157,105.40782411568331,24,upwind,3516,0.16489211104355195
151,158,79.25624296406885,3,downwind,4162,0.266999535024239
151,158,79.25624296406885,3,crosswind,5703,0.17210403039883812
151,158,79.25624296406885,3,upwind,1799,0.11751664591327061
151,158,79.25624296406885,6,downwind,4161,0.2977200749504878
151,158,79.25624296406885,6,crosswind,5701,0.16801255441302765
151,158,79.25624296406885,6,upwind,1799,0.16897989443092828
151,158,79.25624296406885,12,downwind,4157,0.304695699358295
151,158,79.25624296406885,12,crosswind,5700,0.15735346177235748
151,158,79.25624296406885,12,upwind,1799,0.24172435972242776
151,158,79.25624296406885,24,downwind,4153,0.21784875158854108
151,158,79.25624296406885,24,crosswind,5696,0.13927041842765137
151,158,79.25624296406885,24,upwind,1799,0.23945717232144362
154,158,81.28768544735341,3,downwind,4291,0.310215561882603
154,158,81.28768544735341,3,crosswind,5482,0.1589136637768387
154,158,81.28768544735341,3,upwind,1884,0.049795997372233766
154,158,81.28768544735341,6,downwind,4291,0.3319308074984469
154,158,81.28768544735341,6,crosswind,5479,0.17195553573508943
154,158,81.28768544735341,6,upwind,1884,0.04836301398966224
154,158,81.28768544735341,12,downwind,4289,0.30917183970106116
154,158,81.28768544735341,12,crosswind,5477,0.1457018142892975
154,158,81.28768544735341,12,upwind,1883,0.11509908030815015
154,158,81.28768544735341,24,downwind,4282,0.22800835166141498
154,158,81.28768544735341,24,crosswind,5476,0.12605912058735777
154,158,81.28768544735341,24,upwind,1883,0.11020366508012328
43,158,81.91602573940881,3,downwind,5130,0.44334970568996657
43,158,81.91602573940881,3,crosswind,2874,0.19460387119087763
43,158,81.91602573940881,3,upwind,3655,0.17739943544892428
43,158,81.91602573940881,6,downwind,5128,0.517938986336296
43,158,81.91602573940881,6,crosswind,2874,0.2228795237070569
43,158,81.91602573940881,6,upwind,3654,0.16144511472214457
43,158,81.91602573940881,12,downwind,5125,0.4320589793640814
43,158,81.91602573940881,12,crosswind,2872,0.2009141011936029
43,158,81.91602573940881,12,upwind,3654,0.1401982082354325
43,158,81.91602573940881,24,downwind,5120,0.2739722917609004
43,158,81.91602573940881,24,crosswind,2871,0.1774706236854758
43,158,81.91602573940881,24,upwind,3652,0.13263346186001687
157,158,90.43421825130974,3,downwind,4412,0.2602170849582804
157,158,90.43421825130974,3,crosswind,5178,0.11502484093755187
157,158,90.43421825130974,3,upwind,1957,0.01697012290451019
157,158,90.43421825130974,6,downwind,4411,0.2797715823514369
157,158,90.43421825130974,6,crosswind,5176,0.12397864862221804
157,158,90.43421825130974,6,upwind,1957,0.024335434268722183
157,158,90.43421825130974,12,downwind,4410,0.2565958168062552
157,158,90.43421825130974,12,crosswind,5173,0.08416173258330718
157,158,90.43421825130974,12,upwind,1956,0.07317135321760758
157,158,90.43421825130974,24,downwind,4403,0.1705003877317808
157,158,90.43421825130974,24,crosswind,5172,0.08565098689246084
157,158,90.43421825130974,24,upwind,1956,0.059526549832273144
82,158,122.43098022741052,3,downwind,1980,0.21569713574607938
82,158,122.43098022741052,3,crosswind,3172,0.2643294573608631
82,158,122.43098022741052,3,upwind,6507,0.17637585996337274
82,158,122.43098022741052,6,downwind,1980,0.28594238938425004
82,158,122.43098022741052,6,crosswind,3171,0.28553912340799903
82,158,122.43098022741052,6,upwind,6505,0.19267045105032657
82,158,122.43098022741052,12,downwind,1980,0.2764397072542918
82,158,122.43098022741052,12,crosswind,3169,0.25331690702672255
82,158,122.43098022741052,12,upwind,6502,0.1727422369634374
82,158,122.43098022741052,24,downwind,1980,0.21383775608069144
82,158,122.43098022741052,24,crosswind,3171,0.16263643030840885
82,158,122.43098022741052,24,upwind,6492,0.108561335729963
117,159,79.08520490017271,3,downwind,6251,0.33144982175311966
117,159,79.08520490017271,3,crosswind,1878,0.19122163961112346
117,159,79.08520490017271,3,upwind,3528,0.12685085072454003
117,159,79.08520490017271,6,downwind,6250,0.323163620334047
117,159,79.08520490017271,6,crosswind,1877,0.1559399360833291
117,159,79.08520490017271,6,upwind,3529,0.09307218891057163
117,159,79.08520490017271,12,downwind,6248,0.20195166592044692
117,159,79.08520490017271,12,crosswind,1874,0.05534334959504037
117,159,79.08520490017271,12,upwind,3529,0.05511449662112406
117,159,79.08520490017271,24,downwind,6241,0.03825120962609917
117,159,79.08520490017271,24,crosswind,1876,-0.009570827790703965
117,159,79.08520490017271,24,upwind,3526,-0.02031334860468428
156,159,102.94394009674238,3,downwind,3978,0.20362857784856372
156,159,102.94394009674238,3,crosswind,3571,0.1135807911072227
156,159,102.94394009674238,3,upwind,4087,0.040211132171758465
156,159,102.94394009674238,6,downwind,3977,0.2164937710004873
156,159,102.94394009674238,6,crosswind,3572,0.13392547495799142
156,159,102.94394009674238,6,upwind,4086,0.07870174714067338
156,159,102.94394009674238,12,downwind,3977,0.17110426304547938
156,159,102.94394009674238,12,crosswind,3571,0.13400204172235866
156,159,102.94394009674238,12,upwind,4082,0.09567905243432256
156,159,102.94394009674238,24,downwind,3976,0.118310926621922
156,159,102.94394009674238,24,crosswind,3570,0.12916937031611886
156,159,102.94394009674238,24,upwind,4076,0.07221264343383949
153,159,120.65106249903263,3,downwind,2293,0.3342671399654653
153,159,120.65106249903263,3,crosswind,5284,0.2637137135994915
153,159,120.65106249903263,3,upwind,4076,0.11600340580210265
153,159,120.65106249903263,6,downwind,2291,0.35254512987517517
153,159,120.65106249903263,6,crosswind,5285,0.2678756184147377
153,159,120.65106249903263,6,upwind,4076,0.113148075044265
153,159,120.65106249903263,12,downwind,2288,0.2696435402141008
153,159,120.65106249903263,12,crosswind,5285,0.20740317904706004
153,159,120.65106249903263,12,upwind,4074,0.09906693789611754
153,159,120.65106249903263,24,downwind,2286,0.20748605753354382
153,159,120.65106249903263,24,crosswind,5284,0.14723034155951842
153,159,120.65106249903263,24,upwind,4069,0.05945602552163362
155,159,135.33636757272205,3,downwind,3133,0.22526762828596522
155,159,135.33636757272205,3,crosswind,2506,0.24482531476258035
155,159,135.33636757272205,3,upwind,6018,0.19864053373738902
155,159,135.33636757272205,6,downwind,3134,0.22341157068779124
155,159,135.33636757272205,6,crosswind,2507,0.2570060945458004
155,159,135.33636757272205,6,upwind,6015,0.21815570882187443
155,159,135.33636757272205,12,downwind,3134,0.1715972840397775
155,159,135.33636757272205,12,crosswind,2507,0.22158222732267627
155,159,135.33636757272205,12,upwind,6010,0.17637829744897468
155,159,135.33636757272205,24,downwind,3135,0.07965165364940452
155,159,135.33636757272205,24,crosswind,2506,0.1576702206443039
155,159,135.33636757272205,24,upwind,6002,0.12463098686374062
43,159,153.32335535847113,3,downwind,4342,0.18733366519324732
43,159,153.32335535847113,3,crosswind,3557,0.1526931577462068
43,159,153.32335535847113,3,upwind,3758,0.053411264269565134
43,159,153.32335535847113,6,downwind,4341,0.2320475303845836
43,159,153.32335535847113,6,crosswind,3557,0.1934185870308469
43,159,153.32335535847113,6,upwind,3758,0.08336861245827613
43,159,153.32335535847113,12,downwind,4340,0.21586307958550588
43,159,153.32335535847113,12,crosswind,3556,0.21357564705143367
43,159,153.32335535847113,12,upwind,3755,0.08712824741674853
43,159,153.32335535847113,24,downwind,4341,0.1732702261358516
43,159,153.32335535847113,24,crosswind,3549,0.17316576381184554
43,159,153.32335535847113,24,upwind,3753,0.07766397724635206
84,160,155.47812381045222,3,downwind,3158,0.13655000798259467
84,160,155.47812381045222,3,crosswind,6948,0.21685885134422533
84,160,155.47812381045222,3,upwind,1532,0.14323133414615286
84,160,155.47812381045222,6,downwind,3157,0.13457495614280635
84,160,155.47812381045222,6,crosswind,6943,0.2263401357217888
84,160,155.47812381045222,6,upwind,1532,0.1471741264510513
84,160,155.47812381045222,12,downwind,3155,0.12865776076656005
84,160,155.47812381045222,12,crosswind,6937,0.2291555443695543
84,160,155.47812381045222,12,upwind,1530,0.11691007623222627
84,160,155.47812381045222,24,downwind,3156,0.15801954937929832
84,160,155.47812381045222,24,crosswind,6930,0.19030504686394664
84,160,155.47812381045222,24,upwind,1527,0.045003364795360504
80,160,180.81753063920436,3,downwind,5608,0.21425731654437116
80,160,180.81753063920436,3,crosswind,3701,0.20207693981325614
80,160,180.81753063920436,3,upwind,2329,0.18935332937114704
80,160,180.81753063920436,6,downwind,5606,0.23963618011308244
80,160,180.81753063920436,6,crosswind,3699,0.21842295815117294
80,160,180.81753063920436,6,upwind,2327,0.17090672107784213
80,160,180.81753063920436,12,downwind,5601,0.23149564433915548
80,160,180.81753063920436,12,crosswind,3698,0.1914926291021787
80,160,180.81753063920436,12,upwind,2323,0.12524259049128225
80,160,180.81753063920436,24,downwind,5591,0.17239623376300153
80,160,180.81753063920436,24,crosswind,3697,0.1298777861813016
80,160,180.81753063920436,24,upwind,2325,0.06905578513145799
169,160,215.9165852006678,3,downwind,1968,0.20248070587166292
169,160,215.9165852006678,3,crosswind,3862,0.2566759184483736
169,160,215.9165852006678,3,upwind,5808,0.16805213160573423
169,160,215.9165852006678,6,downwind,1968,0.2268811373392234
169,160,215.9165852006678,6,crosswind,3857,0.3271738073100551
169,160,215.9165852006678,6,upwind,5807,0.17261066759767454
169,160,215.9165852006678,12,downwind,1962,0.266281941454079
169,160,215.9165852006678,12,crosswind,3855,0.36717639940882935
169,160,215.9165852006678,12,upwind,5805,0.16315013559540398
169,160,215.9165852006678,24,downwind,1963,0.2812784880739927
169,160,215.9165852006678,24,crosswind,3845,0.3536560493881859
169,160,215.9165852006678,24,upwind,5805,0.19247854030992098
162,160,223.28455173329897,3,downwind,2806,0.1587293344927596
162,160,223.28455173329897,3,crosswind,4138,0.16747857719095166
162,160,223.28455173329897,3,upwind,4704,0.16813096295089427
162,160,223.28455173329897,6,downwind,2804,0.16793387502275287
162,160,223.28455173329897,6,crosswind,4136,0.19012514019989676
162,160,223.28455173329897,6,upwind,4702,0.1851452125596777
162,160,223.28455173329897,12,downwind,2799,0.1868515744017879
162,160,223.28455173329897,12,crosswind,4134,0.23066202658172466
162,160,223.28455173329897,12,upwind,4699,0.2007435877817483
162,160,223.28455173329897,24,downwind,2804,0.21004302163300118
162,160,223.28455173329897,24,crosswind,4131,0.17897483474983006
162,160,223.28455173329897,24,upwind,4688,0.16352457411548235
83,160,254.53354203832853,3,downwind,2484,0.08342732163931618
83,160,254.53354203832853,3,crosswind,7213,0.17580336776555497
83,160,254.53354203832853,3,upwind,1932,0.08741785385852154
83,160,254.53354203832853,6,downwind,2482,0.09108003803492787
83,160,254.53354203832853,6,crosswind,7210,0.20213642056842218
83,160,254.53354203832853,6,upwind,1931,0.10971309977767854
83,160,254.53354203832853,12,downwind,2480,0.08354317870591996
83,160,254.53354203832853,12,crosswind,7202,0.2027743965758833
83,160,254.53354203832853,12,upwind,1931,0.11795766523551651
83,160,254.53354203832853,24,downwind,2479,0.07780492092592375
83,160,254.53354203832853,24,crosswind,7195,0.16866134546954978
83,160,254.53354203832853,24,upwind,1930,0.07562039844372365
44,161,75.49479586654859,3,downwind,3413,0.220814337141185
44,161,75.49479586654859,3,crosswind,3356,0.1837757795129695
44,161,75.49479586654859,3,upwind,4892,0.14908399827321275
44,161,75.49479586654859,6,downwind,3413,0.24985650138319318
44,161,75.49479586654859,6,crosswind,3356,0.18764251489614678
44,161,75.49479586654859,6,upwind,4891,0.13561953980142155
44,161,75.49479586654859,12,downwind,3411,0.24257792461506125
44,161,75.49479586654859,12,crosswind,3356,0.17348028922813197
44,161,75.49479586654859,12,upwind,4888,0.10344912572590793
44,161,75.49479586654859,24,downwind,3412,0.15455751147067975
44,161,75.49479586654859,24,crosswind,3355,0.12000776322000797
44,161,75.49479586654859,24,upwind,4880,0.06857785534968625
83,161,81.41017182605688,3,downwind,2903,0.3522726482389165
83,161,81.41017182605688,3,crosswind,6212,0.2770277435534016
83,161,81.41017182605688,3,upwind,2537,0.12106425203007427
83,161,81.41017182605688,6,downwind,2904,0.3677029872772795
83,161,81.41017182605688,6,crosswind,6210,0.29634907828329693
83,161,81.41017182605688,6,upwind,2537,0.14055048044269988
83,161,81.41017182605688,12,downwind,2901,0.2679452352708086
83,161,81.41017182605688,12,crosswind,6206,0.2540427263805447
83,161,81.41017182605688,12,upwind,2539,0.15609437633899037
83,161,81.41017182605688,24,downwind,2899,0.17224418384325527
83,161,81.41017182605688,24,crosswind,6201,0.1470205892351236
83,161,81.41017182605688,24,upwind,2538,0.10567068972008507
82,161,120.59801135242918,3,downwind,7207,0.27515346545511626
82,161,120.59801135242918,3,crosswind,1226,0.1905021489335007
82,161,120.59801135242918,3,upwind,3228,0.15562256737630312
82,161,120.59801135242918,6,downwind,7206,0.28248120816946953
82,161,120.59801135242918,6,crosswind,1226,0.24029221122653002
82,161,120.59801135242918,6,upwind,3228,0.17747828457048026
82,161,120.59801135242918,12,downwind,7203,0.24833287359612202
82,161,120.59801135242918,12,crosswind,1225,0.2549850487590197
82,161,120.59801135242918,12,upwind,3227,0.1684827235365161
82,161,120.59801135242918,24,downwind,7194,0.13487735676183552
82,161,120.59801135242918,24,crosswind,1224,0.1559455621363158
82,161,120.59801135242918,24,upwind,3229,0.13726531856900642
84,161,191.9567541658429,3,downwind,2157,0.1913616290808624
84,161,191.9567541658429,3,crosswind,2685,0.14458195843965616
84,161,191.9567541658429,3,upwind,6819,0.16272263662027472
84,161,191.9567541658429,6,downwind,2158,0.22667906740683733
84,161,191.9567541658429,6,crosswind,2685,0.1929243340241819
84,161,191.9567541658429,6,upwind,6817,0.1909798119289202
84,161,191.9567541658429,12,downwind,2158,0.23828476205618254
84,161,191.9567541658429,12,crosswind,2682,0.1907313582873962
84,161,191.9567541658429,12,upwind,6815,0.20244070757057211
84,161,191.9567541658429,24,downwind,2157,0.2049223087897083
84,161,191.9567541658429,24,crosswind,2682,0.14135122382673132
84,161,191.9567541658429,24,upwind,6808,0.12627047280906933
81,161,194.01407594260823,3,downwind,6073,0.2931598247564624
81,161,194.01407594260823,3,crosswind,1582,0.17938701079128336
81,161,194.01407594260823,3,upwind,4005,0.12553054044237127
81,161,194.01407594260823,6,downwind,6072,0.37641575857905396
81,161,194.01407594260823,6,crosswind,1581,0.2551152032664022
81,161,194.01407594260823,6,upwind,4006,0.1425231743934777
81,161,194.01407594260823,12,downwind,6066,0.37134506116263644
81,161,194.01407594260823,12,crosswind,1582,0.3487442679013727
81,161,194.01407594260823,12,upwind,4006,0.17108754864356784
81,161,194.01407594260823,24,downwind,6059,0.2793672946177678
81,161,194.01407594260823,24,crosswind,1581,0.27125461134936757
81,161,194.01407594260823,24,upwind,4006,0.15416798617669203
84,162,127.4264391502939,3,downwind,6742,0.3562567281520989
84,162,127.4264391502939,3,crosswind,2089,0.22790365100904478
84,162,127.4264391502939,3,upwind,2828,0.16999433901880695
84,162,127.4264391502939,6,downwind,6740,0.40020515765708226
84,162,127.4264391502939,6,crosswind,2088,0.2197534108865558
84,162,127.4264391502939,6,upwind,2828,0.1596153027585
84,162,127.4264391502939,12,downwind,6735,0.3431583775572512
84,162,127.4264391502939,12,crosswind,2090,0.21475603384626885
84,162,127.4264391502939,12,upwind,2826,0.14621225083220624
84,162,127.4264391502939,24,downwind,6727,0.19406700266343993
84,162,127.4264391502939,24,crosswind,2090,0.1985219686935387
84,162,127.4264391502939,24,upwind,2826,0.08368006494376043
83,162,212.20973304717594,3,downwind,6101,0.27648735069682084
83,162,212.20973304717594,3,crosswind,3212,0.21217456595578355
83,162,212.20973304717594,3,upwind,2337,0.18128410552397436
83,162,212.20973304717594,6,downwind,6099,0.3583728816474015
83,162,212.20973304717594,6,crosswind,3211,0.239892849688309
83,162,212.20973304717594,6,upwind,2337,0.1814132446929985
83,162,212.20973304717594,12,downwind,6094,0.37151837131847254
83,162,212.20973304717594,12,crosswind,3211,0.25611969949561875
83,162,212.20973304717594,12,upwind,2337,0.15489192256584758
83,162,212.20973304717594,24,downwind,6089,0.22818257842194362
83,162,212.20973304717594,24,crosswind,3208,0.185397408079754
83,162,212.20973304717594,24,upwind,2337,0.05660845407985833
160,162,223.28455173329897,3,downwind,2612,0.2502578357575253
160,162,223.28455173329897,3,crosswind,2510,0.16891901371345372
160,162,223.28455173329897,3,upwind,6532,0.12537344161306793
160,162,223.28455173329897,6,downwind,2611,0.2981476447842025
160,162,223.28455173329897,6,crosswind,2510,0.20285587373023858
160,162,223.28455173329897,6,upwind,6530,0.1526585729919821
160,162,223.28455173329897,12,downwind,2609,0.28673504788642973
160,162,223.28455173329897,12,crosswind,2509,0.24519589427667007
160,162,223.28455173329897,12,upwind,6528,0.17474802712608042
160,162,223.28455173329897,24,downwind,2607,0.26754125469358436
160,162,223.28455173329897,24,crosswind,2508,0.18944595631044972
160,162,223.28455173329897,24,upwind,6523,0.1584781704141161
161,162,258.89978131261,3,downwind,2140,0.16421456782256608
161,162,258.89978131261,3,crosswind,8195,0.2052965851165595
161,162,258.89978131261,3,upwind,1324,0.1483586474386329
161,162,258.89978131261,6,downwind,2140,0.17363538077962642
161,162,258.89978131261,6,crosswind,8192,0.23015131872424868
161,162,258.89978131261,6,upwind,1324,0.16091665117856277
161,162,258.89978131261,12,downwind,2139,0.15883735800850013
161,162,258.89978131261,12,crosswind,8188,0.20645026372077832
161,162,258.89978131261,12,upwind,1324,0.14407445026219265
161,162,258.89978131261,24,downwind,2140,0.12014236148283468
161,162,258.89978131261,24,crosswind,8179,0.14505219781982742
161,162,258.89978131261,24,upwind,1324,0.09485329555883044
80,162,309.8317154724787,3,downwind,4611,0.23083095492114084
80,162,309.8317154724787,3,crosswind,4821,0.16732527561725224
80,162,309.8317154724787,3,upwind,2227,0.1332865377401861
80,162,309.8317154724787,6,downwind,4611,0.31056108942960653
80,162,309.8317154724787,6,crosswind,4820,0.2073323148005344
80,162,309.8317154724787,6,upwind,2225,0.13586526250335706
80,162,309.8317154724787,12,downwind,4610,0.30812817334689124
80,162,309.8317154724787,12,crosswind,4818,0.2065690195769096
80,162,309.8317154724787,12,upwind,2223,0.13029053105218277
80,162,309.8317154724787,24,downwind,4604,0.20647987370476795
80,162,309.8317154724787,24,crosswind,4816,0.14565240285906741
80,162,309.8317154724787,24,upwind,2223,0.13344026925107605
172,163,129.52685005888696,3,downwind,7022,0.17965997610776147
172,163,129.52685005888696,3,crosswind,1676,0.15440681775092321
172,163,129.52685005888696,3,upwind,2959,0.15710159996456297
172,163,129.52685005888696,6,downwind,7020,0.19912270305124635
172,163,129.52685005888696,6,crosswind,1676,0.13480250652757741
172,163,129.52685005888696,6,upwind,2960,0.15102573735659283
172,163,129.52685005888696,12,downwind,7018,0.188152819451225
172,163,129.52685005888696,12,crosswind,1674,0.12254309628683532
172,163,129.52685005888696,12,upwind,2959,0.13305146067209456
172,163,129.52685005888696,24,downwind,7009,0.09776845627112514
172,163,129.52685005888696,24,crosswind,1674,0.08538616382864692
172,163,129.52685005888696,24,upwind,2960,0.08319681627820051
85,163,150.1092979248305,3,downwind,2486,0.176991403389104
85,163,150.1092979248305,3,crosswind,2371,0.15000190309619393
85,163,150.1092979248305,3,upwind,6804,0.1520834637179147
85,163,150.1092979248305,6,downwind,2487,0.2079596503783413
85,163,150.1092979248305,6,crosswind,2369,0.1786769153865672
85,163,150.1092979248305,6,upwind,6804,0.1611438450863952
85,163,150.1092979248305,12,downwind,2487,0.22811790434620444
85,163,150.1092979248305,12,crosswind,2367,0.17106330080142274
85,163,150.1092979248305,12,upwind,6801,0.14177098777713934
85,163,150.1092979248305,24,downwind,2484,0.2022765667010794
85,163,150.1092979248305,24,crosswind,2368,0.14580894870034397
85,163,150.1092979248305,24,upwind,6795,0.09029055608133664
90,163,183.10828131710957,3,downwind,3236,0.20457979582462096
90,163,183.10828131710957,3,crosswind,3572,0.1382425542907333
90,163,183.10828131710957,3,upwind,4853,0.0781529354636372
90,163,183.10828131710957,6,downwind,3237,0.24874713454195232
90,163,183.10828131710957,6,crosswind,3572,0.15689131971208192
90,163,183.10828131710957,6,upwind,4851,0.058680523250448466
90,163,183.10828131710957,12,downwind,3236,0.28779367374461523
90,163,183.10828131710957,12,crosswind,3572,0.1438687751877826
90,163,183.10828131710957,12,upwind,4847,0.04002259295159204
90,163,183.10828131710957,24,downwind,3235,0.24364163748754014
90,163,183.10828131710957,24,crosswind,3568,0.07546879537818915
90,163,183.10828131710957,24,upwind,4844,0.05409684501699176
89,163,201.00771408765692,3,downwind,3080,0.11374157917952091
89,163,201.00771408765692,3,crosswind,2098,0.13113098578112242
89,163,201.00771408765692,3,upwind,6483,0.13046478853280444
89,163,201.00771408765692,6,downwind,3080,0.12783214209366212
89,163,201.00771408765692,6,crosswind,2099,0.12966825866846987
89,163,201.00771408765692,6,upwind,6481,0.12884235670152397
89,163,201.00771408765692,12,downwind,3078,0.15126846281754566
89,163,201.00771408765692,12,crosswind,2099,0.10200093332437261
89,163,201.00771408765692,12,upwind,6478,0.11165683449641761
89,163,201.00771408765692,24,downwind,3079,0.14644145821784432
89,163,201.00771408765692,24,crosswind,2098,0.08153227022832892
89,163,201.00771408765692,24,upwind,6470,0.06948893498211775
169,163,206.65251869702237,3,downwind,5170,0.15303110821517463
169,163,206.65251869702237,3,crosswind,4323,0.103370315490742
169,163,206.65251869702237,3,upwind,2168,0.09142832702355565
169,163,206.65251869702237,6,downwind,5171,0.19462138457494824
169,163,206.65251869702237,6,crosswind,4320,0.11700123963065727
169,163,206.65251869702237,6,upwind,2169,0.08523594372660143
169,163,206.65251869702237,12,downwind,5171,0.19029719497664727
169,163,206.65251869702237,12,crosswind,4319,0.13110284636668235
169,163,206.65251869702237,12,upwind,2165,0.0673451896334069
169,163,206.65251869702237,24,downwind,5168,0.13418280110358913
169,163,206.65251869702237,24,crosswind,4316,0.13548492868476433
169,163,206.65251869702237,24,upwind,2163,0.06849432387953365
90,164,45.0598416226213,3,downwind,7144,0.3688829805532581
90,164,45.0598416226213,3,crosswind,2876,0.2886864649279151
90,164,45.0598416226213,3,upwind,1641,0.22904257651011742
90,164,45.0598416226213,6,downwind,7142,0.3546347738637216
90,164,45.0598416226213,6,crosswind,2879,0.2948822148989501
90,164,45.0598416226213,6,upwind,1639,0.19705967122924534
90,164,45.0598416226213,12,downwind,7138,0.2839665875051441
90,164,45.0598416226213,12,crosswind,2879,0.24272588303379275
90,164,45.0598416226213,12,upwind,1638,0.1209172052348852
90,164,45.0598416226213,24,downwind,7132,0.20819521658535642
90,164,45.0598416226213,24,crosswind,2875,0.18583029829927997
90,164,45.0598416226213,24,upwind,1640,0.11731270567313988
168,164,90.45247340095233,3,downwind,6066,0.19906522656781026
168,164,90.45247340095233,3,crosswind,4070,0.1684824909005733
168,164,90.45247340095233,3,upwind,1524,0.14214352962213742
168,164,90.45247340095233,6,downwind,6066,0.22631650850566654
168,164,90.45247340095233,6,crosswind,4070,0.1916380157322197
168,164,90.45247340095233,6,upwind,1523,0.11337742813202673
168,164,90.45247340095233,12,downwind,6066,0.208449193079004
168,164,90.45247340095233,12,crosswind,4066,0.17668899410717395
168,164,90.45247340095233,12,upwind,1522,0.09444778723508855
168,164,90.45247340095233,24,downwind,6056,0.14721128529575758
168,164,90.45247340095233,24,crosswind,4068,0.1512696501953781
168,164,90.45247340095233,24,upwind,1522,0.06020276091348265
171,164,112.64678320140095,3,downwind,1549,0.16776133926390724
171,164,112.64678320140095,3,crosswind,3850,0.13497947875819336
171,164,112.64678320140095,3,upwind,6262,0.07850828454399773
171,164,112.64678320140095,6,downwind,1550,0.21662895565086876
171,164,112.64678320140095,6,crosswind,3850,0.1225993266706617
171,164,112.64678320140095,6,upwind,6260,0.06481158344912961
171,164,112.64678320140095,12,downwind,1549,0.24325850356495296
171,164,112.64678320140095,12,crosswind,3850,0.09174522300766179
171,164,112.64678320140095,12,upwind,6256,0.044457295746369856
171,164,112.64678320140095,24,downwind,1547,0.1052821506863625
171,164,112.64678320140095,24,crosswind,3852,0.02834053734747421
171,164,112.64678320140095,24,upwind,6248,0.03692273312442946
165,164,125.94907573668243,3,downwind,1867,0.24390512201074552
165,164,125.94907573668243,3,crosswind,3528,0.23089152099934102
165,164,125.94907573668243,3,upwind,6262,0.1324780071517079
165,164,125.94907573668243,6,downwind,1866,0.25760960298701213
165,164,125.94907573668243,6,crosswind,3531,0.1885137096839352
165,164,125.94907573668243,6,upwind,6259,0.11599683014090154
165,164,125.94907573668243,12,downwind,1864,0.1562047497832201
165,164,125.94907573668243,12,crosswind,3531,0.12956830941391181
165,164,125.94907573668243,12,upwind,6256,0.07168983818335968
165,164,125.94907573668243,24,downwind,1865,0.1390734404653517
165,164,125.94907573668243,24,crosswind,3528,0.14737806846877027
165,164,125.94907573668243,24,upwind,6250,0.0858031895641564
45,164,131.54904724025175,3,downwind,4475,0.18622668668633766
45,164,131.54904724025175,3,crosswind,4400,0.13590060050610916
45,164,131.54904724025175,3,upwind,2786,0.05774947649504804
45,164,131.54904724025175,6,downwind,4475,0.23825960785711978
45,164,131.54904724025175,6,crosswind,4399,0.15602221424641113
45,164,131.54904724025175,6,upwind,2786,0.07483526446105382
45,164,131.54904724025175,12,downwind,4475,0.2662183053760493
45,164,131.54904724025175,12,crosswind,4396,0.16725754253731817
45,164,131.54904724025175,12,upwind,2784,0.10317287429489916
45,164,131.54904724025175,24,downwind,4474,0.21790187760124557
45,164,131.54904724025175,24,crosswind,4390,0.13185364804187455
45,164,131.54904724025175,24,upwind,2783,0.10821885654734918
88,165,38.520304950075534,3,downwind,1657,0.22443185149983638
88,165,38.520304950075534,3,crosswind,4985,0.13011760948300613
88,165,38.520304950075534,3,upwind,5026,0.12150471800100589
88,165,38.520304950075534,6,downwind,1657,0.21334827788678834
88,165,38.520304950075534,6,crosswind,4983,0.1246013762050015
88,165,38.520304950075534,6,upwind,5025,0.14897402234793553
88,165,38.520304950075534,12,downwind,1656,0.14981637373856763
88,165,38.520304950075534,12,crosswind,4980,0.11507855732674728
88,165,38.520304950075534,12,upwind,5024,0.1040297470308309
88,165,38.520304950075534,24,downwind,1657,0.05483863956608964
88,165,38.520304950075534,24,crosswind,4978,0.04793378946276825
88,165,38.520304950075534,24,upwind,5017,0.049860693173436756
171,165,72.42868307312773,3,downwind,4526,0.2223073095783347
171,165,72.42868307312773,3,crosswind,3721,0.14513433376524162
171,165,72.42868307312773,3,upwind,3412,0.07908988869956357
171,165,72.42868307312773,6,downwind,4525,0.24440249013434903
171,165,72.42868307312773,6,crosswind,3719,0.16736695978502963
171,165,72.42868307312773,6,upwind,3412,0.12418310245348226
171,165,72.42868307312773,12,downwind,4525,0.1936607291902695
171,165,72.42868307312773,12,crosswind,3716,0.16100314501081456
171,165,72.42868307312773,12,upwind,3410,0.1689347348786151
171,165,72.42868307312773,24,downwind,4521,0.08158078011930249
171,165,72.42868307312773,24,crosswind,3714,0.05765937192778774
171,165,72.42868307312773,24,upwind,3408,0.1028557480471345
87,165,85.05340903923359,3,downwind,3032,0.22100209006684055
87,165,85.05340903923359,3,crosswind,4099,0.17175238003351306
87,165,85.05340903923359,3,upwind,4528,0.10153693627966041
87,165,85.05340903923359,6,downwind,3032,0.29571369619383425
87,165,85.05340903923359,6,crosswind,4098,0.22913035356655304
87,165,85.05340903923359,6,upwind,4526,0.12886457915042723
87,165,85.05340903923359,12,downwind,3032,0.2903476619440052
87,165,85.05340903923359,12,crosswind,4094,0.22978050297675023
87,165,85.05340903923359,12,upwind,4525,0.16478694586927936
87,165,85.05340903923359,24,downwind,3032,0.1449936842175277
87,165,85.05340903923359,24,crosswind,4091,0.1696169598423388
87,165,85.05340903923359,24,upwind,4520,0.14481237507956898
86,165,99.70232919574453,3,downwind,1957,0.199294789104055
86,165,99.70232919574453,3,crosswind,4791,0.1417183835722409
86,165,99.70232919574453,3,upwind,4910,0.1338607778227783
86,165,99.70232919574453,6,downwind,1957,0.23990809848157738
86,165,99.70232919574453,6,crosswind,4788,0.17167047542206226
86,165,99.70232919574453,6,upwind,4910,0.12977474690177843
86,165,99.70232919574453,12,downwind,1955,0.19368612901623294
86,165,99.70232919574453,12,crosswind,4787,0.13844717660925876
86,165,99.70232919574453,12,upwind,4908,0.07296003463115527
86,165,99.70232919574453,24,downwind,1956,0.03244753489362676
86,165,99.70232919574453,24,crosswind,4785,0.04064390274111438
86,165,99.70232919574453,24,upwind,4901,0.04178922152326073
166,165,124.99427822976928,3,downwind,3157,0.177573904642082
166,165,124.99427822976928,3,crosswind,5179,0.14542672131401235
166,165,124.99427822976928,3,upwind,3323,0.09470759020673136
166,165,124.99427822976928,6,downwind,3157,0.21096018771105485
166,165,124.99427822976928,6,crosswind,5177,0.16586007507689352
166,165,124.99427822976928,6,upwind,3322,0.07797014917652192
166,165,124.99427822976928,12,downwind,3157,0.2042553864734951
166,165,124.99427822976928,12,crosswind,5174,0.1633087305401676
166,165,124.99427822976928,12,upwind,3320,0.059779494325390634
166,165,124.99427822976928,24,downwind,3157,0.1291703294827555
166,165,124.99427822976928,24,crosswind,5167,0.11767034788550076
166,165,124.99427822976928,24,upwind,3319,0.060500807549147544
167,166,56.075104357243184,3,downwind,6523,0.1572125105967967
167,166,56.075104357243184,3,crosswind,3015,0.1258858323771791
167,166,56.075104357243184,3,upwind,2120,0.08250309829676737
167,166,56.075104357243184,6,downwind,6521,0.18511952968237505
167,166,56.075104357243184,6,crosswind,3016,0.12979461524320773
167,166,56.075104357243184,6,upwind,2120,0.1087141181884048
167,166,56.075104357243184,12,downwind,6518,0.1620523076799922
167,166,56.075104357243184,12,crosswind,3017,0.10105241847109228
167,166,56.075104357243184,12,upwind,2117,0.11913735399107904
167,166,56.075104357243184,24,downwind,6509,0.10355769017018794
167,166,56.075104357243184,24,crosswind,3016,0.12057075924467973
167,166,56.075104357243184,24,upwind,2119,0.0970287900179168
170,166,85.46323943012656,3,downwind,4457,0.1046358818713631
170,166,85.46323943012656,3,crosswind,2960,0.157423108641585
170,166,85.46323943012656,3,upwind,4002,0.14709486100468952
170,166,85.46323943012656,6,downwind,4457,0.12031264770284832
170,166,85.46323943012656,6,crosswind,2959,0.1537756676621147
170,166,85.46323943012656,6,upwind,4002,0.1731842352840283
170,166,85.46323943012656,12,downwind,4454,0.13187862404655842
170,166,85.46323943012656,12,crosswind,2957,0.11346964238525814
170,166,85.46323943012656,12,upwind,4002,0.10487088994053674
170,166,85.46323943012656,24,downwind,4452,0.02255890679987025
170,166,85.46323943012656,24,crosswind,2957,0.034135145933031553
170,166,85.46323943012656,24,upwind,3996,0.022462722651174466
88,166,100.07176947325235,3,downwind,3937,0.17514155631563372
88,166,100.07176947325235,3,crosswind,3711,0.12628054296318325
88,166,100.07176947325235,3,upwind,4008,0.1402455403152316
88,166,100.07176947325235,6,downwind,3939,0.2190616862012594
88,166,100.07176947325235,6,crosswind,3711,0.16803595249535128
88,166,100.07176947325235,6,upwind,4005,0.13931122536331453
88,166,100.07176947325235,12,downwind,3938,0.1878663773703591
88,166,100.07176947325235,12,crosswind,3709,0.18292632967521846
88,166,100.07176947325235,12,upwind,4003,0.1385142814257395
88,166,100.07176947325235,24,downwind,3936,0.17429409289982944
88,166,100.07176947325235,24,crosswind,3705,0.12693310736566704
88,166,100.07176947325235,24,upwind,4001,0.13724665687647689
171,166,105.23078346993235,3,downwind,6436,0.18129273571243812
171,166,105.23078346993235,3,crosswind,3681,0.11164888538154416
171,166,105.23078346993235,3,upwind,1544,0.045443135735918634
171,166,105.23078346993235,6,downwind,6434,0.2135570628225959
171,166,105.23078346993235,6,crosswind,3681,0.15224980542881347
171,166,105.23078346993235,6,upwind,1545,0.049647052779301586
171,166,105.23078346993235,12,downwind,6430,0.17238358653923966
171,166,105.23078346993235,12,crosswind,3682,0.19432391187102793
171,166,105.23078346993235,12,upwind,1543,0.08761282130905267
171,166,105.23078346993235,24,downwind,6423,0.12227912297272378
171,166,105.23078346993235,24,crosswind,3682,0.1233957854066098
171,166,105.23078346993235,24,upwind,1542,0.15304492235926137
86,166,121.90481125246907,3,downwind,2534,0.3245122131571114
86,166,121.90481125246907,3,crosswind,2806,0.24357149041328097
86,166,121.90481125246907,3,upwind,6320,0.10267104066437255
86,166,121.90481125246907,6,downwind,2535,0.3491836271370655
86,166,121.90481125246907,6,crosswind,2806,0.2568175601099629
86,166,121.90481125246907,6,upwind,6318,0.11442670571347743
86,166,121.90481125246907,12,downwind,2533,0.2716199782969335
86,166,121.90481125246907,12,crosswind,2806,0.1861922424826218
86,166,121.90481125246907,12,upwind,6315,0.09635907792684098
86,166,121.90481125246907,24,downwind,2536,0.1285472287898307
86,166,121.90481125246907,24,crosswind,2800,0.048296103189314696
86,166,121.90481125246907,24,upwind,6310,0.03391127307238134
166,167,56.075104357243184,3,downwind,2038,0.2413001410876962
166,167,56.075104357243184,3,crosswind,3214,0.26452656873792374
166,167,56.075104357243184,3,upwind,6403,0.19002198330277778
166,167,56.075104357243184,6,downwind,2039,0.2055979131609839
166,167,56.075104357243184,6,crosswind,3213,0.27005763669011856
166,167,56.075104357243184,6,upwind,6402,0.1622786080514532
166,167,56.075104357243184,12,downwind,2036,0.12433858106761303
166,167,56.075104357243184,12,crosswind,3213,0.16342229456374752
166,167,56.075104357243184,12,upwind,6400,0.10752863712506404
166,167,56.075104357243184,24,downwind,2037,0.05013549594541825
166,167,56.075104357243184,24,crosswind,3213,0.07161645365748029
166,167,56.075104357243184,24,upwind,6391,0.012026424077747355
46,167,72.99221756117379,3,downwind,6766,0.42322854418800854
46,167,72.99221756117379,3,crosswind,2730,0.330021954659766
46,167,72.99221756117379,3,upwind,2159,0.2839389012418832
46,167,72.99221756117379,6,downwind,6764,0.47810086847797134
46,167,72.99221756117379,6,crosswind,2731,0.3457778165732001
46,167,72.99221756117379,6,upwind,2159,0.27148196200809466
46,167,72.99221756117379,12,downwind,6761,0.40843501339719657
46,167,72.99221756117379,12,crosswind,2730,0.2906129630945659
46,167,72.99221756117379,12,upwind,2158,0.18520393618017233
46,167,72.99221756117379,24,downwind,6751,0.2696174906057654
46,167,72.99221756117379,24,crosswind,2730,0.2167231572639355
46,167,72.99221756117379,24,upwind,2160,0.12473750941390581
171,167,74.45281761071956,3,downwind,5424,0.21212429021788465
171,167,74.45281761071956,3,crosswind,4459,0.1770591469036803
171,167,74.45281761071956,3,upwind,1772,0.16288078796974262
171,167,74.45281761071956,6,downwind,5426,0.22419993764540552
171,167,74.45281761071956,6,crosswind,4456,0.1849840290961636
171,167,74.45281761071956,6,upwind,1772,0.1831615165895315
171,167,74.45281761071956,12,downwind,5423,0.18053258647037623
171,167,74.45281761071956,12,crosswind,4453,0.16912761729714393
171,167,74.45281761071956,12,upwind,1773,0.16636164017143296
171,167,74.45281761071956,24,downwind,5415,0.08391021338863992
171,167,74.45281761071956,24,crosswind,4455,0.10774254763566835
171,167,74.45281761071956,24,upwind,1771,0.1407946392088512
170,167,83.26269971674598,3,downwind,4383,0.09082162996292568
170,167,83.26269971674598,3,crosswind,1526,0.10163471964691574
170,167,83.26269971674598,3,upwind,5504,0.12490518599557839
170,167,83.26269971674598,6,downwind,4381,0.10613221885451145
170,167,83.26269971674598,6,crosswind,1526,0.1239663267824857
170,167,83.26269971674598,6,upwind,5505,0.12409072740641847
170,167,83.26269971674598,12,downwind,4376,0.0846377550136042
170,167,83.26269971674598,12,crosswind,1525,0.09832237610787574
170,167,83.26269971674598,12,upwind,5506,0.08890313572796704
170,167,83.26269971674598,24,downwind,4376,-0.030591819705135276
170,167,83.26269971674598,24,crosswind,1525,0.033473244841313365
170,167,83.26269971674598,24,upwind,5498,0.03103267746201378
88,167,117.37045295003112,3,downwind,3311,0.15914078042711902
88,167,117.37045295003112,3,crosswind,3069,0.1560899467586882
88,167,117.37045295003112,3,upwind,5270,0.1275628845956246
88,167,117.37045295003112,6,downwind,3312,0.1795715322583892
88,167,117.37045295003112,6,crosswind,3070,0.1856019995907067
88,167,117.37045295003112,6,upwind,5267,0.1183912739777706
88,167,117.37045295003112,12,downwind,3310,0.17240520007474247
88,167,117.37045295003112,12,crosswind,3069,0.15132930370628642
88,167,117.37045295003112,12,upwind,5265,0.09957205678990068
88,167,117.37045295003112,24,downwind,3311,0.1358908283394648
88,167,117.37045295003112,24,crosswind,3063,0.0925425528037925
88,167,117.37045295003112,24,upwind,5262,0.039209694306501536
90,168,64.69640483843659,3,downwind,1703,0.2899274808171815
90,168,64.69640483843659,3,crosswind,5365,0.27130205112747957
90,168,64.69640483843659,3,upwind,4591,0.15366180565175666
90,168,64.69640483843659,6,downwind,1703,0.319487243420141
90,168,64.69640483843659,6,crosswind,5362,0.2864807568110253
90,168,64.69640483843659,6,upwind,4593,0.18100252634966862
90,168,64.69640483843659,12,downwind,1703,0.29222048461349986
90,168,64.69640483843659,12,crosswind,5357,0.264840506383784
90,168,64.69640483843659,12,upwind,4593,0.18440338575316326
90,168,64.69640483843659,24,downwind,1702,0.2321413518348563
90,168,64.69640483843659,24,crosswind,5356,0.20986598689658392
90,168,64.69640483843659,24,upwind,4587,0.1452670102869763
164,168,90.45247340095233,3,downwind,1191,0.2108746914296414
164,168,90.45247340095233,3,crosswind,4716,0.2118651549079752
164,168,90.45247340095233,3,upwind,5752,0.12679030509525044
164,168,90.45247340095233,6,downwind,1192,0.2289251173850965
164,168,90.45247340095233,6,crosswind,4713,0.22688499509839474
164,168,90.45247340095233,6,upwind,5753,0.14888998565259876
164,168,90.45247340095233,12,downwind,1190,0.21598463003888527
164,168,90.45247340095233,12,crosswind,4712,0.20513224561168258
164,168,90.45247340095233,12,upwind,5751,0.14992773018824643
164,168,90.45247340095233,24,downwind,1190,0.16630684530493559
164,168,90.45247340095233,24,crosswind,4712,0.13897255710154272
164,168,90.45247340095233,24,upwind,5743,0.13524638028846941
45,168,94.44411746470577,3,downwind,3121,0.24576312819960494
45,168,94.44411746470577,3,crosswind,4707,0.16525949123387346
45,168,94.44411746470577,3,upwind,3831,0.09010215024249812
45,168,94.44411746470577,6,downwind,3121,0.24991998791492845
45,168,94.44411746470577,6,crosswind,4707,0.19313983254452888
45,168,94.44411746470577,6,upwind,3830,0.08773526350022717
45,168,94.44411746470577,12,downwind,3119,0.2209300999656986
45,168,94.44411746470577,12,crosswind,4707,0.18440042754798924
45,168,94.44411746470577,12,upwind,3827,0.10393455003821458
45,168,94.44411746470577,24,downwind,3122,0.12861380065355948
45,168,94.44411746470577,24,crosswind,4700,0.11055705268267327
45,168,94.44411746470577,24,upwind,3823,0.06693816016816381
169,168,118.71599195541724,3,downwind,6886,0.26276894143172297
169,168,118.71599195541724,3,crosswind,3000,0.14274027646148885
169,168,118.71599195541724,3,upwind,1773,0.1381006071293594
169,168,118.71599195541724,6,downwind,6885,0.2887221709847731
169,168,118.71599195541724,6,crosswind,2999,0.15897462052657083
169,168,118.71599195541724,6,upwind,1774,0.15180123565956002
169,168,118.71599195541724,12,downwind,6882,0.2691911684153222
169,168,118.71599195541724,12,crosswind,2999,0.20757871192721836
169,168,118.71599195541724,12,upwind,1772,0.12469645146717871
169,168,118.71599195541724,24,downwind,6876,0.2100271259864637
169,168,118.71599195541724,24,crosswind,2997,0.15387024129181945
169,168,118.71599195541724,24,upwind,1772,0.13180327709056894
165,168,180.28754249402772,3,downwind,1643,0.14318030295360748
165,168,180.28754249402772,3,crosswind,4175,0.1357005733362504
165,168,180.28754249402772,3,upwind,5837,0.11647837463372859
165,168,180.28754249402772,6,downwind,1643,0.1678248564948413
165,168,180.28754249402772,6,crosswind,4176,0.13635453622550134
165,168,180.28754249402772,6,upwind,5835,0.09891888408562927
165,168,180.28754249402772,12,downwind,1641,0.16356321526541484
165,168,180.28754249402772,12,crosswind,4177,0.12263045765692357
165,168,180.28754249402772,12,upwind,5831,0.10664785685431093
165,168,180.28754249402772,24,downwind,1640,0.19113653365504862
165,168,180.28754249402772,24,crosswind,4176,0.11278754263017776
165,168,180.28754249402772,24,upwind,5825,0.11053350711214437
168,169,118.71599195541724,3,downwind,2195,0.19074971502514312
168,169,118.71599195541724,3,crosswind,3086,0.13026045055386443
168,169,118.71599195541724,3,upwind,6379,0.10233050195902238
168,169,118.71599195541724,6,downwind,2195,0.18691477409766669
168,169,118.71599195541724,6,crosswind,3087,0.1448567962138366
168,169,118.71599195541724,6,upwind,6377,0.09754903022870087
168,169,118.71599195541724,12,downwind,2192,0.14026398839445825
168,169,118.71599195541724,12,crosswind,3088,0.14923263804530454
168,169,118.71599195541724,12,upwind,6374,0.09427454181284867
168,169,118.71599195541724,24,downwind,2194,0.12399562988149274
168,169,118.71599195541724,24,crosswind,3084,0.07704061224684731
168,169,118.71599195541724,24,upwind,6368,0.06705499554840233
90,169,142.84035039623112,3,downwind,1355,0.21965424529789412
90,169,142.84035039623112,3,crosswind,3410,0.24529626010250158
90,169,142.84035039623112,3,upwind,6896,0.17144347394138898
90,169,142.84035039623112,6,downwind,1354,0.24259021564379762
90,169,142.84035039623112,6,crosswind,3413,0.2757123944510208
90,169,142.84035039623112,6,upwind,6893,0.18970726124000656
90,169,142.84035039623112,12,downwind,1353,0.22683436611437158
90,169,142.84035039623112,12,crosswind,3411,0.25665097015128024
90,169,142.84035039623112,12,upwind,6891,0.19426323073335705
90,169,142.84035039623112,24,downwind,1354,0.12976199499891067
90,169,142.84035039623112,24,crosswind,3412,0.22088383838695225
90,169,142.84035039623112,24,upwind,6881,0.15700106429878327
164,169,186.74537876929247,3,downwind,1290,0.1618647025179043
164,169,186.74537876929247,3,crosswind,3474,0.1385210310856664
164,169,186.74537876929247,3,upwind,6897,0.15083143194555074
164,169,186.74537876929247,6,downwind,1289,0.17537391556814763
164,169,186.74537876929247,6,crosswind,3477,0.18015014317068528
164,169,186.74537876929247,6,upwind,6894,0.16599598312154146
164,169,186.74537876929247,12,downwind,1288,0.18150991870110417
164,169,186.74537876929247,12,crosswind,3476,0.1795323248113632
164,169,186.74537876929247,12,upwind,6891,0.17316509816310333
164,169,186.74537876929247,24,downwind,1289,0.0910617840586157
164,169,186.74537876929247,24,crosswind,3473,0.14534227775710673
164,169,186.74537876929247,24,upwind,6885,0.12410694211210181
45,169,202.5187545992124,3,downwind,2813,0.1371299080562128
45,169,202.5187545992124,3,crosswind,4261,0.09898590248368036
45,169,202.5187545992124,3,upwind,4587,0.05670380319188701
45,169,202.5187545992124,6,downwind,2813,0.1487854971743415
45,169,202.5187545992124,6,crosswind,4260,0.13067072476778946
45,169,202.5187545992124,6,upwind,4587,0.06129039274434279
45,169,202.5187545992124,12,downwind,2811,0.12628619282975143
45,169,202.5187545992124,12,crosswind,4261,0.14429460431554977
45,169,202.5187545992124,12,upwind,4583,0.10756105340743002
45,169,202.5187545992124,24,downwind,2812,0.11934699127054306
45,169,202.5187545992124,24,crosswind,4258,0.12320745403402618
45,169,202.5187545992124,24,upwind,4577,0.08048389794379432
163,169,206.65251869702237,3,downwind,3244,0.17044391497950187
163,169,206.65251869702237,3,crosswind,4029,0.1341259395677601
163,169,206.65251869702237,3,upwind,4388,0.060193592069664986
163,169,206.65251869702237,6,downwind,3244,0.23460610692470363
163,169,206.65251869702237,6,crosswind,4027,0.15740106193466735
163,169,206.65251869702237,6,upwind,4389,0.07304715189365074
163,169,206.65251869702237,12,downwind,3242,0.24286530305560142
163,169,206.65251869702237,12,crosswind,4025,0.14906116108285947
163,169,206.65251869702237,12,upwind,4388,0.08226552535533374
163,169,206.65251869702237,24,downwind,3238,0.1749668980784409
163,169,206.65251869702237,24,crosswind,4021,0.12811392140072903
163,169,206.65251869702237,24,upwind,4388,0.04650009153717832
167,170,83.26269971674598,3,downwind,3209,0.11526984191879446
167,170,83.26269971674598,3,crosswind,5417,0.19018471008503524
167,170,83.26269971674598,3,upwind,2744,0.12247530943298546
167,170,83.26269971674598,6,downwind,3200,0.154639509090809
167,170,83.26269971674598,6,crosswind,5408,0.18078522513550385
167,170,83.26269971674598,6,upwind,2730,0.10355673970101183
167,170,83.26269971674598,12,downwind,3186,0.1496235933096935
167,170,83.26269971674598,12,crosswind,5399,0.17213355484735846
167,170,83.26269971674598,12,upwind,2727,0.07630160987179158
167,170,83.26269971674598,24,downwind,3187,0.07601279204714462
167,170,83.26269971674598,24,crosswind,5369,0.0960286414926472
167,170,83.26269971674598,24,upwind,2722,0.05386206621494914
166,170,85.46323943012656,3,downwind,3061,0.16958333587841495
166,170,85.46323943012656,3,crosswind,2809,0.19711317144422097
166,170,85.46323943012656,3,upwind,5503,0.25067145788232525
166,170,85.46323943012656,6,downwind,3057,0.16748853128643512
166,170,85.46323943012656,6,crosswind,2803,0.20306472015227964
166,170,85.46323943012656,6,upwind,5481,0.26635417078971413
166,170,85.46323943012656,12,downwind,3046,0.21007100378549834
166,170,85.46323943012656,12,crosswind,2795,0.2243670906374687
166,170,85.46323943012656,12,upwind,5474,0.23618644232637392
166,170,85.46323943012656,24,downwind,3049,0.11836397244934344
166,170,85.46323943012656,24,crosswind,2779,0.14073594468227285
166,170,85.46323943012656,24,upwind,5453,0.1481297782446431
46,170,125.18437718228199,3,downwind,5419,0.2938895059132846
46,170,125.18437718228199,3,crosswind,3064,0.23465190577739228
46,170,125.18437718228199,3,upwind,2890,0.16944288872172353
46,170,125.18437718228199,6,downwind,5404,0.3688135991356221
46,170,125.18437718228199,6,crosswind,3051,0.2561187335729515
46,170,125.18437718228199,6,upwind,2886,0.16552062529482522
46,170,125.18437718228199,12,downwind,5388,0.38516840105208017
46,170,125.18437718228199,12,crosswind,3050,0.2651927831542185
46,170,125.18437718228199,12,upwind,2877,0.16967154996251244
46,170,125.18437718228199,24,downwind,5378,0.25345472344815817
46,170,125.18437718228199,24,crosswind,3030,0.2223857776379791
46,170,125.18437718228199,24,upwind,2873,0.14062907442639697
171,170,157.71282122435153,3,downwind,5305,0.18540415054896398
171,170,157.71282122435153,3,crosswind,4326,0.16691808033526387
171,170,157.71282122435153,3,upwind,1742,0.11368723538710103
171,170,157.71282122435153,6,downwind,5289,0.20468101693380764
171,170,157.71282122435153,6,crosswind,4314,0.20091609338775157
171,170,157.71282122435153,6,upwind,1738,0.09522439733919612
171,170,157.71282122435153,12,downwind,5272,0.1899715670141593
171,170,157.71282122435153,12,crosswind,4310,0.22837796460773713
171,170,157.71282122435153,12,upwind,1733,0.09125117513862051
171,170,157.71282122435153,24,downwind,5262,0.12513848006420758
171,170,157.71282122435153,24,crosswind,4295,0.15779726537841757
171,170,157.71282122435153,24,upwind,1724,0.10641325755591181
89,170,182.9807704086668,3,downwind,6272,0.21472627470461694
89,170,182.9807704086668,3,crosswind,2077,0.14392687967020087
89,170,182.9807704086668,3,upwind,3024,0.1276084932447341
89,170,182.9807704086668,6,downwind,6254,0.28190717129429405
89,170,182.9807704086668,6,crosswind,2068,0.1515548729965854
89,170,182.9807704086668,6,upwind,3019,0.14003923370772334
89,170,182.9807704086668,12,downwind,6242,0.3332716241713791
89,170,182.9807704086668,12,crosswind,2066,0.15237470525274838
89,170,182.9807704086668,12,upwind,3007,0.11855020576614442
89,170,182.9807704086668,24,downwind,6224,0.2569319832314227
89,170,182.9807704086668,24,crosswind,2054,0.13390764290626483
89,170,182.9807704086668,24,upwind,3003,0.1301328862407828
165,171,72.42868307312773,3,downwind,3316,0.256176402632485
165,171,72.42868307312773,3,crosswind,3431,0.19245912987300268
165,171,72.42868307312773,3,upwind,4910,0.08956347440332971
165,171,72.42868307312773,6,downwind,3317,0.2825003201997659
165,171,72.42868307312773,6,crosswind,3432,0.19893453253828566
165,171,72.42868307312773,6,upwind,4907,0.08019161755867704
165,171,72.42868307312773,12,downwind,3315,0.20259179599171603
165,171,72.42868307312773,12,crosswind,3429,0.1594134854271667
165,171,72.42868307312773,12,upwind,4907,0.08119977305947511
165,171,72.42868307312773,24,downwind,3316,0.1515345763939812
165,171,72.42868307312773,24,crosswind,3424,0.11097182649012131
165,171,72.42868307312773,24,upwind,4903,0.05263596800259094
167,171,74.45281761071956,3,downwind,2823,0.15361488071233906
167,171,74.45281761071956,3,crosswind,5589,0.12850988298565355
167,171,74.45281761071956,3,upwind,3246,0.07404975238056107
167,171,74.45281761071956,6,downwind,2823,0.16610322156818252
167,171,74.45281761071956,6,crosswind,5588,0.14046626099833467
167,171,74.45281761071956,6,upwind,3246,0.06664740093306264
167,171,74.45281761071956,12,downwind,2823,0.15253013952649463
167,171,74.45281761071956,12,crosswind,5583,0.12344654223194425
167,171,74.45281761071956,12,upwind,3246,0.07607866683781148
167,171,74.45281761071956,24,downwind,2823,0.11201439253174107
167,171,74.45281761071956,24,crosswind,5576,0.09100922002817925
167,171,74.45281761071956,24,upwind,3245,0.06936472950782241
88,171,87.63674219001646,3,downwind,2325,0.15023428997747748
88,171,87.63674219001646,3,crosswind,3215,0.1849619048145404
88,171,87.63674219001646,3,upwind,6116,0.10528766184484024
88,171,87.63674219001646,6,downwind,2326,0.16826506886980322
88,171,87.63674219001646,6,crosswind,3216,0.18103126058812824
88,171,87.63674219001646,6,upwind,6113,0.11305051954952966
88,171,87.63674219001646,12,downwind,2325,0.11565452509543372
88,171,87.63674219001646,12,crosswind,3215,0.13534107223850794
88,171,87.63674219001646,12,upwind,6110,0.10627697967382549
88,171,87.63674219001646,24,downwind,2326,0.1211549962639027
88,171,87.63674219001646,24,crosswind,3210,0.13918979368708537
88,171,87.63674219001646,24,upwind,6106,0.0725396500565711
46,171,89.12510691302711,3,downwind,5263,0.27250818291877066
46,171,89.12510691302711,3,crosswind,4860,0.29153424436468073
46,171,89.12510691302711,3,upwind,1538,0.20401203870340853
46,171,89.12510691302711,6,downwind,5261,0.29195448163429205
46,171,89.12510691302711,6,crosswind,4858,0.31930743655050625
46,171,89.12510691302711,6,upwind,1541,0.18076716790402672
46,171,89.12510691302711,12,downwind,5257,0.25725187691325385
46,171,89.12510691302711,12,crosswind,4858,0.2883680363144886
46,171,89.12510691302711,12,upwind,1540,0.1029278804886059
46,171,89.12510691302711,24,downwind,5249,0.18316990596728408
46,171,89.12510691302711,24,crosswind,4857,0.24273649545381698
46,171,89.12510691302711,24,upwind,1541,0.10892925695979684
166,171,105.23078346993235,3,downwind,1713,0.187564848051797
166,171,105.23078346993235,3,crosswind,5769,0.13176419982563115
166,171,105.23078346993235,3,upwind,4179,0.10144576121794646
166,171,105.23078346993235,6,downwind,1713,0.23051490928309434
166,171,105.23078346993235,6,crosswind,5769,0.12427054328736706
166,171,105.23078346993235,6,upwind,4178,0.09150789239753053
166,171,105.23078346993235,12,downwind,1713,0.22376049618948654
166,171,105.23078346993235,12,crosswind,5764,0.10525676503495895
166,171,105.23078346993235,12,upwind,4178,0.07197308459808992
166,171,105.23078346993235,24,downwind,1713,0.14649750462843095
166,171,105.23078346993235,24,crosswind,5761,0.05466729663461211
166,171,105.23078346993235,24,upwind,4173,0.04442297287809285
163,172,129.52685005888696,3,downwind,2205,0.12928484909530336
163,172,129.52685005888696,3,crosswind,3705,0.11025233079007536
163,172,129.52685005888696,3,upwind,5749,0.12502787294306567
163,172,129.52685005888696,6,downwind,2205,0.14548377728125117
163,172,129.52685005888696,6,crosswind,3704,0.130790053904567
163,172,129.52685005888696,6,upwind,5747,0.16932138386696233
163,172,129.52685005888696,12,downwind,2204,0.12279996751792026
163,172,129.52685005888696,12,crosswind,3702,0.17188619560811771
163,172,129.52685005888696,12,upwind,5745,0.19565236595828925
163,172,129.52685005888696,24,downwind,2203,0.10808123672897157
163,172,129.52685005888696,24,crosswind,3698,0.13164929808487696
163,172,129.52685005888696,24,upwind,5742,0.11504492945845206
94,172,143.499738102216,3,downwind,3320,0.1868285297631003
94,172,143.499738102216,3,crosswind,4574,0.0363484368842372
94,172,143.499738102216,3,upwind,3765,0.10777173112764689
94,172,143.499738102216,6,downwind,3320,0.18509495095308606
94,172,143.499738102216,6,crosswind,4572,0.04564274318323151
94,172,143.499738102216,6,upwind,3764,0.13086423852133258
94,172,143.499738102216,12,downwind,3320,0.1454842334610753
94,172,143.499738102216,12,crosswind,4568,0.06332250360545791
94,172,143.499738102216,12,upwind,3763,0.12301768757773997
94,172,143.499738102216,24,downwind,3314,0.09712152811849446
94,172,143.499738102216,24,crosswind,4568,-0.02336140743294908
94,172,143.499738102216,24,upwind,3761,0.06085085360928803
173,172,192.60667895981467,3,downwind,6547,0.17617455114844882
173,172,192.60667895981467,3,crosswind,1660,0.06921290171273899
173,172,192.60667895981467,3,upwind,3460,0.07818144465561297
173,172,192.60667895981467,6,downwind,6544,0.23369527065099602
173,172,192.60667895981467,6,crosswind,1660,0.06730877499384975
173,172,192.60667895981467,6,upwind,3460,0.09098121526391338
173,172,192.60667895981467,12,downwind,6542,0.243109290945139
173,172,192.60667895981467,12,crosswind,1659,0.04918701194453243
173,172,192.60667895981467,12,upwind,3458,0.07276699901681041
173,172,192.60667895981467,24,downwind,6536,0.14981694683404115
173,172,192.60667895981467,24,crosswind,1658,0.01044318345795474
173,172,192.60667895981467,24,upwind,3457,0.037684683872993466
176,172,201.17344550873216,3,downwind,3425,0.1347537997052908
176,172,201.17344550873216,3,crosswind,1065,0.07031862635863402
176,172,201.17344550873216,3,upwind,7164,0.020084801539184346
176,172,201.17344550873216,6,downwind,3424,0.15900601607037373
176,172,201.17344550873216,6,crosswind,1066,0.030605711770478425
176,172,201.17344550873216,6,upwind,7161,0.03386640140172016
176,172,201.17344550873216,12,downwind,3425,0.18768766699607684
176,172,201.17344550873216,12,crosswind,1066,0.007962286779875628
176,172,201.17344550873216,12,upwind,7155,0.03640728718982794
176,172,201.17344550873216,24,downwind,3422,0.21143167552333303
176,172,201.17344550873216,24,crosswind,1065,0.059648590727180685
176,172,201.17344550873216,24,upwind,7151,0.03756035186647293
91,172,210.43754750152036,3,downwind,6339,0.07052682786794966
91,172,210.43754750152036,3,crosswind,1823,0.13692732764035917
91,172,210.43754750152036,3,upwind,3491,0.08180958134026692
91,172,210.43754750152036,6,downwind,6336,0.08149531597304191
91,172,210.43754750152036,6,crosswind,1823,0.17661323002653548
91,172,210.43754750152036,6,upwind,3491,0.09669479662561561
91,172,210.43754750152036,12,downwind,6333,0.09097884539515042
91,172,210.43754750152036,12,crosswind,1822,0.15318039357246943
91,172,210.43754750152036,12,upwind,3490,0.140023480837377
91,172,210.43754750152036,24,downwind,6330,0.058342472814909674
91,172,210.43754750152036,24,crosswind,1822,0.08381975470945832
91,172,210.43754750152036,24,upwind,3485,0.06459266242169436
174,173,155.4416498817261,3,downwind,2183,0.15938237203187985
174,173,155.4416498817261,3,crosswind,6036,0.1583587461582956
174,173,155.4416498817261,3,upwind,3180,0.10770436685700646
174,173,155.4416498817261,6,downwind,2180,0.19702644629819452
174,173,155.4416498817261,6,crosswind,6034,0.1759488126678169
174,173,155.4416498817261,6,upwind,3181,0.1114233324618888
174,173,155.4416498817261,12,downwind,2179,0.20699718426633557
174,173,155.4416498817261,12,crosswind,6032,0.15345101266295305
174,173,155.4416498817261,12,upwind,3179,0.09664108722936336
174,173,155.4416498817261,24,downwind,2176,0.17472354681328672
174,173,155.4416498817261,24,crosswind,6027,0.07787233937374029
174,173,155.4416498817261,24,upwind,3179,0.09280536716346315
152,173,172.48507333360126,3,downwind,6780,0.17293583198182935
152,173,172.48507333360126,3,crosswind,1206,0.05025725443046622
152,173,172.48507333360126,3,upwind,3680,0.053625928810300476
152,173,172.48507333360126,6,downwind,6779,0.22768670906323624
152,173,172.48507333360126,6,crosswind,1205,0.07771666183152004
152,173,172.48507333360126,6,upwind,3678,0.06871539188799074
152,173,172.48507333360126,12,downwind,6779,0.23836047612634217
152,173,172.48507333360126,12,crosswind,1200,0.11871888838432107
152,173,172.48507333360126,12,upwind,3678,0.06594937129758151
152,173,172.48507333360126,24,downwind,6775,0.1502746429711144
152,173,172.48507333360126,24,crosswind,1201,0.021939390416048886
152,173,172.48507333360126,24,upwind,3673,0.010826165238205709
47,173,179.3709877061921,3,downwind,4283,0.10021777252534718
47,173,179.3709877061921,3,crosswind,4644,0.17071055516356157
47,173,179.3709877061921,3,upwind,2729,0.06817355555327387
47,173,179.3709877061921,6,downwind,4281,0.1303459979477501
47,173,179.3709877061921,6,crosswind,4643,0.21468706035235346
47,173,179.3709877061921,6,upwind,2728,0.11314887105223045
47,173,179.3709877061921,12,downwind,4280,0.1382218531508366
47,173,179.3709877061921,12,crosswind,4642,0.2346202606612906
47,173,179.3709877061921,12,upwind,2725,0.13895398437946302
47,173,179.3709877061921,24,downwind,4278,0.09429733771611176
47,173,179.3709877061921,24,crosswind,4636,0.1721272580987692
47,173,179.3709877061921,24,upwind,2725,0.0738543954049472
91,173,185.90867695556724,3,downwind,3874,0.09099085651622635
91,173,185.90867695556724,3,crosswind,6078,0.11626815291582425
91,173,185.90867695556724,3,upwind,1698,0.010930033646875021
91,173,185.90867695556724,6,downwind,3870,0.127702254981771
91,173,185.90867695556724,6,crosswind,6077,0.14704920894837453
91,173,185.90867695556724,6,upwind,1699,-0.009701417146342144
91,173,185.90867695556724,12,downwind,3871,0.14672851392600245
91,173,185.90867695556724,12,crosswind,6071,0.17364495976083447
91,173,185.90867695556724,12,upwind,1699,0.01871103456430879
91,173,185.90867695556724,24,downwind,3870,0.08100671426257607
91,173,185.90867695556724,24,crosswind,6066,0.12711656626853177
91,173,185.90867695556724,24,upwind,1697,0.034666757514653264
172,173,192.60667895981467,3,downwind,3258,0.3054035281475863
172,173,192.60667895981467,3,crosswind,2366,0.22222721531317818
172,173,192.60667895981467,3,upwind,6042,0.10254178227592207
172,173,192.60667895981467,6,downwind,3257,0.38709486890076955
172,173,192.60667895981467,6,crosswind,2366,0.27935394857051854
172,173,192.60667895981467,6,upwind,6039,0.13241199017813265
172,173,192.60667895981467,12,downwind,3259,0.4427953549219756
172,173,192.60667895981467,12,crosswind,2365,0.3287225997832678
172,173,192.60667895981467,12,upwind,6033,0.17141911704722118
172,173,192.60667895981467,24,downwind,3258,0.38547269775580867
172,173,192.60667895981467,24,crosswind,2362,0.31055805818442
172,173,192.60667895981467,24,upwind,6029,0.17095136171278685
95,174,81.09787463749015,3,downwind,1445,0.20490652976589213
95,174,81.09787463749015,3,crosswind,6573,0.1371413567944578
95,174,81.09787463749015,3,upwind,3318,0.1129027865344991
95,174,81.09787463749015,6,downwind,1441,0.2975050398355635
95,174,81.09787463749015,6,crosswind,6556,0.1657916897793679
95,174,81.09787463749015,6,upwind,3303,0.14766256871052963
95,174,81.09787463749015,12,downwind,1443,0.2794928037764639
95,174,81.09787463749015,12,crosswind,6529,0.1796382731955965
95,174,81.09787463749015,12,upwind,3283,0.1667736708360856
95,174,81.09787463749015,24,downwind,1439,0.25350915707018223
95,174,81.09787463749015,24,crosswind,6496,0.13570533126678108
95,174,81.09787463749015,24,upwind,3272,0.1064761690367492
47,174,97.41969659993768,3,downwind,2824,0.23690189485616134
47,174,97.41969659993768,3,crosswind,5033,0.12416030879270365
47,174,97.41969659993768,3,upwind,3481,0.14939422770038382
47,174,97.41969659993768,6,downwind,2817,0.2802667670378304
47,174,97.41969659993768,6,crosswind,5017,0.16961528788680416
47,174,97.41969659993768,6,upwind,3468,0.18366937519887006
47,174,97.41969659993768,12,downwind,2811,0.289610180367081
47,174,97.41969659993768,12,crosswind,4999,0.18906457778036914
47,174,97.41969659993768,12,upwind,3447,0.1917497678710396
47,174,97.41969659993768,24,downwind,2806,0.22439607956774324
47,174,97.41969659993768,24,crosswind,4971,0.1431623868425422
47,174,97.41969659993768,24,upwind,3432,0.13015339801942777
91,174,123.45276733578467,3,downwind,3432,0.19388420832551873
91,174,123.45276733578467,3,crosswind,4238,0.06471232912347202
91,174,123.45276733578467,3,upwind,3662,0.10082711251269716
91,174,123.45276733578467,6,downwind,3427,0.2539540784167502
91,174,123.45276733578467,6,crosswind,4213,0.11056536593249897
91,174,123.45276733578467,6,upwind,3656,0.12114081838915977
91,174,123.45276733578467,12,downwind,3419,0.2873016610091084
91,174,123.45276733578467,12,crosswind,4198,0.15173968898727214
91,174,123.45276733578467,12,upwind,3634,0.11527366611930837
91,174,123.45276733578467,24,downwind,3401,0.2237630951280024
91,174,123.45276733578467,24,crosswind,4193,0.10618636446707608
91,174,123.45276733578467,24,upwind,3609,0.04510786478003183
92,174,147.01006397516358,3,downwind,3140,0.18599379412090816
92,174,147.01006397516358,3,crosswind,4631,0.13401824076840457
92,174,147.01006397516358,3,upwind,3566,0.13360296484875736
92,174,147.01006397516358,6,downwind,3129,0.24278468709873702
92,174,147.01006397516358,6,crosswind,4616,0.1443376666450644
92,174,147.01006397516358,6,upwind,3556,0.1564633930517632
92,174,147.01006397516358,12,downwind,3119,0.27406447897969805
92,174,147.01006397516358,12,crosswind,4599,0.13677960457938776
92,174,147.01006397516358,12,upwind,3538,0.14752800618979253
92,174,147.01006397516358,24,downwind,3110,0.25894779084987846
92,174,147.01006397516358,24,crosswind,4578,0.12054767375807053
92,174,147.01006397516358,24,upwind,3520,0.09899872729238186
79,174,154.0044651778591,3,downwind,2434,0.15289005641569206
79,174,154.0044651778591,3,crosswind,6155,0.14603286503113097
79,174,154.0044651778591,3,upwind,2731,0.11529891471018688
79,174,154.0044651778591,6,downwind,2420,0.19952801137243903
79,174,154.0044651778591,6,crosswind,6139,0.1894330603318651
79,174,154.0044651778591,6,upwind,2725,0.13308956912011027
79,174,154.0044651778591,12,downwind,2419,0.22563117868339863
79,174,154.0044651778591,12,crosswind,6108,0.2132958434970286
79,174,154.0044651778591,12,upwind,2712,0.1353148093139638
79,174,154.0044651778591,24,downwind,2404,0.17623540033540208
79,174,154.0044651778591,24,crosswind,6081,0.17983220866166746
79,174,154.0044651778591,24,upwind,2706,0.06409518197305661
48,175,62.80894261118043,3,downwind,3517,0.14196644932591984
48,175,62.80894261118043,3,crosswind,3175,0.0500692623007317
48,175,62.80894261118043,3,upwind,4942,-0.0035040636612440335
48,175,62.80894261118043,6,downwind,3509,0.18643455521279612
48,175,62.80894261118043,6,crosswind,3176,0.05057353555223001
48,175,62.80894261118043,6,upwind,4942,0.010744995565748846
48,175,62.80894261118043,12,downwind,3502,0.15091960427746223
48,175,62.80894261118043,12,crosswind,3175,0.060283251775526896
48,175,62.80894261118043,12,upwind,4940,0.014340748137574157
48,175,62.80894261118043,24,downwind,3501,0.017144755295289242
48,175,62.80894261118043,24,crosswind,3169,-0.010816254229743388
48,175,62.80894261118043,24,upwind,4934,0.019177730130152934
179,175,114.30983291452442,3,downwind,6335,0.0484076492128059
179,175,114.30983291452442,3,crosswind,1854,0.04717715881086322
179,175,114.30983291452442,3,upwind,3424,0.02616271190171227
179,175,114.30983291452442,6,downwind,6326,0.05500678874417665
179,175,114.30983291452442,6,crosswind,1856,0.05425689263534606
179,175,114.30983291452442,6,upwind,3424,0.026422759718250182
179,175,114.30983291452442,12,downwind,6316,0.04778762386086817
179,175,114.30983291452442,12,crosswind,1856,0.07020671057872745
179,175,114.30983291452442,12,upwind,3424,0.048362657899716686
179,175,114.30983291452442,24,downwind,6316,0.03367983389500676
179,175,114.30983291452442,24,crosswind,1850,0.07938959981713058
179,175,114.30983291452442,24,upwind,3416,0.08435441650626059
182,175,120.06574694659375,3,downwind,2224,0.12123816990588644
182,175,120.06574694659375,3,crosswind,5426,0.1789073506223319
182,175,120.06574694659375,3,upwind,3950,0.12130719266830803
182,175,120.06574694659375,6,downwind,2223,0.1438914219348394
182,175,120.06574694659375,6,crosswind,5425,0.19817030335663754
182,175,120.06574694659375,6,upwind,3945,0.10428554542767775
182,175,120.06574694659375,12,downwind,2221,0.1668415390620635
182,175,120.06574694659375,12,crosswind,5424,0.1547999377662934
182,175,120.06574694659375,12,upwind,3938,0.1197413062988734
182,175,120.06574694659375,24,downwind,2222,0.10772217091884385
182,175,120.06574694659375,24,crosswind,5408,0.09795706386470583
182,175,120.06574694659375,24,upwind,3941,0.028858723440596992
180,175,136.1414021057404,3,downwind,2663,0.07608387588828655
180,175,136.1414021057404,3,crosswind,2898,0.004024915056796287
180,175,136.1414021057404,3,upwind,6076,-0.023335804280043025
180,175,136.1414021057404,6,downwind,2659,0.09359685656345465
180,175,136.1414021057404,6,crosswind,2898,0.013721414360167388
180,175,136.1414021057404,6,upwind,6073,-0.04354948256028247
180,175,136.1414021057404,12,downwind,2657,0.057103310640058615
180,175,136.1414021057404,12,crosswind,2896,-0.008194187212338059
180,175,136.1414021057404,12,upwind,6067,-0.028967109528508315
180,175,136.1414021057404,24,downwind,2661,-0.04105326885303391
180,175,136.1414021057404,24,crosswind,2885,-0.03315542380590594
180,175,136.1414021057404,24,upwind,6061,-0.02946863584130421
183,175,193.9466632230375,3,downwind,3547,0.04822629355802845
183,175,193.9466632230375,3,crosswind,4115,0.08815438131292035
183,175,193.9466632230375,3,upwind,3971,0.07523677734024567
183,175,193.9466632230375,6,downwind,3547,0.04311800838823512
183,175,193.9466632230375,6,crosswind,4111,0.08545684245129691
183,175,193.9466632230375,6,upwind,3968,0.09089309717500997
183,175,193.9466632230375,12,downwind,3544,0.02354323426144449
183,175,193.9466632230375,12,crosswind,4108,0.08377057184075232
183,175,193.9466632230375,12,upwind,3964,0.08102709089433821
183,175,193.9466632230375,24,downwind,3540,0.0244111614428693
183,175,193.9466632230375,24,crosswind,4107,0.03601871641191243
183,175,193.9466632230375,24,upwind,3956,-0.003615967269516641
94,176,130.17811718639908,3,downwind,5307,0.09547845858532997
94,176,130.17811718639908,3,crosswind,3354,0.10847216278928852
94,176,130.17811718639908,3,upwind,2990,0.08976823385975553
94,176,130.17811718639908,6,downwind,5304,0.12613246997343736
94,176,130.17811718639908,6,crosswind,3357,0.09129833575492932
94,176,130.17811718639908,6,upwind,2989,0.061230734253864307
94,176,130.17811718639908,12,downwind,5300,0.1328801187314545
94,176,130.17811718639908,12,crosswind,3358,0.020972308925762597
94,176,130.17811718639908,12,upwind,2987,0.020343808412915963
94,176,130.17811718639908,24,downwind,5296,-0.007723972245028623
94,176,130.17811718639908,24,crosswind,3355,-0.0212152292258131
94,176,130.17811718639908,24,upwind,2986,-0.041147878259278355
177,176,134.49379097796424,3,downwind,2717,0.21470153023658067
177,176,134.49379097796424,3,crosswind,4643,0.15779479433688906
177,176,134.49379097796424,3,upwind,4284,0.12555149511907146
177,176,134.49379097796424,6,downwind,2716,0.2385538308885216
177,176,134.49379097796424,6,crosswind,4644,0.1773821986967117
177,176,134.49379097796424,6,upwind,4283,0.1141192234818206
177,176,134.49379097796424,12,downwind,2718,0.17123644116989664
177,176,134.49379097796424,12,crosswind,4640,0.17150086106465762
177,176,134.49379097796424,12,upwind,4279,0.10237882319494182
177,176,134.49379097796424,24,downwind,2713,0.14869812694505558
177,176,134.49379097796424,24,crosswind,4636,0.07148167501540542
177,176,134.49379097796424,24,upwind,4280,0.060936128622523913
179,176,155.1446782606498,3,downwind,2811,0.2360672396995074
179,176,155.1446782606498,3,crosswind,2535,0.14459861593495602
179,176,155.1446782606498,3,upwind,6281,0.07423238325671828
179,176,155.1446782606498,6,downwind,2809,0.22976144260195278
179,176,155.1446782606498,6,crosswind,2536,0.13598152352878665
179,176,155.1446782606498,6,upwind,6281,0.06478508107418957
179,176,155.1446782606498,12,downwind,2808,0.21856738846922105
179,176,155.1446782606498,12,crosswind,2537,0.13068287660673678
179,176,155.1446782606498,12,upwind,6276,0.055583385181780534
179,176,155.1446782606498,24,downwind,2810,0.18577243626911033
179,176,155.1446782606498,24,crosswind,2532,0.1903135274549967
179,176,155.1446782606498,24,upwind,6271,0.08981900790547864
183,176,169.84030502860602,3,downwind,3550,0.2640967554876393
183,176,169.84030502860602,3,crosswind,2375,0.12631055250295328
183,176,169.84030502860602,3,upwind,5725,0.1140122621724493
183,176,169.84030502860602,6,downwind,3550,0.3013027609891647
183,176,169.84030502860602,6,crosswind,2374,0.1154925586195708
183,176,169.84030502860602,6,upwind,5725,0.11528147301976713
183,176,169.84030502860602,12,downwind,3550,0.21473621642978089
183,176,169.84030502860602,12,crosswind,2374,0.11642408889105811
183,176,169.84030502860602,12,upwind,5720,0.09881071257972784
183,176,169.84030502860602,24,downwind,3549,0.15192517600820796
183,176,169.84030502860602,24,crosswind,2366,0.07539677835926385
183,176,169.84030502860602,24,upwind,5721,0.03884155857601964
172,176,201.17344550873216,3,downwind,1574,0.03234917823964667
172,176,201.17344550873216,3,crosswind,7495,0.07028427286039984
172,176,201.17344550873216,3,upwind,2578,0.09650341039518748
172,176,201.17344550873216,6,downwind,1572,0.02924955299590366
172,176,201.17344550873216,6,crosswind,7495,0.08151257633256241
172,176,201.17344550873216,6,upwind,2579,0.10679453607382956
172,176,201.17344550873216,12,downwind,1570,0.03256298610750653
172,176,201.17344550873216,12,crosswind,7492,0.09964372235647073
172,176,201.17344550873216,12,upwind,2579,0.04940442396143426
172,176,201.17344550873216,24,downwind,1571,0.008958650161358292
172,176,201.17344550873216,24,crosswind,7486,0.07898828865858193
172,176,201.17344550873216,24,upwind,2576,0.010896440606251686
183,177,69.72465507827806,3,downwind,3951,0.24531047366830805
183,177,69.72465507827806,3,crosswind,2777,0.07143344158287059
183,177,69.72465507827806,3,upwind,4922,0.08050965882828626
183,177,69.72465507827806,6,downwind,3951,0.18784875462408687
183,177,69.72465507827806,6,crosswind,2776,0.06352704866385113
183,177,69.72465507827806,6,upwind,4919,0.058927025336668236
183,177,69.72465507827806,12,downwind,3951,0.07111976595722691
183,177,69.72465507827806,12,crosswind,2775,0.06292644906275109
183,177,69.72465507827806,12,upwind,4914,0.031203739940883796
183,177,69.72465507827806,24,downwind,3946,0.005860868746123669
183,177,69.72465507827806,24,crosswind,2774,-0.013236210440308151
183,177,69.72465507827806,24,upwind,4912,-0.031710830755274366
178,177,88.35253922493374,3,downwind,2759,0.1932974414684853
178,177,88.35253922493374,3,crosswind,7030,0.16078402621809004
178,177,88.35253922493374,3,upwind,1866,0.04836332586132154
178,177,88.35253922493374,6,downwind,2757,0.16661046604432422
178,177,88.35253922493374,6,crosswind,7028,0.1371601729273758
178,177,88.35253922493374,6,upwind,1866,0.053493430142553366
178,177,88.35253922493374,12,downwind,2756,0.0825759913191978
178,177,88.35253922493374,12,crosswind,7026,0.09023232284319399
178,177,88.35253922493374,12,upwind,1863,0.03491312668524692
178,177,88.35253922493374,24,downwind,2752,-0.04263125657433866
178,177,88.35253922493374,24,crosswind,7023,-0.018125556463944474
178,177,88.35253922493374,24,upwind,1862,0.02748137784312642
176,177,134.49379097796424,3,downwind,3988,0.0333327203252218
176,177,134.49379097796424,3,crosswind,4836,0.026756768836304713
176,177,134.49379097796424,3,upwind,2823,-0.0027841854797441726
176,177,134.49379097796424,6,downwind,3989,0.036684992197586676
176,177,134.49379097796424,6,crosswind,4831,0.013356883935867729
176,177,134.49379097796424,6,upwind,2823,0.0006271375268487962
176,177,134.49379097796424,12,downwind,3987,-0.0027079320602511163
176,177,134.49379097796424,12,crosswind,4826,0.023524021734804054
176,177,134.49379097796424,12,upwind,2824,-0.011449204832719844
176,177,134.49379097796424,24,downwind,3983,0.01588674420757949
176,177,134.49379097796424,24,crosswind,4826,0.030821142988105888
176,177,134.49379097796424,24,upwind,2820,0.04403944946719959
94,177,139.3700580818008,3,downwind,3925,0.08117759186989482
94,177,139.3700580818008,3,crosswind,4878,0.07587389875109025
94,177,139.3700580818008,3,upwind,2848,0.0018227881811200212
94,177,139.3700580818008,6,downwind,3923,0.09560329904638465
94,177,139.3700580818008,6,crosswind,4878,0.08420665171437636
94,177,139.3700580818008,6,upwind,2846,-0.011558380450565515
94,177,139.3700580818008,12,downwind,3923,0.07377013149413118
94,177,139.3700580818008,12,crosswind,4873,0.074371911970006
94,177,139.3700580818008,12,upwind,2845,-0.03032070047204662
94,177,139.3700580818008,24,downwind,3919,-0.03339684864487514
94,177,139.3700580818008,24,crosswind,4870,-0.020364364026557988
94,177,139.3700580818008,24,upwind,2844,-0.08058852807489224
179,177,187.01533257140156,3,downwind,1402,0.016328317406979653
179,177,187.01533257140156,3,crosswind,6177,0.04424860254161113
179,177,187.01533257140156,3,upwind,4049,0.023787481023664275
179,177,187.01533257140156,6,downwind,1402,0.05977798591943896
179,177,187.01533257140156,6,crosswind,6174,0.030911591400015204
179,177,187.01533257140156,6,upwind,4048,0.006104086012781646
179,177,187.01533257140156,12,downwind,1401,0.05722958945537096
179,177,187.01533257140156,12,crosswind,6169,0.047582700214874325
179,177,187.01533257140156,12,upwind,4048,-0.013235701255991614
179,177,187.01533257140156,24,downwind,1400,0.031189807823582175
179,177,187.01533257140156,24,crosswind,6166,0.04360915916489314
179,177,187.01533257140156,24,upwind,4044,0.04264126375887524
177,178,88.35253922493374,3,downwind,2872,0.09213498178594423
177,178,88.35253922493374,3,crosswind,6302,0.1407903791272001
177,178,88.35253922493374,3,upwind,2486,0.04385869386745131
177,178,88.35253922493374,6,downwind,2871,0.11768254407675084
177,178,88.35253922493374,6,crosswind,6301,0.16206031590279035
177,178,88.35253922493374,6,upwind,2486,0.06953851186772463
177,178,88.35253922493374,12,downwind,2870,0.12349723041142519
177,178,88.35253922493374,12,crosswind,6298,0.16246593915268875
177,178,88.35253922493374,12,upwind,2486,0.06100851767316443
177,178,88.35253922493374,24,downwind,2870,0.06091893455516729
177,178,88.35253922493374,24,crosswind,6294,0.10818325321049106
177,178,88.35253922493374,24,upwind,2482,0.038374006248723835
183,178,134.18039094738577,3,downwind,4011,0.29659649604801475
183,178,134.18039094738577,3,crosswind,3988,0.09367769683235336
183,178,134.18039094738577,3,upwind,3665,0.11368437450662885
183,178,134.18039094738577,6,downwind,4011,0.2963801206030571
183,178,134.18039094738577,6,crosswind,3986,0.13467299618717476
183,178,134.18039094738577,6,upwind,3665,0.14741051319972776
183,178,134.18039094738577,12,downwind,4011,0.23265641289147135
183,178,134.18039094738577,12,crosswind,3985,0.134205993572687
183,178,134.18039094738577,12,upwind,3662,0.15927980076514384
183,178,134.18039094738577,24,downwind,4008,0.15533254383992995
183,178,134.18039094738577,24,crosswind,3984,0.10892186394116606
183,178,134.18039094738577,24,upwind,3658,0.1395049869424226
92,178,144.1562653271243,3,downwind,4705,0.08629011913725103
92,178,144.1562653271243,3,crosswind,4000,0.09424622942191904
92,178,144.1562653271243,3,upwind,2959,-0.02040796602853477
92,178,144.1562653271243,6,downwind,4704,0.12071468523357223
92,178,144.1562653271243,6,crosswind,4000,0.11757499976376891
92,178,144.1562653271243,6,upwind,2958,0.011351621433591294
92,178,144.1562653271243,12,downwind,4704,0.10800857561458473
92,178,144.1562653271243,12,crosswind,3998,0.10635479354997372
92,178,144.1562653271243,12,upwind,2956,0.023405644835714643
92,178,144.1562653271243,24,downwind,4701,0.019261110841642937
92,178,144.1562653271243,24,crosswind,3994,0.040429093988593325
92,178,144.1562653271243,24,upwind,2955,0.00814169675178141
94,178,150.48537937263953,3,downwind,3661,0.10958597024538255
94,178,150.48537937263953,3,crosswind,4330,0.08828073586331317
94,178,150.48537937263953,3,upwind,3674,-0.0018590300455485602
94,178,150.48537937263953,6,downwind,3661,0.11851070827038111
94,178,150.48537937263953,6,crosswind,4330,0.12143679226283718
94,178,150.48537937263953,6,upwind,3672,-0.0013881962150177065
94,178,150.48537937263953,12,downwind,3660,0.1145677055025244
94,178,150.48537937263953,12,crosswind,4327,0.10140753843829908
94,178,150.48537937263953,12,upwind,3672,0.030683036933702813
94,178,150.48537937263953,24,downwind,3660,0.03430624101225602
94,178,150.48537937263953,24,crosswind,4324,0.01650077614081327
94,178,150.48537937263953,24,upwind,3667,-0.005215747181538072
91,178,174.3674911280439,3,downwind,1903,0.032847879174027934
91,178,174.3674911280439,3,crosswind,7019,0.04324331719716339
91,178,174.3674911280439,3,upwind,2737,0.04059140278519134
91,178,174.3674911280439,6,downwind,1903,0.07789092230140061
91,178,174.3674911280439,6,crosswind,7017,0.0637009423042309
91,178,174.3674911280439,6,upwind,2737,0.06523542624399846
91,178,174.3674911280439,12,downwind,1903,0.07791981463453496
91,178,174.3674911280439,12,crosswind,7016,0.06997317591279932
91,178,174.3674911280439,12,upwind,2734,0.081999089571547
91,178,174.3674911280439,24,downwind,1901,0.018754412437622207
91,178,174.3674911280439,24,crosswind,7012,0.04919314257936327
91,178,174.3674911280439,24,upwind,2732,0.08015400984316638
48,179,85.04205718425085,3,downwind,1587,0.04783894108304278
48,179,85.04205718425085,3,crosswind,5273,0.22917207853752036
48,179,85.04205718425085,3,upwind,4767,0.11455074613371524
48,179,85.04205718425085,6,downwind,1587,0.09889088876591157
48,179,85.04205718425085,6,crosswind,5270,0.22612858014988738
48,179,85.04205718425085,6,upwind,4765,0.14374353967378228
48,179,85.04205718425085,12,downwind,1589,0.0986204119064979
48,179,85.04205718425085,12,crosswind,5267,0.14486284841787564
48,179,85.04205718425085,12,upwind,4755,0.09565449721855375
48,179,85.04205718425085,24,downwind,1588,-0.042859373428713765
48,179,85.04205718425085,24,crosswind,5265,0.01482061336628059
48,179,85.04205718425085,24,upwind,4746,-0.01911768362182191
175,179,114.30983291452442,3,downwind,3424,0.2834620060695477
175,179,114.30983291452442,3,crosswind,4028,0.1347431594879421
175,179,114.30983291452442,3,upwind,4154,0.11065294653382672
175,179,114.30983291452442,6,downwind,3424,0.3292218789774807
175,179,114.30983291452442,6,crosswind,4024,0.12873526998608356
175,179,114.30983291452442,6,upwind,4154,0.11528047162893212
175,179,114.30983291452442,12,downwind,3420,0.23775506757009704
175,179,114.30983291452442,12,crosswind,4025,0.09003438522354987
175,179,114.30983291452442,12,upwind,4146,0.07402779949563504
175,179,114.30983291452442,24,downwind,3417,0.05838007000011115
175,179,114.30983291452442,24,crosswind,4023,-0.010817768957362053
175,179,114.30983291452442,24,upwind,4137,-0.022523322253482504
180,179,127.47921104684093,3,downwind,1536,0.09726563861111674
180,179,127.47921104684093,3,crosswind,4534,0.059557435096801704
180,179,127.47921104684093,3,upwind,5555,0.0700009806417892
180,179,127.47921104684093,6,downwind,1535,0.10692298967800143
180,179,127.47921104684093,6,crosswind,4527,0.06432699466574861
180,179,127.47921104684093,6,upwind,5558,0.07641001148494682
180,179,127.47921104684093,12,downwind,1536,0.08728159393355431
180,179,127.47921104684093,12,crosswind,4525,0.026263666278674654
180,179,127.47921104684093,12,upwind,5548,0.06502418185017717
180,179,127.47921104684093,24,downwind,1532,0.10195735011559491
180,179,127.47921104684093,24,crosswind,4521,0.06793377776056693
180,179,127.47921104684093,24,upwind,5544,-0.004842316663582595
176,179,155.1446782606498,3,downwind,7222,0.10087677918026966
176,179,155.1446782606498,3,crosswind,1099,0.013468812591667637
176,179,155.1446782606498,3,upwind,3302,0.05175927723264489
176,179,155.1446782606498,6,downwind,7219,0.10121395357362296
176,179,155.1446782606498,6,crosswind,1101,0.07465173613798369
176,179,155.1446782606498,6,upwind,3298,0.06024861586670257
176,179,155.1446782606498,12,downwind,7210,0.10104255781845647
176,179,155.1446782606498,12,crosswind,1102,0.08153878966004399
176,179,155.1446782606498,12,upwind,3294,0.02564313221241083
176,179,155.1446782606498,24,downwind,7197,0.058631340578728
176,179,155.1446782606498,24,crosswind,1104,0.02515863531375611
176,179,155.1446782606498,24,upwind,3293,0.06521148001323795
183,179,155.97359088106825,3,downwind,1847,0.12621757066633219
183,179,155.97359088106825,3,crosswind,6171,0.18116662702668232
183,179,155.97359088106825,3,upwind,3608,0.12941676238640176
183,179,155.97359088106825,6,downwind,1848,0.1033100214188182
183,179,155.97359088106825,6,crosswind,6167,0.1504078488437934
183,179,155.97359088106825,6,upwind,3606,0.1024202636901605
183,179,155.97359088106825,12,downwind,1848,0.03664703058058297
183,179,155.97359088106825,12,crosswind,6159,0.06221736498161823
183,179,155.97359088106825,12,upwind,3603,0.06948274752869812
183,179,155.97359088106825,24,downwind,1843,0.028045485589237727
183,179,155.97359088106825,24,crosswind,6156,0.009445865645570962
183,179,155.97359088106825,24,upwind,3599,-0.05441582041414531
48,180,76.43085892502604,3,downwind,5559,0.1233261641912362
48,180,76.43085892502604,3,crosswind,3188,-0.01205727511621274
48,180,76.43085892502604,3,upwind,2909,-0.009674185657882587
48,180,76.43085892502604,6,downwind,5560,0.10459923791088417
48,180,76.43085892502604,6,crosswind,3188,-0.050228899523748455
48,180,76.43085892502604,6,upwind,2906,-0.013159511440548848
48,180,76.43085892502604,12,downwind,5557,0.033426343829342245
48,180,76.43085892502604,12,crosswind,3184,-0.03858881341866413
48,180,76.43085892502604,12,upwind,2908,-0.021771959734113073
48,180,76.43085892502604,24,downwind,5553,-0.07728753346775775
48,180,76.43085892502604,24,crosswind,3182,-0.07511315418525544
48,180,76.43085892502604,24,upwind,2906,-0.10674853495529918
179,180,127.47921104684093,3,downwind,3988,0.051948036388095316
179,180,127.47921104684093,3,crosswind,6253,0.10120559063758848
179,180,127.47921104684093,3,upwind,1392,0.046868930537465193
179,180,127.47921104684093,6,downwind,3990,0.028620286899769382
179,180,127.47921104684093,6,crosswind,6249,0.02904187000153099
179,180,127.47921104684093,6,upwind,1392,0.014238189613864657
179,180,127.47921104684093,12,downwind,3989,0.0022843220431833845
179,180,127.47921104684093,12,crosswind,6246,0.004079969119183319
179,180,127.47921104684093,12,upwind,1391,-0.048833995142130854
179,180,127.47921104684093,24,downwind,3984,0.008967455767639798
179,180,127.47921104684093,24,crosswind,6244,0.03394655113386525
179,180,127.47921104684093,24,upwind,1390,0.0053194268143173995
175,180,136.1414021057404,3,downwind,5409,0.16116914107627225
175,180,136.1414021057404,3,crosswind,2899,0.009762109956132387
175,180,136.1414021057404,3,upwind,3330,0.011430962386848983
175,180,136.1414021057404,6,downwind,5409,0.1714116621633769
175,180,136.1414021057404,6,crosswind,2900,-0.011079924725935176
175,180,136.1414021057404,6,upwind,3327,0.005026598299984351
175,180,136.1414021057404,12,downwind,5406,0.11529644505222603
175,180,136.1414021057404,12,crosswind,2898,-0.04706945161603197
175,180,136.1414021057404,12,upwind,3327,-0.018583797049354145
175,180,136.1414021057404,24,downwind,5407,0.00733629435216013
175,180,136.1414021057404,24,crosswind,2895,-0.05070764426751309
175,180,136.1414021057404,24,upwind,3321,-0.0562632030955725
182,180,255.47099215346006,3,downwind,2235,0.030763799913627897
182,180,255.47099215346006,3,crosswind,5279,0.08777324058046146
182,180,255.47099215346006,3,upwind,4100,-0.0025054777702445035
182,180,255.47099215346006,6,downwind,2234,0.0159757173008188
182,180,255.47099215346006,6,crosswind,5280,0.09441706305285069
182,180,255.47099215346006,6,upwind,4098,-0.01802147916084765
182,180,255.47099215346006,12,downwind,2235,-0.012515477359699535
182,180,255.47099215346006,12,crosswind,5277,0.06239560293767468
182,180,255.47099215346006,12,upwind,4095,0.025667600735576626
182,180,255.47099215346006,24,downwind,2235,-0.01502909185882263
182,180,255.47099215346006,24,crosswind,5270,-2.9613674178681017e-05
182,180,255.47099215346006,24,upwind,4094,-0.01940000808939091
176,180,261.4857774454986,3,downwind,6830,0.04781043216982993
176,180,261.4857774454986,3,crosswind,2077,0.03734464786609268
176,180,261.4857774454986,3,upwind,2744,0.040578573040069205
176,180,261.4857774454986,6,downwind,6829,0.05176693294138966
176,180,261.4857774454986,6,crosswind,2078,0.033418172722773705
176,180,261.4857774454986,6,upwind,2742,0.05063021543263589
176,180,261.4857774454986,12,downwind,6822,0.0758859271827399
176,180,261.4857774454986,12,crosswind,2077,0.02424417300502373
176,180,261.4857774454986,12,upwind,2745,0.044513520600208446
176,180,261.4857774454986,24,downwind,6817,0.09820305139264293
176,180,261.4857774454986,24,crosswind,2075,0.05131062328460341
176,180,261.4857774454986,24,upwind,2744,0.026000663884010244
49,181,62.33853823605388,3,downwind,3875,0.1052021918991726
49,181,62.33853823605388,3,crosswind,4676,0.058527462569951394
49,181,62.33853823605388,3,upwind,3104,0.06019179552228921
49,181,62.33853823605388,6,downwind,3874,0.09955477137953773
49,181,62.33853823605388,6,crosswind,4674,0.07216956008730313
49,181,62.33853823605388,6,upwind,3104,0.07777463467887068
49,181,62.33853823605388,12,downwind,3873,0.03846350516692447
49,181,62.33853823605388,12,crosswind,4670,0.11360792488168894
49,181,62.33853823605388,12,upwind,3104,0.07348250798622169
49,181,62.33853823605388,24,downwind,3873,0.006214542563916283
49,181,62.33853823605388,24,crosswind,4665,0.07365519569539257
49,181,62.33853823605388,24,upwind,3101,0.07900176049318518
128,181,105.53541289070735,3,downwind,4058,0.13868931417533567
128,181,105.53541289070735,3,crosswind,3353,0.07936444157522907
128,181,105.53541289070735,3,upwind,4244,0.061326852687526856
128,181,105.53541289070735,6,downwind,4058,0.09435566199649213
128,181,105.53541289070735,6,crosswind,3353,0.08522546360036652
128,181,105.53541289070735,6,upwind,4241,0.08746584723637503
128,181,105.53541289070735,12,downwind,4058,0.05386799343761886
128,181,105.53541289070735,12,crosswind,3352,0.10620960874539295
128,181,105.53541289070735,12,upwind,4237,0.048452273464199516
128,181,105.53541289070735,24,downwind,4055,0.03635690180516725
128,181,105.53541289070735,24,crosswind,3348,0.06776098457541639
128,181,105.53541289070735,24,upwind,4236,-0.011392022573357594
182,181,119.69735711386757,3,downwind,3985,0.20416429879992928
182,181,119.69735711386757,3,crosswind,5409,0.21375381021701192
182,181,119.69735711386757,3,upwind,2219,0.06705288872134421
182,181,119.69735711386757,6,downwind,3984,0.22539600229312257
182,181,119.69735711386757,6,crosswind,5408,0.21457204242178993
182,181,119.69735711386757,6,upwind,2218,0.09034951773689702
182,181,119.69735711386757,12,downwind,3981,0.1993102963201727
182,181,119.69735711386757,12,crosswind,5405,0.1655056629654049
182,181,119.69735711386757,12,upwind,2219,0.10346462044147392
182,181,119.69735711386757,24,downwind,3983,0.0913697844743355
182,181,119.69735711386757,24,crosswind,5395,0.11191578398799246
182,181,119.69735711386757,24,upwind,2219,0.06686953731555641
96,181,122.68210331909535,3,downwind,3373,0.276589042323172
96,181,122.68210331909535,3,crosswind,3858,0.12740334100253486
96,181,122.68210331909535,3,upwind,4424,0.029408232020867422
96,181,122.68210331909535,6,downwind,3373,0.2961868337571483
96,181,122.68210331909535,6,crosswind,3857,0.1274037735353799
96,181,122.68210331909535,6,upwind,4422,0.04759450506421717
96,181,122.68210331909535,12,downwind,3370,0.21395867484147052
96,181,122.68210331909535,12,crosswind,3858,0.08104021828982876
96,181,122.68210331909535,12,upwind,4419,0.07635644348164022
96,181,122.68210331909535,24,downwind,3370,0.08836543724401837
96,181,122.68210331909535,24,crosswind,3854,0.027239211792035065
96,181,122.68210331909535,24,upwind,4415,0.05020800713606738
125,181,195.92360649221274,3,downwind,2218,0.13693571354172887
125,181,195.92360649221274,3,crosswind,4632,0.1230824277971041
125,181,195.92360649221274,3,upwind,4801,0.09853190594326887
125,181,195.92360649221274,6,downwind,2218,0.1444703047862241
125,181,195.92360649221274,6,crosswind,4632,0.13869219429168972
125,181,195.92360649221274,6,upwind,4798,0.1245295781668823
125,181,195.92360649221274,12,downwind,2217,0.10025840241515133
125,181,195.92360649221274,12,crosswind,4631,0.15092171869429147
125,181,195.92360649221274,12,upwind,4795,0.14738872187966923
125,181,195.92360649221274,24,downwind,2218,0.10383171317545306
125,181,195.92360649221274,24,crosswind,4624,0.06944963073746276
125,181,195.92360649221274,24,upwind,4793,0.09097277518474244
181,182,119.69735711386757,3,downwind,3529,0.12517556381068243
181,182,119.69735711386757,3,crosswind,3845,0.13192584790568462
181,182,119.69735711386757,3,upwind,4232,0.12979378834646652
181,182,119.69735711386757,6,downwind,3527,0.12681756983276551
181,182,119.69735711386757,6,crosswind,3843,0.13796234750997963
181,182,119.69735711386757,6,upwind,4229,0.14743385563392458
181,182,119.69735711386757,12,downwind,3524,0.0953041178696171
181,182,119.69735711386757,12,crosswind,3839,0.10826414807197592
181,182,119.69735711386757,12,upwind,4229,0.12451626440598548
181,182,119.69735711386757,24,downwind,3523,0.05786107708814839
181,182,119.69735711386757,24,crosswind,3836,0.08157983929495025
181,182,119.69735711386757,24,upwind,4222,0.0917865504082569
175,182,120.06574694659375,3,downwind,3145,0.15953788880583442
175,182,120.06574694659375,3,crosswind,2844,0.10221696593839023
175,182,120.06574694659375,3,upwind,5605,0.14124274384210972
175,182,120.06574694659375,6,downwind,3142,0.1605555287811527
175,182,120.06574694659375,6,crosswind,2843,0.1217573254651682
175,182,120.06574694659375,6,upwind,5602,0.13721051376370802
175,182,120.06574694659375,12,downwind,3139,0.1496064952126062
175,182,120.06574694659375,12,crosswind,2843,0.12478493600442461
175,182,120.06574694659375,12,upwind,5598,0.09359919860823596
175,182,120.06574694659375,24,downwind,3137,0.06615177244719242
175,182,120.06574694659375,24,crosswind,2839,0.0668557473341557
175,182,120.06574694659375,24,upwind,5593,0.08128294462327047
49,182,163.11021265658187,3,downwind,4245,0.07226001338126052
49,182,163.11021265658187,3,crosswind,3882,0.05237976795092218
49,182,163.11021265658187,3,upwind,3483,0.05045204692994104
49,182,163.11021265658187,6,downwind,4240,0.06427383478745373
49,182,163.11021265658187,6,crosswind,3881,0.06780348372244999
49,182,163.11021265658187,6,upwind,3482,0.07402731813979659
49,182,163.11021265658187,12,downwind,4238,0.042184035533170273
49,182,163.11021265658187,12,crosswind,3875,0.055587413696635696
49,182,163.11021265658187,12,upwind,3483,0.08347968125691628
49,182,163.11021265658187,24,downwind,4238,0.011601931932531945
49,182,163.11021265658187,24,crosswind,3863,0.05929819032221837
49,182,163.11021265658187,24,upwind,3484,0.08337274191245657
183,182,163.9236537682134,3,downwind,4873,0.1384590373738687
183,182,163.9236537682134,3,crosswind,2801,0.12679237612882802
183,182,163.9236537682134,3,upwind,3935,0.07192172110579367
183,182,163.9236537682134,6,downwind,4867,0.141073825004518
183,182,163.9236537682134,6,crosswind,2798,0.12146985493910566
183,182,163.9236537682134,6,upwind,3937,0.0740622639756369
183,182,163.9236537682134,12,downwind,4858,0.09149248775719147
183,182,163.9236537682134,12,crosswind,2800,0.10737622541907509
183,182,163.9236537682134,12,upwind,3937,0.08266660188686975
183,182,163.9236537682134,24,downwind,4857,0.06295116347771443
183,182,163.9236537682134,24,crosswind,2795,0.10599066146440374
183,182,163.9236537682134,24,upwind,3932,0.09870347928959954
48,182,179.82381406159274,3,downwind,3108,0.11011698512835826
48,182,179.82381406159274,3,crosswind,3172,0.07062682324463325
48,182,179.82381406159274,3,upwind,5330,0.04283235634321846
48,182,179.82381406159274,6,downwind,3105,0.14395338573569005
48,182,179.82381406159274,6,crosswind,3171,0.07309483162510452
48,182,179.82381406159274,6,upwind,5327,0.07004507338203769
48,182,179.82381406159274,12,downwind,3102,0.11682235173210016
48,182,179.82381406159274,12,crosswind,3168,0.11255097451818659
48,182,179.82381406159274,12,upwind,5326,0.059965865478808895
48,182,179.82381406159274,24,downwind,3101,0.06022809160912449
48,182,179.82381406159274,24,crosswind,3166,0.09378971394287165
48,182,179.82381406159274,24,upwind,5318,0.07197187169784056
177,183,69.72465507827806,3,downwind,5367,0.14341765674752077
177,183,69.72465507827806,3,crosswind,2279,0.08123323790782688
177,183,69.72465507827806,3,upwind,4004,0.044191667879902086
177,183,69.72465507827806,6,downwind,5367,0.140350187241553
177,183,69.72465507827806,6,crosswind,2277,0.12137945894472227
177,183,69.72465507827806,6,upwind,4005,0.06952942076932121
177,183,69.72465507827806,12,downwind,5362,0.0867691888600232
177,183,69.72465507827806,12,crosswind,2277,0.1595502213674055
177,183,69.72465507827806,12,upwind,4005,0.1022056646422181
177,183,69.72465507827806,24,downwind,5359,0.01746726444927662
177,183,69.72465507827806,24,crosswind,2276,0.11846775245487676
177,183,69.72465507827806,24,upwind,4001,0.06301750026641867
178,183,134.18039094738577,3,downwind,4692,0.12782686773940757
178,183,134.18039094738577,3,crosswind,4117,0.13323580114883138
178,183,134.18039094738577,3,upwind,2850,0.06788879699594745
178,183,134.18039094738577,6,downwind,4692,0.17271595751208177
178,183,134.18039094738577,6,crosswind,4117,0.19149203177663673
178,183,134.18039094738577,6,upwind,2849,0.07843568631305102
178,183,134.18039094738577,12,downwind,4689,0.18387999813889458
178,183,134.18039094738577,12,crosswind,4115,0.2099038987283162
178,183,134.18039094738577,12,upwind,2849,0.1292955266075084
178,183,134.18039094738577,24,downwind,4688,0.0980193100521642
178,183,134.18039094738577,24,crosswind,4113,0.1719852772121702
178,183,134.18039094738577,24,upwind,2844,0.06213547160316529
179,183,155.97359088106825,3,downwind,1672,0.0807961308210114
179,183,155.97359088106825,3,crosswind,6714,0.05236418713159964
179,183,155.97359088106825,3,upwind,3249,0.027598191451798506
179,183,155.97359088106825,6,downwind,1672,0.09458032860480378
179,183,155.97359088106825,6,crosswind,6713,0.058578179828397706
179,183,155.97359088106825,6,upwind,3249,0.055599284695517094
179,183,155.97359088106825,12,downwind,1671,0.07205820260379707
179,183,155.97359088106825,12,crosswind,6710,0.08982482261396584
179,183,155.97359088106825,12,upwind,3248,0.05395791067425961
179,183,155.97359088106825,24,downwind,1670,0.05937861146521137
179,183,155.97359088106825,24,crosswind,6708,0.09044917802918141
179,183,155.97359088106825,24,upwind,3243,0.07505800383182566
182,183,163.9236537682134,3,downwind,4533,0.30324538009209184
182,183,163.9236537682134,3,crosswind,2595,0.08809741224323346
182,183,163.9236537682134,3,upwind,4489,0.06263035590382073
182,183,163.9236537682134,6,downwind,4534,0.3490523567251787
182,183,163.9236537682134,6,crosswind,2595,0.14505506419348665
182,183,163.9236537682134,6,upwind,4487,0.09247562423258991
182,183,163.9236537682134,12,downwind,4536,0.31630688321312594
182,183,163.9236537682134,12,crosswind,2594,0.18887804937211244
182,183,163.9236537682134,12,upwind,4481,0.1274003133681123
182,183,163.9236537682134,24,downwind,4532,0.23626689993634223
182,183,163.9236537682134,24,crosswind,2594,0.11352668222000507
182,183,163.9236537682134,24,upwind,4477,0.08104146104644509
176,183,169.84030502860602,3,downwind,5799,0.04663242898282607
176,183,169.84030502860602,3,crosswind,2311,0.0801544446658203
176,183,169.84030502860602,3,upwind,3544,0.009370534802631246
176,183,169.84030502860602,6,downwind,5800,0.06506402141570061
176,183,169.84030502860602,6,crosswind,2309,0.07753264356954824
176,183,169.84030502860602,6,upwind,3544,0.024171128226111414
176,183,169.84030502860602,12,downwind,5796,0.04382092289546042
176,183,169.84030502860602,12,crosswind,2308,0.07574669008997606
176,183,169.84030502860602,12,upwind,3544,0.0436340979025376
176,183,169.84030502860602,24,downwind,5794,0.01874621928170593
176,183,169.84030502860602,24,crosswind,2305,0.030223430421426504
176,183,169.84030502860602,24,upwind,3541,0.10596177737608754
