dataset,node_a,node_b,distance_km,level_rho,native_change_rho
UCI-Beijing,0,1,29.741920005817374,0.8713919267041913,0.13632530301645615
UCI-Beijing,0,2,37.61128942301057,0.8597826317267205,0.09887511477964345
UCI-Beijing,0,3,6.134933060020311,0.9602196191439238,0.501034912279624
UCI-Beijing,0,4,7.692285005635852,0.9629339526689278,0.4628746566738243
UCI-Beijing,0,5,19.668664315824017,0.9200449391443308,0.2733108280508021
UCI-Beijing,0,6,43.19274946935321,0.8752493177374686,0.15301412150575897
UCI-Beijing,0,7,7.402176971998921,0.9602048076519412,0.46622688598758716
UCI-Beijing,0,8,27.242507843277835,0.9081497349333812,0.2629663441707758
UCI-Beijing,0,9,10.708709826240524,0.9499173221792152,0.3798054900511181
UCI-Beijing,0,10,9.388430734295131,0.9506424953303059,0.39108249582344945
UCI-Beijing,0,11,12.184221130089547,0.9377339864590525,0.38079696173421074
UCI-Beijing,1,2,8.382685003130776,0.9255099258225,0.2779635536740652
UCI-Beijing,1,3,35.75926197943262,0.8504437036054466,0.11354393155852624
UCI-Beijing,1,4,33.34014424171939,0.8659551166985617,0.1258505432402224
UCI-Beijing,1,5,33.91870474697114,0.8745904870164856,0.16083588027367537
UCI-Beijing,1,6,35.951144078489634,0.8663050987033938,0.1988195227438513
UCI-Beijing,1,7,36.819235991130206,0.8509949709261638,0.11001011841173908
UCI-Beijing,1,8,37.47129781812481,0.8391170762313438,0.12307214858601634
UCI-Beijing,1,9,39.76951647697253,0.8428642788544192,0.09994914349213566
UCI-Beijing,1,10,26.03027527136715,0.8751425023895065,0.1543779802978044
UCI-Beijing,1,11,39.09937694900406,0.8356198534706478,0.10828285734477117
UCI-Beijing,2,3,43.702446048930824,0.8385705479233132,0.0845024802190757
UCI-Beijing,2,4,41.61306128138321,0.853502391244659,0.09642185103318252
UCI-Beijing,2,5,42.14305620626383,0.8590043914766397,0.12999394671580392
UCI-Beijing,2,6,34.826048852370555,0.8626331892233188,0.1731175416736105
UCI-Beijing,2,7,44.47708431707761,0.8362315266606156,0.0743564955014489
UCI-Beijing,2,8,41.24485158660089,0.8359737855027835,0.11552506026740021
UCI-Beijing,2,9,47.865879526642004,0.8315832783034622,0.08335250450667997
UCI-Beijing,2,10,34.38935075239833,0.8566631328750298,0.11485455755893394
UCI-Beijing,2,11,47.38459558147049,0.8227769785021679,0.08739907051521134
UCI-Beijing,3,4,6.650963111347861,0.963060474047821,0.5031285572727242
UCI-Beijing,3,5,19.939674081327198,0.9126643530003858,0.271567574635062
UCI-Beijing,3,6,47.85624540530655,0.8619342434561366,0.14603670243800823
UCI-Beijing,3,7,3.8556276869372144,0.963311453836093,0.5579097303087334
UCI-Beijing,3,8,29.92294062247888,0.8998991148032314,0.25400368080941244
UCI-Beijing,3,9,4.8568657677235745,0.9624952369324933,0.5007264374281669
UCI-Beijing,3,10,12.820500798345945,0.9401397070087852,0.34516626919386273
UCI-Beijing,3,11,7.931041481488168,0.9488306281153077,0.48106690394181206
UCI-Beijing,4,5,13.32292176751329,0.9344913738770967,0.3265548772274273
UCI-Beijing,4,6,50.71609388684408,0.8682375432501266,0.15646880371067431
UCI-Beijing,4,7,10.44014683607477,0.9543939745552312,0.4072031821286951
UCI-Beijing,4,8,34.76573027128517,0.895900871998613,0.22777329011748998
UCI-Beijing,4,9,7.516829401592606,0.9613134538654845,0.41279910401609865
UCI-Beijing,4,10,7.825408545040064,0.9591466774092204,0.45591218698377706
UCI-Beijing,4,11,5.778343065487349,0.9544092192691462,0.46427261770256867
UCI-Beijing,5,6,59.535325089834885,0.8634130001853378,0.1913404219664351
UCI-Beijing,5,7,23.758694363267367,0.9043368756972505,0.23691663400716406
UCI-Beijing,5,8,46.578823571062244,0.8697141234876314,0.20852377276818476
UCI-Beijing,5,9,19.276084416728487,0.9142910102572049,0.23994154111239802
UCI-Beijing,5,10,11.957275148191718,0.9393313833967902,0.36810333916443627
UCI-Beijing,5,11,14.88058705940212,0.9158736455991326,0.2866902699972122
UCI-Beijing,6,7,45.7365689232033,0.8607180814610965,0.13822244494603464
UCI-Beijing,6,8,22.467413248923428,0.9128006669434994,0.2300816728388495
UCI-Beijing,6,9,52.61938058175207,0.8558943719491101,0.11631554800525232
UCI-Beijing,6,10,47.72346359365434,0.8693306871642732,0.16658676967069538
UCI-Beijing,6,11,55.270283256050575,0.8464949976111651,0.1343318933059329
UCI-Beijing,7,8,26.817334178426762,0.9025036748844573,0.26369745951234697
UCI-Beijing,7,9,7.305610849766376,0.9595855768055334,0.4587778215705891
UCI-Beijing,7,10,15.837549805710308,0.9350829607657978,0.30921158479949434
UCI-Beijing,7,11,11.378853682169607,0.943333722628764,0.4175204869871917
UCI-Beijing,8,9,34.121802189625136,0.8947354092797979,0.23946697101873846
UCI-Beijing,8,10,34.97555560406093,0.8841907415881415,0.21568939902530918
UCI-Beijing,8,11,37.850803969503424,0.8812124938452413,0.24109266018471326
UCI-Beijing,9,10,15.19224365679349,0.9377484435613493,0.29398953789563703
UCI-Beijing,9,11,4.776564243869769,0.960800181065495,0.5225860041264906
UCI-Beijing,10,11,13.32727217070582,0.9306529229170359,0.3269926582174068
KDD-Beijing,0,1,54.96596893638837,0.760889392118661,0.05863713131056869
KDD-Beijing,0,2,22.464501252643238,0.8883496498111778,0.1692219134996624
KDD-Beijing,0,3,29.361542134285955,0.8869526011965663,0.21734317618689325
KDD-Beijing,0,4,37.61128942301057,0.8537345527166093,0.09142194251093037
KDD-Beijing,0,5,62.931174028795134,0.858000479965213,0.11164931350362953
KDD-Beijing,0,6,6.134933060020311,0.9636407879104082,0.4647209882257418
KDD-Beijing,0,7,8.751380349434845,0.9507997138119592,0.4396627953309568
KDD-Beijing,0,8,34.76266151673271,0.8760812292322331,0.20763198123237003
KDD-Beijing,0,9,16.62372399502505,0.9123373030840953,0.26476338709807345
KDD-Beijing,0,10,7.692285005635852,0.9568517883889343,0.3996252975222136
KDD-Beijing,0,11,19.668664315824017,0.9239829823929216,0.240344399393128
KDD-Beijing,0,12,43.19274946935321,0.8756668230385346,0.11307517241730497
KDD-Beijing,0,13,56.11591594499057,0.7168551038276612,0.1489461639558373
KDD-Beijing,0,14,25.301852593414775,0.8898692493196787,0.1923028967247078
KDD-Beijing,0,15,56.80869350108871,0.85742792729304,0.12780149715729552
KDD-Beijing,0,16,72.16790107917612,0.8293474928808756,0.10011539425883485
KDD-Beijing,0,17,14.227167740828497,0.928556570504296,0.3234178266709852
KDD-Beijing,0,18,7.402176971998921,0.9617582426408666,0.4336997098664315
KDD-Beijing,0,19,29.741920005817374,0.8706706038275945,0.12227803736579093
KDD-Beijing,0,20,62.44777142150502,0.8567081030225815,0.14367815331173264
KDD-Beijing,0,21,9.23075384997484,0.9492094873155945,0.34430969897186636
KDD-Beijing,0,22,27.242507843277835,0.9154657780006672,0.23793941021547746
KDD-Beijing,0,23,10.708709826240524,0.9438570449526081,0.33888880058749155
KDD-Beijing,0,24,25.066383704281808,0.9126114872636258,0.26377714700305155
KDD-Beijing,0,25,9.388430734295131,0.9474038391692234,0.3505781050970047
KDD-Beijing,0,26,12.184221130089547,0.9441980499690992,0.3363461053270676
KDD-Beijing,0,27,5.140657879342128,0.9607522073537237,0.4846691560711292
KDD-Beijing,0,28,63.601003569585544,0.7752041269512244,0.07671295809517044
KDD-Beijing,0,29,22.77835568729834,0.9060027920672862,0.26454640948079994
KDD-Beijing,0,30,11.789437780748239,0.9400171364024534,0.35658349106489245
KDD-Beijing,0,31,44.57868881336159,0.8030656803542057,0.14113325583220981
KDD-Beijing,0,32,52.037036455169655,0.767005793631189,0.13462432464537674
KDD-Beijing,0,33,27.696112612183107,0.8941770809687326,0.23728979400727535
KDD-Beijing,0,34,16.33820349077758,0.8989631357705045,0.18455885517409856
KDD-Beijing,1,2,34.41501174914852,0.8027433435722142,0.09101908053733067
KDD-Beijing,1,3,80.18653320761308,0.6812014116096068,0.050429164605597675
KDD-Beijing,1,4,21.27574253149943,0.8546215799296242,0.13443919435231233
KDD-Beijing,1,5,100.51041339787605,0.7126397695891739,0.04344964990832117
KDD-Beijing,1,6,60.662783327401144,0.7434560228765773,0.0542988949732698
KDD-Beijing,1,7,63.35376069629826,0.7477938456611924,0.041896224573540315
KDD-Beijing,1,8,70.41038465125621,0.7023924636467913,0.0809089011983353
KDD-Beijing,1,9,61.0590599240482,0.7183863150386249,0.0612816978551445
KDD-Beijing,1,10,56.924929024008605,0.7562940856807545,0.06194258572501974
KDD-Beijing,1,11,52.844142790603115,0.775218319332017,0.09011703712093035
KDD-Beijing,1,12,54.39342713616357,0.7779158907857822,0.08605938350350423
KDD-Beijing,1,13,87.29400662367021,0.5956597558411495,0.07615436001074796
KDD-Beijing,1,14,48.6366486775621,0.7888747181904323,0.06590032463612526
KDD-Beijing,1,15,71.50562225056227,0.7629721025650588,0.09448067353889215
KDD-Beijing,1,16,79.52958388133327,0.7686347129739041,0.10685849426754625
KDD-Beijing,1,17,65.17409472432819,0.712583080451699,0.053896100525235684
KDD-Beijing,1,18,62.29798520150601,0.7411882129841891,0.031987777348086666
KDD-Beijing,1,19,26.308236814774688,0.83695535609179,0.10922979893219545
KDD-Beijing,1,20,97.5416505963972,0.7232191328176958,0.061833538204745214
KDD-Beijing,1,21,62.30737055410775,0.7327464088527723,0.046789791235662855
KDD-Beijing,1,22,62.49022999305796,0.7521782393949424,0.04625160625208549
KDD-Beijing,1,23,64.0779529965666,0.7271289864804654,0.03534812099330176
KDD-Beijing,1,24,78.29760400381163,0.709797707452876,0.030835580147721274
KDD-Beijing,1,25,49.11184531322155,0.7707690399647636,0.08065268581459846
KDD-Beijing,1,26,62.372571129530776,0.7309580698693587,0.06370366675122922
KDD-Beijing,1,27,55.042940279326906,0.7579683339228734,0.06511629339040403
KDD-Beijing,1,28,9.87848181125206,0.8572773477393688,0.2448002849342607
KDD-Beijing,1,29,77.19726868825828,0.6890187314402545,0.043902467090165674
KDD-Beijing,1,30,64.40741955732817,0.7218389105377285,0.04543765216802607
KDD-Beijing,1,31,99.26059407010878,0.6259140503170784,0.06436389304878408
KDD-Beijing,1,32,97.6517946010639,0.5909336283571125,0.04827536370205606
KDD-Beijing,1,33,61.63946842809468,0.7352562703889368,0.07637897460973724
KDD-Beijing,1,34,44.44487888919379,0.7913121053133881,0.06603752511788812
KDD-Beijing,2,3,45.78124841584043,0.8180526169062103,0.13239395591094819
KDD-Beijing,2,4,22.798692824437502,0.871397614259187,0.1464953635151111
KDD-Beijing,2,5,80.47560400879114,0.815534724147704,0.09014454306840315
KDD-Beijing,2,6,27.36449105647623,0.8747838347844479,0.13773156950126283
KDD-Beijing,2,7,31.215407797713127,0.87889065928366,0.13178626606304764
KDD-Beijing,2,8,38.831307889467205,0.8328832738218227,0.13189308439993047
KDD-Beijing,2,9,26.780014338547787,0.8540128420051516,0.12989049655852725
KDD-Beijing,2,10,22.75907892681476,0.8803042705492619,0.11972663842804329
KDD-Beijing,2,11,19.588834648592297,0.8937451839319184,0.18025617738573613
KDD-Beijing,2,12,46.76220956766426,0.8638103900819449,0.14676906756924737
KDD-Beijing,2,13,58.62326207523447,0.6929996571172282,0.13148293898287583
KDD-Beijing,2,14,17.97145202557225,0.9003889465253114,0.2063462766653549
KDD-Beijing,2,15,63.949955947377696,0.8370829714954809,0.15803643783648058
KDD-Beijing,2,16,77.29988518660613,0.8097775632543017,0.09906998278753984
KDD-Beijing,2,17,30.827090719047337,0.8552855174838168,0.12082116061785433
KDD-Beijing,2,18,29.77987568811554,0.8717561360819462,0.133807659529082
KDD-Beijing,2,19,14.902194601405514,0.8918554791676915,0.17608257714706466
KDD-Beijing,2,20,78.96204491997524,0.8289306654374354,0.14097937634283894
KDD-Beijing,2,21,28.381205211112633,0.8639539304840635,0.12025205039340454
KDD-Beijing,2,22,41.11284898149862,0.8623330495438731,0.16243747439745485
KDD-Beijing,2,23,30.142884957090857,0.8581488388738823,0.12548778530282945
KDD-Beijing,2,24,47.43561345868412,0.8425929169490378,0.10936058878480456
KDD-Beijing,2,25,14.957143135335187,0.9096152212794893,0.17349532627023997
KDD-Beijing,2,26,28.030292546600467,0.8618385412713481,0.12833610656658553
KDD-Beijing,2,27,21.230916009331608,0.8876486232091526,0.1525620420720998
KDD-Beijing,2,28,43.85127230716229,0.81509035047467,0.11444894822571086
KDD-Beijing,2,29,43.32544426015786,0.8277457294046725,0.1199158325802824
KDD-Beijing,2,30,30.291651305226615,0.8586500638859617,0.14055878192720636
KDD-Beijing,2,31,66.82375793411039,0.7608535169565318,0.10079538765743724
KDD-Beijing,2,32,64.28849464422322,0.7234676395721301,0.08295983356441952
KDD-Beijing,2,33,29.67397548514485,0.865544208221868,0.13872645672819126
KDD-Beijing,2,34,10.180373697717453,0.8787296698524205,0.1828018967827597
KDD-Beijing,3,4,65.72175950637197,0.7681434439144337,0.06037148308207019
KDD-Beijing,3,5,74.38927643511546,0.8262199456043867,0.11852171103126614
KDD-Beijing,3,6,23.48838143203832,0.9026920783464228,0.2706205838813948
KDD-Beijing,3,7,25.4832335017055,0.9020539028597265,0.2814123883275635
KDD-Beijing,3,8,23.07316391439255,0.909403238666486,0.26531128411876936
KDD-Beijing,3,9,19.339715586688104,0.9038081163787978,0.2848688222038186
KDD-Beijing,3,10,24.109853486688074,0.8933483904009961,0.22531723313898566
KDD-Beijing,3,11,28.77589970409121,0.8730481642147063,0.19898030514124615
KDD-Beijing,3,12,70.45966939090361,0.797526383631293,0.1074132634829511
KDD-Beijing,3,13,37.840006670894084,0.7763218487070416,0.19290002736941655
KDD-Beijing,3,14,35.221989457911995,0.8143777550321349,0.12864672016771955
KDD-Beijing,3,15,81.13865737130811,0.7980635768715817,0.13547028391217927
KDD-Beijing,3,16,96.95766082960591,0.7367873681454064,0.07737273583051774
KDD-Beijing,3,17,15.650173182323744,0.9285180377759804,0.38949410733059747
KDD-Beijing,3,18,24.833392810211155,0.9014645067250212,0.26762526113644197
KDD-Beijing,3,19,57.433470459052586,0.79053827322392,0.0718135898318106
KDD-Beijing,3,20,75.86273611295874,0.8210430102564076,0.12348040904458017
KDD-Beijing,3,21,20.14095873450495,0.9133452054321204,0.25864141013818825
KDD-Beijing,3,22,50.26390681385566,0.854357978196693,0.20327474895567138
KDD-Beijing,3,23,18.682505537521926,0.9196353463497569,0.2816928352446732
KDD-Beijing,3,24,28.957000174757233,0.8952011556981299,0.24835701992008713
KDD-Beijing,3,25,31.534825743862374,0.8830356999087641,0.18681723118750046
KDD-Beijing,3,26,18.337439685903416,0.9192451946371049,0.330708393163459
KDD-Beijing,3,27,26.658889793137064,0.8918386815370478,0.2310228458217608
KDD-Beijing,3,28,89.61105457119167,0.7210622889673588,0.09371413896927742
KDD-Beijing,3,29,12.220228916838225,0.9389057129702155,0.3796829945038459
KDD-Beijing,3,30,17.5895581283086,0.9286128738104602,0.3425806721971109
KDD-Beijing,3,31,32.42450276343905,0.8659452681962263,0.2068331301359339
KDD-Beijing,3,32,23.75041758243868,0.854501717208012,0.21495938685710467
KDD-Beijing,3,33,25.002572024067078,0.8836884017184283,0.231622592129084
KDD-Beijing,3,34,35.776999889353895,0.8263545669992491,0.11791050346957457
KDD-Beijing,4,5,79.3666718412365,0.7908224322657819,0.054190838498804524
KDD-Beijing,4,6,43.702446048930824,0.8371200840825705,0.08644065117604582
KDD-Beijing,4,7,45.175974043731934,0.8283843584093094,0.056288767304049206
KDD-Beijing,4,8,61.574131102900594,0.7914913895865184,0.07395336452180312
KDD-Beijing,4,9,47.966025313876756,0.8139200351344046,0.08636533918542397
KDD-Beijing,4,10,41.61306128138321,0.8471577721778853,0.06668927370518374
KDD-Beijing,4,11,42.14305620626383,0.8614297759630591,0.12186378764299716
KDD-Beijing,4,12,34.826048852370555,0.8639392948420715,0.13308772647357542
KDD-Beijing,4,13,81.36235183740718,0.6541968034970345,0.08224680417333215
KDD-Beijing,4,14,40.647138224899734,0.8767356256868842,0.13713894672204532
KDD-Beijing,4,15,52.596665083336596,0.8406614692272288,0.13466976367249234
KDD-Beijing,4,16,62.88112601528068,0.8330191815791915,0.1001310312752262
KDD-Beijing,4,17,50.089794853054386,0.8074658962952694,0.0550679351895567
KDD-Beijing,4,18,44.47708431707761,0.8330175046058148,0.07837835429597198
KDD-Beijing,4,19,8.382685003130776,0.9306325362649722,0.23660925220779283
KDD-Beijing,4,20,76.53379117507309,0.8014810884087898,0.10186514887458804
KDD-Beijing,4,21,46.1653130963361,0.8284717993791866,0.05332738949600238
KDD-Beijing,4,22,41.24485158660089,0.8441825924617488,0.10832784955103515
KDD-Beijing,4,23,47.865879526642004,0.8203178873415509,0.0673103830784479
KDD-Beijing,4,24,58.80704393751558,0.796039242148677,0.07002795409308263
KDD-Beijing,4,25,34.38935075239833,0.863046405923566,0.09210539165511003
KDD-Beijing,4,26,47.38459558147049,0.8263060179169741,0.07215905454339819
KDD-Beijing,4,27,39.15167761341237,0.8494366660655621,0.08693199622503736
KDD-Beijing,4,28,27.602045060332042,0.8352858459231101,0.1507177501002546
KDD-Beijing,4,29,60.38884970868412,0.7791869929452598,0.060856096912256595
KDD-Beijing,4,30,48.5679676291492,0.8175296984609979,0.06811391516147956
KDD-Beijing,4,31,80.36775046707895,0.6966465010419045,0.07120516419908468
KDD-Beijing,4,32,86.11326207933183,0.6697315187582702,0.05570096138460403
KDD-Beijing,4,33,52.418936362496254,0.8299053141152227,0.08926604013613466
KDD-Beijing,4,34,32.26545418886014,0.881854921738828,0.12630071173604202
KDD-Beijing,5,6,62.81572518769754,0.8556819090994472,0.10879049999760447
KDD-Beijing,5,7,57.1220051777238,0.8618378475905831,0.10937927114429528
KDD-Beijing,5,8,92.87691442212872,0.8010315809773291,0.09561583776403791
KDD-Beijing,5,9,76.34797010095778,0.8218500803773396,0.08866788759299707
KDD-Beijing,5,10,69.17590588836144,0.8492974638280191,0.10342024886364781
KDD-Beijing,5,11,82.35924523499475,0.8251167781468195,0.08308760256564532
KDD-Beijing,5,12,48.867745940089314,0.8494569711105641,0.11096180254219017
KDD-Beijing,5,13,111.7459114903424,0.6938884064883284,0.07706720092959507
KDD-Beijing,5,14,88.23052509389598,0.8027601327363993,0.07835117089086259
KDD-Beijing,5,15,38.71722818501853,0.8392089746007553,0.1082975544169354
KDD-Beijing,5,16,47.7761344820258,0.8082662199630539,0.06952505745444297
KDD-Beijing,5,17,69.58329979102004,0.8436843985213566,0.11331104699923535
KDD-Beijing,5,18,58.97271499346536,0.8670230924508955,0.1001236196063989
KDD-Beijing,5,19,76.74456116822971,0.804817258596269,0.06405636179295908
KDD-Beijing,5,20,5.074795564426409,0.9151836333388537,0.2613225202800954
KDD-Beijing,5,21,65.67585466180141,0.8488626859023384,0.09061744559767436
KDD-Beijing,5,22,39.65666526291284,0.8789615079913116,0.16208861870796787
KDD-Beijing,5,23,65.23434671057328,0.851463289250686,0.08036423325748528
KDD-Beijing,5,24,45.627607544324384,0.8844037175421501,0.1590604022767196
KDD-Beijing,5,25,72.0142784685834,0.8423308227577726,0.1096580328279126
KDD-Beijing,5,26,69.93046699905194,0.8454776291450886,0.1013520180093386
KDD-Beijing,5,27,67.62531752385907,0.8496743292600953,0.11915865265907606
KDD-Beijing,5,28,105.00121304700845,0.7389755677633482,0.061691444044758
KDD-Beijing,5,29,62.36766455678986,0.8620578214588677,0.1324390869148799
KDD-Beijing,5,30,66.67827371905294,0.8523298210140822,0.11120383498615605
KDD-Beijing,5,31,51.84255134129664,0.8262168537322878,0.12938604636862652
KDD-Beijing,5,32,95.21051419378804,0.7627410585161541,0.10022839223762883
KDD-Beijing,5,33,88.50254211098772,0.8150063650095906,0.08262770044952651
KDD-Beijing,5,34,78.47139509862387,0.804006679304233,0.09076215741528099
KDD-Beijing,6,7,5.736134584847521,0.9542431543421174,0.48549754137598283
KDD-Beijing,6,8,31.749645901868714,0.8805186371106946,0.22513839726020055
KDD-Beijing,6,9,13.872877676607867,0.9170572272057056,0.3249119507370003
KDD-Beijing,6,10,6.650963111347861,0.9577429076074218,0.4275491489828566
KDD-Beijing,6,11,19.939674081327198,0.9228211323357001,0.2414734868745222
KDD-Beijing,6,12,47.85624540530655,0.8666840838514421,0.12762802129651116
KDD-Beijing,6,13,52.694580617526896,0.716293191078917,0.14032290868367178
KDD-Beijing,6,14,26.531938138439887,0.8820470846207483,0.17654527101081444
KDD-Beijing,6,15,60.40477310722995,0.8502231024472644,0.13337263106542874
KDD-Beijing,6,16,76.00430957556873,0.8147780103161415,0.11003235593671064
KDD-Beijing,6,17,9.13045025823967,0.9447160937126857,0.4327071643921874
KDD-Beijing,6,18,3.8556276869372144,0.9679186201730352,0.5248094136026076
KDD-Beijing,6,19,35.75926197943262,0.8571896765288165,0.11440760014141202
KDD-Beijing,6,20,62.82778727993817,0.8551584707069242,0.15066922010464948
KDD-Beijing,6,21,3.8273320984681076,0.9612685443585363,0.49208039972015816
KDD-Beijing,6,22,29.92294062247888,0.9079614388747833,0.22376058891128592
KDD-Beijing,6,23,4.8568657677235745,0.9554294920265406,0.42480573318348397
KDD-Beijing,6,24,21.52057253006188,0.9234010239001361,0.3158916005653933
KDD-Beijing,6,25,12.820500798345945,0.9403464877221733,0.30231222025915067
KDD-Beijing,6,26,7.931041481488168,0.9539808701189897,0.4419476404394032
KDD-Beijing,6,27,6.429262332053548,0.9581972548904052,0.4662573586193309
KDD-Beijing,6,28,69.45265631811382,0.7638831129911254,0.08052290332326068
KDD-Beijing,6,29,16.724769335216553,0.9248564614029957,0.3269691740747871
KDD-Beijing,6,30,6.211325238615258,0.9556899649479818,0.49733239024688797
KDD-Beijing,6,31,39.48755035193207,0.8131516163888135,0.15409391909419706
KDD-Beijing,6,32,46.56647766923455,0.7764067893421256,0.14921012602393577
KDD-Beijing,6,33,25.905724598357672,0.8938115362379938,0.23400522707110855
KDD-Beijing,6,34,19.651660171589377,0.8785075729480801,0.15986259255923788
KDD-Beijing,7,8,36.845229675119946,0.8711217331822946,0.2129663167437406
KDD-Beijing,7,9,19.345374490876104,0.9093369718861589,0.2699577989548799
KDD-Beijing,7,10,12.328052709959582,0.9363370101922273,0.32387994571547196
KDD-Beijing,7,11,25.647375766047386,0.9021993039150495,0.20951526445171886
KDD-Beijing,7,12,44.97701620615803,0.8583145259313296,0.12180703689858291
KDD-Beijing,7,13,57.42897886695599,0.7142815250875054,0.13201401872536225
KDD-Beijing,7,14,32.14284136593622,0.8617778177622634,0.13278336960280174
KDD-Beijing,7,15,56.36080400417213,0.8575165843271356,0.12307929754285622
KDD-Beijing,7,16,72.09719065178629,0.8245402085690571,0.10485078591425442
KDD-Beijing,7,17,13.469297844506968,0.9427042185727763,0.39186703545037477
KDD-Beijing,7,18,1.8888039741869147,0.964846140996346,0.5928026053092906
KDD-Beijing,7,19,37.668655094451765,0.8482104817338589,0.10670141618381183
KDD-Beijing,7,20,57.21338673782276,0.8637367343323507,0.122257567685484
KDD-Beijing,7,21,8.723767196366751,0.9442688711459639,0.3964819401381508
KDD-Beijing,7,22,25.523479118674356,0.9143170021701322,0.25649755802450497
KDD-Beijing,7,23,8.760565184377553,0.9400751048542737,0.3719526509098843
KDD-Beijing,7,24,16.44437442455025,0.9388915113117249,0.39353946835813564
KDD-Beijing,7,25,17.536342198623107,0.9289905451268511,0.2768060599044926
KDD-Beijing,7,26,13.071182435725134,0.9359801524232509,0.3674964754953331
KDD-Beijing,7,27,11.544218596489252,0.9411963190406537,0.3800675697638833
KDD-Beijing,7,28,71.76547221277494,0.7736402361984858,0.08486678088637147
KDD-Beijing,7,29,16.13194222640109,0.9295917458987616,0.37038840539381285
KDD-Beijing,7,30,10.32965664960979,0.942536273885578,0.4281969997267617
KDD-Beijing,7,31,35.96476045989987,0.8340677464350252,0.18449847665757865
KDD-Beijing,7,32,49.148716740284186,0.786320224757727,0.15370226801801673
KDD-Beijing,7,33,31.470542833587682,0.8801225414936493,0.2162730183761301
KDD-Beijing,7,34,24.540970614095347,0.8808112265063677,0.16992808423788788
KDD-Beijing,8,9,18.17291313604847,0.9047967553655368,0.27892556570685356
KDD-Beijing,8,10,27.07038457784642,0.8858196181115278,0.21075988815771676
KDD-Beijing,8,11,19.55983153204426,0.9031078307313748,0.26975062470343214
KDD-Beijing,8,12,77.46186337366093,0.8189140553636476,0.13774892244573653
KDD-Beijing,8,13,21.44809509411073,0.805508000586494,0.2370384869608707
KDD-Beijing,8,14,21.833774861110527,0.8645369568583731,0.2006422200218716
KDD-Beijing,8,15,91.57051198222872,0.8050740610032432,0.14670219127197415
KDD-Beijing,8,16,106.90034970438786,0.7484623708567814,0.08648746294513121
KDD-Beijing,8,17,23.52686136356662,0.8939414557136857,0.2903921366973573
KDD-Beijing,8,18,35.215502091110416,0.8736933907847656,0.20672193725661261
KDD-Beijing,8,19,53.42140326923449,0.8084659160805621,0.09733582601115233
KDD-Beijing,8,20,93.49902111387385,0.8148389672571064,0.16302741911902255
KDD-Beijing,8,21,28.17875364612229,0.886614165508797,0.2088171859949496
KDD-Beijing,8,22,61.56960785777877,0.8496203451447394,0.19797479873137053
KDD-Beijing,8,23,28.145168780629167,0.8858302412874093,0.19655124026518708
KDD-Beijing,8,24,47.77510579105013,0.8493601052094106,0.19886838054484515
KDD-Beijing,8,25,30.137351677822387,0.8882826138922797,0.21629960190100764
KDD-Beijing,8,26,23.855675676963592,0.8949484091748647,0.2483313580456563
KDD-Beijing,8,27,29.771595972885983,0.8794855384156,0.21994076042551705
KDD-Beijing,8,28,80.28077322127083,0.7230760457136527,0.08817953091675948
KDD-Beijing,8,29,32.1677185793469,0.8754701343325422,0.2084892386273527
KDD-Beijing,8,30,26.602249571045537,0.891154152100857,0.24602213856627708
KDD-Beijing,8,31,55.4316844595279,0.8012732683807713,0.13878741579929424
KDD-Beijing,8,32,28.401008997985194,0.8175045127342232,0.15220075185991486
KDD-Beijing,8,33,9.157936869624502,0.9239339808634467,0.36721934946353735
KDD-Beijing,8,34,29.538791625347123,0.8575090106604982,0.11128482355232666
KDD-Beijing,9,10,8.94756430270348,0.9235420738147314,0.32384893322979713
KDD-Beijing,9,11,9.89220968326463,0.9158255925801235,0.30289712155202664
KDD-Beijing,9,12,59.62158069581879,0.8406178782368411,0.10970464017984183
KDD-Beijing,9,13,39.492196029676165,0.7496935633240002,0.14875454994393783
KDD-Beijing,9,14,16.89667977054998,0.8699413261871062,0.18613724688635125
KDD-Beijing,9,15,73.4129321744439,0.8267538683346926,0.1282760464439924
KDD-Beijing,9,16,88.7914857035778,0.777095110740367,0.07958312839153509
KDD-Beijing,9,17,7.6363908592852905,0.9430177192609095,0.40369076332944837
KDD-Beijing,9,18,17.571212979305933,0.909316420368277,0.2709619695595857
KDD-Beijing,9,19,39.58341039476597,0.8311943955231713,0.0795747627577729
KDD-Beijing,9,20,76.54730889586682,0.8279318875542204,0.12952290517248188
KDD-Beijing,9,21,10.676922501123224,0.9245856759127096,0.3174093990743772
KDD-Beijing,9,22,43.447261911096994,0.8708695573517427,0.1879631831797526
KDD-Beijing,9,23,11.218489251564025,0.9250025211977119,0.294723462810651
KDD-Beijing,9,24,32.8688800250788,0.8852838709697926,0.20528602137977892
KDD-Beijing,9,25,13.805036741358784,0.9211336349699019,0.26480064038436696
KDD-Beijing,9,26,6.4493461973989294,0.932695480995942,0.38128873393059604
KDD-Beijing,9,27,11.748910951035489,0.9192372863193136,0.3111111414685535
KDD-Beijing,9,28,70.60220497019645,0.744321570535518,0.07438414804543136
KDD-Beijing,9,29,20.806767553970154,0.8979961710612614,0.25121169914260916
KDD-Beijing,9,30,9.920307427661744,0.9304387974783488,0.3686288096943653
KDD-Beijing,9,31,46.22155455663816,0.8011605876122428,0.13636614747278789
KDD-Beijing,9,32,38.182162288261324,0.7811389653854909,0.13979620926712272
KDD-Beijing,9,33,12.1548249027244,0.9141397528296167,0.31347556637054375
KDD-Beijing,9,34,16.630651840603722,0.8669832219566382,0.16909502113169267
KDD-Beijing,10,11,13.32292176751329,0.9332068894374028,0.2830325869753009
KDD-Beijing,10,12,50.71609388684408,0.8680847818838446,0.11620888981343958
KDD-Beijing,10,13,48.43343173846418,0.7186594805683864,0.1359277634924489
KDD-Beijing,10,14,19.88636045585326,0.8909761315741156,0.1866455421133388
KDD-Beijing,10,15,64.50078469561655,0.8475724020177107,0.1343740894066578
KDD-Beijing,10,16,79.85077888743541,0.8188162374406054,0.10647959786303977
KDD-Beijing,10,17,8.485908609278134,0.9352490411583859,0.35823148493900137
KDD-Beijing,10,18,10.44014683607477,0.9491084668467067,0.33952799734814043
KDD-Beijing,10,19,33.34014424171939,0.8644941377513475,0.1017965024204844
KDD-Beijing,10,20,69.01940607090533,0.8481411769999274,0.1198557424041469
KDD-Beijing,10,21,5.825716983469464,0.9525217540576387,0.34866896419329607
KDD-Beijing,10,22,34.76573027128517,0.9024520264083397,0.1863240109808285
KDD-Beijing,10,23,7.516829401592606,0.9462820409395564,0.31967856660903404
KDD-Beijing,10,24,28.046310547749535,0.902423310652904,0.23227003343980399
KDD-Beijing,10,25,7.825408545040064,0.9512820115491973,0.361269132809212
KDD-Beijing,10,26,5.778343065487349,0.9517395450456764,0.3907930335175623
KDD-Beijing,10,27,2.90766321861639,0.9640953663833727,0.5395149650713438
KDD-Beijing,10,28,66.0810863050984,0.7719006274590273,0.06299248124172696
KDD-Beijing,10,29,20.61999883113408,0.9044696718740828,0.23471353242406348
KDD-Beijing,10,30,7.532756921677774,0.9467640845168983,0.3817479306909788
KDD-Beijing,10,31,44.94536402851176,0.7982490885199148,0.1108914110033017
KDD-Beijing,10,32,45.60086777247807,0.7642141529206842,0.11908214578767329
KDD-Beijing,10,33,20.18811874510565,0.905203684967428,0.23495244636169518
KDD-Beijing,10,34,13.872273659134216,0.8991881884122962,0.20167038168788326
KDD-Beijing,11,12,59.535325089834885,0.870061690682998,0.1562747716135921
KDD-Beijing,11,13,40.333335963333816,0.732623391744012,0.18889096989127904
KDD-Beijing,11,14,7.126047481657837,0.9417139658584112,0.3320913862968508
KDD-Beijing,11,15,74.8660937879233,0.8436917013383569,0.17465843786360896
KDD-Beijing,11,16,89.68208936835217,0.8083508711850135,0.1229884865481281
KDD-Beijing,11,17,16.97258655273474,0.9108082719486597,0.26320764906931654
KDD-Beijing,11,18,23.758694363267367,0.911402984777588,0.21189579911751452
KDD-Beijing,11,19,33.91870474697114,0.876594802874905,0.12941609311869026
KDD-Beijing,11,20,82.0436105899158,0.8353974361632562,0.1587405102621679
KDD-Beijing,11,21,18.07473829770901,0.9180993363711234,0.22304257673560093
KDD-Beijing,11,22,46.578823571062244,0.8824186368094886,0.18081551535282347
KDD-Beijing,11,23,19.276084416728487,0.9095624152355855,0.19532340901328846
KDD-Beijing,11,24,40.9794292403724,0.8694350046856888,0.16705122836998096
KDD-Beijing,11,25,11.957275148191718,0.9439086415164224,0.31587013214774556
KDD-Beijing,11,26,14.88058705940212,0.9201150952040433,0.26165521934184593
KDD-Beijing,11,27,14.754673261151751,0.9313714361871847,0.297129433406068
KDD-Beijing,11,28,62.581386725152925,0.7683079062423916,0.08389773587950124
KDD-Beijing,11,29,30.505597718757407,0.8716613555071492,0.17315009478254662
KDD-Beijing,11,30,18.406872161577088,0.9117540596597532,0.24695404737977072
KDD-Beijing,11,31,55.87566448436933,0.7718395144426554,0.11446438970713146
KDD-Beijing,11,32,44.920218500995,0.7486632739562336,0.12330457515857818
KDD-Beijing,11,33,10.519900131870191,0.937976679710267,0.3919252465510977
KDD-Beijing,11,34,9.979589232624452,0.9142038908974489,0.2406258400150377
KDD-Beijing,12,13,98.90966113113869,0.6949305540695915,0.12603133671582553
KDD-Beijing,12,14,62.12582727254895,0.862240881216204,0.1646391247649058
KDD-Beijing,12,15,17.907339644943644,0.9080383447451602,0.3071699419904615
KDD-Beijing,12,16,30.587516234494597,0.8898919411677807,0.19873202951032257
KDD-Beijing,12,17,56.9536956270803,0.8347656665246382,0.12873840436417236
KDD-Beijing,12,18,45.7365689232033,0.8672238460748551,0.11703300761209427
KDD-Beijing,12,19,35.951144078489634,0.8694230750758659,0.16367247738219345
KDD-Beijing,12,20,45.03832787034346,0.8683629601303485,0.1926205691269413
KDD-Beijing,12,21,51.65392301115241,0.8543095847858212,0.11827545786221576
KDD-Beijing,12,22,22.467413248923428,0.9127510494279386,0.18999493897062084
KDD-Beijing,12,23,52.61938058175207,0.8506302321355131,0.09336932728324708
KDD-Beijing,12,24,49.23821273736228,0.8380335708035532,0.11857508654485432
KDD-Beijing,12,25,47.72346359365434,0.8749964209488714,0.13601934842353372
KDD-Beijing,12,26,55.270283256050575,0.8535190633413485,0.10623821808355782
KDD-Beijing,12,27,47.8739938736705,0.8664851767396431,0.1173013111991678
KDD-Beijing,12,28,57.26952060227924,0.7917203787029212,0.11714448983348201
KDD-Beijing,12,29,60.169439231219584,0.8155793238370925,0.12237592760309343
KDD-Beijing,12,30,54.05715645291434,0.8477401640011933,0.12850430225242584
KDD-Beijing,12,31,69.75616450149629,0.7473232300774315,0.10540280901991607
KDD-Beijing,12,32,94.09837825607997,0.7059392482972654,0.08942005330686906
KDD-Beijing,12,33,69.44501008468163,0.8458850496637321,0.14728238196682786
KDD-Beijing,12,34,50.92937681180867,0.8511736333249739,0.08515035503189936
KDD-Beijing,13,14,40.717555753841616,0.7011085604826179,0.1561345647281954
KDD-Beijing,13,15,112.88274216793188,0.6836913347658987,0.163467016343356
KDD-Beijing,13,16,128.28340165494086,0.6289389934496782,0.09108494997220844
KDD-Beijing,13,17,43.96086952831458,0.718964333688374,0.15146743969826204
KDD-Beijing,13,18,55.934630304730995,0.7163715741126838,0.11818570972818182
KDD-Beijing,13,19,73.4983530142665,0.6647504267603569,0.10746893131679044
KDD-Beijing,13,20,112.84387743904558,0.6991854085048589,0.15048906214763652
KDD-Beijing,13,21,48.97847863156766,0.7304492725525399,0.11979621893266326
KDD-Beijing,13,22,82.61745327037355,0.7172661525880684,0.14841188633945632
KDD-Beijing,13,23,48.67258717985047,0.7278126891165263,0.1128782290584932
KDD-Beijing,13,24,66.12108788451627,0.7056382989185049,0.11749943952886573
KDD-Beijing,13,25,51.4738536952728,0.7310042844713984,0.1464209532099601
KDD-Beijing,13,26,44.76751154029401,0.7351804923027684,0.13653653513895203
KDD-Beijing,13,27,51.1784626270448,0.7245865203117737,0.13471226677071144
KDD-Beijing,13,28,97.10245042404587,0.6463956142909655,0.12251918574566853
KDD-Beijing,13,29,49.45937832558657,0.7427351322802197,0.13990344374974809
KDD-Beijing,13,30,47.102121827945865,0.7476681785403116,0.14883550055470918
KDD-Beijing,13,31,68.62833782503803,0.7707991809921844,0.15531031231851725
KDD-Beijing,13,32,26.57284943672664,0.8033084478030047,0.16733797674650894
KDD-Beijing,13,33,29.86857194461566,0.7612747360172414,0.20313226494065342
KDD-Beijing,13,34,50.14660521152221,0.7607690699491931,0.1057274384409079
KDD-Beijing,14,15,78.26356066735232,0.8242559598576816,0.1496085740422045
KDD-Beijing,14,16,92.6113430685677,0.7990406035657833,0.11092347406234196
KDD-Beijing,14,17,24.09750291641397,0.8595743726020443,0.16020917487529043
KDD-Beijing,14,18,30.266852171507683,0.868081559005654,0.1390793842633908
KDD-Beijing,14,19,32.8735901511458,0.8869887486397569,0.1747454842783409
KDD-Beijing,14,20,87.66448819725382,0.8189277874070833,0.1412021105776815
KDD-Beijing,14,21,25.006197147455723,0.8708547178260901,0.15550385558738522
KDD-Beijing,14,22,51.294800595110814,0.851599480180439,0.15330576033320065
KDD-Beijing,14,23,26.29132685093914,0.8623085628862177,0.13155902224775345
KDD-Beijing,14,24,47.84403371415799,0.8272021455228694,0.08865342746489256
KDD-Beijing,14,25,16.39751167048245,0.9111840855104626,0.22707262113825732
KDD-Beijing,14,26,21.984393151055098,0.8706549020626253,0.16192069337950551
KDD-Beijing,14,27,20.801375661341552,0.8894204815401506,0.20830721344301986
KDD-Beijing,14,28,58.494510515597405,0.7695314532895728,0.05969661343416351
KDD-Beijing,14,29,37.61346656081851,0.8177796714671255,0.11940395329078542
KDD-Beijing,14,30,25.484688702771354,0.8596469833203136,0.15667407764010663
KDD-Beijing,14,31,62.995919015906715,0.7260759107894666,0.06295233458580951
KDD-Beijing,14,32,49.24691151623927,0.7095498172671091,0.08000380138840221
KDD-Beijing,14,33,13.020352704785973,0.9147991985012552,0.2627641636540406
KDD-Beijing,14,34,11.23923706748392,0.9037229518498155,0.22727527699087757
KDD-Beijing,15,16,15.825930656313128,0.8971704926936503,0.22901354844046373
KDD-Beijing,15,17,69.45150427350592,0.8348597793358067,0.1361229264032495
KDD-Beijing,15,18,57.55295356099697,0.850130524357858,0.10689801548284565
KDD-Beijing,15,19,53.81712052591548,0.8460029194437239,0.1281288981335943
KDD-Beijing,15,20,33.97545449402558,0.8753656225410016,0.22784263675382496
KDD-Beijing,15,21,64.21084376260008,0.8411190122115403,0.12642980811263724
KDD-Beijing,15,22,30.915310294145225,0.9041456804078349,0.19661098356378373
KDD-Beijing,15,23,64.8230553406691,0.8316043314924806,0.0999422038452784
KDD-Beijing,15,24,55.70334302909699,0.8364278818660628,0.12512131365976062
KDD-Beijing,15,25,62.908824524193406,0.8527822565469654,0.14414656505616846
KDD-Beijing,15,26,68.25358968266623,0.8356504690318678,0.12261024653604297
KDD-Beijing,15,27,61.8411245074931,0.8545852228785571,0.14217209748025217
KDD-Beijing,15,28,73.39394996667372,0.7854744618546841,0.13518258667920166
KDD-Beijing,15,29,69.69339962395283,0.8105188600200848,0.11230552208045706
KDD-Beijing,15,30,66.36451386971106,0.8378108575817407,0.14451692413988337
KDD-Beijing,15,31,73.28506815002085,0.7468963509027603,0.12366097846419963
KDD-Beijing,15,32,104.83286716818655,0.7037382020763491,0.08796310048230299
KDD-Beijing,15,33,84.20623411676881,0.8177307554294528,0.1386674351701678
KDD-Beijing,15,34,67.03119647652412,0.8161754366686612,0.08236135574636907
KDD-Beijing,16,17,85.08898875975163,0.7782757087661449,0.06851440239610303
KDD-Beijing,16,18,73.24643493044412,0.8142641490333965,0.08907626143206304
KDD-Beijing,16,19,65.67190823386603,0.830898461188214,0.0966028815204296
KDD-Beijing,16,20,42.70528659380055,0.8219262283974756,0.12319080603157864
KDD-Beijing,16,21,79.82287751416895,0.8045497482491863,0.09779226472711304
KDD-Beijing,16,22,46.71361534205126,0.8627430414713012,0.12299315655766722
KDD-Beijing,16,23,80.49052814776083,0.7987666049733689,0.08698150313790594
KDD-Beijing,16,24,71.34316334612515,0.7902782840085535,0.10175560595896598
KDD-Beijing,16,25,77.75746147485492,0.8206354043414243,0.08512006367575979
KDD-Beijing,16,26,83.80241346899831,0.8009629822692569,0.07667534267752021
KDD-Beijing,16,27,77.12908649391167,0.8204654712072464,0.11349587795378095
KDD-Beijing,16,28,79.58808551221955,0.7713811263143876,0.08387857159340045
KDD-Beijing,16,29,85.51542366587081,0.7626850013610018,0.0894865407958635
KDD-Beijing,16,30,82.02187720186157,0.7925727884365698,0.09248446998740666
KDD-Beijing,16,31,88.18489136627319,0.6903382712232439,0.06624236909193756
KDD-Beijing,16,32,120.65732467853046,0.647220936738853,0.0437862500408224
KDD-Beijing,16,33,99.29459776816738,0.7764871983762661,0.10707978198074938
KDD-Beijing,16,34,81.38569546110624,0.8029285963868699,0.08058705521764861
KDD-Beijing,17,18,12.002780207109426,0.9382353528838353,0.38415114352615337
KDD-Beijing,17,19,41.825319700443984,0.828160329896417,0.09386776788360505
KDD-Beijing,17,20,70.04435089179363,0.8375754118685752,0.13044050319372874
KDD-Beijing,17,21,5.3075390364387305,0.9523920358952178,0.43973491954893806
KDD-Beijing,17,22,38.80508980159279,0.8856845427915494,0.22491317356783477
KDD-Beijing,17,23,4.712265299238626,0.9541711839384625,0.46834336671954085
KDD-Beijing,17,24,25.39561569824966,0.9161830297937348,0.2848385961003374
KDD-Beijing,17,25,16.121346241503097,0.9249371241065332,0.27208938863230814
KDD-Beijing,17,26,2.8016089507336006,0.9588685787406781,0.5591262167863101
KDD-Beijing,17,27,11.016961147005954,0.9345148891646148,0.367873754167698
KDD-Beijing,17,28,74.42696209005744,0.7517562922592497,0.09025554031620953
KDD-Beijing,17,29,13.597444068485457,0.940720570344413,0.3835785850962662
KDD-Beijing,17,30,3.1416244678734557,0.9641068517827718,0.6090154942727086
KDD-Beijing,17,31,38.908757258068285,0.8239249961367686,0.1762760922417622
KDD-Beijing,17,32,37.811870892074396,0.7921849200647183,0.17599872893408353
KDD-Beijing,17,33,19.28534551004899,0.9019926628869172,0.269045009652266
KDD-Beijing,17,34,21.26082572623135,0.8652072052753115,0.14712209285443356
KDD-Beijing,18,19,36.819235991130206,0.8519187648692863,0.10060650304267284
KDD-Beijing,18,20,59.024085640644884,0.8625137588408167,0.13028260665567634
KDD-Beijing,18,21,7.038158603501726,0.9550528992520825,0.41736485252375677
KDD-Beijing,18,22,26.817334178426762,0.9148148880189164,0.2316997447386681
KDD-Beijing,18,23,7.305610849766376,0.954607444232764,0.41013235653717806
KDD-Beijing,18,24,18.138004837164324,0.9342746939189289,0.34614403704655944
KDD-Beijing,18,25,15.837549805710308,0.9328684801575423,0.2626053062926076
KDD-Beijing,18,26,11.378853682169607,0.9476215505065905,0.37595511583472013
KDD-Beijing,18,27,9.733125668651644,0.9508438984380496,0.3808781451701028
KDD-Beijing,18,28,70.83149244138875,0.7609139468558307,0.06414345917299605
KDD-Beijing,18,29,16.250056759047038,0.9303455858886006,0.34960374824999946
KDD-Beijing,18,30,8.869469844494485,0.949763078519463,0.42546947006092656
KDD-Beijing,18,31,37.17663214767743,0.8255601264076895,0.1481126742268763
KDD-Beijing,18,32,48.36924538312561,0.7808543531966013,0.14083463132279295
KDD-Beijing,18,33,29.670555470959137,0.8833797826959924,0.2172375002458329
KDD-Beijing,18,34,22.82025585735672,0.8773663106129113,0.16250677072180617
KDD-Beijing,19,20,74.36741285204636,0.8198433138812468,0.16286519029859103
KDD-Beijing,19,21,38.04638169997842,0.8452438762759303,0.09951121079674678
KDD-Beijing,19,22,37.47129781812481,0.8538752295092642,0.09980105803603156
KDD-Beijing,19,23,39.76951647697253,0.839347753051023,0.09644187071850888
KDD-Beijing,19,24,52.08588077506694,0.8140625118580942,0.09404542122044782
KDD-Beijing,19,25,26.03027527136715,0.8808053374206092,0.11289923155025591
KDD-Beijing,19,26,39.09937694900406,0.8440976369701346,0.0869900007681976
KDD-Beijing,19,27,30.946999009679615,0.8659969227048692,0.11487097995669894
KDD-Beijing,19,28,34.159380924582486,0.8238822435830943,0.11228196262479748
KDD-Beijing,19,29,52.48322688645581,0.7974013902777818,0.07667988676025542
KDD-Beijing,19,30,40.40563714092121,0.8350978487846357,0.09628368223994072
KDD-Beijing,19,31,73.30971776041004,0.7172167792955625,0.07872081305300298
KDD-Beijing,19,32,77.73276168031735,0.6874827978837535,0.05561930472169547
KDD-Beijing,19,33,44.281150141691576,0.8478475012308608,0.11106465191961415
KDD-Beijing,19,34,23.986792886077648,0.8842523918728733,0.12227591392432076
KDD-Beijing,20,21,65.87958643683115,0.8469477410049171,0.12413994419420132
KDD-Beijing,20,22,37.87193913347938,0.8877867979875002,0.21352449531119128
KDD-Beijing,20,23,65.57183720053051,0.847348965037167,0.11873228235192909
KDD-Beijing,20,24,46.9218615782142,0.8759488514684092,0.16346736577736498
KDD-Beijing,20,25,71.32671290507204,0.8436366423950855,0.12063559511230362
KDD-Beijing,20,26,70.18951921395579,0.8447635778050776,0.14140668934311376
KDD-Beijing,20,27,67.2905948700464,0.8491407464789146,0.13381630021609314
KDD-Beijing,20,28,101.6826861559888,0.7531091031882651,0.1065889533693599
KDD-Beijing,20,29,63.715944899824365,0.8509915823829075,0.13755307675396616
KDD-Beijing,20,30,67.0588092446624,0.8471806757702854,0.1491963697048054
KDD-Beijing,20,31,55.022350265378975,0.819089055932407,0.15746714473857945
KDD-Beijing,20,32,97.28984320164648,0.7620997566609594,0.124961614033133
KDD-Beijing,20,33,88.68363225520014,0.8228289394558838,0.1508049483073724
KDD-Beijing,20,34,77.58543241626204,0.8055502169845757,0.0642183258382351
KDD-Beijing,21,22,33.66067352579213,0.9018166834312602,0.20207955372568995
KDD-Beijing,21,23,1.7713482737218555,0.9606639054855963,0.44860321655791463
KDD-Beijing,21,24,22.9098488148775,0.9157414592343925,0.2540376233694147
KDD-Beijing,21,25,13.435796978097018,0.9341716018615537,0.27334187849944935
KDD-Beijing,21,26,4.348816413169834,0.9626861745199567,0.45126248077406195
KDD-Beijing,21,27,7.265541551452069,0.9510666279663598,0.36848970399350145
KDD-Beijing,21,28,71.31848125905472,0.7558370705689659,0.07884475413254717
KDD-Beijing,21,29,14.950917159868174,0.9268163884542063,0.30184545412059577
KDD-Beijing,21,30,2.5589061083077977,0.966527193764214,0.5098623889013049
KDD-Beijing,21,31,39.126465977254426,0.8190507970634616,0.13747400412801292
KDD-Beijing,21,32,42.919232248266454,0.7834755263756005,0.1317792338374526
KDD-Beijing,21,33,22.830507575419496,0.8970039728305057,0.2383153058866904
KDD-Beijing,21,34,19.69743729787254,0.8833195462685071,0.16046910647252596
KDD-Beijing,22,23,34.121802189625136,0.8956284564986594,0.1831378211822885
KDD-Beijing,22,24,26.80663837997611,0.8982697707740948,0.23581202783406544
KDD-Beijing,22,25,34.97555560406093,0.8978553743289972,0.1995803494376449
KDD-Beijing,22,26,37.850803969503424,0.8991329843603321,0.20467080250741912
KDD-Beijing,22,27,32.38264434398493,0.9034402899200067,0.20497324857934054
KDD-Beijing,22,28,68.3366829061972,0.7731922124649717,0.08276347972709684
KDD-Beijing,22,29,39.03984762094945,0.8741789912493179,0.19151516595717546
KDD-Beijing,22,30,35.681975489123126,0.8973047301370034,0.21690480725258499
KDD-Beijing,22,31,47.41939654386164,0.8038920537664065,0.15218122130177314
KDD-Beijing,22,32,73.9912945833596,0.754344114762246,0.12098626775332866
KDD-Beijing,22,33,54.92078844139589,0.8622847504023775,0.19353742668270904
KDD-Beijing,22,34,40.57929267662405,0.8517746589700322,0.10562946599410016
KDD-Beijing,23,24,21.842500931801013,0.9201256514652943,0.2678554277967944
KDD-Beijing,23,25,15.19224365679349,0.9294140108215992,0.24113435276966047
KDD-Beijing,23,26,4.776564243869769,0.9616661580045895,0.4663478880643886
KDD-Beijing,23,27,9.035366101654196,0.9420709040106862,0.33286938625450074
KDD-Beijing,23,28,73.08274753724987,0.7500509439011668,0.07418701902183733
KDD-Beijing,23,29,13.184602760616935,0.9365546667482983,0.34464218555695425
KDD-Beijing,23,30,1.57064088753209,0.965285523820795,0.5261228349988712
KDD-Beijing,23,31,37.49868897362081,0.8308523853992609,0.15254316609259114
KDD-Beijing,23,32,41.71408703673485,0.7963805681637441,0.15224076124967634
KDD-Beijing,23,33,23.321450187929415,0.8929462727785967,0.215550608671015
KDD-Beijing,23,34,21.379353310870783,0.87664401358883,0.17367239839170778
KDD-Beijing,24,25,33.967807331611205,0.8915044208946381,0.19167628249488225
KDD-Beijing,24,26,26.55167507696103,0.9127498775337808,0.2679954094327712
KDD-Beijing,24,27,27.824954170875536,0.9015354575493048,0.24275047967686875
KDD-Beijing,24,28,86.15174542332203,0.7498583045504444,0.09702651744716269
KDD-Beijing,24,29,16.79490900002441,0.938892705483668,0.3745240489482456
KDD-Beijing,24,30,22.98028107030096,0.9186121220727065,0.3016860822894316
KDD-Beijing,24,31,21.896075020172777,0.8665985162718907,0.2564570042049938
KDD-Beijing,24,32,51.19223387815614,0.8036520407474309,0.18057690790192596
KDD-Beijing,24,33,44.66673994273104,0.8503855064796734,0.16602688800438786
KDD-Beijing,24,34,40.95802437397941,0.827596706095247,0.10808351854691704
KDD-Beijing,25,26,13.32727217070582,0.9335047438746322,0.28240961339910714
KDD-Beijing,25,27,6.432701407074674,0.9533115932638143,0.38888309608024824
KDD-Beijing,25,28,58.311863946771155,0.7852297283539998,0.07973253074849064
KDD-Beijing,25,29,28.37070493228595,0.889723628176787,0.19905115845062396
KDD-Beijing,25,30,15.34853290618645,0.9284886578439332,0.2856284595351488
KDD-Beijing,25,31,52.22942807534176,0.7937655643722457,0.11661019114602082
KDD-Beijing,25,32,51.93992117311427,0.7642022771780969,0.12135178740788119
KDD-Beijing,25,33,21.752156544236456,0.919728153903684,0.27178353099808544
KDD-Beijing,25,34,7.016108099148092,0.907199107975019,0.23752284362188542
KDD-Beijing,26,27,8.454686636556135,0.9466591300388778,0.380126986725455
KDD-Beijing,26,28,71.6279256494775,0.7566874780705412,0.08281589014899245
KDD-Beijing,26,29,16.06477069481288,0.9276499481388442,0.3223008300676837
KDD-Beijing,26,30,3.5908999670005337,0.9643737121042222,0.5361746247727123
KDD-Beijing,26,31,41.18998462441914,0.816969243265407,0.16032879826454224
KDD-Beijing,26,32,40.05560638591699,0.7848384024116343,0.14661316233850266
KDD-Beijing,26,33,18.582225945667588,0.9057711074421092,0.27260658281822836
KDD-Beijing,26,34,18.518425114839648,0.879514324785874,0.18015475129353772
KDD-Beijing,27,28,64.06087331576202,0.7777826397153833,0.06146849359605781
KDD-Beijing,27,29,22.182968258324216,0.9019233965321403,0.24407258974699744
KDD-Beijing,27,30,9.48439661720768,0.9463544915963717,0.3724989557356777
KDD-Beijing,27,31,45.79766453339387,0.8012542872244962,0.11408596171952924
KDD-Beijing,27,32,48.440138356491175,0.7672685855067345,0.12705249837831353
KDD-Beijing,27,33,22.559416278646644,0.9004424602858885,0.2606514512254778
KDD-Beijing,27,34,13.2244105927275,0.8964074046894318,0.22286785653582775
KDD-Beijing,28,29,86.1086921216071,0.7234923770899425,0.0751494087737349
KDD-Beijing,28,30,73.50028831854468,0.7527035720928068,0.09191854549475036
KDD-Beijing,28,31,107.46834020864456,0.6799208469469857,0.11063704668641643
KDD-Beijing,28,32,107.44229183699471,0.6468370852431967,0.07371291306427745
KDD-Beijing,28,33,71.48848174494078,0.7452988076044932,0.06901729721017483
KDD-Beijing,28,34,53.971561973764466,0.7703718863354558,0.05606681136233606
KDD-Beijing,29,30,13.136806930782738,0.939853522510575,0.3820722569024802
KDD-Beijing,29,31,25.41484184997312,0.8822335272503733,0.24274042683263147
KDD-Beijing,29,32,35.29924181777499,0.8382626046221586,0.20184172626803118
KDD-Beijing,29,33,30.918867847895672,0.8667805531418424,0.19353226518480485
KDD-Beijing,29,34,34.35677688066297,0.8259786364602291,0.13420056282985912
KDD-Beijing,30,31,37.90914183143086,0.8443095606356069,0.18181013808653132
KDD-Beijing,30,32,40.394064939699746,0.8032470081324442,0.17332823272428627
KDD-Beijing,30,33,21.946423767311323,0.901522971352339,0.2618507576274515
KDD-Beijing,30,34,21.22433452694324,0.8677272288899507,0.1400692361330799
KDD-Beijing,31,32,46.556131922366454,0.869049517994591,0.22948658864469385
KDD-Beijing,31,33,55.849822275913915,0.7743340071243403,0.10898224480996145
KDD-Beijing,31,34,58.79754872412047,0.7430648149613797,0.09150237128324842
KDD-Beijing,32,33,36.2820341605406,0.7671327288019989,0.13965319973557985
KDD-Beijing,32,34,54.18227123542942,0.7365766490879974,0.11538399325657493
KDD-Beijing,33,34,20.465041747842353,0.8808450282523963,0.17800713250682626
KnowAir,78,175,883.1007953853665,0.2877818859540376,0.13827782645104614
KnowAir,88,136,1334.0847715602467,0.3915141619552011,0.07738053538636316
KnowAir,15,21,653.2901978631802,0.349585405134965,0.09866649208457283
KnowAir,25,179,1426.2566646281864,0.3002335838106963,0.16416076952694902
KnowAir,160,174,400.244730071342,0.46052297785294705,0.11682424318574908
KnowAir,111,142,369.4264183712669,0.41522107598409885,0.05068886695328706
KnowAir,122,183,444.4479349816454,0.37381873612824457,0.1461122093394936
KnowAir,118,174,439.25842053143543,0.4541144994169019,0.07168134856847037
KnowAir,80,138,590.2682273158836,0.4763132845260101,0.134356967455634
KnowAir,45,109,1234.6749978377068,0.3304971371483505,0.0999705134574817
KnowAir,56,133,717.2688389150759,0.2892773806813409,0.08792273762136235
KnowAir,80,86,680.5791278280371,0.606263825621757,0.23652434848164647
KnowAir,97,122,616.5898266945591,0.38771504344073254,0.11656449457259886
KnowAir,83,117,409.2401677163237,0.586095314290122,0.11919031881461692
KnowAir,28,43,636.8632625477314,0.46083536087133303,0.13063666246306468
KnowAir,30,157,497.8206254227013,0.5620299615324836,0.08290894601399104
KnowAir,32,97,799.2567198948532,0.25617457567849966,0.0468840579332566
KnowAir,89,127,1348.191328659234,0.15405970841448188,0.07080886422005615
KnowAir,61,111,541.9150979563491,0.46831089932796227,0.0706847440107188
KnowAir,156,161,301.58198870403527,0.6739097514827539,0.16698650475393198
KnowAir,22,180,1532.2781953982658,0.27407097330022007,0.11692028953059203
KnowAir,61,145,144.0060657299341,0.6873498019603727,0.222828314676419
KnowAir,51,86,1310.0969902559634,0.1637841586783053,0.14258331642425476
KnowAir,41,180,1544.4634122990622,0.2041147530253848,0.0747401503643206
KnowAir,9,133,961.0053714986633,0.14308707057272585,0.0696589857583138
KnowAir,127,158,1244.6183011058347,0.1413822466222553,0.07719165957853949
KnowAir,59,129,461.14782686929755,0.30992731220214187,0.17639053605113075
KnowAir,38,98,585.5875616875402,0.40402099758652515,0.0749553964172148
KnowAir,45,138,1061.910744892972,0.26557971959566207,0.11161289190669474
KnowAir,89,154,1003.7512283579279,0.5015260946122412,0.11383647508913038
KnowAir,109,177,1217.850205244295,0.19879798419298414,0.12578997331980699
KnowAir,10,26,929.708550981189,0.25141309604027895,0.16296437412627846
KnowAir,18,65,521.9688428567673,0.5324630165577467,0.1602968197547435
KnowAir,41,74,738.3553607707003,0.32742931307907214,0.06962290091374901
KnowAir,1,147,679.7017976030568,0.2947567590312031,0.11627252871342095
KnowAir,1,72,827.901173385743,0.18339688369710935,0.06737942973712809
KnowAir,85,88,236.12779278553643,0.7238089117343286,0.22833444661840258
KnowAir,138,183,1202.461730316863,0.21623007968359553,0.050678496846669294
KnowAir,86,105,1704.6854303669936,0.3141208512194326,0.08199821432400543
KnowAir,37,150,756.9299597046206,0.3367925450657579,0.1128304402973974
KnowAir,39,60,943.1453232545564,0.3204053676848758,0.08534137739528065
KnowAir,121,130,676.7942567630263,0.19801365487625266,0.14350075955008032
KnowAir,13,51,307.50766818392594,0.4443957268638193,0.1403317354935022
KnowAir,80,179,825.4826476609451,0.43273623685320184,0.16328935245067733
KnowAir,128,151,1282.6626678073244,0.07371570119285671,0.07651132020934
KnowAir,31,50,1598.4592028911024,0.15956159001216394,-0.0029922872017819117
KnowAir,43,142,426.798761245974,0.45480297504989153,0.17061091850721996
KnowAir,28,160,1065.6826958823044,0.3357829874940142,-0.007295711659731407
KnowAir,50,121,405.80708585050604,0.4474471177917439,0.21188234491468916
KnowAir,107,113,115.49649962857454,0.7465116264088127,0.22136236648325702
KnowAir,80,84,184.20595948324507,0.7914650146863622,0.2961347320378423
KnowAir,133,156,370.1204462657899,0.6383911416981047,0.12708503548274513
KnowAir,65,151,561.7981518840575,0.4633221494489159,0.1359594131693874
KnowAir,91,142,1095.2059311157113,0.2544540797398534,0.15696794525565258
KnowAir,42,102,610.3012951629282,0.3921462658852439,0.09038259424111683
KnowAir,60,169,1234.9326442026027,0.3320059054664988,0.05572953503337321
KnowAir,39,62,840.3920574528003,0.37590505213806114,0.10205013511504446
KnowAir,11,18,728.2934650576757,0.3043239345210931,0.11248754085065044
KnowAir,40,63,262.21974523452576,0.5164656383171621,0.1287461506662032
KnowAir,23,90,1352.8417555669237,0.40733478520299077,0.042226743256523834
KnowAir,77,121,280.47174403828234,0.4854405593171513,0.15660835785638258
KnowAir,8,58,685.7148538004556,0.27108622216412476,0.18378046479376337
KnowAir,49,68,550.8711521710911,0.3692232120246146,0.10376940634725676
KnowAir,82,95,664.5949253191567,0.41836933758160205,0.15380586059528767
KnowAir,28,60,381.41352735354286,0.48474117255267496,0.15968455304697718
KnowAir,82,138,439.77364399654675,0.5261004342206831,0.1467489583011992
KnowAir,5,114,857.0861181216325,0.2768198889695924,0.0544071646723128
KnowAir,37,169,1234.9258254589986,0.4209469822511505,0.07394950341169915
KnowAir,73,155,392.9008832373128,0.5603554895437973,0.1363899996907144
KnowAir,120,135,1176.690872776032,0.16560009240611076,0.2054361531729428
KnowAir,10,137,729.4174521415965,0.25619558579857193,0.09767695562820225
KnowAir,3,134,1017.1014547327691,0.21011492153235206,0.08317182685599121
KnowAir,2,116,1097.0466928902758,0.20602400676522897,0.06364838503361446
KnowAir,46,171,89.1251069130266,0.8138808925602713,0.2671586058719887
KnowAir,77,173,478.6003272599436,0.39002674838001844,0.1192000346712838
KnowAir,113,149,491.363863547095,0.5035010058421518,0.11391504038049764
KnowAir,9,78,714.0322567409972,0.3318509200871942,0.14966310061376506
KnowAir,115,162,826.595530192197,0.505627262146603,0.1243504381400647
KnowAir,41,130,451.4551834648878,0.47857657512376617,0.09992533946428454
KnowAir,81,135,579.4599289604355,0.5270295391204913,0.11252075223798436
KnowAir,19,59,615.0314074982891,0.38369674353607647,0.11656680868385101
KnowAir,85,120,1118.1535195718043,0.2826517323509534,0.16340100487458217
KnowAir,110,158,613.336521949656,0.4047752600105803,0.06000733607803774
KnowAir,31,139,302.47102942530927,0.5222429607714262,0.12071367352380583
KnowAir,156,171,893.6601676784502,0.4842741081180665,0.12487061446250039
KnowAir,63,80,924.5949256865018,0.39067756928914754,0.06828787599026084
KnowAir,28,45,1360.5894857057324,0.32372915778935063,0.08737425638195544
KnowAir,49,113,1452.0917573992658,0.22752599920808061,0.04032881495821426
KnowAir,92,147,487.76770874616113,0.4690962973446907,0.10781144679817575
KnowAir,42,158,550.4761875884358,0.41367469800067447,0.03466604138997772
KnowAir,20,169,1151.3758053493307,0.3593108697978595,0.008557059341453862
KnowAir,73,181,1291.0217836513752,0.24075990817633422,0.1066175351070433
KnowAir,98,147,665.2894655079423,0.3443315108732483,0.07996964691983767
KnowAir,120,125,483.7262580841409,0.48087211835429405,0.32574766126685745
KnowAir,70,88,1969.4655785831594,0.22335983605905474,0.014720172956833016
KnowAir,75,83,820.4204227863834,0.38685001400856805,0.07338559583500591
KnowAir,22,155,696.7924683324043,0.44237514211854384,0.12819576288717716
KnowAir,9,34,1039.523300488876,0.0753401267896419,0.0671340598578712
KnowAir,21,58,65.98011245109677,0.8378075628537438,0.48453932346714607
KnowAir,88,181,968.350551216699,0.34452948486456136,0.10846974310377379
KnowAir,54,71,409.2023856141883,0.5236962558996554,0.16134553741313254
KnowAir,46,77,994.6496020608175,0.3474017643068076,0.06673135783170278
KnowAir,69,90,1041.8593473909673,0.22261987922964693,0.10298610234261749
KnowAir,39,122,842.3530696283851,0.366595702791877,0.14612156198720794
KnowAir,3,159,982.1602839772216,0.2647067513421481,0.08751176021755047
KnowAir,24,135,264.7567208185837,0.45205258687533667,0.07765057044601854
KnowAir,89,91,538.8661578724636,0.48728853500443375,0.1464937993848311
KnowAir,92,159,543.72016091115,0.42153496341157753,0.08111334310954608
KnowAir,53,139,594.6768774673882,0.39461746190458696,0.08519272723984628
KnowAir,44,64,1150.9951400706614,0.27035382108818756,0.07399431342794295
KnowAir,80,85,632.0238980163103,0.5460258372374175,0.12180629159909935
KnowAir,99,107,527.3104071140083,0.4137498958987613,0.05622336848555525
KnowAir,15,44,1437.487835828312,0.20618344123929447,0.043678561768801444
KnowAir,30,158,556.8239841081815,0.5495195615909818,0.11712657409660028
KnowAir,88,151,993.7917420538909,0.4756780453826802,0.11934147747930712
KnowAir,69,178,580.6766074670905,0.4224289278796512,0.2144058201618214
KnowAir,131,165,1171.9126297472158,0.36940785326756403,0.18558395772673755
KnowAir,105,161,1190.0478369131183,0.26839347836605126,0.04211973751351404
KnowAir,86,166,121.9048112524694,0.7980051721561009,0.30251329849365854
KnowAir,67,154,664.8820949587713,0.3218963968335964,0.1800929668311053
KnowAir,7,61,616.9703689731126,0.12126979694732289,0.047145843104578866
KnowAir,121,152,596.746469756576,0.3324266239471976,0.19363410532290062
KnowAir,81,149,556.4439249112434,0.5227149116348668,0.1514834620916627
KnowAir,123,165,1212.1245302343082,0.29835414940422206,0.14455978729775582
KnowAir,132,173,735.5436003779153,0.41681633917625305,0.08214564073787053
KnowAir,78,135,635.508431505533,0.30618819455298163,0.10625327197846067
KnowAir,96,145,835.0113196198932,0.36845011929611904,0.1489534347949068
KnowAir,114,125,1573.5953039777114,0.1489988653863726,0.09467402010504365
KnowAir,84,94,652.4164720796097,0.4727808864096382,0.22820170019502742
KnowAir,2,20,568.0102290331582,0.22771260845903687,0.06193099313026473
KnowAir,49,51,353.0965696826247,0.38557969824755906,0.1582897254773944
KnowAir,127,143,586.1411316029506,0.2921251545440851,0.11777868754314078
KnowAir,98,150,701.1245651109372,0.3183467986627057,0.05804229484737908
KnowAir,29,130,143.88032590967973,0.7113279668032106,0.2569141899048175
KnowAir,46,64,1529.1715665604022,0.30628135442997245,0.07241723840565052
KnowAir,44,176,982.7865778850127,0.41014703512236295,0.15895523222145813
KnowAir,79,126,746.0090063183685,0.2986242770294112,0.12911494204582377
KnowAir,17,133,154.49476311399513,0.6850234966342765,0.16937383471475279
KnowAir,99,181,1247.9536978721464,0.21006817814216427,0.07554206920232916
KnowAir,1,120,422.37967808322253,0.3601121838421629,0.1707552275503287
KnowAir,21,103,506.97297161389076,0.35489149440061224,0.056754212777743056
KnowAir,81,165,698.1021767722642,0.5840727932422977,0.1206519762281836
KnowAir,5,153,548.4264677666588,0.4940560045928224,0.15056979134514345
KnowAir,91,92,72.72666275686366,0.7127055665084776,0.172866677640452
KnowAir,48,94,355.6954686816782,0.5313392428264161,0.23455633067610301
KnowAir,76,153,362.96376106300994,0.6017447906792837,0.14862262719151645
KnowAir,104,128,1294.9830721201579,0.11238284915959969,0.1510703214135437
KnowAir,63,89,1481.1165022069276,0.40298195091866645,0.0638209593168661
KnowAir,111,162,1031.9419275223177,0.451236059918502,-0.027477333537476997
KnowAir,43,94,786.9355846650682,0.46962977189222577,0.1645418195757803
KnowAir,7,26,1251.42785879286,0.023019560942776116,0.06837234281603548
KnowAir,138,154,252.37825570673138,0.53258735904795,0.11098028564540487
KnowAir,27,162,1065.2673845662862,0.3569335120804092,0.029253101237185646
KnowAir,110,147,611.9697226438356,0.367348325344445,0.10446026544432449
KnowAir,8,133,1115.8412114306802,0.16343339534711054,0.09377864117418426
KnowAir,65,88,1198.6966325285048,0.3865554911717466,0.12487068960667633
KnowAir,148,159,162.5084975219212,0.7459185163336538,0.2587461027701093
KnowAir,47,160,448.5334584017584,0.4881575796583812,0.17661975762036547
KnowAir,35,161,715.6278157228737,0.4231292714293246,0.07931390126982395
KnowAir,16,123,1131.7746648022046,0.01851062909673384,0.024031155283747788
KnowAir,96,133,1364.4561328949935,0.2844524260822982,0.11038700973683833
KnowAir,6,124,408.4079531513892,0.3431996047048123,0.05005753646747863
KnowAir,25,27,162.86376588191195,0.7226218064179306,0.24966910082982202
KnowAir,9,18,873.8698547018519,0.1372431883487054,0.10929363108853438
KnowAir,44,171,837.7115808258723,0.4969056934269998,0.08258938089970806
KnowAir,16,173,1183.607323900367,0.26108486512978224,0.07204325553312592
KnowAir,109,163,1251.5312430765175,0.3944771398861033,0.03478413772248935
KnowAir,105,138,759.8596347066101,0.18388185976522076,0.03585856600555832
KnowAir,78,154,400.98259660761016,0.4511196230049361,0.11621485820197748
KnowAir,55,120,447.34407778210795,0.3519223225652714,0.20381618850001565
KnowAir,59,134,870.7342263908288,0.27234624736096863,0.06713423184032488
KnowAir,48,137,1259.5717439347745,0.31897983371615246,0.1181154085690339
KnowAir,21,126,1125.5475215318768,0.18550979787635477,0.12821586783219052
KnowAir,40,80,845.6202669232788,0.4098292673623534,0.10279991751693994
KnowAir,28,168,1317.2580473137855,0.3480021617456264,0.020050159564584873
KnowAir,53,61,133.47568221465423,0.7134616685242247,0.24257727282226124
KnowAir,52,61,700.0097922399564,0.2978746561466558,0.09704218955722288
KnowAir,111,151,475.979062205841,0.5392442433842962,0.03879130073461613
KnowAir,47,133,906.305722196636,0.3982699915470491,0.10261317221912147
KnowAir,61,182,1040.9468358210186,0.29693734581900805,0.1198136744654148
KnowAir,4,181,1178.3841638931444,0.2519159578776974,0.0941398325320038
KnowAir,104,130,566.272433714466,0.3815606934330449,0.15606452926473946
KnowAir,75,110,713.9454155238992,0.3320070816379523,0.09621782625021276
KnowAir,89,119,923.777328697368,0.32270090276657226,0.10299555981762774
KnowAir,52,134,1184.8334641020026,0.20856186784022415,0.04923896490653399
KnowAir,7,134,1156.3137976049422,0.08738509787929742,0.06700655822409912
KnowAir,93,105,932.2084890951202,0.2929043650567781,0.1517215854202207
KnowAir,63,135,624.3301005338685,0.29356920809856535,0.04919307674963744
KnowAir,150,153,200.27381805046377,0.7273068674622841,0.21146313232058367
KnowAir,121,168,981.8109435672537,0.22608502401545164,0.14122200233224802
KnowAir,136,159,469.9278760663608,0.5806784725064197,0.16551569467456864
KnowAir,98,102,64.31846842218957,0.703245331537836,0.24620540793158718
KnowAir,88,127,1499.5415628617143,0.16942983843041573,0.08420836202466275
KnowAir,70,162,1758.0224790139316,0.1999427045141191,-0.02143130999638105
KnowAir,70,71,1105.1871943838262,0.22086717582739843,0.11114985861873485
KnowAir,117,172,668.6316150738284,0.5390720497481611,0.23576600480375498
KnowAir,60,113,597.3826919633792,0.40050883076601834,0.11954339462928545
KnowAir,120,130,839.0346759260685,0.1938576034278609,0.2281829164765989
KnowAir,66,177,771.4980462855151,0.37823717523827294,0.2512512234581107
KnowAir,92,134,896.5049518257804,0.33901717261194964,0.08958374038371143
KnowAir,57,168,1264.257656954029,0.29125909445863,0.043266578589022775
KnowAir,74,170,1024.842573061222,0.34206900094664827,0.02262595497904325
KnowAir,20,161,929.6544475745367,0.27592893406991037,0.037226930891208466
KnowAir,53,183,1025.9036657971583,0.2965066944627535,0.17888202235318054
KnowAir,56,183,1056.5170611228195,0.2596136901379283,0.17403772355962593
KnowAir,13,151,879.8071657112973,0.13344655478225126,0.07754641905527326
KnowAir,56,97,84.54418325266371,0.6416325001321141,0.19000383962516113
KnowAir,124,173,570.6936281043953,0.2891119168380959,0.16312807643787017
KnowAir,88,145,1198.609229413423,0.3850376032428826,0.1033903731194249
KnowAir,124,169,775.7914347227747,0.19613935527457793,0.26157509026379067
KnowAir,12,175,921.3592644029374,0.30968223248883964,0.08714139226713484
KnowAir,31,138,407.75235438398846,0.36159631329379255,0.03772344568867651
KnowAir,2,15,629.2221574133567,0.42414811465579627,0.09513990026892176
KnowAir,75,148,383.4255115555236,0.6039599563515696,0.1603295772564967
KnowAir,53,115,479.51618010037754,0.5051749352347009,0.17173440820505384
KnowAir,68,134,799.8434096148206,0.30032406464974787,0.12959040836857147
KnowAir,88,112,1442.4018542071158,0.37754027813628976,0.02506335108779991
KnowAir,2,132,500.1000027103547,0.33336971187723075,0.07465177323013622
KnowAir,116,175,1683.7158716020945,0.2904735297001727,0.12408319011959523
KnowAir,63,154,706.1682919994411,0.43515665742498577,0.08886558408357619
KnowAir,52,142,1391.9571963756216,0.14805560514755417,0.08930577423165777
KnowAir,15,130,772.6697994011157,0.28075452072484036,0.07917481523766358
KnowAir,42,43,468.84595071076916,0.5015418908098824,0.10177909220146442
KnowAir,10,31,1036.2165303719535,0.19599028147146008,0.0873137547841357
KnowAir,1,61,412.340337079353,0.33625727385698845,0.12491923638419335
KnowAir,15,163,1595.664597468098,0.23012335678655346,0.0073650453700041954
KnowAir,4,153,1100.1513222022584,0.2793709773565087,0.07382370693296526
KnowAir,1,85,1419.1805829073746,0.20125913005375748,0.0850430505935823
KnowAir,13,162,1093.9377134601611,0.1975166655423135,0.06051519152776353
KnowAir,46,57,1457.708296634967,0.3595023938972848,0.10946327880640082
KnowAir,154,167,1056.6627378573908,0.5292949241357086,0.1695247817078187
KnowAir,95,134,833.5352015672237,0.39368554745211337,0.10419120917993853
KnowAir,53,130,368.0865511788011,0.49661423471287036,0.17725656718045746
KnowAir,52,135,1227.7039639591708,0.14313453494697886,0.08732528876492371
KnowAir,112,160,974.8867088293136,0.45083770632536274,0.024505558838478908
KnowAir,21,29,104.90879176562831,0.8057327432843574,0.35572194027232057
KnowAir,3,129,287.2076014770419,0.5861043657612407,0.24545596337588793
KnowAir,16,31,150.40847797349818,0.6968903744739029,0.20246757936662088
KnowAir,65,168,980.4312319612435,0.37080549324103595,0.0998374354006962
KnowAir,163,178,394.2996831111124,0.4475808007375908,0.08529484928395582
KnowAir,92,101,1059.4280501637118,0.30734002741336736,0.10139803444417528
KnowAir,77,166,1086.863485927042,0.3217553611237928,0.09197414671209207
KnowAir,64,156,840.5613104075283,0.3331900723585187,0.07046440978839438
KnowAir,139,169,1069.7748600819646,0.436073066561756,0.10152979653660293
KnowAir,151,163,904.7414793906298,0.3930393431264838,0.10912275246411883
KnowAir,11,107,861.3886961880545,0.20479722400586212,0.04532091853515377
KnowAir,33,131,367.9995141574903,0.5071467875498461,0.10993937221419323
KnowAir,21,45,1135.4770885710168,0.36557083548167457,0.10941437596255227
KnowAir,3,103,302.10866844484315,0.4644930132003726,0.08473937867975484
KnowAir,33,72,176.02649816070422,0.7303915217960822,0.18700532406493156
KnowAir,15,34,914.0704737820098,0.25234897833055164,0.07063179893589121
KnowAir,5,157,682.9816081002045,0.2798495716329233,0.07419459237863331
KnowAir,77,155,475.5234030656353,0.4213749515934527,0.10444161858792513
KnowAir,74,118,235.92629012621265,0.5864107795674895,0.1674731716729111
KnowAir,19,173,1116.008792575388,0.3314275288202574,0.04899095130328849
KnowAir,157,159,200.25190222218907,0.6844115029915633,0.18364612337191577
KnowAir,133,135,121.91640555951696,0.6283795766265047,0.1846470801893949
KnowAir,132,170,1371.6190480835078,0.3499246482025129,-0.0005772143899933686
KnowAir,73,121,942.6206454989298,0.18049615003292904,0.06072942204429129
KnowAir,31,53,797.3230361163404,0.3492451903401654,0.08464401880778129
KnowAir,13,159,686.5193403894017,0.2254660892589614,0.11282880268376061
KnowAir,38,107,330.6835402343083,0.5907774602209932,0.11895483722912194
KnowAir,26,49,1596.2654839223542,0.2096750607054646,0.06745087844814139
KnowAir,54,97,197.98983093689728,0.5921394929275398,0.14980032817615388
KnowAir,103,147,769.5021119377252,0.2513183985080961,0.045515744620639335
KnowAir,114,145,752.7175169315913,0.3573846400866,0.07693610012314553
KnowAir,173,178,352.7372139994505,0.4502697738499528,0.1977641562112694
KnowAir,104,159,898.9234611750667,0.3558918990289725,0.10878496362906367
KnowAir,21,143,320.4341738223111,0.543907644908971,0.15665848772920618
KnowAir,18,111,77.43140489559467,0.7537426812901302,0.26525766649212124
KnowAir,54,65,262.61825306874647,0.6553237907530096,0.21774747826362645
KnowAir,110,168,1306.3851267292491,0.3525266268649904,0.03669881649970072
KnowAir,37,105,971.1993382623176,0.2534125064107218,0.10103674093534465
KnowAir,37,148,867.146547506606,0.3323601986177286,0.03547744488528756
KnowAir,85,89,51.03358311298869,0.8983493465475059,0.4077685450926645
KnowAir,61,178,808.822312406856,0.3077834731506903,0.11389965570897122
KnowAir,48,118,1020.6647855283641,0.38882269867896246,0.07889988791044601
KnowAir,41,73,827.359294066275,0.3510415212960961,0.07042228699326758
KnowAir,28,59,469.6585524886986,0.41918573154957756,0.11357103992818793
KnowAir,152,157,448.2611896904676,0.46787565934442005,0.13408598520136011
KnowAir,17,170,1518.252935817803,0.3066874604154488,0.015819564853889214
KnowAir,165,170,201.87169467735177,0.5388302921510045,0.10229876759550378
KnowAir,166,168,293.5170420429834,0.6391673634898546,0.2200900164369603
KnowAir,48,112,1525.168385215933,0.3493236604280386,0.06922520260220653
KnowAir,58,123,589.0550458668475,0.2870418384453514,0.1330614043522245
KnowAir,20,119,584.9696988944135,0.2665539855366883,0.13148710294416385
KnowAir,78,171,906.100279647662,0.39921229555734117,0.1130621661155088
KnowAir,10,178,870.1825688315248,0.34974836680078336,0.20782153761339364
KnowAir,19,154,598.7101522347072,0.48647070745123305,0.1072513554935871
KnowAir,72,102,581.5324546950387,0.3630805779247234,0.08762651989977226
KnowAir,1,11,206.2337611783378,0.6482487855767111,0.23835782609184036
KnowAir,106,132,541.3790782959894,0.3611140986250501,0.12514522268327583
KnowAir,26,74,894.0749984023505,0.32563842451127856,0.10926358552990684
KnowAir,2,149,414.9282824042658,0.4010399596543018,0.1077619852198088
KnowAir,111,175,1551.9120526137158,0.28723107996186276,0.040222170248681896
KnowAir,78,106,829.1230147857234,0.2677352492276832,0.10210246725502427
KnowAir,172,182,494.06375914076256,0.38316476487227746,0.22495032396806966
KnowAir,85,124,892.1073766482615,0.22802112512692913,0.1415776082142464
KnowAir,41,102,80.31385600097154,0.6756001905515322,0.19182853075305667
KnowAir,77,175,828.430377524495,0.24099048022790742,0.08598356008624695
KnowAir,87,102,1612.4128978716228,0.311346376986012,0.03877688641069856
KnowAir,20,56,327.89592151194074,0.40698740021406626,0.13226624029616385
KnowAir,51,122,528.3265146254654,0.22396793319413563,0.14948874957507788
KnowAir,177,182,233.64712452472924,0.4582625700905764,0.25495398707639455
KnowAir,40,138,668.5893917959816,0.18426886056736144,0.05907241085168986
KnowAir,33,115,298.23640730856346,0.6118194261783971,0.13174269394459054
KnowAir,82,130,560.1094394881433,0.5131113970433233,0.12780469977852557
KnowAir,7,65,619.0737580444643,0.154811038590312,0.07676803131626617
KnowAir,136,161,706.212144942538,0.43991068987341575,0.08441695894071297
KnowAir,55,182,964.0580644293346,0.28716503264035514,0.14894066780871928
KnowAir,35,50,1559.3215095456462,0.21897516327360622,0.04725542988941311
KnowAir,63,116,680.5420098176988,0.36830193178707543,0.09709021005256269
KnowAir,30,132,517.3350202975538,0.46603908964800506,0.10567936691668782
KnowAir,4,9,251.44849266173284,0.6262360602788654,0.2160446209289764
KnowAir,0,156,1039.1948258284315,0.11167370586124836,0.09174918041486445
KnowAir,42,75,160.81400404266913,0.770029403648176,0.26123067521867693
KnowAir,6,66,230.65824277710877,0.5004210122232776,0.13877455710903353
KnowAir,100,107,568.6652688931446,0.3954956755730924,0.0652048132326959
KnowAir,29,56,382.06453663474593,0.42162925404621465,0.15114771783360195
KnowAir,26,72,237.6247651797764,0.7356092015966095,0.21991147609895753
KnowAir,32,170,1692.8067357916848,0.3103205313456549,0.02864015421593191
KnowAir,170,180,625.0146376549117,0.37813623204985847,0.0840038653572475
KnowAir,99,174,946.5858477216182,0.21581742036995932,0.04034194199702819
KnowAir,48,120,838.1909983686977,0.3647677371370049,0.2322710377442182
KnowAir,28,91,1063.2861672303843,0.27902679095768984,0.08275847067723752
KnowAir,13,25,897.6856649481819,0.1365129825870339,0.08247259167023759
KnowAir,1,144,520.0602646101352,0.43068555221589583,0.12712841153444698
KnowAir,110,124,1040.5047967950443,-0.0011346119701851358,0.035874967536640545
KnowAir,1,137,816.6896375293629,0.18370512467049202,0.07294527745854239
KnowAir,20,180,1455.3253282450275,0.237552375639036,0.07670953365522369
KnowAir,10,183,973.3397789845037,0.2954829571274767,0.22344776676834707
KnowAir,42,162,810.7110341699238,0.3721479133824436,0.01020788851996196
KnowAir,6,118,588.9940901530663,0.419219485343739,0.1343940862071221
KnowAir,99,113,505.17258629906297,0.40631222845847426,0.05337954086374706
KnowAir,27,36,514.1644769416789,0.36581616065000916,0.1388019454675861
KnowAir,19,35,342.76519520193034,0.4459367167822327,0.07475518819387171
KnowAir,8,50,675.8693462108176,0.45392591186999487,0.0765485737359933
KnowAir,112,159,586.2029900344611,0.5260782766618924,0.07448354809334938
KnowAir,87,123,1257.4204039747856,0.29167028706347564,0.20232180651187237
KnowAir,155,163,621.2890548514898,0.500891415702225,0.07506848917862134
KnowAir,1,90,1374.7403038169264,0.1817464431847753,0.044297448666366264
KnowAir,36,47,1106.491174387608,0.34130386453049405,0.05880187848966547
KnowAir,119,149,282.63350340113595,0.4242037061837902,0.20578628823493184
KnowAir,56,168,1298.8231980603334,0.24249923626152822,0.051475955820839296
KnowAir,88,108,1586.2206053031812,0.28010191449717126,0.026807788306920655
KnowAir,25,112,48.49202990960742,0.8221564054774578,0.3977588058101204
KnowAir,5,77,193.48545088915003,0.626399662014848,0.15400695207489704
KnowAir,38,153,479.4612830008815,0.5436174999891872,0.19067334260085433
KnowAir,126,146,941.5157925025711,0.26296982550881354,0.1421181392710855
KnowAir,59,121,760.1193307117486,0.3047146761115314,0.10355455643734206
KnowAir,22,56,568.8604660372632,0.37343402138585097,0.13285873629850586
KnowAir,50,112,1313.2086876970966,0.1986128669567546,0.03859818998528846
KnowAir,25,52,959.20826681827,0.23613759575127832,0.10614449095233151
KnowAir,80,126,1177.2495946268527,0.24051048145430695,0.183121226588667
KnowAir,157,183,1015.2981763450672,0.2804722154067648,0.07069733383690115
KnowAir,42,67,166.7551273425465,0.6162470798245059,0.2043296523202976
KnowAir,81,119,578.1975654155242,0.3435271936460588,0.12453913700521355
KnowAir,108,170,1738.678692514121,0.22027957589045494,-0.006853542564526681
KnowAir,15,39,1257.5090601629704,0.20892575271698208,0.027093298152275486
KnowAir,5,16,877.1206117063427,0.1615491142823795,0.037534484816262544
KnowAir,128,153,953.7691902612943,0.12831540110529843,0.10958882761794744
KnowAir,90,110,1351.3745991532571,0.372579932798637,0.044146586925218265
KnowAir,59,152,1101.9318333194215,0.23110545130721744,0.07196359864354265
KnowAir,74,134,628.3022148653513,0.3727877683006602,0.08912527767609707
KnowAir,48,124,668.5460521776255,0.3075434410797629,0.2162039249231029
KnowAir,45,149,1014.1662162765795,0.4041533495802907,0.1881488566304386
KnowAir,71,87,1273.395373185041,0.39560950585325455,0.11314354927137191
KnowAir,54,169,1093.2828270844686,0.4684403372888803,0.016589738263256264
KnowAir,129,171,1903.6083428633242,0.16729823479528405,-0.03292016818430708
KnowAir,29,50,1049.3162741819904,0.2172370097317455,0.07365858321134296
KnowAir,58,106,431.1739728477182,0.47293849144171174,0.18751120407108826
KnowAir,16,159,767.5744523556654,0.34716997657529775,0.06435928409027528
KnowAir,19,131,387.1425951613165,0.44601769972235833,0.1492489681351511
KnowAir,21,169,969.9704293481122,0.4180730803265784,0.04580030448574987
KnowAir,19,110,58.10089064561675,0.8543054642378686,0.4150885963534772
KnowAir,141,178,1209.3821044875176,0.2601702830659018,0.16244330213949482
KnowAir,81,103,1142.7938410887825,0.23314043019601452,0.039029501039287706
KnowAir,68,159,514.6730972423486,0.3403983242932619,0.1865487438354044
KnowAir,25,63,360.5367851823222,0.520793486824454,0.10955374352025193
KnowAir,3,71,920.5336107360904,0.19780244329541938,0.10376968364758582
KnowAir,9,14,451.88747674499325,0.4827215176303188,0.1275523548512937
KnowAir,18,36,344.0896760266779,0.4804469352713806,0.1256580499066065
KnowAir,28,44,896.1492387934991,0.35319331189172953,0.09320137776425899
KnowAir,116,138,289.77691774983265,0.43265351583834255,0.0986038213342493
KnowAir,73,174,739.7608582922783,0.3256428758877203,0.09710078907949063
KnowAir,69,117,638.8255685414284,0.27756328794169205,0.17292860822885298
KnowAir,64,83,1127.5888882234135,0.2277461892625418,0.01940004036202417
KnowAir,125,153,973.5388724724228,0.25469159794736285,0.1640303373740759
KnowAir,37,81,770.637633862149,0.4198765817956291,0.06425789745923423
KnowAir,73,156,241.47536494474653,0.6512151216787301,0.11356212556217511
KnowAir,114,154,466.00704581888914,0.5787936571916014,0.06224956857025772
KnowAir,48,81,1005.8402196147711,0.41448292490963445,0.1514832661209605
KnowAir,122,148,269.208537728982,0.5674068515898025,0.2158367983093624
KnowAir,73,85,1095.6244189715073,0.43895196533029324,0.031658164179301694
KnowAir,144,160,690.748366676675,0.3940991077022497,0.0369213392599483
KnowAir,71,165,1290.9863553795753,0.443913528628539,0.1325387065401357
KnowAir,1,100,393.3916755052961,0.3430675046108058,0.12155149814648733
KnowAir,44,114,691.3488769577907,0.5147649640461157,0.11364303740843924
KnowAir,125,181,195.92360649221303,0.5147900847608182,0.26497185277940527
KnowAir,37,153,844.994184738506,0.3562599773526992,0.0803386640942363
KnowAir,162,181,1125.415228099334,0.2759288715544958,0.08709771091280583
KnowAir,57,149,336.1219487616003,0.5681709566985701,0.2224920140152553
KnowAir,39,40,890.8722694851775,0.28865077860469407,0.05934075128848462
KnowAir,61,121,428.51935880268053,0.3167059351303306,0.08659528052142651
KnowAir,56,76,437.0255243730001,0.45513557347751366,0.1636947870542356
KnowAir,150,161,515.3011208531484,0.5215223703666024,0.12795261188277554
KnowAir,96,98,1258.3174505173718,0.2462272021221924,0.0695357126682645
KnowAir,87,161,674.2201413357135,0.47790357392314214,0.13918200017578533
KnowAir,95,170,787.3968265489494,0.4090791322270094,0.06322577439464157
KnowAir,53,166,1493.1321217862626,0.3491559298281143,0.09538353590399942
KnowAir,151,174,629.5411855612891,0.328627073767393,0.07609394046991952
KnowAir,129,143,837.4443867337144,0.31910698940143856,0.1332152448190949
KnowAir,11,52,557.0330190131683,0.4758301992109585,0.15981393368873256
KnowAir,20,153,708.2029832361234,0.3676404550682946,0.08520637618456331
KnowAir,2,150,562.6100921888521,0.44268123068041654,0.10072850045989604
KnowAir,40,174,714.3881200963197,0.31995786350988165,0.08749866736496056
KnowAir,79,125,666.9796178176966,0.2800860637187711,0.17430452676562752
KnowAir,27,137,310.82837069415683,0.48171062363262046,0.1196394694981861
KnowAir,1,7,281.7705792057476,0.3625514679467494,0.033938157839253455
KnowAir,76,155,463.3600019329479,0.5356451872528709,0.14772640078327737
KnowAir,142,160,845.8683176972607,0.4381737361632048,0.1558632989324574
KnowAir,61,179,1083.1215941613727,0.3342810179261559,0.16904648268338093
KnowAir,26,112,166.3740452249072,0.7225273614430092,0.26276787928814827
KnowAir,137,144,463.08656043418546,0.3994373968369396,0.10293310905971954
KnowAir,0,21,647.5308583782106,0.1356059650937821,0.05521013686961108
KnowAir,49,66,643.6144486034526,0.46569687214606725,0.20660767852815365
KnowAir,16,126,1645.182561597085,0.06998363686578858,0.056884556551248494
KnowAir,11,91,732.3372785298337,0.3984797667676546,0.12510090578276262
KnowAir,76,110,637.0573822954905,0.3497436467076309,0.10912871394593424
KnowAir,29,85,1298.4240426702086,0.4496774587712509,0.10855488365717407
KnowAir,10,138,853.3657366394947,0.21886446716117922,0.028025555802589763
KnowAir,25,39,521.9396277700483,0.4696986193558447,0.08442177241322302
KnowAir,97,115,531.9328494498793,0.4080739089854129,0.12937041798077603
KnowAir,119,155,501.16151635065506,0.3864481359411418,0.17201345516848524
KnowAir,51,145,631.6526017463461,0.2041341331383026,0.12620412459808725
KnowAir,12,136,635.0717060950717,0.3264024954106476,0.09756077788978167
KnowAir,7,169,1254.9508433700541,0.07408832966875877,0.12931410346835256
KnowAir,24,108,120.34959661631038,0.6803988968338869,0.3039188037489458
KnowAir,94,138,1048.483201671759,0.3558957418233602,0.11302886178405995
KnowAir,52,122,1070.0935251832548,0.2771162792119349,0.043460149748043644
KnowAir,7,129,470.00423362330855,0.4587949383650573,0.22024734750226266
KnowAir,112,158,545.6126731188397,0.500904211448133,0.07548529802180408
KnowAir,26,150,682.0428979691716,0.423765704729545,0.15309092781994585
KnowAir,147,176,766.160703925631,0.40237409851796824,0.19606339514855198
KnowAir,36,44,580.3826516821024,0.52142098561759,0.12136632163284528
KnowAir,148,170,962.2337471396559,0.3797581653043142,0.009673578664292993
KnowAir,133,139,88.65178542255904,0.7855257457615097,0.2629387961121784
KnowAir,27,60,349.659520143952,0.5326411360658709,0.17804164843481995
KnowAir,50,80,1110.2797616101839,0.2813769314854928,0.16160917082872095
KnowAir,7,112,1090.6463971827704,0.0605138971959669,0.09481024470204381
KnowAir,24,69,891.1099747802646,0.11274392338644837,0.11190032640318821
KnowAir,95,174,81.09787463749015,0.6159622247798565,0.2046784396983581
KnowAir,114,133,198.3523982201965,0.6634134412521717,0.18702186920883485
KnowAir,103,119,751.1198214823298,0.2600021298723286,0.08796441323208902
KnowAir,51,151,1155.195961926353,0.03660266411002368,0.08935342315693388
KnowAir,113,175,1520.265412785898,0.29822506844645325,0.09818760043740424
KnowAir,145,153,489.56836860025663,0.5770102556560596,0.17148474189000287
KnowAir,77,151,580.9667765025999,0.281006824165998,0.0605373703185883
KnowAir,26,162,1086.0868352321206,0.4469565008358487,0.013745580359082186
KnowAir,167,172,447.1915264857655,0.6181122662427995,0.26805503896782584
KnowAir,28,156,648.5113421866135,0.4367376948064598,0.08908185049207587
KnowAir,2,57,342.5276468700428,0.5342092014153229,0.16318823247274186
KnowAir,19,159,708.7522807431246,0.4215782853058121,0.08700604966738419
KnowAir,53,72,509.94145356662256,0.4424311997914851,0.12369674603601952
KnowAir,32,72,274.54848565974766,0.6059618035432807,0.10022161182585167
KnowAir,51,172,783.5847832650649,0.10251439627324876,0.18170965792410365
KnowAir,7,162,1469.222196020165,0.09196041139197618,0.06753612851931165
KnowAir,34,155,814.0339337397255,0.38883682652269996,0.08381397434525979
KnowAir,34,153,825.054700086985,0.3672319838634009,0.06600243238182067
KnowAir,64,176,1186.1439447404812,0.25257649554625416,0.09239616942046995
KnowAir,17,129,1071.0468231451289,0.14007857349342803,0.0924885145226903
KnowAir,155,170,888.2959333405057,0.39348469705442285,0.04407316915010523
KnowAir,7,141,1413.596483812133,0.09304814821867373,0.1007674900603332
KnowAir,161,171,765.8362527982292,0.452872603729014,0.10490766078634754
KnowAir,12,160,885.7925755091627,0.37062634688369317,0.13561092006831463
KnowAir,19,36,388.21363972921364,0.40219053676743854,0.08451919449956895
KnowAir,28,120,956.8871856903477,0.11351938544160432,0.13351147029987534
KnowAir,56,73,876.6268147315429,0.2891725055337284,0.08878785878443798
KnowAir,105,164,1504.4237175955238,0.3006245210472767,0.028423689197095415
KnowAir,62,181,987.7763721919346,0.33202618630796243,0.13596087801519438
KnowAir,31,156,747.6494603365607,0.4358697357103235,0.0499532336376757
KnowAir,12,85,1091.9405072817085,0.36946981230804127,0.12459296165698704
KnowAir,39,102,976.7364684122692,0.29240637895048244,0.07007194186287892
KnowAir,6,61,397.0852542220141,0.45058901804750434,0.15782134631529776
KnowAir,49,154,1208.903511421805,0.2672498752929342,0.11391015148636051
KnowAir,84,106,1336.4353117832525,0.2231932960863198,0.01796478923229031
KnowAir,45,65,1046.983930002398,0.4088049067962618,0.1759917838782125
KnowAir,12,170,1324.0345068080144,0.2861720902148869,0.03469040821771408
KnowAir,68,135,930.3153266701137,0.15934850801942163,0.14220607531489407
KnowAir,150,151,323.0693431859397,0.5028509017491846,0.1165670515122762
KnowAir,64,80,1000.9589383240839,0.33648747040743826,0.026724987258226314
KnowAir,44,121,1056.8351319262806,0.20951276298839722,0.09159161603425435
KnowAir,43,167,1001.0793351943638,0.5467442370571466,0.13997905504173874
KnowAir,22,176,1283.475742742452,0.3490212407359037,0.1328312616244893
KnowAir,0,15,464.61877048227655,0.4239978285501155,0.05139111119467363
KnowAir,69,87,1248.7327219318104,0.25433931774321156,0.19879902861513632
KnowAir,57,133,647.8840199556726,0.3451060069715039,0.07089064783343213
KnowAir,127,180,1051.8779478618421,0.12795995103517518,0.19903029947511564
KnowAir,102,104,75.89690012012184,0.6933563229664402,0.264628302611908
KnowAir,5,128,813.6702771653754,0.17927462105409922,0.10719110398053945
KnowAir,72,121,852.2754181197124,0.1652344407266844,0.07707323179898383
KnowAir,2,73,939.7999217459135,0.26062327843762917,0.06107062659853986
KnowAir,1,44,1273.4765280562103,0.16934730025941253,0.06651413561654548
KnowAir,1,51,641.4232460202288,0.3486096127448964,0.10865795727051589
KnowAir,132,179,1126.559397577615,0.37448911008749336,0.20018170981006053
KnowAir,83,168,513.9920055693142,0.5254330332259738,0.12149497932098752
KnowAir,80,150,359.60615542670286,0.5853172506671649,0.15472911683091534
KnowAir,90,147,807.8272719135929,0.4362456024865859,0.10242535133095962
KnowAir,37,54,749.2496589954392,0.3737463858756074,0.08292807802751831
KnowAir,42,180,954.3406542146563,0.27496029948410594,0.11085673880153753
KnowAir,9,179,1151.561087557547,0.22649244472257457,0.19548241242788608
KnowAir,13,38,794.8315856909204,0.1727387470061244,0.12713892710680905
KnowAir,66,168,1230.4361953500027,0.18046981050451108,0.15466485386892515
KnowAir,49,169,823.0412445367604,0.3085533683028935,0.14256497343379548
KnowAir,86,96,1155.9043912435807,0.35028034477976516,0.15114928069292063
KnowAir,57,128,1106.2431336769232,0.12322335491585273,0.11202688113516912
KnowAir,30,45,1309.7319690449788,0.4220802078886814,0.10651129852358471
KnowAir,100,132,389.53852203671477,0.49829235337144395,0.16335313264544732
KnowAir,167,179,617.2713653770255,0.46198214506360796,0.2419793121840883
KnowAir,56,161,1110.6473724260209,0.2637426475626759,0.08375554521677984
KnowAir,13,148,540.2750395882161,0.3083222511090192,0.10960594177389384
KnowAir,127,164,1337.222614885432,0.1841987732239389,0.05760436952446491
KnowAir,1,162,1389.3080703010257,0.16288352923731317,0.014978523665338939
KnowAir,67,73,772.8732074327487,0.2717833123770472,0.04933434694360341
KnowAir,87,125,1204.7401474707112,0.23500767444664344,0.22002285405207578
KnowAir,109,117,479.58727221056444,0.4821590288907975,0.13167654802344106
KnowAir,46,158,994.5746314687292,0.4440769974600563,0.07560331091981372
KnowAir,40,124,529.1995885885952,0.22869883011425082,0.12552972973685658
KnowAir,86,139,1381.7381904778854,0.43895988557806354,0.11016272394786533
KnowAir,47,58,781.93202421658,0.44097967943043376,0.15227912540382255
KnowAir,26,79,1001.9521591516027,0.2761045578220418,0.11346577002008178
KnowAir,28,33,286.2075724303128,0.5290593314400222,0.13165345562485503
KnowAir,0,134,1057.7692932101781,0.10649057109817871,0.07131451852348848
KnowAir,109,122,829.2779376146548,0.3539056078907856,0.097938575033315
KnowAir,1,46,1526.9922713472533,0.22136943107278986,0.07955503525655351
KnowAir,69,151,860.816239189597,0.10985891806343205,0.10779127470262513
KnowAir,50,147,865.3196028476608,0.30441327411864,0.13100399770496848
KnowAir,67,161,848.5514666406806,0.3257414953744616,0.1213844892565882
KnowAir,48,108,1675.475197564164,0.2433334475166137,0.0326111051335648
KnowAir,65,128,952.379639940785,0.12697442962929797,0.14739275054025935
KnowAir,50,70,943.5607282733458,0.381776443255917,0.020412231176187682
KnowAir,110,177,1317.7395512087876,0.12135773662124279,0.1114581442346827
KnowAir,23,31,228.65163924171893,0.6622456760941251,0.16744931372276473
KnowAir,13,65,390.3762282691122,0.3175680113643236,0.13974223960530366
KnowAir,28,51,1154.3305126268215,-0.034126007589352025,0.06243657299019461
KnowAir,75,94,680.3998233463445,0.4521067897698849,0.0816301176048246
KnowAir,45,47,571.4880468419449,0.42749845259877234,0.12466673808474618
KnowAir,53,56,130.876545571489,0.6227949328414628,0.21746952366675137
KnowAir,75,151,655.744724220084,0.37378878136594085,0.08317597678988155
KnowAir,20,95,889.148460750598,0.2749544441541201,0.06545622047332657
KnowAir,6,52,503.90375847423354,0.5510639423248315,0.19752785059213618
KnowAir,60,78,630.0050772987853,0.38067228104190465,0.15092338932090296
KnowAir,90,112,1285.7613055326265,0.39263073746726895,0.03448169348077141
KnowAir,28,54,249.46574264935578,0.6236671028945054,0.2318424162712663
KnowAir,62,142,864.2080225794389,0.26293720264001597,0.12644981342740416
KnowAir,66,112,1086.134158656923,0.15342754457079485,0.08097108371221307
KnowAir,10,70,474.3367293099371,0.5662672917604077,0.24715615984966635
KnowAir,44,149,736.2331303225827,0.42425656034445064,0.13840646604516016
KnowAir,47,106,1168.9377030565654,0.27387669308193124,0.020542060574444194
KnowAir,32,96,1631.4080527997867,0.19431797350791968,0.03566621953483306
KnowAir,5,138,716.3539920010147,0.26397584447709666,0.009128891381687678
KnowAir,6,138,931.8283545153963,0.22251173859597403,0.01710131109227509
KnowAir,105,167,1682.419012363897,0.3525497543380427,0.0870456196246991
KnowAir,132,133,347.964954273429,0.562200023570695,0.11577458589337412
KnowAir,91,96,557.4577874117342,0.4469948745575162,0.16545285744065796
KnowAir,122,136,742.2597416567576,0.37741797244985636,0.1413387628048896
KnowAir,29,62,271.3679947133182,0.5727411802389973,0.17277357909047325
KnowAir,71,155,587.7808252870392,0.5029402544887911,0.13067408807165004
KnowAir,92,140,997.1312765320429,0.19690910456666533,0.2520584991304632
KnowAir,56,132,397.30778189048823,0.4001919313443572,0.1568908544230161
KnowAir,78,92,414.9126312613929,0.49802080659338077,0.14262173844842943
KnowAir,19,70,1008.5844223864268,0.20990284962392952,0.10592141388428664
KnowAir,69,164,1085.1139107375234,0.23739837088423832,0.11847784629765203
KnowAir,13,113,960.7790168528892,0.13686477734966881,0.06953881521624229
KnowAir,10,66,365.0458873981252,0.41795666100865775,0.11684130902672885
KnowAir,9,175,1146.1461769532827,0.22380277906008716,0.12164911054778338
KnowAir,134,182,1321.2517739957486,0.2795997495676698,0.10471296653224269
KnowAir,63,166,1609.741771555293,0.3359637898098868,0.06985597450099167
KnowAir,125,137,1240.301114202688,0.19022227345627743,0.16953096945865767
KnowAir,118,140,538.2154742242177,0.29143539912126926,0.11390178507958225
KnowAir,115,179,1231.5020393441248,0.42532471327764076,0.2672721827928896
KnowAir,9,96,876.1836772310876,0.36151905668708467,0.15176404442934527
KnowAir,102,169,1302.429555349422,0.30017491859746703,0.011928458533575704
KnowAir,150,174,392.3115002875284,0.47555720854409556,0.10404058798993482
KnowAir,79,170,933.7291538274173,0.3173238937916004,0.008558098061736507
KnowAir,27,40,388.4764250810107,0.3990688804807907,0.10459424727912298
KnowAir,41,122,854.015030092061,0.33899370202437157,0.09035423760025577
KnowAir,152,168,463.84864014751423,0.49523791801147743,0.21477299418824944
KnowAir,9,64,276.8642443846435,0.502935375435605,0.13108297256514576
KnowAir,122,176,478.7896440076961,0.4830492771892281,0.25355533508883266
KnowAir,98,123,721.1887665440483,0.2084447494473031,0.05421087360046662
KnowAir,124,177,454.9171686828741,0.3662180478746913,0.21389336451747348
KnowAir,3,166,1726.9730482167154,0.24215391495381935,0.09079115133569152
KnowAir,46,169,338.5264274496268,0.6738289222351346,0.12754067506297492
KnowAir,17,100,481.1844065169516,0.4333210940726367,0.11064454068094577
KnowAir,14,126,350.02907937870657,0.5055812088239814,0.2849188660143623
KnowAir,33,37,265.1121696221281,0.4865674107841395,0.07586672083330227
KnowAir,61,120,570.7679967163856,0.2784897622284245,0.1642980984329568
KnowAir,72,119,674.6636023546577,0.26964636761436883,0.1321214424331143
KnowAir,44,67,887.5450391178043,0.2864138621643984,0.09614965667633683
KnowAir,26,119,910.4034236192615,0.25246328036049176,0.16290185011347658
KnowAir,29,82,702.5276703817393,0.4329987454318698,0.07418739427763726
KnowAir,87,141,1133.0544612668625,0.4280912957493402,0.10350632727599209
KnowAir,69,73,937.5344705019779,0.14311322077723546,0.08415645296645619
KnowAir,88,103,1751.709684598329,0.2338866703621527,0.02758591240099538
KnowAir,109,155,665.9475608847225,0.43412346237017774,0.13682632457975671
KnowAir,21,38,268.2248210707363,0.6123038764351092,0.20704877781376604
KnowAir,45,96,1048.5331564202174,0.2592191722479272,0.17812736528707704
KnowAir,137,139,229.44838582039512,0.6537490284094557,0.16501740030034004
KnowAir,1,113,879.7291854671262,0.18092929363141608,0.04384910440028223
KnowAir,0,138,1048.5213996789062,0.03218772957898663,0.05879090254763505
KnowAir,69,180,955.5451699436662,0.2345351378719806,0.24304579472985574
KnowAir,114,171,1448.2281005988175,0.395744347224688,-0.010055565988430073
KnowAir,29,51,984.8810083731465,0.028150150059938296,0.09315706728219589
KnowAir,25,151,482.09141674973046,0.5200863065553151,0.08167775136575652
KnowAir,81,116,762.0201284137962,0.4771305857392343,0.06912391221270194
KnowAir,57,177,1025.9919399282026,0.2627809000631348,0.1336754451180913
KnowAir,95,98,1018.2492134220842,0.2713972398405609,0.0413926503140097
KnowAir,120,128,583.4663089705836,0.3599475685956585,0.25724429454613823
KnowAir,138,155,505.4131807279678,0.39411872145448396,0.08551268208174315
KnowAir,108,109,197.7535087415468,0.4804473424043055,0.17587265344649283
KnowAir,22,143,606.0847128006864,0.393011384436676,0.09476640050185109
KnowAir,21,71,338.91600850379274,0.5710623546150382,0.1484289835003177
KnowAir,57,152,803.465497976766,0.3550243689196071,0.07664933619034227
KnowAir,120,181,561.8887608954205,0.44485359016469134,0.24626720698578353
KnowAir,149,168,953.9031951236188,0.3754811281395712,0.1119351756550683
KnowAir,1,174,879.0417899163496,0.21480338709449082,0.055565990768466314
KnowAir,37,82,666.1144572116588,0.4526165429192739,0.038425272483805104
KnowAir,19,72,224.73491924988613,0.6547885922741673,0.20192585506236124
KnowAir,96,180,483.5399506183044,0.35404551610727425,0.25542075401933767
KnowAir,60,147,583.1301029686781,0.43592913536192157,0.16010750721099098
KnowAir,13,95,461.93380970489306,0.5073522520382981,0.1547779903419996
KnowAir,23,117,591.4548588188018,0.4348359455480164,0.11656188294696374
KnowAir,33,53,640.4559587426531,0.4070302261821144,0.059591915127866206
KnowAir,115,171,1213.478595474212,0.45618591952555926,0.09174246929887285
KnowAir,155,162,387.73275863480615,0.6163302042097187,0.09942066126622745
KnowAir,19,163,1413.6538589956026,0.32452469632070174,0.025093793210617187
KnowAir,69,159,683.4210117501784,0.2142354031468894,0.14523426547743587
KnowAir,13,154,856.896124778257,0.1670089587525263,0.08285100527347526
KnowAir,6,172,998.2299880551966,0.38097921606866464,0.12642406472764853
KnowAir,7,113,1126.439146412997,0.057038109777808745,0.06198932420519866
KnowAir,141,175,1518.6294629962958,0.28164513541174213,0.12262416878753837
KnowAir,16,60,648.7898290850001,0.319036403299802,0.07845187197181389
KnowAir,19,145,681.7157772898304,0.32590029495475215,0.09996074443592513
KnowAir,150,168,752.0487147013057,0.40814778167606763,0.12623011922140903
KnowAir,111,149,517.0756800748946,0.45761757848388895,0.06157322194984355
KnowAir,135,142,164.25401015361678,0.6249040087524543,0.21334021321250213
KnowAir,10,111,819.3560737189057,0.2252148759577676,0.05064267638654726
KnowAir,40,51,708.2680006883489,0.22059851963891025,0.10059508420748704
KnowAir,50,118,885.1928109489606,0.2996795149484298,0.0904569823538923
KnowAir,22,79,806.3285162228927,0.309300648542915,0.10748272281528487
KnowAir,80,174,375.44592894094933,0.5389711812632073,0.17239102840471116
KnowAir,57,120,567.7495307333891,0.3442101852800903,0.2080877890880227
KnowAir,138,143,645.3680437360325,0.3124433559198377,0.03084254668658702
KnowAir,60,146,570.8960031993469,0.4539094370663521,0.18649656021464966
KnowAir,12,108,875.3742786143692,0.13726434960550854,0.04148130271190218
KnowAir,149,152,490.37022754071415,0.439097228298606,0.135887847190926
KnowAir,119,120,429.01862268792775,0.41168132085475506,0.2700061124634941
KnowAir,83,115,616.5282636543299,0.5269960110736408,0.11573015813679813
KnowAir,30,84,931.5618312263628,0.4682667383930072,0.0790648380113439
KnowAir,142,153,686.1059236246248,0.304332041734096,0.13318261673072201
KnowAir,116,141,322.10987175711364,0.5998920784532316,0.18770223667953223
KnowAir,48,147,967.2402006436611,0.36551978462593754,0.10420166759499212
KnowAir,41,52,512.2210036758036,0.32245744221154415,0.09832385982694063
KnowAir,74,117,319.65654704652053,0.5290058971358027,0.15181344517102918
KnowAir,10,89,1391.118344165301,0.2843683213273298,0.04310371979343931
KnowAir,48,92,479.4938266078104,0.44652465518490986,0.18810466249617813
KnowAir,103,151,997.1073699583961,0.26043497544840677,0.04298403628741041
KnowAir,1,67,491.7439695325368,0.3978040982754568,0.15012700534100365
KnowAir,127,165,1463.1202003176063,0.22311992163257813,0.18852566489081954
KnowAir,75,128,824.3783116959522,0.17238280088276633,0.09420689625065497
KnowAir,83,167,766.0695717246352,0.5221665575398051,0.13304575638557148
KnowAir,63,64,244.0463842540505,0.5316574266253405,0.11655808446304682
KnowAir,98,172,1282.8370928546165,0.3551207761211069,0.06420435016634277
KnowAir,11,162,1188.3136751765949,0.26385607220765395,0.03331455324676643
KnowAir,83,127,1333.3019315243662,0.12239323811131488,0.07423654976156195
KnowAir,25,35,343.65493636183305,0.4561143322970758,0.07529439369595999
KnowAir,112,115,224.80380858838242,0.6341894219422983,0.18898974437752922
KnowAir,39,58,696.1090545237582,0.43588402785897484,0.12183661153385933
KnowAir,18,165,1406.6572375182263,0.45335810954939126,0.139641007739419
KnowAir,0,175,1134.4093306990685,0.16271085838746235,0.06357123546964022
KnowAir,0,11,263.39760934317957,0.5045005140185319,0.12144425293001146
KnowAir,88,178,751.1776950065054,0.40008055081081584,0.09734294653693124
KnowAir,33,133,216.09733541229946,0.6316270375721591,0.1321209945111205
KnowAir,13,22,871.5226966134433,0.15890316531150392,0.09370811759110652
KnowAir,3,83,1317.8685819602551,0.21615289230755005,0.05444408971595244
KnowAir,71,80,676.8404030959924,0.5155855139296281,0.06964304369957265
KnowAir,72,149,404.09716461955,0.5360410298668328,0.15269598092244802
KnowAir,25,50,1273.0411038717166,0.17262439602457594,0.04198981482943207
KnowAir,4,117,1000.5008039916169,0.2500701291983564,0.12038121514596183
KnowAir,41,105,120.21213296415942,0.716703116266016,0.2213344467953767
KnowAir,99,110,441.18996843904847,0.4518766197280476,0.09612689790586071
KnowAir,58,60,259.6057817508812,0.6585781153484747,0.2415422000156931
KnowAir,4,54,555.1383397770145,0.394385367313807,0.14451163956709223
KnowAir,28,63,233.3585691236967,0.6378182490429674,0.16715979538869774
KnowAir,70,159,1247.383343733243,0.24159619870387922,0.006899797897522762
KnowAir,73,133,223.63869213172285,0.7233892214563917,0.1537570621002573
KnowAir,65,180,1109.0672253167947,0.2708764324455969,0.2198574563118404
KnowAir,60,69,510.2566900029344,0.3071245750262008,0.21314226704720082
KnowAir,2,26,1004.7096116683057,0.20992271539095064,0.09781445796309655
KnowAir,20,88,1477.2277517222526,0.2977884886047583,0.053561401376249984
KnowAir,139,149,481.5261625474509,0.48246313864863055,0.12519033913356098
KnowAir,34,88,1543.9629886508415,0.3519193294176647,0.01431319086905495
KnowAir,71,82,546.4742324963408,0.5655697068055114,0.1074224650118553
KnowAir,91,180,519.4205887541713,0.4099213781614238,0.23337575581618794
KnowAir,39,152,643.6864325438195,0.4015470119005635,0.12011987729004585
KnowAir,34,49,1589.2515712506497,0.16862233129058518,0.027094961156890886
KnowAir,4,124,781.5732569512323,0.22615085171708876,0.0281348650766036
KnowAir,39,113,453.49123421668276,0.5175729319947824,0.06567671741665254
KnowAir,0,89,1468.4237293186984,0.13598533857986403,0.0473291361498911
KnowAir,65,131,314.623503607965,0.4925111328441201,0.1922911382984142
KnowAir,130,170,1398.3761350779118,0.3160943784020024,0.01934520862679181
KnowAir,75,102,504.89445295803466,0.41474300353058124,0.0864147237969576
KnowAir,109,129,1077.4287764637318,0.1898467577233429,0.13725786947136193
KnowAir,93,104,972.4240370924051,0.334763160508967,0.2382450380684076
KnowAir,58,176,1071.149807883298,0.39792388017455427,0.24149980289300624
KnowAir,17,108,234.3041898959848,0.5602189900322702,0.16695035539274466
KnowAir,63,117,620.9466598618241,0.3750970809157832,0.09894341974132885
KnowAir,13,16,1101.7489819660952,-0.02029008105048204,0.04172851435155405
KnowAir,110,123,998.5500028089565,0.12117776262951624,0.054905959009091516
KnowAir,6,39,1131.7993438245364,0.27213954682350894,0.08135420733979894
KnowAir,137,166,1243.1227175458353,0.3806652821632924,0.1257718948210154
KnowAir,66,173,908.537036260078,0.2743988501179125,0.17510907540634055
KnowAir,89,95,604.6944894636989,0.47672079024157554,0.14503360566933693
KnowAir,85,132,1160.8091486631429,0.4289627463295201,0.10373827652151295
KnowAir,92,107,1163.9203035845517,0.1729873728413046,0.03935696759954335
KnowAir,55,110,640.4666856564879,0.3697310049650734,0.08565889132352868
KnowAir,16,121,1076.6059996548395,0.03166314978440166,0.05265409025923286
KnowAir,53,64,155.81659489660888,0.5871863969008063,0.16660857974285168
KnowAir,14,183,708.2105776783707,0.3008538898397727,0.20045707342627686
KnowAir,2,9,254.21909353872405,0.6445199756859858,0.21006143815111836
KnowAir,51,114,1381.2399364530424,0.03915634072122355,0.08099112859508413
KnowAir,176,183,169.84030502860574,0.5631027185572518,0.3072650262085407
KnowAir,61,176,987.3286517342999,0.36309431512798995,0.1405667664248997
KnowAir,76,172,701.9368800354684,0.4706644415630018,0.143149782629612
KnowAir,64,119,550.7003988439409,0.2911128053261006,0.13986655961046318
KnowAir,29,108,386.49328741161054,0.4782186915814571,0.11775872258857269
KnowAir,39,148,573.5106391653298,0.4555817007066535,0.1288903583808586
KnowAir,92,115,832.9589027066406,0.3567240823246223,0.14581654925684837
KnowAir,51,88,1245.2063353602814,0.15409318439360026,0.10427705369044432
KnowAir,127,133,1195.0169791927,0.09883980285826578,0.09040205848263219
KnowAir,54,114,550.5468179156414,0.43966994387984887,0.07901826087245303
KnowAir,99,159,767.0661213843067,0.38222978878827324,0.058536136856404776
KnowAir,29,94,1023.4925935757346,0.343277505919079,0.11666091878502013
KnowAir,101,162,1389.87146001441,0.29023810730003374,0.061420600427348204
KnowAir,27,132,210.72957296066514,0.66830258017991,0.2807455351868421
KnowAir,55,151,700.2484919255108,0.3888218380577006,0.10500451513174333
KnowAir,99,178,1113.969444343367,0.21697302784865782,0.10127728773151616
KnowAir,40,46,1371.0880983955099,0.3425408738089665,0.06878335425024885
KnowAir,50,73,1336.7962874429586,0.23142453065786914,0.03379317333409817
KnowAir,158,178,897.1218285818351,0.31999768988640337,0.12438795567890573
KnowAir,4,122,932.10171329086,0.2815268227878162,0.06297700193952871
KnowAir,134,163,1079.7410652652775,0.4094123799666132,0.07190525984788682
KnowAir,5,171,1164.6071762748793,0.3045632791849021,0.08443609997715378
KnowAir,5,31,999.2481938154914,0.24829387565693498,0.05725784322414826
KnowAir,128,147,948.9827190330219,0.13628034734617347,0.12719823990267232
KnowAir,19,34,136.2568717090744,0.728515591775038,0.21137067760009812
KnowAir,120,136,945.6161257230431,0.19759955839391938,0.2004429900326717
KnowAir,26,157,548.6380898264684,0.543208742827743,0.06914639829146357
KnowAir,22,53,454.74054038118754,0.45365048687689435,0.13050782047314696
KnowAir,143,158,662.0920952237406,0.36895202806547905,0.10046252031269172
KnowAir,7,19,1115.7307237262867,0.007150921745285399,0.06949703158979102
KnowAir,91,153,409.89410828439935,0.5384896199315706,0.1377152739404962
KnowAir,1,118,651.8691166305385,0.2742814302824384,0.11297771226485939
KnowAir,12,107,866.2423018773956,0.2046463652151341,0.020292007433566687
KnowAir,78,114,722.320445652171,0.3761258472566052,0.10891565461608517
KnowAir,106,140,936.0369623584552,0.217999594893811,0.12194729028483839
KnowAir,87,159,824.2280270294233,0.5421449833317075,0.20460785948946117
KnowAir,2,179,919.6669252979204,0.320339835694732,0.11537670809575998
KnowAir,55,119,301.7428707558642,0.39650997230613,0.1542786678294472
KnowAir,101,145,504.46828525097567,0.49060709875783565,0.1729034923781984
KnowAir,42,159,339.5450106031876,0.5490051974558233,0.11135562974767782
KnowAir,112,156,544.406516287829,0.5693010019158934,0.11073256097365226
KnowAir,51,137,1067.0017436324192,0.07080056316191832,0.12665128153160818
KnowAir,111,117,551.0768462384519,0.4538270742508782,0.05128753686383415
KnowAir,43,168,733.2482684945894,0.5362557247954698,0.12898251179219572
KnowAir,49,62,1006.4372329274346,0.3597258704471391,0.08351553266144117
KnowAir,62,80,812.7947413221955,0.4758534092374809,0.07633577393631581
KnowAir,92,132,724.6794999645051,0.31815022555656397,0.062447398571615444
KnowAir,84,138,691.6341002220386,0.4333292540752631,0.10632635611909445
KnowAir,58,166,1417.2771435852856,0.4093254031113551,0.12600373685147415
KnowAir,12,38,633.3222688798977,0.35273102304786963,0.11531798524858553
KnowAir,52,53,572.8987644155704,0.3706807453971932,0.1399451985840422
KnowAir,1,173,1030.462938061694,0.18830610162099792,0.044441419946854105
KnowAir,64,118,551.0019544371355,0.3761386118885538,0.11010489020790513
KnowAir,19,52,972.7295484925355,0.20206507157964954,0.10243630754266615
KnowAir,32,36,203.7188627652742,0.5761607172930785,0.12171381785088096
KnowAir,128,140,1498.1077799440886,0.04628765427232934,0.20907123497044233
KnowAir,48,63,1410.9377398902952,0.3318313006456745,0.05626438744290326
KnowAir,117,160,480.7311780933359,0.545505198353384,0.1438955557863894
KnowAir,18,176,1306.3560851212562,0.3652981180173997,0.1552954391289955
KnowAir,4,68,827.7488803653468,0.32171573043590224,0.06827980242928414
KnowAir,13,83,980.3262855933306,0.2168049899890737,0.062287694371557685
KnowAir,144,150,256.7119178911786,0.6272918043665211,0.17412179976800274
KnowAir,29,73,523.6662821757407,0.4431638212720157,0.094683891334823
KnowAir,100,134,692.4080653108591,0.33623069141512085,0.0994437016829481
KnowAir,81,134,458.3745860878737,0.5958725615037669,0.1411987890403482
KnowAir,46,154,1040.5543387622804,0.4872536305014346,0.11794603361519103
KnowAir,16,83,966.9748922401207,0.21001279395302214,0.03406110782554226
KnowAir,2,122,454.5271157000908,0.510982390835765,0.11126614980253491
KnowAir,115,120,929.948552093447,0.24733807764207572,0.26056835086143254
KnowAir,53,172,1036.3680354712822,0.4281396656245436,0.14825575721288622
KnowAir,13,74,354.99484806591835,0.4446484838720675,0.1422807277365433
KnowAir,7,92,831.9962330005469,0.32426491206304375,0.21590729370339826
KnowAir,13,176,703.6492562867097,0.3656940974814779,0.17097620764666852
KnowAir,58,149,175.39693733070771,0.704471008086159,0.3129935529207792
KnowAir,11,94,850.5531202825985,0.3877227363553079,0.13698775071029348
KnowAir,52,141,1436.8659574147944,0.16792317743932172,0.10655012717597508
KnowAir,1,155,1008.7706058756389,0.23618294031143636,0.08487927247667834
KnowAir,152,165,644.125756839577,0.506660630983663,0.17229930304980434
KnowAir,52,85,1773.2640472382004,0.2384054395000325,0.0016886985387027942
KnowAir,56,57,69.50930683293501,0.7802089964949659,0.3680675208668121
KnowAir,60,97,143.61337273616277,0.6223470757015548,0.21068534866841537
KnowAir,55,105,361.9594732445014,0.571822565349565,0.15637167431027935
KnowAir,115,141,414.6837067735652,0.5441973716869921,0.16931583301175773
KnowAir,39,153,515.902636741687,0.48547750770139475,0.10447103892241713
KnowAir,115,129,1111.009039817618,0.19803471412366608,0.16605452059869213
KnowAir,8,109,1007.6479624911244,0.16245191660504824,0.12155633471273321
KnowAir,3,30,1063.0994796556258,0.1995691107412329,0.06689594661688843
KnowAir,55,161,939.8478520632647,0.36493207684893814,0.09829881898651179
KnowAir,42,47,430.84768915621675,0.5510911888154824,0.15501071808630862
KnowAir,11,16,898.5863961925876,0.13534142992813383,0.04071863057828943
KnowAir,146,164,852.3863695265014,0.3895880787916952,0.07684126878105306
KnowAir,28,148,711.6871199762612,0.3667299482418079,0.07475015439193178
KnowAir,25,117,515.1178874918487,0.45918677009915043,0.13082028593542722
KnowAir,16,47,1213.7352913408427,0.15031514703782872,0.043275538785008005
KnowAir,141,171,1219.5697230601818,0.4181372160580749,0.02623691107654623
KnowAir,18,155,701.7211019875851,0.48599506856493296,0.14832177314469025
KnowAir,51,156,1044.89108545966,0.06606664043915741,0.09918254214311284
KnowAir,38,118,312.3827802171495,0.6073062754980385,0.18512451171329775
KnowAir,91,132,746.3669811734414,0.40876441411430353,0.12561841915787605
KnowAir,5,90,1011.3475373456412,0.32486792174348933,0.07089853448331157
KnowAir,88,105,1655.5249384432018,0.29745077636246,0.02740002766881178
KnowAir,21,178,886.0461108864605,0.3609133370211491,0.17117952322784333
KnowAir,4,57,379.97092026277716,0.44736208960703383,0.13386626236513696
KnowAir,79,128,663.9455033750736,0.2565496821535485,0.1174130926640985
KnowAir,24,51,1263.1325323498004,-0.000663456128407681,0.07765581535990046
KnowAir,12,62,252.71419372660296,0.5971042187960479,0.13990515949779714
KnowAir,79,182,604.4074169541435,0.33167726616490445,0.14024485363905195
KnowAir,32,178,1362.5064734550976,0.20797246796022198,0.07555077554240125
KnowAir,34,126,1632.3293836473838,0.12811948276759155,0.06455154516511089
KnowAir,162,173,493.4541718656378,0.6457056664456254,0.24918992146903365
KnowAir,52,166,1983.471007186905,0.24245220957693592,0.03807788856698293
KnowAir,116,130,477.0113991614815,0.45651449051259874,0.15392552174393706
KnowAir,149,170,1286.7118235913638,0.33765241232976356,0.01725299337826153
KnowAir,132,134,377.9305374631979,0.5008618007108433,0.10596834320969375
KnowAir,41,66,756.5105388811654,0.1621998366143532,0.10578358187784034
KnowAir,107,180,1689.3918106995313,0.18974668256512986,0.05583086725384531
KnowAir,31,116,162.99663950650378,0.6357660518445744,0.18539994981723693
KnowAir,127,134,1213.0815849751282,0.13859957464301348,0.08521156251845972
KnowAir,36,105,919.3547530855725,0.2677242903175594,0.1019906453385631
KnowAir,95,165,686.138811085183,0.46928460672231137,0.15196190611957472
KnowAir,120,166,1344.7495292131684,0.31824277528668965,0.20078340466190664
KnowAir,54,99,177.69028884920456,0.6586106924467082,0.20523205562641939
KnowAir,44,179,1137.7881979286494,0.3718310156837015,0.15419275358071372
KnowAir,84,160,155.47812381045202,0.7617076152709416,0.233896277266152
KnowAir,25,165,1410.4029025963628,0.3870606409512768,0.11861384058341287
KnowAir,21,175,1209.4075722678745,0.36829543278441024,0.138753108413582
KnowAir,109,130,199.80907937757632,0.6036231668422894,0.20035721520158417
KnowAir,94,139,1144.527350481408,0.36670855702455885,0.14530713317679164
KnowAir,161,170,917.9784534309783,0.3186394522760815,0.044102155699878215
KnowAir,32,119,948.9827147533625,0.20926188298780551,0.05789839989209451
KnowAir,102,132,427.00116581201087,0.40078896400046143,0.11190856157812228
KnowAir,86,169,388.6404813210765,0.628423675235238,0.2985328853886853
KnowAir,43,138,306.008842509207,0.532197598339541,0.10626886790847383
KnowAir,36,147,688.4797362724883,0.35278805592084395,0.11066242426058806
KnowAir,27,109,181.22260807210841,0.5910670165492704,0.1873922964019386
KnowAir,40,121,396.41374224331145,0.3848013565304672,0.13503954819443595
KnowAir,152,158,446.823717969736,0.5083782972789814,0.2263877365365107
KnowAir,4,47,1129.1191680663062,0.3108627719362723,0.06756122772475597
KnowAir,83,166,772.4242615054712,0.4726389590190735,0.143195786302526
KnowAir,68,101,808.9631933149597,0.3555805912365502,0.09124509778825697
KnowAir,140,142,118.97893959712427,0.663439690934481,0.24713326999268737
KnowAir,87,96,1132.9725418635965,0.3001030195812206,0.17363537460809592
KnowAir,99,160,1159.2504999799555,0.3110768103775715,0.0025437420007149466
KnowAir,42,141,794.573616486709,0.29277048303274167,0.058564366129022875
KnowAir,47,104,1082.41904110901,0.344417190746524,0.0988295637895187
KnowAir,0,87,1592.9245855915049,0.18845320327522236,0.13965458733327019
KnowAir,107,182,1571.656650205886,0.18451427027165754,0.06092837902833502
KnowAir,170,175,737.7692003035482,0.34795945513610205,0.0006077608908110037
KnowAir,71,146,517.7631598429799,0.43508194472767964,0.1300195261550321
KnowAir,31,110,262.2784821726163,0.6041721180314154,0.1472170451368166
KnowAir,99,147,603.4599408429384,0.36886442238913536,0.11571776115113518
KnowAir,130,167,1316.5782484289507,0.4131923485515762,0.15271456350259238
KnowAir,98,137,630.3098338147595,0.3282834063833018,0.054879935972528375
KnowAir,152,154,450.241979861636,0.49497013155821973,0.19023153244725174
KnowAir,21,121,557.286882251713,0.31685110395927574,0.12069325358034542
KnowAir,46,131,1232.7369571321049,0.3521917416612747,0.10634028482715965
KnowAir,63,114,576.8217597068714,0.36133509431045324,0.07889722490334516
KnowAir,39,154,211.65989091824886,0.6940171274209617,0.1740925862895769
KnowAir,135,140,119.8914890420163,0.7483350930527225,0.3602799726782652
KnowAir,36,111,281.45727940268677,0.4870620008082441,0.06574531122818487
KnowAir,20,105,296.31275854639955,0.5314459490903835,0.11438150502012845
KnowAir,158,160,467.1650517994726,0.6376158429839758,0.2637520919383956
KnowAir,86,110,1540.1970949113056,0.34674776982326594,0.06153164320662632
KnowAir,60,109,530.429750579332,0.3631286794846053,0.13226602222986825
KnowAir,2,47,644.5592227383269,0.5251256186618379,0.14244811397518523
KnowAir,54,76,365.3394457241984,0.5822108585135811,0.2142437793881578
KnowAir,101,120,757.9082742418054,0.2568325904987425,0.23443605877012613
KnowAir,149,164,1026.4994195788886,0.3727725255823455,0.10953057742215458
KnowAir,58,131,246.00977294681618,0.5753337223962206,0.23902457842886968
KnowAir,21,101,416.3800962960714,0.513786716653342,0.1614181373485678
KnowAir,43,130,390.69649530445633,0.6188993796021428,0.1969886773414248
KnowAir,83,131,632.8786384709477,0.42599063498066875,0.10482333459009174
KnowAir,4,110,893.7563719269407,0.2098767595654232,0.06636290057006738
KnowAir,77,181,698.0384343243403,0.30922331570046035,0.0961920693870232
KnowAir,110,173,1060.0350179664417,0.3496745393226566,0.057467747065880426
KnowAir,3,99,448.4169996496174,0.2529421730834989,0.09088961847572974
KnowAir,34,83,890.4835489360319,0.32341430741996685,0.012262729860321626
KnowAir,45,90,137.7143306561164,0.7363529539629591,0.28416714491485423
KnowAir,29,148,546.1908181078662,0.48474530499240664,0.12175932894979627
KnowAir,73,147,471.47668475013757,0.4571230466188128,0.08557688860521394
KnowAir,56,150,607.6508252006724,0.3662595008404697,0.13814114547970438
KnowAir,95,131,712.3862518583895,0.3723527601790642,0.14336829626997227
KnowAir,43,103,1000.6577231258135,0.2773656178138717,0.04200309179349925
KnowAir,127,145,604.8931984163745,0.2719711565654561,0.13027914836018895
KnowAir,119,158,644.1581086238566,0.24317697811076697,0.07079182269002432
KnowAir,10,34,910.2429292780646,0.1821797294511358,0.09325522339924802
KnowAir,7,24,1098.7851517268505,0.03630129497772469,0.07789384173256908
KnowAir,31,65,832.6206289583347,0.3487040502208717,0.060043733906458854
KnowAir,115,148,454.2832686443216,0.6076677608414787,0.18921590031743685
KnowAir,2,22,769.0086215638161,0.26820374293989774,0.09077879043416812
KnowAir,13,47,505.13290176604056,0.5067422327588487,0.1692759110995425
KnowAir,110,157,534.9388699464427,0.4707790634595922,0.0633872576526875
KnowAir,99,135,684.1336891484611,0.27165842113951644,0.04693796637118706
KnowAir,116,157,513.9110060436576,0.5150359124956592,0.06053003505144108
KnowAir,74,174,246.15044152237454,0.5347817373217508,0.12166963924384461
KnowAir,0,48,1183.2996094975763,0.17083382777904885,0.1224372910648789
KnowAir,102,114,729.2483276463131,0.28742819780403284,0.09230730201812921
KnowAir,16,66,1230.599787063457,-0.0053744219037737155,0.0579795006278013
KnowAir,112,170,1591.8982261938936,0.3242206363441533,0.015750493839388088
KnowAir,70,103,361.785202490943,0.44705539776600045,0.09703564179083426
KnowAir,21,92,758.0678270026851,0.36443261043222475,0.05403443115957933
KnowAir,93,120,399.86225543821746,0.5369475666316375,0.3749942306875857
KnowAir,23,114,157.98662808392677,0.5784247922235751,0.12311661250827519
KnowAir,46,144,1050.7219436726623,0.3791253315394602,0.08936792674469622
KnowAir,101,108,610.1693501755495,0.33145061020358624,0.08746410786234265
KnowAir,2,23,892.0902856837934,0.1808669584387755,0.04063348748318046
KnowAir,116,163,1399.093986396854,0.3665552442182004,0.018789779708186436
KnowAir,9,35,1191.47703012133,0.15463351097005312,0.07585882824792432
KnowAir,50,108,1435.707798186785,0.09413302579058438,0.012986483320686174
KnowAir,132,139,378.69535889703565,0.5090431639739755,0.12080270115606298
KnowAir,136,151,390.25820060388224,0.5964935684240671,0.1377980673013023
KnowAir,76,122,304.69639100368664,0.5296642268503934,0.12771310327521074
KnowAir,114,175,1602.0192224012046,0.2723152815636317,0.11947011674745488
KnowAir,46,153,789.7429908408925,0.4995102521067075,0.14227748183045477
KnowAir,135,155,592.9541155475654,0.46884867362627053,0.15280770543959535
KnowAir,42,129,961.3541328857623,0.30060544799691513,0.11917069405657614
KnowAir,59,83,1297.713281434463,0.20530697458197295,0.030739208895799765
KnowAir,145,177,756.5000288105718,0.30756489986815366,0.1647537694362616
KnowAir,5,43,670.9558640649905,0.3789706643348829,0.1078700804560139
KnowAir,63,138,561.6731544958434,0.24838765831404772,0.024039675859699825
KnowAir,39,63,820.9627472395482,0.36384490176241246,0.09506291060272756
KnowAir,7,27,882.2078175288403,0.04861220183241005,0.11186062472868998
KnowAir,172,175,465.11214611870867,0.4710081186254805,0.18627220396143276
KnowAir,10,93,678.9626086635149,0.3945839489660072,0.225218251673328
KnowAir,10,112,771.0990579720012,0.2823251776719879,0.13999620314238054
KnowAir,135,163,1212.7420421228194,0.35836556672766734,0.12730755486109657
KnowAir,61,137,406.2533785350073,0.505499318835372,0.10897023205510321
KnowAir,6,182,918.6240910283201,0.2996807378702911,0.12552301658790907
KnowAir,96,154,1225.2012051885806,0.2852181706512288,0.11314137239304528
KnowAir,29,93,852.4964628529347,0.2908915716273801,0.16236376487388995
KnowAir,87,158,866.4764426537783,0.4858991237017014,0.22355896792904512
KnowAir,32,176,1480.7296956804844,0.2933603807604511,0.07648261850301148
KnowAir,114,146,696.0788233711929,0.3884328740161207,0.0966399686644548
KnowAir,8,122,893.4409674606634,0.3404655381607056,0.12930153382130685
KnowAir,127,172,1034.0908260626006,0.16745823162831597,0.15703356669795626
KnowAir,57,79,654.9768348170107,0.45615093567825027,0.14803107860302855
KnowAir,100,112,502.9770911083756,0.43166502855315797,0.11685259111904842
KnowAir,30,43,557.2285284753101,0.6088160098968028,0.14002558133402884
KnowAir,139,164,1246.0243839241432,0.38377613607070493,0.03308628684221293
KnowAir,25,81,722.213091618874,0.4477839841441701,0.07623091771077442
KnowAir,121,175,769.3958561530413,0.31126132299348847,0.16922903704868952
KnowAir,3,20,569.093216464826,0.23552124112052272,0.11531620168041086
KnowAir,106,107,644.280597684501,0.31807880791954013,0.08637181176870543
KnowAir,64,155,920.1948797491751,0.32393070795531437,0.10585530315881328
KnowAir,62,64,188.30869367166287,0.606234415293613,0.17095990963946106
KnowAir,152,172,363.935241679347,0.5810722361798155,0.27335136043275055
KnowAir,1,56,197.89132313610236,0.6777048472921364,0.21719487115686661
KnowAir,31,175,1782.2469245184104,0.2721350635551709,0.05872045730975493
KnowAir,10,18,742.0312981598487,0.2749527609610482,0.13551279887054082
KnowAir,52,159,1206.0314102557522,0.23713340576186137,0.024297625830302386
KnowAir,38,168,1021.4738548888133,0.41871287347197605,0.11609810059790482
KnowAir,50,52,923.3619955230843,0.33904941817713147,0.020737407636579105
KnowAir,14,180,937.9313563706144,0.2803759594405478,0.30676633599888414
KnowAir,9,19,917.9934270125626,0.0980614864194718,0.07367360809834923
KnowAir,39,155,437.7915409562256,0.519451095680952,0.10003405536158166
KnowAir,46,170,125.18437718228154,0.5774152367434034,0.015162834225200355
KnowAir,65,126,931.8382893393184,0.2886860936687382,0.19521662016301702
KnowAir,129,136,1049.7940581062267,0.1407407340002526,0.13594282407917502
KnowAir,91,150,513.7248486366159,0.4670099345283631,0.1328106649854867
KnowAir,103,139,785.2986533219249,0.24062743772930834,0.0650460569856168
KnowAir,84,97,1061.0717026980462,0.32127475946767287,0.09332227013503491
KnowAir,117,152,304.77268686893626,0.6160126910620172,0.20564159161879128
KnowAir,31,181,1681.879685609334,0.20328097162985026,0.07166927094361848
KnowAir,92,97,795.2493557768331,0.40680050454129457,0.11906433789203393
KnowAir,35,137,423.7832836626524,0.45593585418695737,0.10174153656678142
KnowAir,117,161,427.6605759574242,0.5895540147200828,0.14279941763166037
KnowAir,37,147,799.0639229042815,0.3260463487962718,0.0768740572528802
KnowAir,72,115,127.01319224419099,0.7049198565806466,0.21085710185804715
AirQualityBench,37,59,2837.262774805748,-0.025816219555335303,-0.004582970947575769
AirQualityBench,51,191,3116.6488858708776,-0.02927588163619225,-0.00435393090388694
AirQualityBench,166,231,3092.466617142349,-0.05000009973487476,-0.012943650309424811
AirQualityBench,41,155,328.7341864537934,0.6304107127861577,0.05889061948036844
AirQualityBench,61,79,6537.573417089902,-0.024599230757525015,-0.009647046388713974
AirQualityBench,147,207,55.46944978162188,0.860282722560808,0.2934363629420558
AirQualityBench,75,231,2318.5832433917067,-0.05508248168433595,-0.0010030161596090612
AirQualityBench,9,19,2915.4205963519476,0.0002888312696989831,-6.39943232532656e-05
AirQualityBench,61,109,1087.0285958356158,0.24741862581512059,0.050549101877171036
AirQualityBench,53,127,3137.1514467618385,-0.030373890970846633,0.015706530327708225
AirQualityBench,22,247,848.9143623474745,0.2733490765566413,0.056416293099941284
AirQualityBench,38,136,875.4634212654262,0.13469741370431057,0.009022857037779537
AirQualityBench,222,225,2448.81067602859,0.14784098177083652,0.00047894778034879884
AirQualityBench,55,96,771.2073459273194,0.3495421691739555,0.08314704102473298
AirQualityBench,51,165,3439.4435340188707,0.03089113816069129,0.017576848172435662
AirQualityBench,2,54,1559.173458571383,0.03938439168495325,0.011871595605017878
AirQualityBench,119,148,331.81542018085537,0.6233848620089687,0.08213688902123757
AirQualityBench,29,68,309.299244702287,0.57231386784986,0.09867916039547225
AirQualityBench,188,228,2781.864485199358,0.0670641065372659,0.012472519146419466
AirQualityBench,1,52,410.4771549073111,0.5770933562325066,0.09188309584980663
AirQualityBench,7,218,7476.190630539919,-0.01671062495468524,-0.01737280085264687
AirQualityBench,156,204,2924.7687369810487,-0.012313572673267454,0.015790189467110367
AirQualityBench,25,42,2510.7385460283604,0.051042705043650376,0.010120885947907074
AirQualityBench,133,236,773.7599004096722,0.37182557520956006,0.08492022411973624
AirQualityBench,96,128,3755.176815710185,0.01764843328384211,0.0063061413048193125
AirQualityBench,113,212,3249.137926888154,-0.01990981716740165,0.007479075293140318
AirQualityBench,44,55,3826.3495342535684,0.02698370698504351,0.009641994201012477
AirQualityBench,174,207,1828.1453326490662,0.0993817668170134,0.036959954731653
AirQualityBench,35,130,2620.9008497807326,0.016535863102451497,-0.00420598387737652
AirQualityBench,76,203,2862.5607742221446,0.06632097615970495,0.02185797836434389
AirQualityBench,106,161,788.4331208870884,0.3417726797417374,0.03991447458474842
AirQualityBench,153,228,113.88200224131964,0.6012521386292813,0.09855430808716935
AirQualityBench,93,118,137.629654838796,0.5679685100424444,0.07401120995273021
AirQualityBench,34,115,2118.9294971040613,-0.0008723971630234005,0.021838240686594873
AirQualityBench,77,106,862.325932025136,0.3332923176821863,0.04211138355717726
AirQualityBench,92,131,2148.8255522495656,0.03316986274724428,0.002392633799921668
AirQualityBench,106,176,481.6309111810161,0.48781717489878307,0.08247335940383038
AirQualityBench,92,107,2023.9759314767239,0.026795968538905136,0.014032247013217418
AirQualityBench,57,92,2836.574567220469,-0.002925128728912504,0.0029839230259754495
AirQualityBench,23,39,3877.181594090784,0.07539278989886034,0.010834191240232317
AirQualityBench,100,138,1661.238157575756,0.06179621990043671,0.000486423900548937
AirQualityBench,19,41,160.2078577065683,0.5838761874564047,0.08413689875883629
AirQualityBench,112,227,3779.70845979678,0.00864477525022704,0.017207647961446776
AirQualityBench,72,169,1773.8490448163102,0.12871938694072144,0.00857852512279059
AirQualityBench,97,164,3540.5695745199355,0.03340659814898251,0.00755587659386373
AirQualityBench,54,208,8245.080089636129,0.002613986632060379,-0.0025705259344566697
AirQualityBench,124,182,693.4625332032458,0.4031092582929596,0.04949292237058201
AirQualityBench,123,208,6310.442908246776,0.03386226509795252,0.00030324825403554536
AirQualityBench,142,172,1281.1779969818688,0.1358838566641434,0.00889858099934991
AirQualityBench,13,101,1360.5762306270844,0.06875784446139023,0.01979693265437445
AirQualityBench,20,33,3019.9747890426997,-0.03871166086372429,0.002287825600901107
AirQualityBench,61,104,1064.1538921317142,0.2703300865712877,0.021513823086002602
AirQualityBench,185,189,3065.9789208621096,0.026967856112677827,-0.0024010194423385403
AirQualityBench,5,156,3055.7725013041645,-0.0019546885275227395,-0.0008844032674394479
AirQualityBench,138,153,2083.6278515117433,0.09548428085413214,0.029997090892845333
AirQualityBench,63,187,3416.6692829498033,0.013941981185121763,0.0020449065063534388
AirQualityBench,190,206,2971.4536345285887,-0.013998864820924157,0.017413728943678965
AirQualityBench,76,248,9775.039388186538,-0.27576292799000784,-0.035792836706313697
AirQualityBench,90,171,334.859129850156,0.525335310572286,0.13378386227580671
AirQualityBench,147,183,3548.0741989134444,0.05441404447637527,0.006842447076009893
AirQualityBench,8,27,7454.419713350385,-0.023377841907511937,-0.022604618271775255
AirQualityBench,64,78,1280.8896004413207,-0.027525745041617422,0.02809009208028036
AirQualityBench,84,130,732.724747023336,0.3366906519263815,0.059728576010805785
AirQualityBench,62,64,2087.462607706572,0.04571349719861138,0.01439463779903786
AirQualityBench,51,128,104.44295929527479,0.28992218713001583,0.0377158642581019
AirQualityBench,8,45,7104.469232900508,0.09369153385571408,-0.030792629591757874
AirQualityBench,15,172,8880.051980843924,-0.066225059665388,-0.031029121655036775
AirQualityBench,96,142,3674.6851994948747,-0.002552330767239598,0.012621453960642601
AirQualityBench,152,235,1090.285880998679,0.23722102657792252,0.03232714552797957
AirQualityBench,3,112,56.69726814647321,0.4972843616641556,0.09526650323348562
AirQualityBench,6,211,9103.920717571738,-0.07013638608519832,-0.009485145990602253
AirQualityBench,211,243,416.76678893353613,0.25247820319769393,0.028335739799480637
AirQualityBench,15,229,8894.135371851267,-0.09898107282025481,-0.024440012923127884
AirQualityBench,122,228,2873.936708521286,0.06670081592347282,0.013246076865939182
AirQualityBench,96,204,3230.050011232339,0.04611031238676334,0.005041950140774568
AirQualityBench,193,204,1869.413450661334,0.010553998970333713,0.01193655249347525
AirQualityBench,170,172,916.8292755788126,0.27059901592212443,0.04214663043718358
AirQualityBench,71,233,1196.3784918911854,0.1058796789028912,0.048949628206208226
AirQualityBench,15,56,7785.750626406148,-0.02961276729677779,-0.01730242040406328
AirQualityBench,27,153,2601.8830168743852,0.08806354110955032,0.01871484704407492
AirQualityBench,0,154,1113.6913168646008,0.16702257113211452,-0.008674969143940657
AirQualityBench,47,147,1103.639752101986,0.23838315842182267,0.03480002694746983
AirQualityBench,91,130,511.27263561977884,0.42564418454763375,0.040625024654556224
AirQualityBench,63,224,2786.445469226472,0.07626955993789272,0.015255632378449483
AirQualityBench,92,162,3067.2538665966554,-0.023691212304450475,0.007957369130651756
AirQualityBench,118,183,1590.330114037807,0.017697304236217102,0.029611185251842337
AirQualityBench,173,189,379.052719922526,0.5083034855485018,0.10106722704000348
AirQualityBench,189,242,88.23587817551966,0.8027849670199716,0.2271491839366858
AirQualityBench,108,139,1748.3927881145278,0.14529965920218382,0.03075293291884014
AirQualityBench,98,143,1766.739237146133,0.0985688620457381,0.011959089480691376
AirQualityBench,144,167,3388.970609842733,-0.04445275529242931,0.0031183312303352815
AirQualityBench,58,231,2918.948956535494,-0.035675344835322934,-0.0029963512502059896
AirQualityBench,186,230,4096.201222927566,-0.0064649479663895365,0.010542141720416382
AirQualityBench,153,168,1172.7242969441086,0.0853265280886191,0.0558628499077219
AirQualityBench,133,155,1015.2338794615877,0.3148864819941898,0.0029935314753244866
AirQualityBench,78,163,3660.1537850211253,-0.04947777926382113,0.013593864908289264
AirQualityBench,47,156,116.12175153208501,0.7546265801498283,0.20630579000735627
AirQualityBench,52,223,1398.8504851907185,0.24369114637981967,0.024245599189297223
AirQualityBench,76,224,2620.692642029994,0.049291780272379605,0.006461664631546131
AirQualityBench,182,230,4013.9965095987786,-0.024030372112034966,0.008235015178331731
AirQualityBench,97,245,12767.74112916153,-0.035001483202913145,-0.004704068402504692
AirQualityBench,1,200,726.2457956631316,0.31456313531515034,0.04237386544770183
AirQualityBench,2,56,3214.9244253363654,0.0011197817611711238,-0.007644210456186933
AirQualityBench,1,153,2773.829323465082,0.04098610147410361,0.0074948585388025755
AirQualityBench,129,213,4247.303490754314,0.007915435436019374,-0.003395190664068452
AirQualityBench,129,243,4389.606179203379,0.014010067958207962,0.007401964180037205
AirQualityBench,163,209,1055.0808347391,0.2444944890913179,0.04011624709439494
AirQualityBench,23,235,979.2153096370677,0.2028243998386519,0.016941106209218865
AirQualityBench,101,186,1915.3358363140787,0.03825054035376058,0.01660267739394551
AirQualityBench,71,114,2581.450305092878,-0.009154068002846688,0.012178105352905408
AirQualityBench,72,220,878.5372556915381,0.19139720331261653,0.036577267104309696
AirQualityBench,31,176,3396.876264659679,0.0382666386653108,-0.008667921653324287
AirQualityBench,18,178,2076.0518138650013,-0.029141189444817483,0.02024029525843351
AirQualityBench,68,165,496.12458873267883,0.44309908384653496,0.07507423921653116
AirQualityBench,61,68,761.0818168166587,0.3590510645707913,0.052544592259416954
AirQualityBench,81,179,1960.0130447065021,-0.051365378743676825,0.016901555860348437
AirQualityBench,12,173,3033.981251030482,0.0400617854167775,0.005980348317588629
AirQualityBench,120,141,2821.1616444086267,0.006046961708203093,0.00802394188811018
AirQualityBench,94,219,3705.379394612866,0.006855888900861132,-0.009389030315869722
AirQualityBench,62,234,745.9372060721007,0.20057144691796822,0.021424437393168405
AirQualityBench,71,192,3094.4786801261084,0.011682915474165502,0.019349332019825128
AirQualityBench,28,50,1758.23744125134,0.10711025343660195,0.010121195887627261
AirQualityBench,57,145,3193.210270351916,-0.029830635285253822,-0.0065056453409137365
AirQualityBench,10,149,3939.107594789209,0.008627602449745347,2.1144905340073105e-05
AirQualityBench,97,163,3653.721071391908,0.02337813319397744,0.006988611374033368
AirQualityBench,122,166,270.821629980426,0.5839963753396127,0.13964849796845208
AirQualityBench,188,239,3092.8438107495053,0.020071029752319742,-0.00347151759030051
AirQualityBench,55,66,1024.9217161968838,0.2613568646199693,0.028619008587998658
AirQualityBench,153,238,355.67328353152925,0.478868646708163,0.05357972796239249
AirQualityBench,160,203,1008.7577432189485,0.32761493180065177,0.03948614284098155
AirQualityBench,79,109,7493.985288309024,-0.03966350718282545,-0.014940019428660392
AirQualityBench,24,234,2613.293758900605,0.02964679872120065,0.01599673479252664
AirQualityBench,131,244,1952.7320997327058,0.05902221123475579,0.017263417797351355
AirQualityBench,64,154,1916.8355786037635,0.060309476744677154,0.004706831839349999
AirQualityBench,57,227,1960.0194542667255,0.10802265275284698,0.019943468685149714
AirQualityBench,3,207,3921.3588380887036,0.02498590719181794,0.007807084841498484
AirQualityBench,205,207,1081.9289586054492,0.27789788905097157,0.028174981648726796
AirQualityBench,77,86,563.7785646217176,0.5212705722752295,0.10190035117527543
AirQualityBench,44,197,2901.21548808274,0.043385339311692125,0.008795290407538407
AirQualityBench,1,231,3199.903495145399,-0.035051297410318774,-0.0032280644335381517
AirQualityBench,1,10,3142.5401943589945,-0.005035152931585788,0.0045566971472415325
AirQualityBench,61,117,886.4102732494367,0.3211946196044515,0.036570503708760284
AirQualityBench,40,240,587.1483264483757,0.4972217673696585,0.04455445023491808
AirQualityBench,45,138,1934.3366227781764,0.13825133655505042,0.023858713418667344
AirQualityBench,122,246,2981.783504009493,0.0696051214949229,0.011606721924792429
AirQualityBench,10,13,2560.952364091062,-0.01975873735587546,-0.00017491915234083667
AirQualityBench,57,236,1138.1574869179267,0.11797419123530312,0.023248862447632815
AirQualityBench,0,200,1081.7166302695503,0.2368888570144682,0.020031812462866345
AirQualityBench,51,232,281.41117904304554,0.3992673785730665,0.04694371275409681
AirQualityBench,152,213,3090.37769082686,-0.008625216477275266,0.012426041007935228
AirQualityBench,20,77,1203.1197504308102,0.2197299839096501,0.017843903843808802
AirQualityBench,92,204,1486.7630766287107,0.05111031902290052,0.006003969829940425
AirQualityBench,93,100,3775.339320396578,0.0056595267426456835,-0.0006165563481112198
AirQualityBench,165,191,534.0308727542322,0.34463129484087657,0.05183548553560954
AirQualityBench,188,233,2391.2492943162088,-0.008774692263477157,-3.924369776755162e-05
AirQualityBench,145,194,8043.267717648829,-0.01966850508475965,-0.005621766677731842
AirQualityBench,191,212,3214.5379434564934,-0.0790148167299145,-0.00960980286811067
AirQualityBench,90,192,144.01092992901548,0.6929166409203683,0.1647221274525073
AirQualityBench,107,197,668.8752378100106,0.36705172764944427,0.038329920139531785
AirQualityBench,54,136,209.96289248246262,0.4955440666263618,0.07664866108036965
AirQualityBench,8,165,7690.063511140486,-0.0729799210824741,-0.03593479364631687
AirQualityBench,54,210,2704.2707131495113,0.02519777058023952,0.012670289911329666
AirQualityBench,59,79,6457.972689020097,-0.004787150607020405,-0.009174902274499483
AirQualityBench,53,179,2673.5542182056506,0.06533449163189176,0.009178400620246017
AirQualityBench,109,233,1401.0640148743578,0.03303868635485391,0.019631060906792827
AirQualityBench,14,164,8450.744289924336,-0.05130625284919318,-0.017762741930488664
AirQualityBench,27,148,85.27310844565585,0.8202356293103404,0.28354894587609614
AirQualityBench,39,147,3997.3149751375367,0.08494268516131429,0.018081081492714774
AirQualityBench,32,144,2675.3300309302176,-0.05122229233952711,-0.007813577853509349
AirQualityBench,90,136,3412.891342217821,0.019395356995604646,0.007778986915584959
AirQualityBench,120,150,2639.7283540650187,0.030194543127750082,0.005961057474706224
AirQualityBench,62,70,2490.4590281524675,-0.0019798745677367855,0.006440916693857441
AirQualityBench,149,244,1787.5527135602376,0.01740929124147436,0.028507628876129187
AirQualityBench,5,177,3755.9527707610014,-0.02847116606030357,0.02870648297779994
AirQualityBench,42,218,1251.268132284491,0.17712423033867392,0.03365579669110362
AirQualityBench,224,241,3545.8771384668166,0.016064878052782793,0.0002447539257572446
AirQualityBench,83,171,1555.0746973893001,0.12270756613146262,0.05779668476004527
AirQualityBench,174,198,3297.353459062362,0.026755225500178205,-0.010457856430132433
AirQualityBench,16,77,1065.9698010183226,0.275492030265497,0.042615886535433654
AirQualityBench,96,145,3643.0380678719434,0.003050256709757094,0.01664410437257117
AirQualityBench,201,226,2999.2378341055096,0.07239680587326974,0.012576415726020793
AirQualityBench,97,104,2175.063298530399,-0.0240863532154714,0.005904247507288084
AirQualityBench,145,242,3144.8876015328065,-0.05666997846326253,0.004573544476731657
AirQualityBench,10,171,3793.0369696675098,0.0006867320782748342,-0.0008753334498071262
AirQualityBench,145,216,2796.2335987863175,-0.0550779213790169,-0.002833782720104
AirQualityBench,101,178,2002.3873528343956,-0.03637537434772293,0.0008987324868754892
AirQualityBench,157,172,2179.7878202490247,0.037422181229937894,-0.006102473520026633
AirQualityBench,66,74,570.2910770649088,0.4396655345465133,0.04112860210079201
AirQualityBench,55,155,1150.9511385682524,0.24793248449845634,0.01387727210158093
AirQualityBench,109,235,2317.8609414599173,0.07869604898014036,0.006864646340324386
AirQualityBench,47,157,52.7093366930398,0.8537006935363727,0.36472264031762985
AirQualityBench,149,216,1221.1522883926013,0.22642869164034057,0.010115680551942743
AirQualityBench,52,95,3484.3850900089883,-0.03443038116342581,-0.021233494228653584
AirQualityBench,68,168,3351.5586895169995,0.05622940727822178,0.0038327595721063994
AirQualityBench,71,128,359.26955980328245,0.249755507577459,0.03436259096198666
AirQualityBench,49,78,485.93831927045136,0.34130126243637715,0.0434278013322224
AirQualityBench,149,212,4004.968156478651,0.0019885562759860533,-0.0035166759861187096
AirQualityBench,16,204,3150.8670621722135,0.03794677580140003,0.028204434008125445
AirQualityBench,60,118,328.02780290467587,0.3988074378402929,0.06444336670525178
AirQualityBench,182,246,3617.1574680284916,0.014264664644555882,0.011532488156541872
AirQualityBench,74,163,642.6094659625842,0.3783516225844961,0.05937131556162082
AirQualityBench,81,173,3069.235092029731,-0.020471061906242045,-0.007430279814958624
AirQualityBench,33,227,3986.1399311579844,0.05071894284181315,0.013870961859191278
AirQualityBench,42,143,3121.004254757856,0.07339855507514918,0.007112151741044536
AirQualityBench,134,151,2423.5675027647494,0.027918028534641447,-0.004060746821869036
AirQualityBench,162,165,408.5920758339898,0.4218449870023258,0.08139731049773394
AirQualityBench,57,195,1129.0520919652672,0.15678545559160467,0.032618451689613075
AirQualityBench,154,207,1800.876565056352,0.07185294893428758,-0.005135462884636322
AirQualityBench,133,181,843.4118174558008,0.37506587094896393,0.06167847763585131
AirQualityBench,29,145,3465.762812332184,-0.02887820000373974,-0.0029018068804784573
AirQualityBench,105,183,1243.8376539961916,-0.04234924329590626,0.008400701777362405
AirQualityBench,13,82,118.1730597338983,0.8076333154940755,0.21153132627377824
AirQualityBench,128,161,2924.0612412733826,0.06258753174745006,0.0014579589322311695
AirQualityBench,42,93,3212.7001875602004,0.06638300853355975,0.014153536257515299
AirQualityBench,121,146,3108.6286306883267,0.013324062394197395,0.0041005388180228464
AirQualityBench,58,85,2861.5249886486454,0.017943093566322257,-0.0026554434584928435
AirQualityBench,16,121,3337.4504872278685,0.050021011928909224,0.0006487136039252567
AirQualityBench,117,179,3286.9795197930853,0.07299951961224553,0.002457444544859
AirQualityBench,75,204,2468.6157124704378,-0.024124555282508023,-0.006997570002435337
AirQualityBench,7,226,8659.7873118797,-0.01754396339019945,-0.03425625143862953
AirQualityBench,10,68,3783.735818142771,0.016407148249905825,0.008184563508960878
AirQualityBench,90,106,210.44857018865645,0.6213908107659094,0.14872182042466073
AirQualityBench,52,238,3432.9871474300717,0.00921140398378595,0.007960647876895434
AirQualityBench,149,163,718.2120035956132,0.44202248540367095,0.08647243189114495
AirQualityBench,83,240,1758.217578713486,0.1596989691105512,0.02333516946479113
AirQualityBench,221,226,244.73743725104686,0.5968146161361599,0.12444861547143207
AirQualityBench,31,97,1581.6681456554861,0.010316605303007886,0.02554955397598704
AirQualityBench,162,196,2937.177111042727,0.007597170435043423,0.0010338459005654692
AirQualityBench,52,198,3484.5507370649098,-0.02310376065430413,0.011987069860203934
AirQualityBench,82,189,519.2622837974878,0.4803013750960442,0.03976188115210204
AirQualityBench,61,242,597.0657768029342,0.4501409232876254,0.06316669904280194
AirQualityBench,151,174,2177.5665193925443,0.006306554662495784,-0.0066818938978481885
AirQualityBench,1,113,78.42031973665964,0.8033151802961983,0.25392499373548133
AirQualityBench,212,226,166.48228380312386,0.5371438672915556,0.12616814673636087
AirQualityBench,210,227,1108.6555912400493,0.22352602790881348,0.024151205165632524
AirQualityBench,89,104,1554.37621454118,0.07706379311816088,0.0086416452301632
AirQualityBench,111,148,405.1882320906615,0.37969767207229094,0.028128452209844702
AirQualityBench,84,249,3681.3976225220513,0.05415389894546795,0.013311984444702869
AirQualityBench,99,190,512.3897488255748,0.4501481782814413,0.07867693670971071
AirQualityBench,72,98,1208.4347852777514,0.1087726265525007,0.021400478038183613
AirQualityBench,20,100,1231.4334490482595,0.06365594766012458,0.0015309611889862745
AirQualityBench,32,196,2281.226817650797,-8.067985052892027e-05,0.0085513886685448
AirQualityBench,140,209,2081.7171305842967,-0.01489659659258752,0.0034973939892152736
AirQualityBench,20,107,619.6131072576278,0.3138691673817027,0.008795659951040176
AirQualityBench,44,214,1352.8585812120818,0.0993245585280804,0.01933535438733539
AirQualityBench,57,161,971.4359074518561,0.1883961550544436,0.018985856394809437
AirQualityBench,38,204,2561.9722827604533,-0.02041977954387542,-0.0014542533340707506
AirQualityBench,35,204,410.7619482501847,0.14920151641223872,0.0074828368156922296
AirQualityBench,9,86,3682.007300071016,0.0027174506261912427,0.0065817688737617895
AirQualityBench,172,192,2555.357526731687,0.05278297701863788,0.005474713996065382
AirQualityBench,17,244,15165.704428754041,-0.16148988470877168,-0.017450494938750574
AirQualityBench,40,79,6201.011131158554,-0.024918516441582318,-0.0041583009220036715
AirQualityBench,56,187,1352.014230399594,0.09268841386422219,0.014163473283703243
AirQualityBench,81,241,704.5903245784891,0.15017285278410306,0.015830155726127327
AirQualityBench,120,230,437.03697579299387,0.4816037506207472,0.07405387133386815
AirQualityBench,64,182,3685.506447818496,0.09050712253196565,-0.0022819429057289366
AirQualityBench,108,225,2075.6211954823825,0.16027998846380734,-0.0009074579752825692
AirQualityBench,79,223,6369.779082411239,-0.04346990834731743,0.008438898096404046
AirQualityBench,8,170,9070.554800570975,0.0033422712509550436,0.01320624564809941
AirQualityBench,152,194,7223.645392951232,-0.01884408654831014,-0.0365761597080108
AirQualityBench,15,226,8784.413737508474,0.02158491894224057,-0.02248879563274239
AirQualityBench,33,99,3202.496523695465,0.083649835019676,0.020534918646631393
AirQualityBench,88,150,268.3806448871764,0.6309220115232488,0.12244166707381123
AirQualityBench,206,247,3721.954934213206,0.053984783625673875,0.01277922694199715
AirQualityBench,1,49,2979.449621391889,0.07438016817460134,0.011664964287189206
AirQualityBench,166,249,2881.1842122446565,0.01207870338686144,0.0027169669837108458
AirQualityBench,77,134,1294.696171632281,0.22628283397161708,0.04019524777533431
AirQualityBench,11,18,2812.26865813933,0.016041693011311968,-0.006944543638431358
AirQualityBench,25,155,2311.432304982867,0.0905959930147015,0.013201654825283023
AirQualityBench,102,136,2215.6566562218127,0.07051846496531015,0.0013182558592259976
AirQualityBench,54,236,3553.559886949232,0.0616960628524062,0.016457164841267427
AirQualityBench,20,248,7814.1799580674215,0.03730631445457968,0.0014018797086326768
AirQualityBench,39,246,268.26285439942376,0.5078112559251703,0.10677493510579228
AirQualityBench,25,246,875.9830897995814,0.028420493668095063,0.06338691515514158
AirQualityBench,77,248,6866.0335374136275,-0.05461578455678522,-0.027286308877330624
AirQualityBench,145,218,2834.918232747177,-0.049588498164922626,0.0001230133837260765
AirQualityBench,97,99,3176.877031090347,0.04434354875398414,0.004290646313761087
AirQualityBench,2,128,1619.4479751726503,0.05385846325850352,0.0167765652612496
AirQualityBench,29,233,2708.442468638097,0.051885256998889726,0.012521803308266983
AirQualityBench,38,133,3992.8555795216257,-0.012738364372593743,-0.00035590372959500347
AirQualityBench,96,129,995.4859927504245,0.004148697608018197,0.007921991356768644
AirQualityBench,60,65,215.0964465878619,0.5460726076842973,0.07654488410323644
AirQualityBench,79,95,7589.356820245951,-0.02814910730416727,0.006799558251338648
AirQualityBench,5,109,2561.5906128692623,-0.05705576914776938,0.01877878731353296
AirQualityBench,22,226,3719.7224128786575,-0.03689937634071425,0.011667213447336244
AirQualityBench,85,123,2793.1963524085777,0.0052362522893397365,0.003210491404155549
AirQualityBench,89,208,7954.175792233773,0.03994679641955448,0.017707774768435987
AirQualityBench,81,153,493.2389296421863,0.33869706805893607,0.02714640670034176
AirQualityBench,75,106,1016.9581509809684,0.2439824226596355,0.014949007497449885
AirQualityBench,194,242,6858.211951961629,-0.014558064224186354,-0.022623561292219027
AirQualityBench,130,220,2778.1543046906895,0.11823172330928367,0.013826614508782649
AirQualityBench,53,62,694.6800793450848,0.28204246767450414,0.019517714138384153
AirQualityBench,7,247,7795.180615045507,-0.031398938987881216,-0.020988317808046487
AirQualityBench,160,212,2502.4210436111584,-0.04517608204971756,0.010802695471706777
AirQualityBench,34,93,2327.0783574731977,0.05014338612778416,0.024395081467938607
AirQualityBench,78,81,342.0268329541303,0.3111175848159072,0.044771785320489595
AirQualityBench,4,120,8634.458851133139,0.08596539781166045,-0.0021856659763752426
AirQualityBench,19,199,390.30534241649184,0.4665825214881826,0.023389146374856583
AirQualityBench,7,53,7109.944409832202,-0.019881705500612173,-0.016039153992727342
AirQualityBench,4,242,7240.764112574329,-0.007936443552614688,-0.012196181707403785
AirQualityBench,70,144,79.983952082802,0.34769686237760633,0.04091542362524268
AirQualityBench,16,20,557.5798552016944,0.28342681470479375,0.039009812758400056
AirQualityBench,26,129,4012.7817286949016,0.03409173963962458,-0.0022660307893539594
AirQualityBench,58,102,665.9561822886811,0.36590793085854834,0.014931616237673343
AirQualityBench,59,230,2949.9092618487466,0.016181544625007156,0.015135867774505114
AirQualityBench,95,238,207.29955196255642,0.40099257316536424,0.06626839442382597
AirQualityBench,88,237,450.6938223247994,0.5243923849301381,0.05678068616595902
AirQualityBench,9,25,1455.8539239708232,0.04270172807470763,0.021152390762516526
AirQualityBench,25,171,3427.5461525801443,0.06221082198125078,0.007696847465652931
AirQualityBench,5,208,8440.2159705193,0.0022949923369131628,-0.0015809440833639149
AirQualityBench,100,178,3010.331399196789,-0.05781086322433956,0.0020529543500995657
AirQualityBench,35,191,2836.8138638382184,0.03577418875812301,0.004147260325444436
AirQualityBench,17,33,11626.584224594313,0.17705852258073665,-0.010209582241940601
AirQualityBench,134,157,328.8236008730329,0.4799996653942799,0.10376479884441707
AirQualityBench,94,132,302.2078696741328,0.38646621981668206,0.034990324413355055
AirQualityBench,149,165,893.3113559831031,0.3124649760133561,0.05784730460852377
AirQualityBench,4,24,9466.030219462098,0.007207512624459613,-0.05604971128162369
AirQualityBench,170,202,11878.194062371267,-0.07073387850550257,0.02505313938693049
AirQualityBench,21,185,2672.847597136619,0.044216410990083145,0.006025922667612519
AirQualityBench,193,229,1325.0068989964775,0.13249644444037237,0.025465063272693076
AirQualityBench,14,169,7108.875789227678,-0.11155680872419603,-0.003916862236761382
AirQualityBench,165,240,1009.6868454378289,0.25903355019144625,0.03214140187474996
AirQualityBench,10,39,406.491851660056,0.3786756913618488,0.036991990084370624
AirQualityBench,27,127,2987.0096375632615,0.032566300354599356,0.014158262017386151
AirQualityBench,9,62,2445.158905818253,0.005482739850080953,-0.0012416488133384725
AirQualityBench,22,99,790.6322049102876,0.3361417876424587,0.05712136626313419
AirQualityBench,14,40,7160.322976426213,-0.029344339672837467,-0.006090648927304102
AirQualityBench,160,168,2223.7541263401495,0.08881597842821111,0.02188768060168173
AirQualityBench,30,160,777.3752712309752,0.33860642966014654,0.024189031073823405
AirQualityBench,1,109,1230.5823811873631,0.19955051383462716,0.031727427696509075
AirQualityBench,42,183,2181.779499136923,0.03877320845050297,0.011683950462676767
AirQualityBench,36,190,2590.2399124184517,0.12682298378804505,-0.001181804019454227
AirQualityBench,200,220,2641.7597288866255,0.1387971135540431,0.012148650682136053
AirQualityBench,73,159,2664.9684531473154,0.011820133764358616,0.012753782109755788
AirQualityBench,34,110,2554.4527500782224,0.1323386414921284,0.002119609796768014
AirQualityBench,44,231,162.8512786920773,0.3873363914173924,0.05122862721078384
AirQualityBench,65,197,2475.5107466800055,0.00304401448348372,0.01452253557332985
AirQualityBench,13,182,1477.7349124922014,0.1837834983890804,0.013652991533428704
AirQualityBench,58,225,1407.096134527286,0.1950799322955964,0.009326523624417316
AirQualityBench,177,222,2212.622280304256,0.1237644339153993,0.002206292281516997
AirQualityBench,8,231,8451.423882791894,0.08070427053072607,0.010949096231209038
AirQualityBench,83,227,1588.423627705586,0.1281829697868161,0.03658148089888186
AirQualityBench,99,160,869.9349583614026,0.3297040923350125,0.04301080611925254
AirQualityBench,104,232,2271.3759325698816,0.08610879337239036,-0.0006597454880233279
AirQualityBench,47,247,786.0461682562167,0.21473169417544147,0.032331824431527455
AirQualityBench,73,113,3240.8407061382914,-0.010910342013793504,0.021134390710277607
AirQualityBench,168,220,1066.8631152179837,0.11062747451774088,0.06257122994235949
AirQualityBench,67,84,384.97971543392543,0.5768108625420242,0.13067249366065598
AirQualityBench,135,229,994.8777730454578,0.23988182934322513,0.05655714166473474
AirQualityBench,61,202,12373.704625152019,-0.07364653190744173,-0.002010407134657715
AirQualityBench,17,104,13975.937229362713,0.08976842183602902,0.0021942464135279826
AirQualityBench,45,71,3513.583906944416,0.05995561583665213,-0.0012363710738537278
AirQualityBench,19,184,2628.8171665218174,-0.008581948727465306,-0.007726416598185261
AirQualityBench,26,80,3702.0417950934752,0.020281445718003454,0.020402208350563555
AirQualityBench,36,38,2220.716513398098,-0.04700475331515134,0.01038800284312714
AirQualityBench,18,179,2066.414700272767,0.003308388463898279,0.008666308865954113
AirQualityBench,9,225,3936.7519780581824,0.0767351684323999,0.0061035174885963476
AirQualityBench,113,172,2370.2542382124902,0.03231637508635049,0.002784110236152566
AirQualityBench,66,179,2321.0096860160206,0.06976355198496206,0.02073810505395608
AirQualityBench,76,139,3250.4052569470346,0.07380075634207445,0.017870757161024067
AirQualityBench,140,167,1456.531837198195,0.09026492108962005,0.013493045920976167
AirQualityBench,223,240,1035.8576724292018,0.2663000107963764,0.007202051530787442
AirQualityBench,57,192,1589.1145938446425,0.10594062656679473,0.028056724543340173
AirQualityBench,74,176,522.9536766598465,0.4368846984796748,0.05169448842119074
AirQualityBench,136,247,3649.284669248632,0.03388083209442211,0.0075283363149629004
AirQualityBench,81,195,3189.1486411541127,-0.01369274854767314,-0.011413772600710876
AirQualityBench,59,109,1042.7384037519168,0.23580089294948925,0.030496350899415044
AirQualityBench,102,212,2372.6618704961506,-0.025698572227042634,0.005308627175927026
AirQualityBench,29,182,804.8934486242333,0.347889995666755,0.04103306504993944
AirQualityBench,147,163,793.7682576589709,0.42407465076314643,0.08105409803160878
AirQualityBench,157,231,3098.5924273036153,-0.05349831297125464,-0.012446847490877067
AirQualityBench,48,84,1152.336479107664,0.22013618623275527,0.03181993621906188
AirQualityBench,76,197,2135.0730444204623,0.04896619383345174,0.03018804933344854
AirQualityBench,74,243,3241.9522432256786,-0.026186430833302278,0.00586790358895394
AirQualityBench,243,248,9154.286492400868,0.040829008272956185,-0.01989300041759322
AirQualityBench,66,182,1275.6223156806652,0.23710732752006158,0.011418015366599612
AirQualityBench,5,161,2862.649881759657,-0.021397770931023262,0.017123938559583517
AirQualityBench,41,223,853.0843700417191,0.317731402770639,0.019248948378426882
AirQualityBench,0,212,3383.503595474858,-0.04074912479354774,-0.0067389807717894564
AirQualityBench,137,180,3994.939453714985,0.04077363995120877,0.0034609748276267505
AirQualityBench,126,183,1502.950735163149,0.11167240208402204,0.042415337587551186
AirQualityBench,18,80,1456.198681259886,0.18791551861109687,0.007653275268172427
AirQualityBench,19,234,683.7910223601112,0.3177567495825671,0.00824211407299692
AirQualityBench,58,72,1794.2370263767443,0.08488225293048815,0.001407405188901518
AirQualityBench,236,245,15378.437518723427,0.01886072055426569,0.010796316793764632
AirQualityBench,76,84,3153.712750891615,0.054082252543196895,-0.001379546574412608
AirQualityBench,142,157,3059.9570151898834,-1.2995162143802794e-05,0.00504229552996218
AirQualityBench,112,179,1916.1956062306097,-0.0738860396508612,0.02077817514846493
AirQualityBench,80,245,16297.719039670832,-0.022804877441553788,-0.00778655291171057
AirQualityBench,149,214,3389.4983868118534,0.06515065492216934,-0.01612043958938849
AirQualityBench,237,243,3152.182867985375,-0.03765152380625204,0.000467621970777212
AirQualityBench,3,214,1494.2083230259154,0.15277727003033986,-0.015132827930592169
AirQualityBench,44,88,2834.798346640057,0.006647818015672253,0.002841800319665012
AirQualityBench,144,209,3688.4845143937237,-0.027783394493670264,0.00013949654786818847
AirQualityBench,37,181,3772.3056406485002,0.012627221923157773,0.0007557359607156096
AirQualityBench,44,94,534.2937131128649,0.3042714812874,0.029609913307518734
AirQualityBench,136,243,65.15993899797158,0.3529052100969525,0.07328440424850383
AirQualityBench,38,66,3167.976117336552,0.009069482102348548,0.0036314984652157127
AirQualityBench,60,142,276.8208374808867,0.3085894014521201,0.03183960324167714
AirQualityBench,113,163,450.2975900507525,0.42234168033511243,0.06195545280187141
AirQualityBench,95,187,3671.9522095682905,-0.010958437827006994,-0.006446832583152893
AirQualityBench,73,198,20.282812403254653,0.5912459802629416,0.16292329430031655
AirQualityBench,62,166,593.0413999135775,0.3093045318218885,0.04056511612991369
AirQualityBench,212,246,331.7471049150906,0.2861984930156507,0.052218841927585864
AirQualityBench,154,195,925.6794776031621,0.2400886456539405,0.007834808389793493
AirQualityBench,122,210,465.3459947084799,0.46099787219153116,0.058200894446012646
AirQualityBench,13,188,621.7623255640783,0.414706105094105,0.02818469593417545
AirQualityBench,142,229,1291.8367508806223,0.1474295772103854,0.016878362508748943
AirQualityBench,9,208,8398.70279297474,-0.007133589040374895,-0.006541502860511696
AirQualityBench,127,168,355.1520903275288,0.32396084329182007,0.0479544121481003
AirQualityBench,186,192,619.8440035357378,0.33561563731863714,0.03604859069838763
AirQualityBench,111,154,354.41001964685734,0.35511453611056537,0.03245303346124318
AirQualityBench,88,169,300.78335799608516,0.5796398556613265,0.0860073983465666
AirQualityBench,17,19,14711.945716955428,0.04204667173887286,-0.0056033419751996185
AirQualityBench,7,69,8676.81375947983,0.03581314131254907,-0.023540276235858776
AirQualityBench,47,161,422.45539726064385,0.5245186946295681,0.0741070941158896
AirQualityBench,95,188,3154.0080194756615,-0.03417135202142955,-0.006720298523927574
AirQualityBench,83,146,1272.4793435762185,0.18799700036815958,0.04098986976862083
AirQualityBench,9,48,2675.2734125612324,-0.030663737801079016,0.01475061695401629
AirQualityBench,211,242,3327.1391957654887,-0.01285126334181692,0.002957711641510116
AirQualityBench,210,213,2696.76205780911,-0.047124436730871654,0.00958773347060193
AirQualityBench,45,129,1591.9732819154822,0.1020778237050564,0.024073002708406212
AirQualityBench,215,229,977.6190409490376,0.1965968751640537,0.07625485457668839
AirQualityBench,159,166,410.48698620045207,0.47261484170901136,0.05905085132512255
AirQualityBench,99,208,6109.426949838058,0.011578715669388333,-0.0197652347943968
AirQualityBench,80,100,1079.2033831490485,0.10640473116313572,0.01701514129491116
AirQualityBench,43,87,2563.6931340727333,0.04268942487872676,0.010709218357900247
AirQualityBench,73,177,3737.648779913253,0.002366114147673093,0.007822393101702994
AirQualityBench,7,160,7414.881651620541,-0.016200246654127753,-0.013952698630428879
AirQualityBench,123,131,935.1407941934514,0.2315533049969185,0.036450472751018606
AirQualityBench,61,223,1242.5215764512564,0.2261712700938725,0.009105255656999378
AirQualityBench,51,155,2583.0857541940095,-0.021978864237349183,0.007974546090442623
AirQualityBench,186,226,3919.16190142501,-0.03471920618866852,-0.006553782281506611
AirQualityBench,41,137,2921.275906559113,-0.01766006165153137,-0.0014387973597275033
AirQualityBench,11,58,2834.944965232488,0.012664853130730331,-0.0019300848779513864
AirQualityBench,89,199,1709.1540825577913,0.054263395011131775,0.0017463748067863551
AirQualityBench,26,225,3739.188706670791,-0.02511168224987925,0.012086577614524667
AirQualityBench,49,139,3664.6583059140785,0.08794505114474718,0.009452304289963976
AirQualityBench,65,211,507.4922709999785,0.2770452465498654,0.03525678770857028
AirQualityBench,43,56,3837.4777568657064,0.06280204911553702,0.0045590489849607245
AirQualityBench,73,133,3621.3088902727072,-0.015017012074087158,0.0010598586514066752
AirQualityBench,22,149,313.71045447249026,0.6542522410697318,0.14402850466340616
AirQualityBench,211,238,417.35481006955945,0.3133412586753023,0.047949145969984446
AirQualityBench,21,85,2782.610850947406,-0.04026097160366871,0.005651060358256364
AirQualityBench,156,238,2972.1522555293086,0.0001922246714023477,-0.003113830901031503
AirQualityBench,84,226,3809.6031052463327,0.0015107549178372255,0.009969833892144788
AirQualityBench,12,88,2768.3547591313486,0.01445646064118534,0.0025075479320189713
AirQualityBench,63,193,652.0181722243333,0.28325557530765827,0.022328181274937523
AirQualityBench,155,190,422.1337442006398,0.5892793544793269,0.06102041182372212
AirQualityBench,110,160,2381.040910750768,0.039381884971583354,0.015443853809192373
AirQualityBench,51,244,4430.355499908283,-0.007361588100543977,0.010280689327519892
AirQualityBench,22,92,3460.7600273690023,-0.024145671536581877,-0.0060762813414556496
AirQualityBench,37,229,1298.0833153956414,0.10776505502212727,-0.0010273245503048224
AirQualityBench,74,198,3260.8174742303277,-0.04175788583264425,-0.0009870964614984235
AirQualityBench,120,167,3406.863291749975,-0.029982470389440987,-0.0071473708777865935
AirQualityBench,27,36,2505.913430648731,0.06940888303222487,0.005373141549195536
AirQualityBench,59,134,552.6342098067194,0.36423192325122156,0.039681708751284996
AirQualityBench,7,182,6278.29646159462,-0.06889270451655291,0.0024115523216866252
AirQualityBench,182,227,710.7075041864754,0.38767070948783455,0.03686753863411128
AirQualityBench,32,193,2789.86051448319,0.04599732942146405,-0.0004843874413678927
AirQualityBench,210,224,411.5479861685324,0.5578970140360813,0.0610329140428869
AirQualityBench,110,126,515.6417670090143,0.19454108010911256,0.07235495632377674
AirQualityBench,149,232,3992.7142893342634,0.050518145417910075,-0.01492363544795562
AirQualityBench,138,249,2203.456864529169,0.08726381033904597,0.020980795666196036
AirQualityBench,54,178,1927.488314884638,-0.11460559246738039,0.0030191062964365903
AirQualityBench,5,72,1390.505733086711,0.05944210511837021,0.033923672226883306
AirQualityBench,135,165,3455.6947733077195,0.01803805381974615,0.011221808173249135
AirQualityBench,82,197,361.384509604736,0.5519796167047207,0.08639241154310409
AirQualityBench,7,28,6588.85005943678,-0.08222784788139652,-0.019822873564326566
AirQualityBench,36,203,2938.1677521567276,0.09706158361626487,0.009836465340465077
AirQualityBench,63,150,2229.560836832582,0.07512215323292544,0.0002327007396417089
AirQualityBench,144,148,2963.465969903028,-0.033803058228148955,0.001039087119563976
AirQualityBench,104,176,1575.341488549187,0.15278624521818157,0.011850206397227817
AirQualityBench,66,195,565.9814005271684,0.40021887581798554,0.05807018218217696
AirQualityBench,47,214,2375.393555507138,0.05558227812479554,0.012649468815212082
AirQualityBench,25,69,1203.8735072430652,-0.017305921233371744,0.04303462168913576
AirQualityBench,8,16,7611.045450025424,-0.06785392466004554,-0.04409429755367488
AirQualityBench,69,205,2935.216454908819,-0.03456356238755077,-0.001185813293246217
AirQualityBench,19,193,3047.330330712453,0.08881785554492927,0.0004078718125438627
AirQualityBench,127,216,2765.9605566696773,0.03022191909459256,0.0041910981859677255
AirQualityBench,47,228,2670.9895949897605,0.05945018337516109,0.007840308598161998
AirQualityBench,9,128,148.8695910728224,0.34600762219013753,0.03257271659232872
AirQualityBench,174,216,1039.0181536287441,0.20830161557603058,0.03152926430902123
AirQualityBench,36,54,1519.504865327899,0.12154043788643071,0.004226695290896131
AirQualityBench,11,73,438.74380119324786,0.4210833641241381,0.044039073462570966
AirQualityBench,54,87,2525.5672652565236,0.06603391196909324,-0.005911722119390251
AirQualityBench,101,207,2033.3319591627364,0.04644350053517111,0.022269854253028354
AirQualityBench,113,195,247.09774364709756,0.6571810235525114,0.158138882365142
AirQualityBench,4,192,7352.321404413527,-0.003046433000637449,-0.01382984776509756
AirQualityBench,63,186,3566.336702656324,0.01738231121047973,0.0007308471205908763
AirQualityBench,95,130,3206.027685695198,0.015105747787532249,-0.007517969116675666
AirQualityBench,39,140,3108.5434574615497,0.11142926207372626,0.031313785186584196
AirQualityBench,137,205,2912.5767932035906,-0.009236186832811733,0.00820577905507861
AirQualityBench,203,209,761.514944548514,0.29078356370094244,0.04690838108206865
AirQualityBench,155,242,587.8685135786538,0.5115246938412372,0.05072002438812342
AirQualityBench,183,197,2167.3673105053203,0.03937517528574767,0.015095678585567636
AirQualityBench,2,19,2716.313826455448,0.09753989810326416,-0.0059093108910331415
AirQualityBench,45,208,5262.533322928672,0.0014835747375505377,0.0016979670716514618
AirQualityBench,43,181,3733.270965728813,0.015374465278892526,0.019706112316258823
AirQualityBench,138,192,1517.4429512352078,0.20289362630221322,0.03182475465199226
AirQualityBench,147,203,648.1852316456609,0.40238906792124973,0.07674650002219208
AirQualityBench,10,30,2925.958969232397,0.029435050871853666,0.0002648897850265628
AirQualityBench,91,218,105.08682048654666,0.7539425608975027,0.1719586906306069
AirQualityBench,44,131,2521.189131848896,0.03189345793003535,0.0020717849020100835
AirQualityBench,93,236,3447.9107174498668,0.04138310289038747,0.003549574355325698
AirQualityBench,111,209,1481.2104001142113,0.10088994281972927,0.0027550597714574034
AirQualityBench,150,243,2605.943018061897,0.03697347313021286,0.003730908495963394
AirQualityBench,206,207,3896.4684925075107,0.01801531292556158,0.02118404283917092
AirQualityBench,68,98,1675.6152373871926,0.0988668863445226,0.005432242158995167
AirQualityBench,34,36,1615.9908873032023,0.11820554920660252,0.02466516866915202
AirQualityBench,54,205,2810.9923553819954,0.019066119933322995,0.009872455881572637
AirQualityBench,63,249,243.8719612412076,0.6045364241962102,0.09630369109365165
AirQualityBench,171,246,3538.404598394912,0.08749353806909269,0.029634159400215857
AirQualityBench,38,151,1926.9265540053152,-0.06502828757075836,0.010886987267991009
AirQualityBench,15,41,7410.40193741939,0.001692965618716944,-0.0025564498313735144
AirQualityBench,72,155,1672.6977242080534,0.13338649885666878,0.00954606350835941
AirQualityBench,16,44,3448.14836146161,0.07396036911299898,0.021293362167985743
AirQualityBench,24,105,1381.299745435776,-0.04004456768909412,0.029349309840146453
AirQualityBench,23,104,1748.4439134111367,0.08426552802924957,0.013403854683602045
AirQualityBench,40,233,1993.0934829503522,0.0475489167753895,0.013727906559520487
AirQualityBench,70,108,2542.385439336379,0.05673454935694603,-0.0001310921843048232
AirQualityBench,5,219,3582.1748405223075,-0.04890834288713851,5.878169114981989e-05
AirQualityBench,124,230,4016.018325038042,0.03229649663650841,0.012870572991592538
AirQualityBench,25,53,2775.0674093740654,0.028392221471137416,0.024290122270152963
AirQualityBench,30,138,833.5459890277252,0.3145876708317985,0.02764456831271023
AirQualityBench,145,187,3667.8421804606182,-0.024753537820342265,-0.00399032597210472
AirQualityBench,101,212,3179.5892653436695,0.05691064057700826,-0.004762418712446668
AirQualityBench,221,246,526.5382722914254,0.2427737328525028,0.04481816737515686
AirQualityBench,125,173,1102.1434050131259,0.19783577354626333,-0.008319953319898496
AirQualityBench,35,111,2175.356225147916,0.050465051703665956,-0.0001963778474508745
AirQualityBench,187,218,1193.037400040477,0.23861554740744592,0.021404931884126337
AirQualityBench,78,105,2062.372785378687,-0.04067331128214877,0.0045603810919664246
AirQualityBench,100,158,3911.305946647031,-0.022451738228594417,-0.0021998287819390244
AirQualityBench,34,134,1025.2053434322015,0.2571321230250872,0.048607196621401644
AirQualityBench,60,204,1676.3227779297238,0.02282299211196953,0.020693454733616196
AirQualityBench,49,163,3470.1328077936873,0.09148707484130712,0.024703093465186645
AirQualityBench,200,231,3134.0704714416934,-0.01980658596254432,-0.008524743448320923
AirQualityBench,99,136,3086.2635682555033,0.08359012425361391,0.020274696871904974
AirQualityBench,90,111,949.7802636246004,0.21491246395145308,0.011373417345464104
AirQualityBench,41,247,1080.2092112857654,0.1722103182607945,0.04607494288994022
AirQualityBench,35,151,570.1975671179615,0.30721635300843764,0.048961741442888555
AirQualityBench,104,186,1716.5382685155305,0.08653708112477626,-0.007489697157225573
AirQualityBench,0,9,3304.222115816449,-0.0133541606979743,0.0004931453623332892
AirQualityBench,17,76,12282.383442002372,-0.09202607039017964,-0.005499592507286634
AirQualityBench,150,232,2686.587147080808,0.05381417697442369,-0.008405704845928445
AirQualityBench,5,247,3783.544596897036,-0.005877280628443885,0.012787602681049316
AirQualityBench,89,102,1575.717824431264,0.07175195320417628,0.014163593729258463
AirQualityBench,105,198,2174.7858283196265,0.025790677775376507,0.003301223384211385
AirQualityBench,48,83,1244.3366464757196,0.21679484010280242,0.041471080727278765
AirQualityBench,131,173,1113.624485478064,0.20823449221478652,0.0361296044356977
AirQualityBench,74,164,1544.2469371296684,0.1401312562473843,0.01813636072862469
AirQualityBench,11,194,8352.257454584926,-0.023484519415734706,0.0034176576212506826
AirQualityBench,13,203,887.5495369185147,0.3454593579093608,0.03827194260847409
AirQualityBench,35,218,2468.0722846229155,0.03456186841125382,0.006872989423176967
AirQualityBench,215,223,2483.149669487151,0.07490211428736974,0.004537072348884917
AirQualityBench,11,136,255.82960933589982,0.4948509383088269,0.07680087862338959
AirQualityBench,0,239,3260.882074815103,0.031511412660892434,0.0025410370110165964
AirQualityBench,92,150,2341.6867032488467,0.030651589216187724,0.003994449942386951
AirQualityBench,40,71,2419.8522703901463,0.014896053729329499,0.015778431146192016
AirQualityBench,203,236,681.809388578897,0.3812996904617876,0.08632932331379568
AirQualityBench,52,55,302.29299126892,0.5561556484721315,0.11530621930177923
AirQualityBench,31,177,3229.9827296060394,0.042866551599069894,0.011349961750366686
AirQualityBench,11,120,220.85174116400256,0.5531483359208295,0.07912107861696542
AirQualityBench,91,99,509.3299074443278,0.40500865625902116,0.03668201156301552
AirQualityBench,240,241,3411.4421732246765,0.024294903764566167,0.008788066930583285
AirQualityBench,86,137,3685.4838842353292,-0.013046452297897103,-0.00034945831176514384
AirQualityBench,91,219,931.608432928953,0.33421381018090734,0.009067521758243388
AirQualityBench,72,88,1811.2078974683302,0.12661014608561524,0.03046016712459573
AirQualityBench,150,187,1424.4720620830844,0.1364176641749006,0.009700384974162233
AirQualityBench,86,178,3177.3471692566686,0.07352829538371383,0.014803916968605989
AirQualityBench,160,235,1403.9750480154005,0.23044653181251662,0.006390871753446895
AirQualityBench,82,142,2644.184259974992,-0.019036253716568204,-0.0013147594846392083
AirQualityBench,37,124,3833.916540502248,-0.029885327805767383,-0.005764095589200038
AirQualityBench,125,216,1229.1541924619964,0.2322011188965773,0.0047265026780586635
AirQualityBench,100,143,3606.9022255651453,0.03176788016261209,-0.007855694843523888
AirQualityBench,28,191,923.1324058214932,0.262184184710155,0.023615306394200005
AirQualityBench,178,230,1517.8482832376671,0.21281005726209645,0.06404449158169895
AirQualityBench,92,111,2309.722294759142,-0.032543966360971385,0.012298786641216449
AirQualityBench,107,233,1586.6381333681627,0.023942440162225437,0.018173924988924124
AirQualityBench,103,229,995.154870406901,0.22030855285077716,0.04774469921877901
AirQualityBench,170,225,4100.992266143312,0.09169283532883436,0.004688987196772615
AirQualityBench,105,140,1261.044318355512,0.13302998864998244,0.015284932028425829
AirQualityBench,48,198,2696.19978637892,-0.047535329862997265,0.007304381460041781
AirQualityBench,6,144,8542.548035588037,0.017451115998274327,0.010386528778856737
AirQualityBench,15,90,7312.288045349966,0.00027837750309132154,-0.023647712134121264
AirQualityBench,55,113,631.8055411905834,0.3889893565219847,0.06630843622121031
AirQualityBench,175,194,8468.490342802537,-0.0834096653204273,-0.01607611647940948
AirQualityBench,113,213,3112.6172970344887,-0.024822690859455772,0.00742481781406885
AirQualityBench,105,116,1031.8483754671333,0.13583546180644224,0.0017779140082371206
AirQualityBench,58,165,580.9740595282548,0.37090972942301587,0.027497777833148763
AirQualityBench,138,140,895.6667082633721,0.2382767994945746,0.03737394161597503
AirQualityBench,63,109,2018.8495657357669,0.07399986444272807,0.01567911529673081
AirQualityBench,20,130,509.97460640614804,0.2937621620125133,0.027326043600464443
AirQualityBench,157,178,2416.3892286255273,0.014675326722065748,0.004019986412899706
AirQualityBench,45,222,2268.790003413462,0.020998038828677557,-0.0005886338380426168
AirQualityBench,54,174,3207.37828417496,0.06392533811037547,0.010088949819704466
AirQualityBench,94,226,370.9252233941616,0.3586984999656886,0.04351186355487211
AirQualityBench,131,237,1546.3126682170198,0.09733014894446607,0.013989271848585715
AirQualityBench,38,233,1929.0090945409877,-0.0421158181675654,0.005042005120246667
AirQualityBench,169,192,801.9522830367271,0.34657613041975804,0.03255662957709499
AirQualityBench,84,155,1225.0802338251087,0.1874287931534247,0.014375381263179922
AirQualityBench,12,191,3162.359995809436,-0.013226120527870014,-0.007486184891988493
AirQualityBench,88,228,2385.8547595152813,0.043650049907768655,0.0019402802110756693
AirQualityBench,112,154,2190.073080839629,0.026855512640506514,0.010792287980453863
AirQualityBench,89,117,2746.1928062378706,0.022028853893967682,0.006964057511817104
AirQualityBench,90,247,733.1698314952706,0.2776412634648218,0.05131449131639201
AirQualityBench,93,164,3252.304265853905,0.08042468502246242,0.008883623529695801
AirQualityBench,8,73,8363.498449340239,-0.01548709733694279,-0.005937339612418935
AirQualityBench,9,115,985.2294123822586,0.20064397217806942,0.027972259017810388
AirQualityBench,65,205,2584.0667318892583,-0.007494532279855581,0.013193988973933266
AirQualityBench,47,117,842.3921099881975,0.330990069280684,0.04260958334502136
AirQualityBench,104,195,1063.736506572279,0.269508231931916,0.0230828001739068
AirQualityBench,40,135,2772.7195491955545,-0.03867180132082699,0.005071165465740004
AirQualityBench,49,238,613.6691758769065,0.33214479825405097,0.04948887616572243
AirQualityBench,155,248,7973.429676555032,0.019472044339621,-0.01635237392116145
AirQualityBench,31,107,2083.2608481272655,0.05317087306997209,0.025588317529205252
AirQualityBench,163,195,526.5724915021426,0.4197410031192181,0.07822272444194185
AirQualityBench,97,115,1091.7918173851958,0.13137477912388212,0.021425487240876125
AirQualityBench,88,162,573.080621054989,0.43162156314613254,0.05165324463274939
AirQualityBench,8,128,8385.002681583386,-0.04051273245165099,-0.006385506450776703
AirQualityBench,162,184,2825.0688072721973,0.03089450801692095,0.00709663504177228
AirQualityBench,98,222,616.6885227223722,0.4118299394122298,0.02368171132736362
AirQualityBench,183,194,9162.196800276466,0.023653614790216552,-0.01546668000789156
AirQualityBench,17,96,15044.677074638304,-0.0009172459219019871,-0.005842054987026826
AirQualityBench,78,169,2625.3115108798065,-0.08271103251324959,0.014263975386484768
AirQualityBench,151,220,701.5226871937326,0.2640612580877167,0.02402014524447117
AirQualityBench,45,132,3828.9855652134024,-0.020060433568980362,-0.016148932425079802
AirQualityBench,56,183,2960.7908172230987,-0.001231958892052682,0.0031320256743716957
AirQualityBench,56,66,1222.2878063972705,0.1258168885108287,0.026857880041731817
AirQualityBench,121,212,387.7403340083266,0.3992472976584877,0.04995001950599245
AirQualityBench,46,73,508.2595679218946,0.4301809330805629,0.052322787496302564
AirQualityBench,196,237,2785.4058964197984,-0.00575726532703772,0.002001370728976584
AirQualityBench,5,42,3511.8132139757695,-0.001195069629884675,-0.00022756432087630324
AirQualityBench,88,212,2818.318970817956,-0.07892343015226273,-0.007668236190456877
AirQualityBench,118,130,3145.3305222260474,0.06483242479973977,-0.0009484998499476686
AirQualityBench,102,172,1601.6444528276427,0.09563356303798656,0.013562650760150811
AirQualityBench,143,215,1598.9867705422362,0.058301299527408916,0.020575706459471224
AirQualityBench,82,149,1321.216906119133,0.19343788257945743,0.019207131363988786
AirQualityBench,135,144,568.7751453690901,0.3811569053022386,0.06645820022905817
AirQualityBench,42,173,1078.023553686351,0.17079664799784944,0.036690326031820424
AirQualityBench,126,145,500.7297303346093,0.361838951407415,0.06338557068568591
AirQualityBench,24,174,2320.9278576426927,0.0784537978744766,0.04003629630665766
AirQualityBench,94,209,3900.3446409932453,-0.01505217064434845,-0.000451547587518531
AirQualityBench,27,217,1087.3293841760653,0.3196124338875264,0.04428778098756193
AirQualityBench,112,178,1921.411714302875,-0.11623138447299503,0.011747804382464743
AirQualityBench,119,132,2654.441262079212,-0.01857764639031751,-7.405527300879264e-05
AirQualityBench,83,102,1423.28240773139,0.16409390800967716,0.028512965883801884
AirQualityBench,35,53,2790.3127813515757,0.02728637081723841,0.0020338295949014363
AirQualityBench,64,172,587.0191432391073,0.2800281933187785,0.07170135113734924
AirQualityBench,38,239,850.5401522305378,0.17855997554383987,0.011934497824277539
AirQualityBench,114,214,2201.156783783584,0.0758196378669617,0.028314717788670757
AirQualityBench,48,82,72.1126427666913,0.8761810126985802,0.322622054501553
AirQualityBench,150,207,1472.351972510912,0.14541926455027443,0.009651468821396447
AirQualityBench,4,216,7671.309150572547,-0.02157797000283563,-0.01661363934741313
AirQualityBench,43,214,1459.220226988475,0.12042217888513966,0.014774121549494845
AirQualityBench,66,242,468.37365506548247,0.5528304565357466,0.07786995159306162
AirQualityBench,64,188,2832.0504924814886,0.06809507000518589,0.0015143064198170598
AirQualityBench,30,163,774.0339476245858,0.34798071728224433,0.03636607517130194
AirQualityBench,159,216,199.8672984089124,0.7132935620805586,0.15100513053903797
AirQualityBench,34,197,757.8913517172018,0.2989135778646474,0.04336590238843282
AirQualityBench,42,114,1281.165753298045,0.1648094090975325,0.03382984637593775
AirQualityBench,110,176,3725.3262578689,0.04942133377582106,0.0047864836001436616
AirQualityBench,69,222,1555.9763953622144,0.020523335456724086,0.006216036574052101
AirQualityBench,7,222,7725.710311380133,-0.2406710351348006,-0.019290610201263197
AirQualityBench,175,182,3195.3790916705675,0.06068900565299918,0.013123459916487813
AirQualityBench,106,149,686.4704927520886,0.3800224986653309,0.06599039887637344
AirQualityBench,20,59,240.8458960635354,0.48224474431926473,0.0340225896813486
AirQualityBench,197,216,196.78013876123472,0.6788376329512565,0.1338503769053906
AirQualityBench,133,232,3687.060993673683,0.041388259214474,-0.0016586762212892306
AirQualityBench,69,135,161.94166086824262,0.6183586481947331,0.1526420361662621
AirQualityBench,140,160,1505.5191114662252,0.12676728614195584,0.03169811050994962
AirQualityBench,27,46,3015.59929569847,-0.01326277220068369,0.004664221246855565
AirQualityBench,140,232,3392.412897990104,0.09257744806266696,-0.008300480607682131
AirQualityBench,49,173,2865.5584181442327,0.07771181084179804,0.0071139224256405445
AirQualityBench,108,143,2142.9186493988987,0.0830428670510705,0.025077695654078584
AirQualityBench,110,170,691.8049072945022,0.2786838872235367,0.04438920752155374
AirQualityBench,84,99,727.906445857312,0.3426436392937468,0.06301337864199508
AirQualityBench,33,38,1349.8797823175162,0.13439526255427509,0.006684500267507436
AirQualityBench,45,53,754.1539942157805,0.2582309343159202,0.02405554511587029
AirQualityBench,101,175,2153.4227073338407,-0.011968261741566531,0.002670013722780472
AirQualityBench,174,182,2136.818286972842,0.07416483395742629,0.014684769630399082
AirQualityBench,58,202,12233.54828974317,-0.04769858821117351,-0.009892460602983965
AirQualityBench,187,213,3662.7047996715582,-0.030401248249329955,-0.002166028470427899
AirQualityBench,40,162,656.1076237993987,0.38991607932023303,0.030502983250539264
AirQualityBench,85,202,11596.626205783567,0.045348646868581734,-0.005303739098762135
AirQualityBench,60,238,149.07781890372388,0.41604263115002976,0.07555255737997446
AirQualityBench,209,240,584.3781723233084,0.4413288509248958,0.05424723338461462
AirQualityBench,81,102,2300.398057908721,-0.01156271890839238,-0.01628071504712892
AirQualityBench,38,126,1210.90353392378,0.12103575646984616,0.010159027600984758
AirQualityBench,28,179,3600.5627778811913,0.037619220420641065,0.007796176760419994
AirQualityBench,96,210,931.6989651455754,0.21756798197097818,0.026596076973237456
AirQualityBench,71,125,3607.1802343077115,0.00405295200810969,0.010228539884011277
AirQualityBench,39,71,916.9860749173371,0.31666444394520704,0.06148175029472017
AirQualityBench,7,181,6150.179197075873,0.0154097267084876,-0.01228069116439383
AirQualityBench,5,125,3933.1551047192415,-0.08595899983386128,0.028160390362587932
AirQualityBench,31,60,1338.7058995770913,0.020092190179233835,0.06634409004868749
AirQualityBench,160,225,1577.7220906620107,0.16695839823975364,-0.004319175593682071
AirQualityBench,214,238,1323.6269713484085,0.10179118412930054,0.03365585968470923
AirQualityBench,17,205,14653.526026407397,0.049679821830353146,-0.004301090865204583
AirQualityBench,48,137,2683.151976247778,-0.020440235018577228,0.009297332837188742
AirQualityBench,51,83,3261.97180717684,0.08317162594137385,0.009789504887403476
AirQualityBench,38,142,665.0502252073386,0.1853760026289413,0.011294041862880723
AirQualityBench,1,75,911.9193931161731,0.2575472764956354,0.016873801136191177
AirQualityBench,6,111,8003.651943402931,-0.00977621321040083,-0.010392377881864154
AirQualityBench,69,193,349.62465940290446,0.3725403848578501,0.04719801253990653
AirQualityBench,65,99,2810.018819128277,0.0620123684814374,0.017157629661231633
AirQualityBench,34,190,1239.3480409397532,0.203893454618723,0.033360746990835376
AirQualityBench,161,237,814.4303547930816,0.3126779367285695,0.020397638575160065
AirQualityBench,60,82,2455.122578498575,0.036219653425218684,0.012660841234948856
AirQualityBench,174,194,8206.323875908953,-0.028761931964530193,-0.04447969499525472
AirQualityBench,36,172,474.75303628115574,0.31398413633298705,0.08471467906217627
AirQualityBench,35,238,1407.1024286740528,-0.05502530543797475,0.02099694427123409
AirQualityBench,116,157,2169.5853047406795,0.07219480241197056,-0.003083874581208308
AirQualityBench,74,246,3037.6941914209874,-0.014764489483409917,0.004413601303583909
AirQualityBench,35,154,1925.940823863253,0.0655441615309698,0.008377848890241804
AirQualityBench,75,229,1599.673800809471,0.10261961864096018,0.027957049114842973
AirQualityBench,19,228,2581.4483371663005,0.045904954847912544,-0.0003271945904291584
AirQualityBench,9,178,1854.238536843052,0.05843192972448796,0.031482196973771644
AirQualityBench,123,233,1929.2868467862695,-0.014552540420373555,0.0024364844363254576
AirQualityBench,148,187,1087.2329620640076,0.2470567774132876,0.02318706701892561
AirQualityBench,5,43,132.33404921456275,0.31219682274253696,0.07981101886324776
AirQualityBench,38,109,3182.3867863169503,0.015091228613087426,-0.001226638380482846
AirQualityBench,83,149,1795.4373665559883,0.12891591106588962,0.03900743880117876
AirQualityBench,48,85,2720.4043314149917,-0.034216017718206176,0.003858783638042543
AirQualityBench,24,95,1602.7762337842444,-0.04836080372984759,0.013071382716688744
AirQualityBench,148,177,770.8077361849281,0.2923982891841156,0.04152846266386912
AirQualityBench,151,184,781.9629261136376,0.035061027037457324,-0.0006863760035969072
AirQualityBench,89,204,1004.1593099124475,0.07670364961133705,-0.0022069167990858536
AirQualityBench,202,229,12259.350264596358,-0.08790674089432737,0.03819600603093891
AirQualityBench,114,144,2843.005213852603,-0.03351182556423499,-0.005989190417014242
AirQualityBench,142,226,414.0034704973517,0.36929267676495064,0.032591439053092294
AirQualityBench,84,129,1296.859353746531,0.0760394497849957,0.024378670112867127
AirQualityBench,31,240,3044.164454301146,0.054501000226558134,-9.233277702728581e-05
AirQualityBench,22,233,2946.1672716553744,0.002923801801664855,0.01526740154972664
AirQualityBench,73,129,4481.853451491955,-0.005436618281715223,-0.0035607736811014987
AirQualityBench,126,205,2984.3159188859754,-0.12956459590311556,0.00917522551660791
AirQualityBench,92,152,2914.6443286099147,-0.004897981925381052,0.014392903556888794
AirQualityBench,140,158,3282.587153990705,0.10258204380840133,0.0167006432059699
AirQualityBench,9,245,12712.853281672866,-0.005299265741833075,0.000816935592068509
AirQualityBench,184,208,8497.218125856278,-0.06272902587250323,-0.006940740968847463
AirQualityBench,95,214,1517.034139971924,0.13968886472986564,0.006192610278307063
AirQualityBench,148,202,12011.460350738835,-0.022316573327313856,0.0024923844014391686
AirQualityBench,1,91,393.6474410275823,0.4722649182684437,0.04490697843759111
AirQualityBench,92,216,2533.2545141142987,-0.01586497288255965,0.008532057799443523
AirQualityBench,1,33,3219.94307013488,0.02492375603464601,0.009102460151529001
AirQualityBench,28,247,1206.5217323645686,0.19916711018217312,0.02978032940134567
AirQualityBench,156,216,211.36097371453616,0.6630968254819988,0.1097901198035895
AirQualityBench,237,249,3068.7593425202035,-0.004057873132250246,0.016250494858711852
AirQualityBench,29,208,5532.119167780114,0.015510593990402596,-0.005612050732754659
AirQualityBench,120,249,368.2091921098004,0.42682267835366666,0.044084523879411495
AirQualityBench,189,225,919.3538575424324,0.27337144774722827,0.01320511457092539
AirQualityBench,62,118,2448.763200261685,-0.02024372556147955,-0.00326962865951062
AirQualityBench,8,53,7257.650892751798,-0.02796851730637688,-0.017101219492611192
AirQualityBench,72,181,3120.7183754221987,0.08926144722922136,0.009636661453169866
AirQualityBench,208,234,6104.222428029445,0.014967097149284578,-0.003060621788370096
AirQualityBench,122,229,2432.474708708576,0.03178085426449312,-0.0021388421467765308
AirQualityBench,35,113,2776.827056245653,0.05345406940827368,0.004224361324214622
AirQualityBench,95,116,1360.0652948766506,0.16284549589043928,0.015248317824617922
AirQualityBench,2,151,559.9126133427504,0.28094091628946444,0.042501425208655505
AirQualityBench,32,159,355.31606268047733,0.609355340609456,0.09006435232706893
AirQualityBench,46,62,2476.206002773534,-0.024158610125110735,-0.011956144378678505
AirQualityBench,29,41,559.8509336718546,0.47285922606109404,0.08161722511677236
AirQualityBench,35,71,1617.27354243844,-0.05405805633315639,0.036066896849032956
AirQualityBench,26,178,1349.672336138225,0.26389662677285447,0.06075959838336599
AirQualityBench,158,181,3885.351539850507,0.04089082481961622,-0.007001578030367668
AirQualityBench,132,249,185.39231420853474,0.47121031933049934,0.08523930140199953
AirQualityBench,1,180,1217.1723312703723,0.20843668422136621,0.011007871829308695
AirQualityBench,22,52,264.97482143006107,0.5826837239571123,0.11283001354468825
AirQualityBench,232,233,1150.467575841088,0.16057350996984243,0.017703503557341498
AirQualityBench,107,138,1099.3250912414596,0.20535870861488473,0.0337023909516868
AirQualityBench,6,142,8521.133795056081,-0.021676094809582405,0.008818934206951947
AirQualityBench,51,190,2988.835570480974,-0.01885725460446275,0.004617916298324483
AirQualityBench,61,135,3158.190294076713,0.007217739135069953,-0.0015900527494980162
AirQualityBench,16,53,572.3871461445226,0.2929314356516554,0.04803564037527094
AirQualityBench,69,176,3792.4708811191736,0.02767143548396211,0.003710410531996137
AirQualityBench,146,159,619.2411811628253,0.43038866888745825,0.03134295261663874
AirQualityBench,57,232,3186.8194653775704,0.058838821276176054,-0.011627482217490987
AirQualityBench,95,225,3935.2563871553157,0.08386252007779176,-2.5853975242882854e-05
AirQualityBench,44,72,1353.1734164270488,0.08520758492157414,0.012851674682845367
AirQualityBench,49,186,3819.679352417012,0.07255105297893215,0.015948981210825695
AirQualityBench,83,107,1427.275666116618,0.15070934850296014,0.020926938073565833
AirQualityBench,21,23,1199.8215286113752,0.16192581816572107,0.004319027639356917
AirQualityBench,33,49,247.71978506125382,0.43475995332292827,0.0770562504085858
AirQualityBench,207,228,3613.970714669682,0.040654762588347944,0.006041753993639242
AirQualityBench,226,241,1084.4155336131873,0.1814304324908008,0.024744735622378698
AirQualityBench,95,149,3902.7299304485746,-0.012859652810038041,-0.00774636685653177
AirQualityBench,96,122,582.0032863129265,0.3192721547737863,0.06715639346278553
AirQualityBench,42,97,3505.21898140401,0.041721749237776724,-0.001524370937495837
AirQualityBench,29,132,3526.595556385718,-0.04011701510551507,0.007905457908147834
AirQualityBench,97,131,2541.643543183013,0.04121208102894645,0.00736765893277163
AirQualityBench,208,245,18698.95198481017,0.0024231307799517927,0.014751821203951182
AirQualityBench,195,249,2983.685434060609,0.06903950125813925,0.03057938212028895
AirQualityBench,140,245,14646.137444175281,-0.005228248106047724,0.00034227201164643676
AirQualityBench,97,187,3648.968083366816,-0.012499085049924948,0.006377928557910836
AirQualityBench,12,164,3399.167139631658,0.04229661513097784,-0.006909741863161181
AirQualityBench,2,157,2575.9592452177703,0.0417881802904831,-4.543211269588824e-05
AirQualityBench,28,165,995.1003107574329,0.28089469301754116,0.03387209264436804
AirQualityBench,100,135,3924.970230140099,0.01300989405470966,-0.0034074319591858517
AirQualityBench,217,231,3950.3932704664467,-0.019455936662763025,-0.005620305803104475
AirQualityBench,48,203,748.3391131247353,0.4141018208310239,0.04099800556802335
AirQualityBench,78,117,3844.0705405078206,-0.019163049496435967,0.0063892016972469535
AirQualityBench,31,85,1178.5415806937622,0.010518203642619735,0.019360730308199424
AirQualityBench,84,215,3606.408155318637,0.06444274962187577,0.011534604893483142
AirQualityBench,35,108,1767.2593886149507,0.0883223935784526,-0.0013099909569833763
AirQualityBench,151,164,2426.8057905436704,-0.010077994910295571,-0.004370655931696939
AirQualityBench,59,108,738.9948122533215,0.33097933815032465,0.03743599132153934
AirQualityBench,87,212,2454.7999245355268,-0.03479912981130868,0.0123268547473659
AirQualityBench,165,170,3437.5803044009344,0.10284487847804628,-0.002719744226039061
AirQualityBench,153,201,2688.0343204400497,0.10584018653337993,0.007400072941397477
AirQualityBench,0,26,3050.3656547154897,-0.03101867125189139,0.005393449674200004
AirQualityBench,17,129,15156.410374559186,-0.1638002418173445,-0.00607389681488302
AirQualityBench,50,191,860.4406850036497,0.32290674070789566,0.02390618908833911
AirQualityBench,161,227,1295.720268267752,0.16553753856700276,0.023665941848985603
AirQualityBench,46,164,3400.219810860722,0.03815979304331069,-0.002097337620454011
AirQualityBench,143,191,2811.4532719015483,-0.006562414597966405,0.0015523343886771203
AirQualityBench,137,173,3062.522572615015,0.03349955978725196,0.006371576735098164
AirQualityBench,69,244,4331.168326528465,-0.059265963876028144,0.00023141921685960876
AirQualityBench,152,204,3026.154375163147,0.030272475669501878,0.024821676589356398
AirQualityBench,105,160,959.9981362160686,0.22718868176138776,0.023006945721655913
AirQualityBench,161,220,2411.5801951936637,0.08943556045067283,0.02993949368297994
AirQualityBench,21,236,1068.2050018046627,0.182479659930415,0.03124827616960339
AirQualityBench,40,69,2718.7829233467883,-0.006659496333085663,0.007471953858969257
AirQualityBench,83,184,2050.0814626958736,0.0015693156068550631,0.0074570696109531555
AirQualityBench,78,249,263.3045668302305,0.4886647011822323,0.07108288268927909
AirQualityBench,28,160,1611.6781794372237,0.13674887372755726,0.0028665036034127562
AirQualityBench,115,193,1055.152669013632,0.1144584420311652,0.0057364256255085415
AirQualityBench,1,138,1214.401016535402,0.2016669299485202,0.028917859037687923
AirQualityBench,145,246,592.8916326242222,0.2001393655963802,0.022236820730379293
AirQualityBench,152,227,769.2061020253977,0.32978349349383324,0.039019375571908335
AirQualityBench,110,116,1250.2921175876352,0.16114748346486032,0.007331427145581276
AirQualityBench,115,196,790.1372799830466,0.283354454724909,0.02230228636647445
AirQualityBench,28,63,3687.781702710178,0.04950508610084834,-0.0014783348353936128
AirQualityBench,10,166,3028.8417903357486,-0.022018802429101078,-0.014292509761449397
AirQualityBench,126,131,2355.948658201226,-0.06490211625370944,0.012152875538431106
AirQualityBench,150,183,2081.3763562428294,0.05429268912500143,0.007490561163735242
AirQualityBench,45,88,1034.7040129317734,0.31987764781167505,0.019845090642250113
AirQualityBench,21,134,761.4529662459338,0.2828360513579712,0.02646340633652571
AirQualityBench,12,237,3194.172515821223,-0.01793732675944785,-0.012478946241415198
AirQualityBench,63,94,489.5862957454513,0.4668824051412972,0.03599489341231223
AirQualityBench,46,100,3929.749405324442,-0.0241483697684595,-0.010572427434834945
AirQualityBench,67,116,3054.6585628461944,0.039490581011325424,0.001976756104821006
AirQualityBench,149,230,4111.019715143138,0.0013516126043458896,1.4439941341502208e-05
AirQualityBench,50,208,6511.4191135538185,0.02042985318309064,0.0005614905143313154
AirQualityBench,67,158,3830.1785886797943,0.04762273150125345,-0.0024545310771362946
AirQualityBench,130,138,1083.4656557085648,0.2525184270661222,0.033082046148826344
AirQualityBench,205,212,2982.996754983329,-0.08688529160490212,-0.002879208301420593
AirQualityBench,13,180,1622.0477725234728,0.11486506858362037,0.006932683886231345
AirQualityBench,142,248,8994.837813637236,-0.04363437568820807,-0.009845563757018663
AirQualityBench,186,202,11760.61275785681,-0.05448989295793049,0.009736768568397537
AirQualityBench,50,76,1871.4318217300736,0.07546763418117207,0.01891374619146981
AirQualityBench,134,195,165.52576837076202,0.6718396685182774,0.16957588704471988
AirQualityBench,106,152,285.61230253645806,0.6184075127919564,0.13758776931805886
AirQualityBench,14,119,7507.365560792917,0.0007880923065959703,-0.009249710803219076
AirQualityBench,146,204,3151.025284551716,-0.025381344132328336,0.003984121271333722
AirQualityBench,7,208,3453.9058623631945,-0.021089371742514358,-0.0025202856557882364
AirQualityBench,147,218,1234.2868915791248,0.2331833554138197,0.02246912738746793
AirQualityBench,71,123,2577.072904166199,0.04867877994840335,0.01164395746052486
AirQualityBench,128,206,122.9855498566856,0.3103445324057594,0.03683121933103036
AirQualityBench,45,122,591.4715667741226,0.418220073365169,0.06488849540848991
AirQualityBench,22,211,3866.8275720559095,-0.019870708496419066,0.003778382119376538
AirQualityBench,195,223,1241.2028328606941,0.21679559854023003,0.02195435532931748
AirQualityBench,7,172,8741.108437067105,-0.10520456542141388,-0.017836143800605234
AirQualityBench,90,142,3489.9456381909795,-0.0179242245586867,-0.01063949707849871
AirQualityBench,33,175,997.2494778181465,0.16258881155870056,0.03533690626543512
AirQualityBench,11,226,33.69769198249292,0.7174416997107663,0.16820776177430616
AirQualityBench,134,201,667.79364307765,0.3842384962713467,0.05116745668846522
AirQualityBench,37,198,31.03740307282672,0.44866891657717367,0.08931502425365684
AirQualityBench,51,187,3640.8324818065817,-0.022017924008380416,-0.0027777421341262936
AirQualityBench,89,107,1562.7542694868944,0.05128051963425387,0.011647893874121863
AirQualityBench,5,241,797.386896829733,0.2335575126253511,0.056317846105167914
AirQualityBench,15,152,7593.535796065492,-0.017338945869977144,-0.01893879306154665
AirQualityBench,9,118,346.273565774173,0.551605582375424,0.0717929544248869
AirQualityBench,171,192,458.6123512168248,0.4669763013419757,0.07677286434699346
AirQualityBench,155,202,11890.441316677117,-0.014368802700240949,-0.012106545840837287
AirQualityBench,174,177,1237.2377819380692,0.15436853011560486,0.034018848018755536
AirQualityBench,11,83,3121.5926529238823,0.03882712638848708,-0.007114435350905469
AirQualityBench,162,234,475.57043623191714,0.4654522249846607,0.08282745045934833
AirQualityBench,95,220,583.0252773661161,0.32257638380014386,0.025992997871122383
AirQualityBench,1,172,2296.0599794362997,0.006582411011268029,-0.016174413970513637
AirQualityBench,44,130,3234.0077081022046,0.06927702195331951,-0.0032180103463798604
AirQualityBench,20,84,941.7015056888956,0.19995580614286915,0.01903712964137033
AirQualityBench,73,180,4012.2667734628285,0.017912741526033744,-0.0010005171486066851
AirQualityBench,73,103,782.0555213567293,0.3218522389782706,0.047038699831119156
AirQualityBench,165,185,3219.1111043246224,0.01713148826872227,0.011264063238604535
AirQualityBench,85,146,3187.6917243622183,-0.03258470495022632,0.005606425552344469
AirQualityBench,62,174,1146.58327378693,0.13845238032888615,0.014034569337387143
AirQualityBench,4,245,15639.040595226768,-0.07217157823254738,-0.0013898263985225707
AirQualityBench,199,245,14996.431397573537,-0.04755752518177954,-0.0014676916494976181
AirQualityBench,91,217,1268.5257077708243,0.2623638975422315,0.019356387828820276
AirQualityBench,89,245,13331.048019290463,-0.009896756941026043,0.005369870531074476
AirQualityBench,65,213,249.36305589748264,0.56010136134822,0.08961141568314412
AirQualityBench,220,235,3429.832563097951,0.03116561128765857,0.0003028996438728969
AirQualityBench,21,25,2461.080133424195,0.10432313286471244,0.014133969049635884
AirQualityBench,116,205,2161.8341600671856,0.0592166087412787,0.006803495447840483
AirQualityBench,228,236,3197.483695579027,0.041012370843494614,0.0031844113239081597
AirQualityBench,0,57,1669.4998183246398,0.10307810376150175,0.010688464641735436
AirQualityBench,161,192,789.7389976504663,0.3643876659214782,0.042966686303369465
AirQualityBench,43,75,2230.47977878234,-0.039572005301459684,0.0029446150503272296
AirQualityBench,46,130,3168.850552225735,0.05364837670058899,0.012631380474329804
AirQualityBench,0,247,889.7451087101159,0.21052191663577668,0.024510161840453588
AirQualityBench,208,246,8428.459901265694,-0.07122841746490469,0.001485712439393625
AirQualityBench,77,164,2059.0762282537544,0.05582988530497214,0.03522411470302381
AirQualityBench,172,220,717.194630219016,0.32015996386770207,0.05662517094776509
AirQualityBench,112,155,2537.7512962313936,-0.011211866203441076,0.006420990696263569
AirQualityBench,149,225,207.47429379499616,0.5963243108353107,0.12831910893707965
AirQualityBench,94,116,959.0911516026104,0.18844845271296287,-0.00010710475878455604
AirQualityBench,125,214,3396.1286979945303,0.14800752974258044,-0.010866269500145102
AirQualityBench,0,39,3316.405204048709,0.012523234863528142,-0.013399028425042368
AirQualityBench,60,202,11375.763212596832,0.1882931632876701,0.018375649146839708
AirQualityBench,56,96,214.0123814539521,0.5875190100441018,0.12248556228810711
AirQualityBench,173,185,2856.307511114407,0.018573063540214742,0.0041829885107083145
AirQualityBench,12,176,3788.1004589086315,0.020175431416601754,-0.006077658717152508
AirQualityBench,114,177,892.6328201588486,0.21757945041553697,0.008344404673518666
AirQualityBench,16,237,498.88718204474054,0.36334967040277977,0.047878215530424116
AirQualityBench,15,82,7599.315989299856,0.0590122113596922,-0.0036493829057343955
AirQualityBench,88,161,515.6649946990173,0.4279256208242138,0.064697067013081
AirQualityBench,15,62,7805.3480987400935,0.04352177856117974,-0.007817865320153423
AirQualityBench,1,132,3164.7743205095435,-0.02064480623992113,0.0006386605330993469
AirQualityBench,6,17,14496.891442053275,0.03595106575636684,0.007636327409709322
AirQualityBench,100,163,483.2976326320662,0.16827550165133012,0.022380433638567697
AirQualityBench,117,165,642.9441391916446,0.36641749386363137,0.05808732983901836
AirQualityBench,45,244,1573.1373348325606,0.040570267840071,0.02365482151720137
AirQualityBench,127,202,12814.658598592274,-0.23489978365559047,0.009860692654952414
AirQualityBench,33,89,1662.7075178899427,-0.06920692588683824,0.014127543490966064
AirQualityBench,75,228,1919.202152873549,0.04533238207149756,0.016866406215159467
AirQualityBench,9,105,2117.628763753328,0.046325899808533806,0.00491677418491643
AirQualityBench,138,188,1442.9245513374121,0.20795901866932967,0.018285912363324632
AirQualityBench,74,202,11752.566840432426,-0.07757347668206589,0.001233763255518586
AirQualityBench,220,249,246.15173984860084,0.6078666696783492,0.12210121717751957
AirQualityBench,11,213,95.30245704398352,0.4520934501390655,0.07417114304119571
AirQualityBench,130,169,858.5619170038079,0.30250682083605046,0.019715997491382448
AirQualityBench,103,163,3740.5860106692307,0.007376899145349724,0.011251781660924502
AirQualityBench,65,249,276.46873831844414,0.5561100460509255,0.07558152247083935
AirQualityBench,8,81,8355.916932720213,-0.05868374318012095,0.015974857162623896
AirQualityBench,42,86,1533.3222167334077,0.1056416069595694,0.02171071156149721
AirQualityBench,4,68,7261.083538194297,0.004577614210427197,-0.011322397491383595
AirQualityBench,14,19,7022.916056410069,-0.022976400674644834,0.00289044579810118
AirQualityBench,114,192,545.1875153094735,0.39902488508228634,0.02764625451678871
AirQualityBench,33,113,3290.7188138116767,0.020135321682773884,0.013563369605746682
AirQualityBench,157,232,3109.2298777267374,0.05503903574787766,-0.006979827490032312
AirQualityBench,43,241,746.9213330824904,0.2202597817487692,0.046779783982048115
AirQualityBench,66,108,854.7241939710608,0.31459850523422733,0.044872773914480725
AirQualityBench,41,52,550.2836537983949,0.5176270419029847,0.09664926593787204
AirQualityBench,60,174,3042.989512923993,0.03148655973654175,0.0015472920936921166
AirQualityBench,190,240,501.3114412171481,0.4969309225951516,0.06787559292569503
AirQualityBench,74,204,3316.354564196381,-0.034268955084095165,-0.005787547706772143
AirQualityBench,73,224,3157.0327737645953,-0.02026509417518892,0.0015467994738846322
AirQualityBench,138,215,1814.9412604584006,0.015476670202989082,0.021681857008533464
AirQualityBench,25,194,9010.876344241293,-0.10315666855085115,-0.037533031803683156
AirQualityBench,129,237,1885.5061979722143,0.03697842958363143,0.004901916233354455
AirQualityBench,111,196,2187.676825577771,-0.019721129671709987,0.009906771940771405
AirQualityBench,104,220,1861.4831614097973,0.08505655093226358,0.014095537721835402
AirQualityBench,91,220,2430.0778716171703,0.04530814425883164,0.007689368358729893
AirQualityBench,35,67,3490.2971111749343,0.019450723076707976,-0.008764192242259815
AirQualityBench,2,65,1136.4646316548717,0.08337226054296955,0.0495028655210572
AirQualityBench,181,237,964.0537871355459,0.36498876048131174,0.02880856195166357
AirQualityBench,33,102,2438.7278754277113,-0.004223528599444678,0.0010156457012411187
AirQualityBench,109,215,1811.3031461246733,0.015392945622046607,0.01208827565778434
AirQualityBench,64,163,3137.0073574418216,0.09998908361704219,0.012772057644757258
AirQualityBench,154,183,1846.4692744894107,0.0013885857274388905,0.0006590172395952994
AirQualityBench,88,147,1258.4154208599034,0.21888230423037772,0.02028789043521036
AirQualityBench,70,174,3293.631679625669,0.08221609346180042,0.006253966599736947
AirQualityBench,166,173,7.162690938153716,0.8487702652162399,0.4784278095188584
AirQualityBench,176,181,846.4138568784185,0.34698438637286433,0.06310781080993033
AirQualityBench,101,125,2035.9063011226622,0.07349085099738828,0.0018509810279797414
AirQualityBench,191,240,500.5370714960522,0.4367224715218777,0.05167285402776039
AirQualityBench,138,160,1139.2556828634818,0.2399211541258962,0.028579155543354055
AirQualityBench,50,51,2262.4616540271054,-0.013963181596550222,0.005545676817416662
AirQualityBench,36,44,1387.6165747367838,0.06980703892155009,0.039994473828773615
AirQualityBench,6,7,359.11341653464996,0.59336747541724,0.13276434236003262
AirQualityBench,109,140,881.2066654030365,0.22026395624496753,0.03730637741369963
AirQualityBench,73,233,1281.5651775803574,0.14367550161027334,0.04087777723701582
AirQualityBench,37,160,2425.7265576121927,-0.03594606870059663,-0.01617847734406505
AirQualityBench,67,246,3578.848167725684,0.07596904691539401,0.02526327388877813
AirQualityBench,25,68,3350.2360412974813,0.09275919578256574,0.00832071221789928
AirQualityBench,109,211,2460.566009169108,0.04545666794903224,0.018685673601494552
AirQualityBench,13,30,541.0332156349442,0.35334083538593225,0.029484679956825424
AirQualityBench,192,202,11985.028958917137,-0.07668408023797728,-0.009786543224029443
AirQualityBench,128,232,280.0705533275459,0.2884058492972766,0.020788218847184643
AirQualityBench,148,203,504.3339549609101,0.532100512807107,0.10254565422774677
AirQualityBench,190,224,125.82000238069176,0.7954379048717289,0.2163824695479298
AirQualityBench,119,247,1159.5695217907746,0.12911535290141748,0.030346291219914705
AirQualityBench,24,111,2154.2435860919327,-0.009657236928287134,0.015137852917470994
AirQualityBench,133,174,1445.6133352890754,0.16810736741795604,0.024746339775885397
AirQualityBench,46,249,181.73384681522916,0.47559411719764627,0.07856556933990143
AirQualityBench,177,225,772.3366501998911,0.3397448684016195,0.04339291390564152
AirQualityBench,59,187,1257.961727692882,0.23494533314188856,0.010675656615791517
AirQualityBench,138,174,764.6664588176965,0.28498979334821767,0.02904508956007572
AirQualityBench,12,202,11538.50653242027,0.06267123500279932,-0.0037512779695120795
AirQualityBench,57,115,2611.9207115926606,0.009461371038581544,-0.003951257758383529
AirQualityBench,136,157,2964.0529866662105,0.05058615563336341,0.010605989130385794
AirQualityBench,240,248,7236.074015780457,-0.08832889996888338,-0.008946103486004876
AirQualityBench,0,36,2858.489180698788,0.11724014071473479,-0.022329425103479295
AirQualityBench,151,242,2479.8675820579865,0.017683457750705206,-0.004217407938734464
AirQualityBench,67,147,256.3701242138794,0.7049154390014386,0.18513217538563656
AirQualityBench,58,190,437.74234568947224,0.5336376893524895,0.0492406083649288
AirQualityBench,123,139,1126.2973025384158,0.269775468292787,0.03193614579355373
AirQualityBench,59,146,438.37169004292224,0.5123011113438255,0.043948782617962624
AirQualityBench,32,151,2000.7970859225288,0.04231272575421116,0.003850994384271377
AirQualityBench,79,138,7468.82015511906,-0.010885048363443424,-0.0035646688360306974
