dataset,source,target,lag_h,aligned_n,opposed_n,aligned_rho,opposed_rho,aligned_minus_opposed
KnowAir,110,16,0,2814,5141,0.2574724181641026,0.23678958363960487,0.020682834524497734
KnowAir,110,16,3,2814,5141,0.30256375729724794,0.041476094786661054,0.2610876625105869
KnowAir,110,16,6,2814,5141,0.11209698082906155,-0.06321780360804548,0.17531478443710702
KnowAir,110,16,12,2814,5141,-0.043357024971193765,-0.03492175425139562,-0.008435270719798146
KnowAir,141,142,0,2509,5445,0.12603515006672492,0.29415612338068453,-0.16812097331395962
KnowAir,141,142,3,2509,5444,0.27225127898355544,0.23477660004443704,0.037474678939118405
KnowAir,141,142,6,2509,5443,-0.03279904858348799,-0.05672163623426435,0.02392258765077636
KnowAir,141,142,12,2509,5441,0.042786928930338794,0.050775631128826625,-0.00798870219848783
KnowAir,141,140,0,3810,5131,0.17991680798668355,0.3290599666832687,-0.14914315869658515
KnowAir,141,140,3,3810,5130,0.13642895981349334,0.10882812384142762,0.027600835972065724
KnowAir,141,140,6,3810,5129,-0.08136938253673438,-0.16810992082646473,0.08674053828973034
KnowAir,141,140,12,3810,5127,0.0901680616652854,0.07304762216627637,0.01712043949900903
KnowAir,78,146,0,3665,4496,0.39012902569127467,0.24971921986964368,0.14040980582163098
KnowAir,78,146,3,3665,4496,0.07759452512056167,-0.02542752775759935,0.10302205287816102
KnowAir,78,146,6,3664,4496,-0.10839640023766257,-0.06440011288682648,-0.04399628735083609
KnowAir,78,146,12,3662,4496,-0.0036010034129919217,-0.05171866979674928,0.048117666383757356
KnowAir,85,171,0,5622,2099,0.2632518199228699,0.3159442359936812,-0.05269241607081132
KnowAir,85,171,3,5621,2099,0.12537410489417472,0.1316774771848897,-0.006303372290714981
KnowAir,85,171,6,5620,2099,0.020045067209058565,-0.14294239133818304,0.16298745854724161
KnowAir,85,171,12,5618,2099,0.08998370027621351,0.018427067500749655,0.07155663277546385
KnowAir,104,106,0,3928,2187,0.2854226354832909,0.23749688988670714,0.047925745596583746
KnowAir,104,106,3,3927,2187,-0.025097809216186658,0.013959035767941592,-0.03905684498412825
KnowAir,104,106,6,3926,2187,-0.06034961161326326,-0.031090634292743436,-0.02925897732051982
KnowAir,104,106,12,3924,2187,0.10666295722712373,0.10099475735939599,0.005668199867727736
KnowAir,41,98,0,4816,4006,0.3111819338554041,0.44867023909596226,-0.13748830524055816
KnowAir,41,98,3,4816,4005,0.08932210199259154,-0.019418330149892082,0.10874043214248362
KnowAir,41,98,6,4816,4004,-0.02077666303575804,-0.12027520385144452,0.09949854081568649
KnowAir,41,98,12,4816,4002,-0.02407788654709974,-0.056110664344301994,0.032032777797202254
KnowAir,60,105,0,4399,3055,0.3379911236007369,0.39572941110761584,-0.05773828750687893
KnowAir,60,105,3,4399,3055,0.08867140175701849,0.07613711497291252,0.012534286784105966
KnowAir,60,105,6,4399,3055,-0.07396388287216317,-0.05572252180916665,-0.018241361062996522
KnowAir,60,105,12,4399,3055,0.03781049558436275,0.005863572612775525,0.03194692297158723
KnowAir,29,54,0,4271,3170,0.3350530545631106,0.21714498017225514,0.11790807439085543
KnowAir,29,54,3,4271,3169,0.22013131305281045,0.015172559705761555,0.20495875334704888
KnowAir,29,54,6,4271,3168,0.07005005089412701,-0.022239179461611046,0.09228923035573805
KnowAir,29,54,12,4271,3167,-0.054684490109193074,-0.05159036168704949,-0.0030941284221435855
KnowAir,132,29,0,2855,4841,0.31579044169463705,0.252680310958268,0.06311013073636906
KnowAir,132,29,3,2855,4841,0.13917722082437867,0.07512234896834061,0.06405487185603806
KnowAir,132,29,6,2855,4841,-0.06339902982044203,-0.09048970407520601,0.027090674254763983
KnowAir,132,29,12,2855,4841,-0.04243625117019243,-0.056693893728517755,0.014257642558325324
KnowAir,126,14,0,4346,3766,0.2544391121760861,0.3456623195678156,-0.09122320739172951
KnowAir,126,14,3,4346,3765,0.044339432214046466,0.07082915723063327,-0.0264897250165868
KnowAir,126,14,6,4346,3764,-0.17092154572654925,-0.2056717374974208,0.03475019177087155
KnowAir,126,14,12,4346,3762,0.13998390782977294,0.14540574504686976,-0.005421837217096825
KnowAir,6,11,0,2594,5043,0.2506560220501525,0.306058236610805,-0.055402214560652474
KnowAir,6,11,3,2594,5043,0.2848083843985064,0.09893012095022652,0.1858782634482799
KnowAir,6,11,6,2594,5043,0.0944809172925175,-0.060577992265119715,0.1550589095576372
KnowAir,6,11,12,2594,5041,-0.08971773573243133,-0.03612760713763673,-0.0535901285947946
KnowAir,99,20,0,3945,4732,0.18069528386348951,0.10434603341818928,0.07634925044530023
KnowAir,99,20,3,3944,4732,0.156507294164951,0.021347537390220536,0.13515975677473047
KnowAir,99,20,6,3944,4732,0.012690472924803695,-0.029371759298660968,0.04206223222346466
KnowAir,99,20,12,3942,4732,-0.02890817776582965,-0.008426874145814882,-0.020481303620014768
KnowAir,60,99,0,4015,3583,0.1693307184739632,0.15977261909260243,0.009558099381360763
KnowAir,60,99,3,4014,3583,0.16859409710794268,0.04697649515886892,0.12161760194907376
KnowAir,60,99,6,4013,3583,0.06552671106814167,-0.024824393281627763,0.09035110434976944
KnowAir,60,99,12,4011,3583,-0.012991993056162091,-0.024268752543406498,0.011276759487244407
KnowAir,26,37,0,3983,3608,0.14292648803821534,0.19238545818893527,-0.04945897015071993
KnowAir,26,37,3,3982,3608,0.06125660002739678,-0.04068635961066769,0.10194295963806446
KnowAir,26,37,6,3981,3608,-0.01569531141314301,-0.14869951616692445,0.13300420475378144
KnowAir,26,37,12,3979,3608,0.09815395971884161,0.10295354209347139,-0.004799582374629782
KnowAir,102,57,0,2251,3771,0.09634220778272695,0.19395796860564563,-0.09761576082291867
KnowAir,102,57,3,2251,3770,0.10463045150201909,0.04755322516528842,0.05707722633673067
KnowAir,102,57,6,2251,3769,0.04827320618682995,-0.07974559616853327,0.12801880235536323
KnowAir,102,57,12,2251,3769,0.03133367353339391,0.0007852430840843515,0.03054843044930956
KnowAir,25,109,0,4406,2877,0.36292853150099613,0.3990675095947988,-0.036138978093802676
KnowAir,25,109,3,4405,2877,0.3755683445781984,0.20448135832311615,0.17108698625508223
KnowAir,25,109,6,4404,2877,0.04240139011593807,-0.04912853000203741,0.09152992011797548
KnowAir,25,109,12,4402,2877,-0.029671748068226096,-0.0690481406611953,0.039376392592969205
KnowAir,123,121,0,2116,1955,0.3388729652096644,0.32901812138187586,0.009854843827788562
KnowAir,123,121,3,2116,1955,0.11640671857021805,-0.007600112497183007,0.12400683106740105
KnowAir,123,121,6,2116,1955,-0.08389859658656618,-0.2462171340079902,0.16231853742142402
KnowAir,123,121,12,2116,1955,0.09226946929272106,0.057176087527894964,0.0350933817648261
KnowAir,86,166,0,2021,5776,0.3819759380725568,0.26396999952758643,0.11800593854497038
KnowAir,86,166,3,2021,5775,0.27417919116543454,0.07079917834295102,0.20338001282248352
KnowAir,86,166,6,2021,5774,-0.1623879714382908,-0.07773613054015886,-0.08465184089813195
KnowAir,86,166,12,2021,5772,0.05691178626144958,0.020883264720493486,0.03602852154095609
KnowAir,146,149,0,3622,4575,0.2743950690760826,0.24563103975385134,0.028764029322231238
KnowAir,146,149,3,3621,4575,0.12295920084685713,0.13445467848579662,-0.011495477638939489
KnowAir,146,149,6,3620,4575,-0.0647627176389267,-0.02147333526279748,-0.04328938237612922
KnowAir,146,149,12,3618,4575,-0.007845155854928454,-0.034403780514166614,0.02655862465923816
KnowAir,13,69,0,3796,2271,0.2458483453955846,0.2701730255591294,-0.024324680163544832
KnowAir,13,69,3,3795,2271,0.1557286752945461,0.14636368064997887,0.00936499464456722
KnowAir,13,69,6,3794,2271,0.0249357433661598,-0.08198451892955493,0.10692026229571472
KnowAir,13,69,12,3792,2271,-0.023764859600461364,-0.010721235926043089,-0.013043623674418275
KnowAir,176,178,0,714,1357,0.4054455054490683,0.33584934353765206,0.06959616191141627
KnowAir,176,178,3,714,1357,-0.18299025750917441,-0.0957991118692086,-0.08719114563996581
KnowAir,176,178,6,714,1357,-0.3212110960406005,-0.2439878449873454,-0.07722325105325509
KnowAir,176,178,12,714,1357,-0.010092689705679602,0.15915380682598793,-0.16924649653166754
KnowAir,104,15,0,4920,3647,0.128547266055532,0.1821171194386468,-0.05356985338311482
KnowAir,104,15,3,4920,3647,-0.005135014095313359,-0.05587777829978321,0.05074276420446985
KnowAir,104,15,6,4920,3647,-0.0022235550593600723,-0.048760979365072656,0.04653742430571258
KnowAir,104,15,12,4920,3645,0.024824752450014715,0.05706690416961236,-0.03224215171959764
KnowAir,91,94,0,5501,3051,0.17487223447845923,0.22673803062281045,-0.05186579614435122
KnowAir,91,94,3,5501,3051,-0.02484836485922508,-0.1464281012552359,0.12157973639601082
KnowAir,91,94,6,5501,3051,-0.08638484951622538,-0.24763571658927894,0.16125086707305356
KnowAir,91,94,12,5500,3051,0.053030443431713536,0.05258651118028302,0.00044393225143051634
KnowAir,63,100,0,4425,4078,0.260811490015427,0.26884979949696014,-0.008038309481533112
KnowAir,63,100,3,4425,4077,0.14429608099828956,0.04579150221203536,0.0985045787862542
KnowAir,63,100,6,4425,4076,-0.010806288375765543,-0.04586438812588508,0.03505809975011954
KnowAir,63,100,12,4425,4074,0.034185916568631625,-0.01048401529427902,0.04466993186291064
KnowAir,94,174,0,1093,2464,0.2275725197803359,0.26941978178278797,-0.04184726200245206
KnowAir,94,174,3,1093,2464,0.12748976701167156,-0.044684995899272,0.17217476291094355
KnowAir,94,174,6,1093,2464,-0.11716339864184808,-0.09111460878597123,-0.026048789855876844
KnowAir,94,174,12,1093,2464,0.16371293874798534,0.07574829244137801,0.08796464630660733
KnowAir,166,170,0,2584,4924,0.05291696709331622,0.18055676321745764,-0.12763979612414142
KnowAir,166,170,3,2584,4923,-0.0698585112034201,-0.015090843298262293,-0.0547676679051578
KnowAir,166,170,6,2584,4923,-0.15275833312235879,-0.04702105777208569,-0.1057372753502731
KnowAir,166,170,12,2584,4921,0.10704778564940946,-0.015070381276831673,0.12211816692624114
KnowAir,21,149,0,4914,2817,0.23275725144452078,0.3139100454970442,-0.08115279405252343
KnowAir,21,149,3,4914,2817,0.15045514172363111,0.07925230158762729,0.07120284013600382
KnowAir,21,149,6,4914,2817,0.016919005603030526,-0.14862758591216746,0.165546591515198
KnowAir,21,149,12,4914,2817,-0.03343660932994246,0.007610848743394215,-0.04104745807333668
KnowAir,165,170,0,4350,2050,0.1157197025063564,0.068264231041918,0.04745547146443839
KnowAir,165,170,3,4349,2050,-0.0609980562029712,-0.0231157432107412,-0.037882312992229994
KnowAir,165,170,6,4348,2050,-0.17049044586083958,-0.04298660787908371,-0.12750383798175588
KnowAir,165,170,12,4346,2050,0.04212039022733497,0.03225958867187737,0.009860801555457599
KnowAir,161,81,0,3630,6353,0.14941281086890476,0.18758813323882673,-0.038175322369921966
KnowAir,161,81,3,3630,6352,0.06241269560115901,0.020817926883051157,0.041594768718107855
KnowAir,161,81,6,3630,6351,-0.010651459981053614,-0.08109696507876574,0.07044550509771212
KnowAir,161,81,12,3630,6349,0.044374571191562955,0.013814276738291602,0.030560294453271353
KnowAir,34,107,0,4514,3684,0.3342852782442036,0.5208626456196116,-0.18657736737540798
KnowAir,34,107,3,4514,3683,0.2983712570459283,0.05964251508462341,0.2387287419613049
KnowAir,34,107,6,4514,3682,-0.02921095493093493,-0.07030453290937115,0.04109357797843622
KnowAir,34,107,12,4514,3680,-0.06451140755041034,-0.04533750978614992,-0.019173897764260414
KnowAir,2,66,0,4726,3571,0.1407866493051491,0.10296954776774937,0.037817101537399714
KnowAir,2,66,3,4726,3571,0.050786695916430785,0.0714962190154778,-0.020709523099047014
KnowAir,2,66,6,4726,3571,-0.03904712851026185,-0.04153285336615494,0.002485724855893094
KnowAir,2,66,12,4724,3571,-0.001676145786215585,-0.0027454178808425478,0.0010692720946269628
KnowAir,56,64,0,4893,3106,0.4387664313990351,0.364435439546388,0.07433099185264708
KnowAir,56,64,3,4892,3106,0.1630036538364962,0.00550630199320158,0.15749735184329464
KnowAir,56,64,6,4891,3106,-0.0686367154936601,-0.025728121752742663,-0.04290859374091743
KnowAir,56,64,12,4891,3106,-0.07699423758171565,-0.011084926589669607,-0.06590931099204606
KnowAir,28,27,0,4607,2816,0.343438205452057,0.3597400991287551,-0.016301893676698098
KnowAir,28,27,3,4607,2815,0.21309856660555151,0.03171692117476513,0.1813816454307864
KnowAir,28,27,6,4607,2814,0.028814955525080413,-0.15751991953160827,0.18633487505668866
KnowAir,28,27,12,4607,2813,-0.030988721711525054,-0.029903037640621716,-0.0010856840709033387
KnowAir,84,83,0,1711,6360,0.27823208969032315,0.18754485295468024,0.09068723673564291
KnowAir,84,83,3,1711,6359,0.0025893618857413705,-0.0017168760048170918,0.004306237890558462
KnowAir,84,83,6,1711,6358,-0.13692066121315863,-0.07130928762197197,-0.06561137359118666
KnowAir,84,83,12,1711,6356,0.14486284553263712,0.00794890442052176,0.13691394111211536
KnowAir,76,75,0,4906,3488,0.2643689008880041,0.19309702927376604,0.07127187161423804
KnowAir,76,75,3,4906,3488,0.21808577152113304,0.05995265189046118,0.15813311963067186
KnowAir,76,75,6,4906,3488,0.06188999262722965,-0.05249586870260602,0.11438586132983566
KnowAir,76,75,12,4905,3488,-0.07763801435557621,-0.042568366140388524,-0.03506964821518769
KnowAir,131,115,0,2642,4725,0.3614721749817372,0.38925725261448596,-0.027785077632748734
KnowAir,131,115,3,2641,4725,0.02021562127965609,0.16639646467917021,-0.14618084339951412
KnowAir,131,115,6,2640,4725,-0.15288355875769327,-0.11319759037176438,-0.03968596838592889
KnowAir,131,115,12,2640,4725,0.051817024586325665,0.05684489718647778,-0.005027872600152118
KnowAir,94,183,0,2709,1097,0.3883114594383696,0.1287002211362826,0.259611238302087
KnowAir,94,183,3,2709,1097,0.11443444523207455,-0.024918757007458336,0.13935320223953288
KnowAir,94,183,6,2709,1097,-0.15129402368311282,-0.14085892744579384,-0.010435096237318975
KnowAir,94,183,12,2709,1097,0.16339312287700128,0.09724841489869221,0.06614470797830907
KnowAir,147,150,0,3693,4304,0.3156211841663274,0.4471831118104589,-0.1315619276441315
KnowAir,147,150,3,3692,4304,0.3853286893874471,0.10157477747138767,0.2837539119160594
KnowAir,147,150,6,3692,4304,0.06651358333290532,-0.13345302153983643,0.19996660487274176
KnowAir,147,150,12,3692,4304,-0.01649435291111025,-0.03992926121922204,0.023434908308111787
KnowAir,5,67,0,3792,4009,0.11936254544646072,0.19256521754003175,-0.07320267209357104
KnowAir,5,67,3,3792,4008,0.13013197482703256,0.18247339723116074,-0.052341422404128174
KnowAir,5,67,6,3792,4007,-0.004056357003305173,-0.03901759449546251,0.034961237492157335
KnowAir,5,67,12,3792,4006,0.014233678898357893,-0.016372646835119194,0.03060632573347709
KnowAir,5,11,0,5529,4124,0.32328661508192486,0.24500679289087957,0.07827982219104529
KnowAir,5,11,3,5528,4124,0.15331309719523017,0.096711574835719,0.05660152235951117
KnowAir,5,11,6,5527,4124,-0.004193106139642598,-0.07024128910874397,0.06604818296910137
KnowAir,5,11,12,5525,4124,-0.020353056865551986,-0.0522781138884637,0.031925057022911714
KnowAir,144,42,0,4004,5019,0.35274780530381233,0.3769204654188133,-0.024172660115000966
KnowAir,144,42,3,4004,5019,0.23560146670762758,0.12700369105615533,0.10859777565147224
KnowAir,144,42,6,4004,5019,0.045516498000626224,-0.04576530540944926,0.09128180341007548
KnowAir,144,42,12,4004,5017,-0.024325803494927908,-0.07345127616846325,0.04912547267353534
KnowAir,152,173,0,6046,3090,0.2107567859481002,0.3468191511705006,-0.1360623652224004
KnowAir,152,173,3,6046,3090,-0.046738095880563206,-0.05428467152170495,0.007546575641141744
KnowAir,152,173,6,6046,3090,-0.01981243312232743,-0.16295955918440266,0.14314712606207525
KnowAir,152,173,12,6045,3090,0.12107208905055593,0.1887437205502221,-0.06767163149966617
KnowAir,133,140,0,4242,3541,0.1327597437261111,0.15190852583605507,-0.019148782109943974
KnowAir,133,140,3,4241,3541,-0.02003439600419807,-0.02112271547493589,0.001088319470737821
KnowAir,133,140,6,4240,3541,-0.08263860714278932,-0.14483351047060009,0.06219490332781076
KnowAir,133,140,12,4238,3541,0.16648793208490617,0.10894920599931746,0.057538726085588715
KnowAir,4,8,0,1627,4406,0.25711620144262337,0.3332285213952739,-0.07611231995265055
KnowAir,4,8,3,1627,4405,0.1272355013787768,0.04293564418837843,0.08429985719039836
KnowAir,4,8,6,1627,4404,-0.04497863631428399,-0.16554588211291216,0.12056724579862817
KnowAir,4,8,12,1627,4402,0.0074538322159508,0.037615038485464006,-0.030161206269513206
KnowAir,113,24,0,2881,4000,0.3662049310395187,0.26966424831952884,0.09654068271998983
KnowAir,113,24,3,2881,3999,0.1302664921278303,-0.036361383025700945,0.16662787515353125
KnowAir,113,24,6,2881,3998,-0.05839455546996075,-0.055745935285569106,-0.002648620184391645
KnowAir,113,24,12,2881,3996,-0.007043707602431467,-0.027904016323349923,0.020860308720918458
KnowAir,133,115,0,3489,2417,0.22119631849096427,0.14316240691919443,0.07803391157176984
KnowAir,133,115,3,3489,2417,0.02920689541394873,0.021029416380981568,0.008177479032967162
KnowAir,133,115,6,3489,2417,-0.07778149251075485,-0.10794977638962297,0.03016828387886812
KnowAir,133,115,12,3489,2417,0.0210069798733352,0.059315468537700616,-0.03830848866436541
KnowAir,113,109,0,4680,2852,0.2604736366748498,0.34777008568067846,-0.08729644900582867
KnowAir,113,109,3,4680,2851,0.1934866325937571,-0.009291222517833481,0.20277785511159058
KnowAir,113,109,6,4680,2850,-0.021077976808247165,-0.0589806033299109,0.037902626521663735
KnowAir,113,109,12,4680,2849,-0.02533562420411351,-0.016349576137972,-0.008986048066141509
KnowAir,16,108,0,4732,2964,0.469880689211021,0.5194320014358027,-0.04955131222478171
KnowAir,16,108,3,4732,2963,0.20510261876056435,0.029173037426223007,0.17592958133434133
KnowAir,16,108,6,4732,2962,-0.010417839280500725,-0.08286458143803191,0.07244674215753119
KnowAir,16,108,12,4732,2962,-0.05238553704332204,-0.07224167471713654,0.019856137673814493
KnowAir,171,88,0,5408,2587,0.21467189737004236,0.402779765721464,-0.18810786835142165
KnowAir,171,88,3,5408,2587,0.08030597903185102,0.07739707300939536,0.002908906022455665
KnowAir,171,88,6,5408,2587,-0.04825076521949409,-0.1963976596170269,0.1481468943975328
KnowAir,171,88,12,5408,2587,0.07971798615716945,-0.02500070410582948,0.10471869026299893
KnowAir,43,44,0,4942,3369,0.11935699186118949,0.28209245882550604,-0.16273546696431657
KnowAir,43,44,3,4941,3369,0.055702113205787517,0.047377450717940715,0.008324662487846801
KnowAir,43,44,6,4940,3369,0.07917507666574124,-0.1574120249694501,0.2365871016351913
KnowAir,43,44,12,4938,3369,0.07115846359356215,-0.004529173098315987,0.07568763669187814
KnowAir,105,41,0,4382,4215,0.239060051124536,0.14738015927958217,0.09167989184495381
KnowAir,105,41,3,4381,4215,0.29472086418617566,0.016551725894942103,0.2781691382912336
KnowAir,105,41,6,4380,4215,0.09814367661476477,-0.025250574698691325,0.12339425131345609
KnowAir,105,41,12,4378,4215,-0.00673675798793454,0.06365201181878052,-0.07038876980671506
KnowAir,17,136,0,5275,2554,0.3294186322536094,0.46704209069795255,-0.13762345844434315
KnowAir,17,136,3,5275,2553,0.21425220530245453,0.0073340162687618666,0.20691818903369266
KnowAir,17,136,6,5275,2552,0.0009071044071210819,-0.16724167494493217,0.16814877935205325
KnowAir,17,136,12,5274,2552,-0.01988116027860897,0.06171560120695307,-0.08159676148556204
KnowAir,12,5,0,4123,5727,0.38164734567393827,0.3274275129718103,0.05421983270212799
KnowAir,12,5,3,4123,5727,0.2904534751255747,0.09255222443100553,0.19790125069456915
KnowAir,12,5,6,4123,5726,0.00021745038190426014,0.009612167370383532,-0.009394716988479272
KnowAir,12,5,12,4123,5724,-0.04722953117356156,-0.06407066138664076,0.016841130213079203
KnowAir,106,102,0,2015,4288,0.20848394657994368,0.24568086527074082,-0.03719691869079714
KnowAir,106,102,3,2015,4288,-0.009057903813261825,0.022004913895250753,-0.031062817708512578
KnowAir,106,102,6,2015,4288,-0.03750400174258826,-0.12292759719429756,0.0854235954517093
KnowAir,106,102,12,2015,4288,0.07160716353844027,0.07810368988586126,-0.006496526347420997
KnowAir,13,2,0,3714,2356,0.15208990036309494,0.057662333419925604,0.09442756694316934
KnowAir,13,2,3,3713,2356,0.06514162933371752,0.07495764709120348,-0.00981601775748596
KnowAir,13,2,6,3712,2356,-0.04023057949832254,0.03890936387407606,-0.0791399433723986
KnowAir,13,2,12,3710,2356,0.01230140683469705,0.04134838070840552,-0.02904697387370847
KnowAir,46,85,0,2350,4759,0.3138402202594537,0.3014635673933773,0.012376652866076365
KnowAir,46,85,3,2350,4758,0.2167624225775862,0.15605672485345456,0.060705697724131646
KnowAir,46,85,6,2350,4757,-0.04986093528405152,-0.07561224475467043,0.025751309470618912
KnowAir,46,85,12,2350,4755,-0.15123312918997525,-0.04126331012858238,-0.10996981906139287
KnowAir,152,160,0,2504,1816,0.1707909202678295,0.3414605900460758,-0.17066966977824632
KnowAir,152,160,3,2504,1816,0.06230731340236462,0.23010843624842142,-0.1678011228460568
KnowAir,152,160,6,2504,1816,-0.14941504849422282,-0.16743194625175778,0.018016897757534955
KnowAir,152,160,12,2504,1816,0.14828368899375233,0.10233073821788699,0.04595295077586534
KnowAir,156,154,0,1515,3866,0.27856324651002023,0.26553223576099666,0.013031010749023575
KnowAir,156,154,3,1515,3866,0.15178952979445715,0.09848207017180442,0.05330745962265272
KnowAir,156,154,6,1515,3866,-0.09408470685228917,-0.03984913382755997,-0.05423557302472921
KnowAir,156,154,12,1515,3866,0.09402085662717553,0.0015788364608165753,0.09244202016635895
KnowAir,77,143,0,3302,4264,0.25953709796691277,0.17812858496414902,0.08140851300276375
KnowAir,77,143,3,3302,4264,0.10472789949853059,0.07398909061983812,0.030738808878692472
KnowAir,77,143,6,3301,4264,-0.009658431315482855,-0.036530727341896996,0.02687229602641414
KnowAir,77,143,12,3299,4264,0.004292694169715646,-0.021447271164096192,0.025739965333811836
KnowAir,154,44,0,4369,2827,0.11898105569224628,0.2257738294237838,-0.10679277373153752
KnowAir,154,44,3,4368,2827,0.08379778725260818,-0.03367805790712169,0.11747584515972986
KnowAir,154,44,6,4367,2827,0.058947252148196266,-0.17473097897015047,0.23367823111834674
KnowAir,154,44,12,4365,2827,0.026314640970615456,0.03492362380736798,-0.008608982836752523
KnowAir,66,6,0,5613,1538,0.1360668875797436,0.13325289128045484,0.0028139962992887735
KnowAir,66,6,3,5612,1538,-0.03222675584143556,-0.06864413112153596,0.036417375280100396
KnowAir,66,6,6,5611,1538,-0.09613047423787696,-0.1056472370474788,0.009516762809601842
KnowAir,66,6,12,5610,1538,0.007039902722556043,-0.033358899141797876,0.04039880186435392
KnowAir,128,96,0,2564,4414,0.2794854197044525,0.23645325934639677,0.04303216035805574
KnowAir,128,96,3,2564,4413,0.13984183400764813,-0.020962385785014897,0.16080421979266302
KnowAir,128,96,6,2564,4412,-0.14510172768422092,-0.11540730721737581,-0.029694420466845103
KnowAir,128,96,12,2564,4411,0.04350005275459352,0.09195481819086589,-0.04845476543627237
KnowAir,97,64,0,5500,3453,0.15721295052383724,0.07229248460508207,0.08492046591875517
KnowAir,97,64,3,5500,3453,0.06840869176927654,-0.055251828549559755,0.12366052031883629
KnowAir,97,64,6,5499,3453,0.01969462697136651,-0.04432089805550089,0.0640155250268674
KnowAir,97,64,12,5499,3453,-0.013756114405090124,-0.033554078303370004,0.01979796389827988
KnowAir,77,122,0,5111,3789,0.09351319968148449,0.2025535265579632,-0.1090403268764787
KnowAir,77,122,3,5111,3788,0.07076362984311282,0.1791359917631239,-0.10837236192001107
KnowAir,77,122,6,5111,3787,0.014853315002799438,-0.046159940128928954,0.061013255131728394
KnowAir,77,122,12,5111,3785,0.07799651557813357,0.04041534354353168,0.037581172034601894
KnowAir,47,122,0,3261,5327,0.2919867080008081,0.22604030461263613,0.06594640338817198
KnowAir,47,122,3,3261,5327,0.2108065258280924,0.04852938547478632,0.16227714035330607
KnowAir,47,122,6,3261,5327,0.03478714225796571,-0.08929498992521706,0.12408213218318277
KnowAir,47,122,12,3261,5326,0.00784448056264728,0.03212042225632046,-0.02427594169367318
KnowAir,89,166,0,5727,2288,0.1577911477962839,0.2607742468593719,-0.102983099063088
KnowAir,89,166,3,5727,2288,0.08284754362513796,0.0019292682535706884,0.08091827537156727
KnowAir,89,166,6,5726,2288,-0.015547302644156005,-0.21544592581008498,0.199898623165929
KnowAir,89,166,12,5724,2288,0.05416724977416063,0.05854549210261594,-0.004378242328455309
KnowAir,144,143,0,5201,4249,0.35317750099140016,0.37655070194607965,-0.023373200954679485
KnowAir,144,143,3,5201,4249,0.24953803626560941,0.11228387966135461,0.1372541566042548
KnowAir,144,143,6,5200,4249,-0.01662569466814551,-0.03165064371514521,0.015024949046999702
KnowAir,144,143,12,5198,4249,-0.03673268721660522,-0.007652231839849005,-0.029080455376756215
KnowAir,79,174,0,2401,1956,0.1281705930201751,0.19553611080600616,-0.06736551778583105
KnowAir,79,174,3,2401,1956,0.006179826428686349,-0.05103742156788459,0.05721724799657094
KnowAir,79,174,6,2401,1956,-0.006693668612766367,-0.1452284360057839,0.1385347673930175
KnowAir,79,174,12,2401,1956,0.04897758328633198,0.10720466409188768,-0.058227080805555706
KnowAir,171,46,0,3556,3399,0.35664909535530337,0.18673073671122176,0.1699183586440816
KnowAir,171,46,3,3556,3399,0.06198696487830379,-0.0036456572038473423,0.06563262208215113
KnowAir,171,46,6,3556,3399,-0.07133752445865252,-0.08991899426983067,0.018581469811178156
KnowAir,171,46,12,3556,3399,-0.06040249809196981,-0.024751369108656624,-0.035651128983313185
KnowAir,121,68,0,3458,3584,0.19110837868845662,0.2931295141647413,-0.10202113547628469
KnowAir,121,68,3,3458,3584,0.17946050508816658,0.11070301042210683,0.06875749466605975
KnowAir,121,68,6,3458,3584,-0.045242720986250574,-0.17995488461690795,0.13471216363065738
KnowAir,121,68,12,3458,3582,0.06919203771274934,0.13993490256392913,-0.07074286485117978
KnowAir,61,132,0,3090,5742,0.21807536979644698,0.23480805182497286,-0.016732682028525875
KnowAir,61,132,3,3089,5742,0.1601191340481171,0.12241483832235611,0.03770429572576098
KnowAir,61,132,6,3088,5742,0.09640029397561475,-0.05255155037893001,0.14895184435454475
KnowAir,61,132,12,3088,5742,0.0009958022085251657,-0.04731806836654133,0.048313870575066496
KnowAir,95,47,0,6076,2943,0.4341296802905487,0.3421568839615314,0.09197279632901734
KnowAir,95,47,3,6075,2943,0.25130777575910734,0.06871425407179134,0.18259352168731602
KnowAir,95,47,6,6075,2942,-0.032328091646460444,-0.14387916811063128,0.11155107646417084
KnowAir,95,47,12,6075,2942,-0.017327394327507996,0.05716132953146871,-0.0744887238589767
KnowAir,5,12,0,5492,4081,0.3141119539054602,0.395401513873224,-0.08128955996776377
KnowAir,5,12,3,5492,4081,0.20591543123822265,0.05357837445218356,0.1523370567860391
KnowAir,5,12,6,5491,4081,-0.09048519275535694,-0.12122190937671297,0.030736716621356033
KnowAir,5,12,12,5489,4081,-0.06440984351279688,-0.08420838265888372,0.01979853914608684
KnowAir,107,108,0,2662,4346,0.3336025887070386,0.30534827655584346,0.02825431215119517
KnowAir,107,108,3,2662,4346,0.18679192167854522,0.04207251959715519,0.14471940208139003
KnowAir,107,108,6,2662,4346,-0.04708014343580953,-0.051926653810984,0.004846510375174466
KnowAir,107,108,12,2662,4344,-0.031125549986709158,-0.03058317006135475,-0.0005423799253544068
KnowAir,25,113,0,3465,4123,0.23660110166787363,0.2940108191562219,-0.05740971748834828
KnowAir,25,113,3,3464,4123,0.3367088516219364,0.06216453942864135,0.27454431219329506
KnowAir,25,113,6,3463,4123,0.13560204386169716,-0.0986708214120626,0.23427286527375976
KnowAir,25,113,12,3461,4123,-0.05876304824589957,-0.030366563397640753,-0.028396484848258817
KnowAir,165,89,0,2851,4948,0.17929956296487926,0.1237268865188788,0.05557267644600046
KnowAir,165,89,3,2851,4948,0.22853263507651914,0.14100267267677874,0.0875299623997404
KnowAir,165,89,6,2851,4948,-0.012117337592345501,-0.03998641164799904,0.02786907405565354
KnowAir,165,89,12,2851,4948,-0.007970851560157708,0.025582157116837603,-0.03355300867699531
KnowAir,132,130,0,2528,5017,0.22956399465480948,0.36721815868937585,-0.13765416403456637
KnowAir,132,130,3,2527,5017,0.25151836879261164,0.16729134636784748,0.08422702242476415
KnowAir,132,130,6,2526,5017,0.07449955464207678,-0.0842045789910617,0.15870413363313846
KnowAir,132,130,12,2525,5017,-0.03714200510506057,-0.02712820170353456,-0.010013803401526009
KnowAir,5,13,0,2990,1873,0.23430267506070282,0.18530758500975425,0.04899509005094857
KnowAir,5,13,3,2990,1873,0.07388513508419402,0.02618653109091995,0.047698603993274066
KnowAir,5,13,6,2990,1873,-0.08475960013348745,-0.05259712935259583,-0.03216247078089162
KnowAir,5,13,12,2989,1873,0.023514775474818436,-0.09363190617671117,0.11714668165152961
KnowAir,168,90,0,4828,1435,0.37785939371711114,0.3122481190262772,0.06561127469083394
KnowAir,168,90,3,4828,1435,0.1585213777825855,0.1272199207218612,0.03130145706072429
KnowAir,168,90,6,4828,1435,-0.11107644097418819,-0.13006445534623018,0.018988014372041992
KnowAir,168,90,12,4828,1435,0.08642930509867085,0.08399483075193762,0.0024344743467332314
KnowAir,42,67,0,4194,2855,0.215549707327638,0.18931390487278885,0.02623580245484916
KnowAir,42,67,3,4194,2854,0.1648403009622465,0.16945562956377475,-0.004615328601528246
KnowAir,42,67,6,4194,2854,-0.05692382305299272,0.005236082169399698,-0.06215990522239242
KnowAir,42,67,12,4194,2854,0.02544026961849623,-0.05140113779582254,0.07684140741431877
KnowAir,55,97,0,3825,3290,0.2349611449308718,0.26234410983430145,-0.027382964903429646
KnowAir,55,97,3,3824,3290,0.00940803275743795,0.0470339501744685,-0.03762591741703055
KnowAir,55,97,6,3823,3290,-0.0239296035342259,-0.044835497753598366,0.020905894219372466
KnowAir,55,97,12,3821,3290,0.020356944582983164,-0.011498380933759537,0.0318553255167427
KnowAir,68,74,0,3050,2974,0.15837301178024565,0.1667088789254238,-0.008335867145178144
KnowAir,68,74,3,3050,2974,0.062211715818529675,-0.046675543120824434,0.10888725893935411
KnowAir,68,74,6,3050,2974,-0.012180308311346604,-0.05811511178697172,0.04593480347562512
KnowAir,68,74,12,3050,2972,0.06374568271871732,-0.0037782850850720086,0.06752396780378933
KnowAir,40,56,0,5773,3596,0.1650459155516352,0.19042997855343308,-0.02538406300179788
KnowAir,40,56,3,5773,3596,0.11022805775252531,0.013657063805779118,0.09657099394674619
KnowAir,40,56,6,5772,3596,0.022466963878970795,-0.09193400421591473,0.11440096809488552
KnowAir,40,56,12,5771,3596,0.04792153063814369,-0.06434976345085912,0.1122712940890028
KnowAir,137,138,0,2937,5143,0.15558062049467067,0.17218513380596187,-0.016604513311291202
KnowAir,137,138,3,2936,5143,0.07258852658692555,0.05161276876076633,0.020975757826159222
KnowAir,137,138,6,2936,5143,-0.0155989102406789,-0.07474114719575521,0.05914223695507631
KnowAir,137,138,12,2936,5143,0.11628254222176476,0.04467893079356555,0.07160361142819921
KnowAir,41,101,0,4807,4182,0.19790388595761127,0.3645586866496323,-0.16665480069202104
KnowAir,41,101,3,4807,4181,0.17539114173788853,0.027313424137952153,0.14807771759993638
KnowAir,41,101,6,4807,4180,0.07157577989857604,-0.1280372865898445,0.19961306648842053
KnowAir,41,101,12,4807,4178,0.021911957289061413,-0.023774353182794767,0.04568631047185618
KnowAir,106,103,0,3147,4649,0.1308475536489717,0.17704432149498125,-0.04619676784600957
KnowAir,106,103,3,3147,4648,0.0959032574001766,0.011343989683609166,0.08455926771656744
KnowAir,106,103,6,3147,4647,-0.05089578884910532,-0.12069050756751575,0.06979471871841042
KnowAir,106,103,12,3147,4645,0.08688207109370652,0.11901960125113385,-0.03213753015742733
KnowAir,78,150,0,2880,3582,0.2575941334759031,0.3428362318363198,-0.08524209836041668
KnowAir,78,150,3,2879,3582,0.12162947971095853,0.0676656895877779,0.05396379012318063
KnowAir,78,150,6,2878,3582,-0.017500588596326878,-0.14257806022344682,0.12507747162711993
KnowAir,78,150,12,2877,3582,0.04898774173530875,-0.016637726864231834,0.06562546859954059
KnowAir,76,118,0,3119,4712,0.1628515837631743,0.3349172100110197,-0.1720656262478454
KnowAir,76,118,3,3119,4712,0.24878394206909232,0.1060668070110791,0.14271713505801323
KnowAir,76,118,6,3119,4712,0.11898815919353148,-0.06591217694592476,0.18490033613945622
KnowAir,76,118,12,3119,4712,0.02497495768869617,-0.06625142579360517,0.09122638348230133
KnowAir,98,102,0,3334,3895,0.16420128943085638,0.30563529673043544,-0.14143400729957906
KnowAir,98,102,3,3334,3894,0.06522082758584671,-0.03601190970209478,0.1012327372879415
KnowAir,98,102,6,3334,3893,0.010937727131628308,-0.059059100662304534,0.06999682779393285
KnowAir,98,102,12,3334,3891,-0.017329164154617688,-0.02681310071286599,0.009483936558248304
KnowAir,15,4,0,1798,4925,0.13649891849486653,0.21033010701748905,-0.07383118852262252
KnowAir,15,4,3,1798,4924,0.044316243509102946,0.051073145859852,-0.006756902350749057
KnowAir,15,4,6,1798,4923,-0.027996455983202422,-0.14526991508321124,0.11727345910000882
KnowAir,15,4,12,1798,4921,0.009980584061811798,0.04291008078955118,-0.03292949672773938
KnowAir,89,170,0,5614,2523,0.043317618155189995,0.011770688589149992,0.03154692956604
KnowAir,89,170,3,5614,2523,-0.03088093909686048,-0.13891736461251342,0.10803642551565293
KnowAir,89,170,6,5613,2523,-0.02308838514631424,-0.12425817808951077,0.10116979294319653
KnowAir,89,170,12,5611,2523,0.07755333906971602,0.09055007348432986,-0.01299673441461384
KnowAir,60,53,0,2789,4093,0.2215303454432843,0.2692560208806363,-0.04772567543735204
KnowAir,60,53,3,2789,4093,0.10976588450545659,0.11722781989936105,-0.0074619353939044675
KnowAir,60,53,6,2789,4093,-0.03157367133038047,-0.08261143752539303,0.05103776619501256
KnowAir,60,53,12,2789,4093,0.00781167007107908,-0.000667345492161636,0.008479015563240716
KnowAir,80,160,0,5043,1714,0.24997652739889645,0.36429900726189984,-0.1143224798630034
KnowAir,80,160,3,5042,1714,0.1995645501002064,0.3124627939509918,-0.1128982438507854
KnowAir,80,160,6,5042,1714,-0.06758871962348198,-0.13583887613492998,0.068250156511448
KnowAir,80,160,12,5040,1714,0.007461935019109115,0.10324805580692127,-0.09578612078781215
KnowAir,66,127,0,2505,3962,0.29537756312851193,0.21046735604040306,0.08491020708810887
KnowAir,66,127,3,2505,3961,-0.09565911620496885,-0.009275354522838144,-0.0863837616821307
KnowAir,66,127,6,2505,3961,-0.1190424311513671,-0.1537592973061427,0.03471686615477561
KnowAir,66,127,12,2505,3961,0.013066137879605023,0.0833454894666122,-0.07027935158700718
KnowAir,48,49,0,2685,4036,0.14701439465795735,0.2002108909618265,-0.05319649630386916
KnowAir,48,49,3,2685,4036,0.036510535633686815,0.06357572461358328,-0.027065188979896466
KnowAir,48,49,6,2685,4036,-0.12259499084507974,-0.08493279553160192,-0.03766219531347782
KnowAir,48,49,12,2685,4036,0.07588580876959804,0.07192641235097233,0.0039593964186257075
KnowAir,139,140,0,4169,3226,0.10038039397769914,0.1912996510509203,-0.09091925707322117
KnowAir,139,140,3,4168,3226,0.034262145980172055,0.04130735323409884,-0.007045207253926787
KnowAir,139,140,6,4167,3226,-0.06599759557194246,-0.16420116558368356,0.0982035700117411
KnowAir,139,140,12,4165,3226,0.13621083776640971,0.07920589091140715,0.05700494685500257
KnowAir,3,0,0,2466,5286,0.08316224856612175,0.158314727289804,-0.07515247872368225
KnowAir,3,0,3,2466,5285,0.06080883734844719,0.06301820766825993,-0.002209370319812734
KnowAir,3,0,6,2466,5284,0.05502706586551011,-0.09973814128149827,0.15476520714700837
KnowAir,3,0,12,2466,5282,0.032098909896031286,0.01781816402742349,0.014280745868607794
KnowAir,165,46,0,3272,4069,0.26803681868457657,0.1146753455022998,0.15336147318227678
KnowAir,165,46,3,3272,4069,0.21679486157040564,0.05292411060690725,0.1638707509634984
KnowAir,165,46,6,3272,4069,0.028598687623266273,-0.04334430888085242,0.07194299650411869
KnowAir,165,46,12,3272,4069,-0.01658160681192966,0.010570983183379502,-0.027152589995309163
KnowAir,75,145,0,1751,2425,0.3087815717348911,0.36617318894537587,-0.05739161721048475
KnowAir,75,145,3,1751,2425,0.25627982087996515,0.07764961647306488,0.17863020440690025
KnowAir,75,145,6,1751,2425,0.03395471873750886,-0.08348682905291178,0.11744154779042065
KnowAir,75,145,12,1751,2425,-0.10439191091272464,-0.05725457608712458,-0.04713733482560006
KnowAir,58,29,0,2529,5164,0.3173118840916487,0.3112039832237548,0.006107900867893867
KnowAir,58,29,3,2528,5164,0.21087795914067278,0.09445526059762205,0.11642269854305073
KnowAir,58,29,6,2527,5164,-0.030355538261749512,-0.09905688155855727,0.06870134329680776
KnowAir,58,29,12,2526,5164,0.013348527280765509,-0.020281149073109,0.03362967635387451
KnowAir,42,65,0,3948,4436,0.25753455614008763,0.2420312406526722,0.015503315487415431
KnowAir,42,65,3,3947,4436,0.10924129349882682,0.09240275373419161,0.016838539764635202
KnowAir,42,65,6,3946,4436,-0.11185136513785723,-0.03735234446955928,-0.07449902066829794
KnowAir,42,65,12,3944,4436,0.04220044989844424,-0.00023956137385193273,0.04244001127229617
KnowAir,88,166,0,3674,3396,0.38325099602503987,0.1509539626981326,0.23229703332690727
KnowAir,88,166,3,3674,3396,-0.0019440762675001183,0.011488002937824036,-0.013432079205324155
KnowAir,88,166,6,3674,3396,-0.1786204965780425,-0.07701083705095392,-0.10160965952708857
KnowAir,88,166,12,3674,3396,0.01115486647340619,0.0440708266170315,-0.032915960143625314
KnowAir,140,141,0,3993,3573,0.3105757926617538,0.21623735679080267,0.09433843587095112
KnowAir,140,141,3,3992,3573,0.06842495296073296,-0.1434989836279322,0.21192393658866515
KnowAir,140,141,6,3991,3573,-0.03666848447073848,-0.07220140471004731,0.03553292023930883
KnowAir,140,141,12,3991,3573,0.113876453200659,0.10890647335379967,0.004969979846859332
KnowAir,158,44,0,5506,3085,0.17239882419085828,0.2609063846459417,-0.0885075604550834
KnowAir,158,44,3,5505,3085,0.1282629524288633,0.046452250927243165,0.08181070150162012
KnowAir,158,44,6,5504,3085,0.09662515121978403,-0.1069886340863345,0.2036137853061185
KnowAir,158,44,12,5502,3085,0.005939645979640339,0.04974090979664315,-0.043801263817002806
KnowAir,87,170,0,3047,4406,0.08263981509607794,0.12221533009471436,-0.039575514998636416
KnowAir,87,170,3,3047,4406,-0.14450418045126162,0.014179571609115564,-0.1586837520603772
KnowAir,87,170,6,3047,4406,-0.1873791859053466,-0.071783899421365,-0.11559528648398161
KnowAir,87,170,12,3047,4405,0.037807050553497194,-0.014736902417933991,0.05254395297143118
KnowAir,116,31,0,2426,5537,0.1599755879062323,0.19802211707162423,-0.03804652916539192
KnowAir,116,31,3,2426,5536,-0.020519469400855923,0.05670765191489761,-0.07722712131575353
KnowAir,116,31,6,2426,5535,-0.04728808481791169,-0.03368308615054986,-0.013604998667361833
KnowAir,116,31,12,2426,5533,0.0015481625440734684,-0.013718441018566938,0.015266603562640407
KnowAir,9,6,0,2470,5574,0.2357356274250691,0.34849456235292786,-0.11275893492785877
KnowAir,9,6,3,2470,5573,0.2199677851627029,0.13328475656580302,0.08668302859689989
KnowAir,9,6,6,2470,5572,0.08687215391930184,-0.07647777933810535,0.16334993325740718
KnowAir,9,6,12,2470,5570,-0.03609347746634922,-0.08380048880212089,0.04770701133577167
KnowAir,159,157,0,2007,4016,0.21720232436080944,0.1919465878013877,0.025255736559421732
KnowAir,159,157,3,2007,4016,0.05801459867297211,0.04923967934134019,0.008774919331631922
KnowAir,159,157,6,2007,4016,-0.06758999980642195,-0.11644962698240278,0.04885962717598083
KnowAir,159,157,12,2007,4016,0.0946441140133993,0.049913932357838364,0.04473018165556093
KnowAir,94,95,0,2004,2533,0.21767504981368085,0.25098911028236476,-0.033314060468683904
KnowAir,94,95,3,2004,2533,0.20456383336482856,0.10133011364676608,0.10323371971806247
KnowAir,94,95,6,2004,2533,-0.09542181869412839,-0.14301798957249917,0.047596170878370786
KnowAir,94,95,12,2004,2533,0.12808210534737355,0.03831708268754972,0.08976502265982383
KnowAir,114,35,0,3758,3706,0.16098348368168078,0.22710630643789737,-0.06612282275621659
KnowAir,114,35,3,3757,3706,0.19603594131370078,-0.008988345268053644,0.20502428658175442
KnowAir,114,35,6,3756,3706,0.11278708250540356,-0.15098522268362397,0.2637723051890275
KnowAir,114,35,12,3754,3706,0.0659956901516175,0.09452314864926545,-0.028527458497647942
KnowAir,162,84,0,1995,7276,0.3496683018061603,0.330002003292905,0.019666298513255298
KnowAir,162,84,3,1995,7275,-0.04436483908927357,-0.031545887241531005,-0.012818951847742566
KnowAir,162,84,6,1995,7274,-0.17545326670772,-0.13881433720545852,-0.03663892950226147
KnowAir,162,84,12,1995,7272,0.16879025081064636,0.10974009425013863,0.05905015656050773
KnowAir,156,158,0,3650,4195,0.21222641322495847,0.2977093716929702,-0.08548295846801171
KnowAir,156,158,3,3649,4195,0.0988522461657457,0.0007845272608201005,0.0980677189049256
KnowAir,156,158,6,3648,4195,-0.020968258202871577,-0.1714180887478754,0.15044983054500383
KnowAir,156,158,12,3646,4195,0.11309454031130385,0.07041199147401865,0.0426825488372852
KnowAir,39,140,0,2798,6440,0.16962635097828396,0.2249204583659888,-0.05529410738770485
KnowAir,39,140,3,2798,6439,-0.02215167137140098,0.005511799202766965,-0.027663470574167945
KnowAir,39,140,6,2798,6438,-0.11538893812982191,-0.07037839673677798,-0.04501054139304393
KnowAir,39,140,12,2798,6436,0.019032243361925286,0.09564718326848932,-0.07661493990656404
KnowAir,111,30,0,3161,4567,0.18136884775615297,0.09319554397938984,0.08817330377676313
KnowAir,111,30,3,3160,4567,0.24991111240027128,0.05541783879234783,0.19449327360792346
KnowAir,111,30,6,3159,4567,0.16177934253089077,-0.03449056273179443,0.1962699052626852
KnowAir,111,30,12,3157,4567,0.012395326129115827,-0.012963835059335897,0.025359161188451725
KnowAir,22,25,0,2888,4787,0.6191634934801135,0.507484693690733,0.11167879978938045
KnowAir,22,25,3,2887,4787,0.22604033472195448,0.08394474857590525,0.14209558614604922
KnowAir,22,25,6,2886,4787,-0.09535025777027387,-0.11853621299895245,0.023185955228678584
KnowAir,22,25,12,2885,4787,-0.05186017806701129,-0.07527347719019795,0.023413299123186654
KnowAir,88,45,0,2141,4136,0.1651939891403102,0.3004846960185095,-0.13529070687819933
KnowAir,88,45,3,2141,4135,-0.037383147509743975,-0.1405361223013091,0.10315297479156513
KnowAir,88,45,6,2141,4134,-0.07449270556444434,-0.22771368797149516,0.15322098240705082
KnowAir,88,45,12,2141,4133,0.023349396995954785,0.08319349648386902,-0.059844099487914235
KnowAir,48,179,0,879,4431,0.15176232541704465,0.4381191071105338,-0.28635678169348916
KnowAir,48,179,3,879,4431,-0.26528756333265585,-0.010937063754594408,-0.25435049957806144
KnowAir,48,179,6,879,4431,-0.1788898083798796,-0.24868561299962902,0.06979580461974941
KnowAir,48,179,12,879,4431,0.1307306224138671,0.21216507954680003,-0.08143445713293293
KnowAir,112,139,0,4003,2945,0.11089032118321257,0.18238944683592642,-0.07149912565271385
KnowAir,112,139,3,4002,2945,0.16985892054779303,-0.0033702738333688635,0.17322919438116188
KnowAir,112,139,6,4001,2945,0.11779912141421803,-0.08616693369958962,0.20396605511380766
KnowAir,112,139,12,3999,2945,0.06018633960914952,0.019655991348507082,0.04053034826064244
KnowAir,171,167,0,5273,1552,0.3017751777546059,0.2234468091117232,0.07832836864288267
KnowAir,171,167,3,5272,1552,-0.048087013174313485,-0.05415102223571842,0.006064009061404932
KnowAir,171,167,6,5271,1552,-0.11806573344941124,-0.09906710611344154,-0.0189986273359697
KnowAir,171,167,12,5269,1552,0.12662299081422745,0.024712092709255274,0.10191089810497218
KnowAir,50,51,0,4224,2482,0.2002416229800682,0.21204445530584554,-0.011802832325777335
KnowAir,50,51,3,4223,2482,0.04616497183581093,-0.1153419534736224,0.16150692530943334
KnowAir,50,51,6,4222,2482,-0.022732873257444323,-0.18161081989204078,0.15887794663459645
KnowAir,50,51,12,4220,2482,0.07504467328557848,0.0628793194736138,0.01216535381196468
KnowAir,105,56,0,2185,3929,0.1627793141424683,0.2035443394358802,-0.040765025293411916
KnowAir,105,56,3,2185,3928,0.09688566375863765,0.020395322599204853,0.07649034115943279
KnowAir,105,56,6,2185,3927,-0.012894524880388936,-0.11598054945619998,0.10308602457581105
KnowAir,105,56,12,2185,3926,0.026096378954962914,0.05268103110904129,-0.02658465215407838
KnowAir,182,49,0,4974,2211,0.1364494452348041,0.2262285151799731,-0.08977906994516902
KnowAir,182,49,3,4973,2211,0.09847928235459148,0.10984391619858021,-0.011364633843988725
KnowAir,182,49,6,4972,2211,-0.12267512403293829,-0.04182854498308198,-0.08084657904985632
KnowAir,182,49,12,4971,2211,0.10598439411268716,0.04280567977021324,0.06317871434247392
KnowAir,151,158,0,4734,2185,0.369768940056443,0.26801185428710855,0.10175708576933445
KnowAir,151,158,3,4734,2185,0.15515825839709604,-0.0021320835160481173,0.15729034191314417
KnowAir,151,158,6,4733,2185,-0.05532526476191587,-0.1885917427186056,0.13326647795668972
KnowAir,151,158,12,4731,2185,0.05054958538098144,0.11915804810468035,-0.06860846272369892
KnowAir,150,118,0,3601,4837,0.39101863344597565,0.2509266196723913,0.14009201377358432
KnowAir,150,118,3,3601,4836,0.14829404942485933,-0.008364058608646092,0.1566581080335054
KnowAir,150,118,6,3601,4836,-0.06687223331444554,-0.08349105622430196,0.016618822909856418
KnowAir,150,118,12,3601,4836,0.010333874383584536,-0.053067531079612415,0.06340140546319695
KnowAir,87,171,0,2581,4275,0.24410530189002783,0.17946614784535767,0.06463915404467016
KnowAir,87,171,3,2581,4275,0.1550966511353077,0.11909123873405486,0.03600541240125285
KnowAir,87,171,6,2581,4275,-0.07199505131836115,-0.11148784007017432,0.03949278875181317
KnowAir,87,171,12,2581,4273,0.10335637366903003,0.08054570870038216,0.022810664968647865
KnowAir,139,133,0,5486,3116,0.27816734896470713,0.2392029658676679,0.03896438309703923
KnowAir,139,133,3,5485,3116,0.2011803740904448,0.08407154338919016,0.11710883070125465
KnowAir,139,133,6,5484,3116,0.034141570242995044,-0.07712826685323261,0.11126983709622765
KnowAir,139,133,12,5482,3116,0.010590585616309935,0.019187290234239082,-0.008596704617929147
KnowAir,164,88,0,6069,1984,0.29222206962307695,0.4037619031325275,-0.11153983350945057
KnowAir,164,88,3,6068,1984,0.05433071631078565,0.12767989874044075,-0.0733491824296551
KnowAir,164,88,6,6067,1984,-0.06615969201638228,-0.10438061521504322,0.03822092319866094
KnowAir,164,88,12,6065,1984,0.08566352303825978,-0.028167053486441482,0.11383057652470126
KnowAir,36,35,0,2704,7149,0.2820580184692998,0.33434347423800387,-0.05228545576870408
KnowAir,36,35,3,2704,7148,0.14617556475327068,-0.041526323637730726,0.1877018883910014
KnowAir,36,35,6,2704,7147,-0.09891010490214681,-0.10833503756756566,0.009424932665418842
KnowAir,36,35,12,2704,7145,0.0535245367401518,0.02294415935668708,0.030580377383464717
KnowAir,62,58,0,2934,5851,0.24181235162847065,0.28049638035102364,-0.038684028722553
KnowAir,62,58,3,2933,5851,0.19692462257719837,0.08754091116814935,0.10938371140904901
KnowAir,62,58,6,2933,5851,0.04069557812194914,-0.12220627169650145,0.16290184981845057
KnowAir,62,58,12,2933,5851,0.04814683812708958,0.03041502149940606,0.01773181662768352
KnowAir,145,5,0,4648,2699,0.2910751335857158,0.2565463436514454,0.03452878993427039
KnowAir,145,5,3,4648,2699,0.19950301477100743,0.008516446269354971,0.19098656850165247
KnowAir,145,5,6,4648,2699,0.04426075859574429,-0.14710419043218817,0.19136494902793247
KnowAir,145,5,12,4647,2699,-0.029850473834572,-0.05044698996631036,0.020596516131738362
KnowAir,128,126,0,2296,2271,0.32327585033919387,0.23582357899074868,0.08745227134844519
KnowAir,128,126,3,2296,2271,0.0903848725698481,0.16958738515200164,-0.07920251258215354
KnowAir,128,126,6,2296,2271,-0.147604845640227,-0.12719892879618316,-0.02040591684404383
KnowAir,128,126,12,2296,2271,0.09360699770266015,0.046505854807706734,0.047101142894953416
KnowAir,121,67,0,1877,3393,0.2815303740903104,0.3091399275351512,-0.027609553444840784
KnowAir,121,67,3,1877,3393,0.20163217186749466,0.09376605729696222,0.10786611457053244
KnowAir,121,67,6,1877,3393,-0.04807865720100983,-0.20390661419998574,0.1558279569989759
KnowAir,121,67,12,1877,3392,0.032214749883538535,0.11582347724394335,-0.08360872736040481
KnowAir,40,57,0,4061,3253,0.33087670586036505,0.34218333435881354,-0.01130662849844849
KnowAir,40,57,3,4060,3253,0.23893568434920512,0.0944861038339212,0.14444958051528392
KnowAir,40,57,6,4059,3253,0.005851734660521745,-0.0432418539429654,0.04909358860348714
KnowAir,40,57,12,4058,3253,0.030886118014577933,-0.05923503912709754,0.09012115714167547
KnowAir,11,0,0,5772,3258,0.10381813926661,0.08342779497140154,0.02039034429520846
KnowAir,11,0,3,5772,3258,0.07072934868256907,-0.0369804374528348,0.10770978613540387
KnowAir,11,0,6,5771,3258,-0.06387896338498009,-0.07162895708758221,0.007749993702602126
KnowAir,11,0,12,5769,3258,0.003061042230908544,-0.013037324965769065,0.016098367196677607
KnowAir,74,68,0,4107,3200,0.1949302779982212,0.1854107296693934,0.009519548328827815
KnowAir,74,68,3,4107,3199,0.07774620325024463,0.09661572930071187,-0.01886952605046724
KnowAir,74,68,6,4107,3198,-0.11952838088366653,-0.12419282882344429,0.004664447939777758
KnowAir,74,68,12,4106,3198,0.04887625042992517,0.04503026773065658,0.0038459826992685853
KnowAir,71,72,0,3322,3662,0.47755357225390244,0.46335073557236744,0.014202836681534992
KnowAir,71,72,3,3322,3661,0.24072516073193245,0.03219338267438494,0.20853177805754752
KnowAir,71,72,6,3322,3660,-0.02143311393855045,-0.07722195940266469,0.05578884546411424
KnowAir,71,72,12,3322,3658,-0.08332025584266713,-0.028325743541105758,-0.05499451230156137
KnowAir,23,18,0,5194,2871,0.38744294797128326,0.5514265054178731,-0.16398355744658982
KnowAir,23,18,3,5194,2870,0.04937145261178363,0.1702135865665111,-0.12084213395472745
KnowAir,23,18,6,5194,2870,-0.08350971098158186,-0.13870726499494468,0.05519755401336282
KnowAir,23,18,12,5194,2870,-0.040394936790094475,-0.023063520553091247,-0.01733141623700323
KnowAir,57,40,0,3067,4734,0.3259501858796301,0.34699783492345554,-0.021047649043825445
KnowAir,57,40,3,3067,4733,0.2858629623953872,0.021038203172999658,0.2648247592223876
KnowAir,57,40,6,3067,4732,0.030579415889610398,-0.12961997954625937,0.16019939543586975
KnowAir,57,40,12,3067,4732,-0.02275254202383975,0.043897199829760945,-0.0666497418536007
KnowAir,105,102,0,4401,4682,0.380049334169882,0.20291325989128933,0.17713607427859268
KnowAir,105,102,3,4400,4682,0.10751128045507713,-0.016646619541886842,0.12415789999696397
KnowAir,105,102,6,4399,4682,-0.05451558608645322,-0.0375049242903614,-0.01701066179609182
KnowAir,105,102,12,4397,4682,0.011620160309410717,-0.004984433183434059,0.016604593492844776
KnowAir,130,136,0,2599,5324,0.2684212070909918,0.32641078088481396,-0.057989573793822136
KnowAir,130,136,3,2598,5324,0.2082398469520014,0.07564779824400465,0.13259204870799673
KnowAir,130,136,6,2597,5324,0.0007185925013703133,-0.09422781016174309,0.0949464026631134
KnowAir,130,136,12,2597,5324,0.04835141826689209,0.01819436813350204,0.03015705013339005
KnowAir,94,92,0,2603,2549,0.4629017307766862,0.2776900025055503,0.1852117282711359
KnowAir,94,92,3,2603,2549,0.09827825277521154,-0.019617121475393066,0.11789537425060462
KnowAir,94,92,6,2603,2549,-0.2017262028173312,-0.16921549617049111,-0.03251070664684008
KnowAir,94,92,12,2603,2549,0.07570086558959649,0.08452019655681074,-0.008819330967214253
KnowAir,77,146,0,2556,3498,0.21373330300587448,0.1732568560975627,0.040476446908311786
KnowAir,77,146,3,2555,3498,0.15169467554570998,0.06391049501876223,0.08778418052694775
KnowAir,77,146,6,2554,3498,0.017747453585199933,-0.030453253561620573,0.04820070714682051
KnowAir,77,146,12,2554,3498,0.026402311472960602,-0.06456929496920581,0.09097160644216641
KnowAir,6,69,0,3192,5891,0.12975039639739677,0.24499927574977703,-0.11524887935238026
KnowAir,6,69,3,3192,5890,0.10901928862618153,0.15031431284118743,-0.0412950242150059
KnowAir,6,69,6,3192,5889,0.03852884517025852,-0.040133591305683516,0.07866243647594204
KnowAir,6,69,12,3192,5887,-0.02169062987782778,-0.03886503824579772,0.01717440836796994
KnowAir,142,135,0,2510,4350,0.2462441986537994,0.20719525236852954,0.039048946285269864
KnowAir,142,135,3,2510,4349,-0.029019968973196343,-0.09308570254654396,0.0640657335733476
KnowAir,142,135,6,2510,4348,-0.1612762742907579,-0.15584786634948525,-0.005428407941272639
KnowAir,142,135,12,2510,4346,0.1332100467910962,0.10563835000904859,0.0275716967820476
KnowAir,183,178,0,3516,3410,0.3034147170228179,0.35962662211624774,-0.056211905093429826
KnowAir,183,178,3,3516,3410,0.10931771160049279,0.13133859652095217,-0.02202088492045938
KnowAir,183,178,6,3516,3410,-0.1570750953714915,-0.10485027454105297,-0.05222482083043853
KnowAir,183,178,12,3516,3410,0.16834601321915924,0.016687347771062053,0.1516586654480972
KnowAir,148,146,0,4016,5262,0.26531732671325486,0.09101850909769087,0.17429881761556398
KnowAir,148,146,3,4016,5262,0.03272434716833354,-0.0015961306840120016,0.03432047785234554
KnowAir,148,146,6,4015,5262,-0.045268840325815504,-0.0354520979038961,-0.009816742421919405
KnowAir,148,146,12,4014,5262,-0.03031662156339203,-0.039885284148799445,0.009568662585407416
KnowAir,33,34,0,2696,4997,0.294667236491785,0.24141970141530475,0.05324753507648025
KnowAir,33,34,3,2696,4997,0.19652899084159026,0.004526838119633482,0.19200215272195678
KnowAir,33,34,6,2696,4997,-0.06150869802954132,-0.07235678233133774,0.010848084301796422
KnowAir,33,34,12,2696,4995,-0.03578378658531535,-0.033450141661444915,-0.0023336449238704343
KnowAir,13,124,0,2531,3579,0.06512886000012046,0.18986439016143886,-0.1247355301613184
KnowAir,13,124,3,2531,3578,0.14868394351844275,0.0735237418528475,0.07516020166559524
KnowAir,13,124,6,2531,3577,-0.033094849933227255,-0.17905776197771303,0.14596291204448578
KnowAir,13,124,12,2531,3575,0.06838087620995409,0.12515781692763933,-0.05677694071768524
KnowAir,123,120,0,2216,2398,0.2823237121483259,0.27022638601452326,0.012097326133802655
KnowAir,123,120,3,2216,2398,-0.16335192348984653,-0.08146079245782907,-0.08189113103201746
KnowAir,123,120,6,2216,2398,-0.24318813942126094,-0.2357037856444105,-0.007484353776850444
KnowAir,123,120,12,2216,2398,0.13907853891595193,0.15221258262605528,-0.01313404371010335
KnowAir,58,20,0,2894,4791,0.28970037042388264,0.2037717966325342,0.08592857379134844
KnowAir,58,20,3,2893,4791,0.03227396221031216,0.05507300937331082,-0.02279904716299866
KnowAir,58,20,6,2892,4791,-0.06017072753957105,-0.014897498307066373,-0.04527322923250467
KnowAir,58,20,12,2891,4791,0.043572373765725196,-0.012192632161809377,0.05576500592753457
KnowAir,74,146,0,3906,5954,0.2207049338023913,0.2282066041544758,-0.0075016703520844885
KnowAir,74,146,3,3905,5954,0.08705916310895674,0.00240638047424563,0.08465278263471111
KnowAir,74,146,6,3904,5954,-0.01879813818494408,-0.08318432964586299,0.06438619146091891
KnowAir,74,146,12,3903,5954,0.031247844259121398,-0.04632460971235027,0.07757245397147167
KnowAir,109,27,0,4191,3122,0.24467255307892158,0.1208773718350223,0.12379518124389928
KnowAir,109,27,3,4191,3121,0.05216520725809051,-0.015263521922431075,0.06742872918052159
KnowAir,109,27,6,4191,3120,-0.04603019333265522,-0.07534322282753564,0.02931302949488042
KnowAir,109,27,12,4191,3118,0.0007198324976516894,-0.03923127031556167,0.03995110281321336
KnowAir,74,174,0,4829,3782,0.09381456840093144,0.14929713341019796,-0.055482565009266516
KnowAir,74,174,3,4829,3781,-0.0069852798766805585,-0.11696301714498744,0.10997773726830688
KnowAir,74,174,6,4829,3780,-0.04249638466650299,-0.14865929550990464,0.10616291084340165
KnowAir,74,174,12,4829,3778,0.03854607849404167,0.09591772105468968,-0.05737164256064801
KnowAir,34,26,0,3942,3394,0.08231398375229332,0.18246199585548312,-0.1001480121031898
KnowAir,34,26,3,3941,3394,0.044219386241117056,0.12703339871307567,-0.08281401247195862
KnowAir,34,26,6,3940,3394,0.03648074118674642,-0.05991449198334551,0.09639523317009194
KnowAir,34,26,12,3938,3394,0.06047326864608028,0.004068424905679155,0.056404843740401125
KnowAir,101,104,0,4600,4472,0.3442242635692778,0.38053084117119895,-0.03630657760192113
KnowAir,101,104,3,4600,4471,0.12777548974694924,0.004550015127259237,0.12322547461969001
KnowAir,101,104,6,4600,4470,-0.09258417359623329,-0.1211483718520743,0.028564198255841014
KnowAir,101,104,12,4600,4468,0.018759825866788895,0.03846371888703551,-0.019703893020246614
KnowAir,65,76,0,3885,4294,0.33102450027718,0.30936328598258056,0.02166121429459944
KnowAir,65,76,3,3885,4293,0.11563253094500747,-0.0046024854170152235,0.12023501636202269
KnowAir,65,76,6,3885,4292,-0.011898639802263933,-0.08777232749900446,0.07587368769674052
KnowAir,65,76,12,3885,4290,-0.02588606827060078,0.006418033812951853,-0.03230410208355263
KnowAir,87,88,0,2875,4428,0.3524915543106588,0.23482060372182473,0.11767095058883409
KnowAir,87,88,3,2875,4428,0.23455743463744536,0.027741522503782912,0.20681591213366243
KnowAir,87,88,6,2875,4428,-0.04746002048644875,-0.12189225897055334,0.07443223848410459
KnowAir,87,88,12,2875,4426,0.04679136972404204,0.0701102322838198,-0.023318862559777755
KnowAir,166,87,0,4397,2608,0.2780276583055217,0.33056860714454683,-0.05254094883902516
KnowAir,166,87,3,4397,2608,0.09954165365405433,0.0376215755178251,0.06192007813622923
KnowAir,166,87,6,4397,2608,-0.03720218574649286,-0.24667633789782512,0.20947415215133225
KnowAir,166,87,12,4395,2608,0.03756333072566877,0.09686909351624488,-0.059305762790576116
KnowAir,177,172,0,3089,4030,0.25120523222054686,0.30061365414343555,-0.04940842192288869
KnowAir,177,172,3,3089,4030,0.12018751850861745,0.06198591947329092,0.058201599035326526
KnowAir,177,172,6,3089,4030,-0.21229112918459397,-0.25950230373021066,0.047211174545616685
KnowAir,177,172,12,3089,4030,0.16297448669403936,0.10724262839733026,0.0557318582967091
KnowAir,118,147,0,4805,3122,0.45567138854163736,0.42869871759348394,0.02697267094815342
KnowAir,118,147,3,4805,3122,0.365886610652308,0.22003937796587927,0.1458472326864287
KnowAir,118,147,6,4805,3122,0.021570114035595472,-0.12385787671722599,0.14542799075282148
KnowAir,118,147,12,4805,3121,-0.10082815717431456,-0.021826049032456645,-0.07900210814185792
KnowAir,175,128,0,2327,4619,0.1716687314838664,0.14883413742171667,0.022834594062149743
KnowAir,175,128,3,2326,4619,-0.022398756423690522,0.03919057647546971,-0.06158933289916023
KnowAir,175,128,6,2325,4619,-0.17130707606658818,-0.05474507949130159,-0.1165619965752866
KnowAir,175,128,12,2324,4619,0.10800995575463464,0.06083141873358925,0.04717853702104539
KnowAir,177,175,0,3607,5019,0.2432665749673821,0.2640792087014482,-0.020812633734066083
KnowAir,177,175,3,3607,5018,-0.02723746815224064,-0.04984477169709076,0.022607303544850122
KnowAir,177,175,6,3607,5017,-0.13468574024145577,-0.2445632432600651,0.10987750301860932
KnowAir,177,175,12,3607,5016,0.04790150273780939,0.20053124724369245,-0.15262974450588307
KnowAir,67,121,0,4466,2267,0.26773196781366915,0.3258126718558606,-0.058080704042191456
KnowAir,67,121,3,4465,2267,-0.0643800284115367,-0.07399926501058025,0.009619236599043554
KnowAir,67,121,6,4464,2267,-0.15711386595917756,-0.27402776054750555,0.11691389458832799
KnowAir,67,121,12,4462,2267,0.1259562573102233,0.11916826770845546,0.006787989601767852
KnowAir,5,65,0,3169,4688,0.11937234597662166,0.27717556493200035,-0.1578032189553787
KnowAir,5,65,3,3169,4688,0.15767111950096116,0.10002238059184182,0.05764873890911934
KnowAir,5,65,6,3169,4687,0.07695657212824561,-0.12353801240479026,0.20049458453303587
KnowAir,5,65,12,3169,4685,0.002719479999191036,0.003178068711539812,-0.0004585887123487761
KnowAir,68,121,0,3041,2387,0.3102271982949998,0.18439893075165523,0.12582826754334456
KnowAir,68,121,3,3041,2387,-0.020263762180049872,-0.029157327220304865,0.008893565040254993
KnowAir,68,121,6,3041,2387,-0.19370607894799186,-0.1604391832660453,-0.033266895681946546
KnowAir,68,121,12,3039,2387,0.08074859108960075,0.11354744347312026,-0.03279885238351951
KnowAir,111,139,0,4595,2704,0.15662663992500614,0.11406709001919632,0.04255954990580982
KnowAir,111,139,3,4594,2704,0.2110891051350006,0.00019260231383628093,0.21089650282116432
KnowAir,111,139,6,4593,2704,0.1175807330230531,-0.07581550765041682,0.19339624067346992
KnowAir,111,139,12,4591,2704,0.0354522172386125,0.030082015981056885,0.005370201257555614
KnowAir,71,134,0,5070,3120,0.17114536048203552,0.23817648545057923,-0.06703112496854371
KnowAir,71,134,3,5069,3120,0.1744328133017122,0.07002374162311933,0.10440907167859287
KnowAir,71,134,6,5068,3120,0.1180370111862463,-0.08763963765822087,0.20567664884446718
KnowAir,71,134,12,5066,3120,0.05413872667909159,0.03768517401344409,0.0164535526656475
KnowAir,63,58,0,3682,3759,0.20393558376061577,0.24997616911139817,-0.0460405853507824
KnowAir,63,58,3,3682,3759,0.15555716395327085,0.010580001115854743,0.1449771628374161
KnowAir,63,58,6,3682,3759,0.04321048302689417,-0.1553658583966176,0.19857634142351177
KnowAir,63,58,12,3682,3759,0.030473029063554424,0.028474863158955737,0.0019981659045986873
KnowAir,41,102,0,4033,4086,0.12928148744080606,0.24978323863295343,-0.12050175119214737
KnowAir,41,102,3,4033,4085,0.10589509691943014,-0.05879621117392885,0.164691308093359
KnowAir,41,102,6,4033,4084,0.034143371548378,-0.11944460231817772,0.1535879738665557
KnowAir,41,102,12,4033,4082,0.0316396577590968,-0.014124241069352875,0.045763898828449674
KnowAir,173,169,0,3997,1369,0.27704959713296307,0.2629803431130215,0.01406925401994158
KnowAir,173,169,3,3997,1369,0.12375192325113996,0.1901827743055762,-0.06643085105443625
KnowAir,173,169,6,3997,1369,-0.1309149253168213,-0.2358833372301582,0.10496841191333689
KnowAir,173,169,12,3995,1369,0.06265652965405666,0.16414683555949294,-0.10149030590543628
KnowAir,175,182,0,2408,4990,0.29179990582146226,0.2858872854692475,0.005912620352214737
KnowAir,175,182,3,2407,4990,0.16997714075966314,0.0726109267231595,0.09736621403650364
KnowAir,175,182,6,2406,4990,-0.24091139984195037,-0.08082179926202594,-0.16008960057992444
KnowAir,175,182,12,2405,4990,0.1393833923478367,0.03584825861197824,0.10353513373585846
KnowAir,91,93,0,1971,4321,0.20373405219974766,0.12425105963662524,0.07948299256312243
KnowAir,91,93,3,1971,4321,-0.19987551607370838,-0.15156125522237693,-0.04831426085133145
KnowAir,91,93,6,1971,4321,-0.2205831226296941,-0.1040967169928568,-0.11648640563683729
KnowAir,91,93,12,1971,4321,0.14314426105589514,0.08881484877344578,0.05432941228244936
KnowAir,126,125,0,3499,4769,0.27225691960916004,0.33093788063107027,-0.05868096102191023
KnowAir,126,125,3,3499,4769,0.11083509452122554,0.04794044849898501,0.06289464602224054
KnowAir,126,125,6,3499,4769,-0.050305592197080536,-0.15454886408583282,0.10424327188875229
KnowAir,126,125,12,3498,4769,0.14483554874423404,0.14798242217041532,-0.003146873426181279
KnowAir,142,35,0,2603,6236,0.2148773470228052,0.1405456425239725,0.0743317044988327
KnowAir,142,35,3,2603,6235,-0.048522700946236993,-0.07802694677185355,0.02950424582561656
KnowAir,142,35,6,2603,6234,-0.04569190792408319,-0.07508289374862896,0.029390985824545773
KnowAir,142,35,12,2603,6232,0.04151252294531618,0.027015333258068968,0.014497189687247215
KnowAir,143,77,0,4394,4952,0.1547382281424019,0.25255590152067203,-0.09781767337827013
KnowAir,143,77,3,4394,4951,0.20988558822676906,0.07202146760638165,0.13786412062038741
KnowAir,143,77,6,4394,4950,0.10993389999976728,-0.07294629064990349,0.18288019064967076
KnowAir,143,77,12,4394,4948,0.003945408172350171,0.03213129651095057,-0.0281858883386004
KnowAir,60,56,0,3054,3779,0.2564253972407874,0.32923492952433014,-0.07280953228354275
KnowAir,60,56,3,3054,3778,0.08092143304872272,0.05574774624315016,0.02517368680557256
KnowAir,60,56,6,3054,3777,0.023833716224844478,-0.14955582793341918,0.17338954415826366
KnowAir,60,56,12,3054,3775,-0.05949745193933135,-0.03730741568616662,-0.02219003625316473
KnowAir,180,176,0,1146,2049,0.39770487218210543,0.44790859622114204,-0.05020372403903661
KnowAir,180,176,3,1146,2049,0.03235130644739859,0.00283781931658885,0.029513487130809736
KnowAir,180,176,6,1146,2049,-0.22000545047794628,-0.34250910692321623,0.12250365644526995
KnowAir,180,176,12,1146,2049,0.2154874024446219,0.26502826725098255,-0.04954086480636066
KnowAir,42,146,0,3148,4207,0.29956536470139467,0.38104529625971195,-0.08147993155831729
KnowAir,42,146,3,3147,4207,0.32150479106877067,0.05713887376248274,0.26436591730628795
KnowAir,42,146,6,3147,4207,0.02581592256823785,-0.10932922482753754,0.13514514739577538
KnowAir,42,146,12,3147,4206,-0.053514929495624475,-0.1219860382310647,0.06847110873544023
KnowAir,141,39,0,3762,1521,0.12716371383842234,0.16560927319207236,-0.038445559353650016
KnowAir,141,39,3,3762,1521,0.13236489448748054,0.1460021277167016,-0.013637233229221057
KnowAir,141,39,6,3762,1521,0.006513810485103171,-0.05214530556152777,0.058659116046630946
KnowAir,141,39,12,3762,1521,0.022159681191406766,-0.013461441047976721,0.03562112223938349
KnowAir,100,20,0,3867,4888,0.1651406230953682,0.1353516838811166,0.029788939214251603
KnowAir,100,20,3,3866,4888,0.13705539384189155,0.02460980530121341,0.11244558854067814
KnowAir,100,20,6,3865,4888,0.06544505590132554,-0.041495882689965256,0.10694093859129081
KnowAir,100,20,12,3863,4888,-0.02177883270447757,0.010623957066945232,-0.0324027897714228
KnowAir,163,169,0,2621,1993,0.15806952631292323,0.1944199378759451,-0.03635041156302188
KnowAir,163,169,3,2621,1993,0.06232094002363345,-0.1587823784153636,0.22110331843899705
KnowAir,163,169,6,2621,1993,-0.01191913974448533,-0.10550431723045196,0.09358517748596663
KnowAir,163,169,12,2621,1993,0.0651082981115359,0.09352342627664015,-0.028415128165104248
KnowAir,160,162,0,871,2060,0.3500881658952047,0.3707076264456998,-0.020619460550495128
KnowAir,160,162,3,871,2060,-0.024530153841410916,-0.11769940989734924,0.09316925605593833
KnowAir,160,162,6,871,2059,-0.14230570446422344,-0.29229309781948787,0.14998739335526443
KnowAir,160,162,12,871,2057,0.10727051520131567,0.21229176217191909,-0.10502124697060342
KnowAir,95,172,0,5927,3062,0.2203913600799557,0.2581274421660956,-0.03773608208613993
KnowAir,95,172,3,5926,3062,-0.03637504959666137,0.035684310582585074,-0.07205936017924644
KnowAir,95,172,6,5926,3061,-0.1555452867731305,-0.2050284192529096,0.04948313247977909
KnowAir,95,172,12,5926,3061,0.07263749213018597,0.14277155924841958,-0.07013406711823361
KnowAir,66,14,0,1458,5687,0.3255923317498718,0.371187048786927,-0.0455947170370552
KnowAir,66,14,3,1458,5686,-0.029636177256529738,-0.05217887281965791,0.022542695563128174
KnowAir,66,14,6,1458,5685,-0.1789410516402912,-0.27630956465962775,0.09736851301933655
KnowAir,66,14,12,1458,5684,0.15969427399834335,0.1965433685592035,-0.03684909456086016
KnowAir,100,101,0,4744,3564,0.3075029597693643,0.34302205137693514,-0.03551909160757083
KnowAir,100,101,3,4744,3564,0.18952696143287487,0.0632051637722428,0.12632179766063206
KnowAir,100,101,6,4744,3564,-0.03588763599274155,-0.11106446507824848,0.07517682908550694
KnowAir,100,101,12,4744,3562,0.011126698118903591,-0.014589710957564509,0.0257164090764681
KnowAir,118,42,0,4417,2445,0.22807675078572076,0.17765928514830773,0.050417465637413034
KnowAir,118,42,3,4417,2444,0.20105508903922473,0.014277431634255974,0.18677765740496877
KnowAir,118,42,6,4417,2444,0.07356529514662188,-0.058820975217142614,0.1323862703637645
KnowAir,118,42,12,4417,2443,-0.015180287722007023,-0.0464423326027467,0.03126204488073968
KnowAir,60,103,0,4519,3144,0.16034394877449082,0.13811755556022637,0.02222639321426445
KnowAir,60,103,3,4519,3144,0.005912361977139838,0.03504378802417175,-0.029131426047031908
KnowAir,60,103,6,4519,3144,-0.04575188654127887,-0.0470284503817204,0.0012765638404415303
KnowAir,60,103,12,4519,3144,0.06762027600280879,0.04056904534501094,0.027051230657797846
KnowAir,170,46,0,1438,2426,-0.02045255605914275,-0.0024959123655600075,-0.01795664369358274
KnowAir,170,46,3,1438,2426,0.03581474825112468,-0.0695957463286247,0.10541049457974938
KnowAir,170,46,6,1438,2426,0.01054663913990197,-0.016432205718616942,0.02697884485851891
KnowAir,170,46,12,1438,2426,0.10204117163644405,-0.0038408629225900105,0.10588203455903406
KnowAir,90,164,0,6758,1502,0.433891930364989,0.5479159676320465,-0.11402403726705751
KnowAir,90,164,3,6757,1502,0.2535178365307409,0.19163836347130966,0.06187947305943123
KnowAir,90,164,6,6756,1502,-0.09397591419152562,-0.24731866781399878,0.15334275362247315
KnowAir,90,164,12,6754,1502,0.10140328558299269,0.052952542310872444,0.04845074327212025
KnowAir,78,74,0,3595,2930,0.24253835088872125,0.2674062543069852,-0.024867903418263976
KnowAir,78,74,3,3595,2929,0.16835699473421423,0.10417727308411497,0.06417972165009926
KnowAir,78,74,6,3595,2928,0.008889890421635141,-0.05942258229480571,0.06831247271644085
KnowAir,78,74,12,3595,2928,0.020517398978678523,-0.0006853576668111327,0.021202756645489654
KnowAir,137,38,0,2613,5610,0.36995658775503637,0.38041619731042076,-0.010459609555384386
KnowAir,137,38,3,2613,5610,0.19593790333420588,0.06535891158478871,0.13057899174941717
KnowAir,137,38,6,2613,5609,-0.05344268352703068,-0.09948765295468959,0.046044969427658906
KnowAir,137,38,12,2613,5607,-0.0336945078723739,-0.018402673669186537,-0.015291834203187363
KnowAir,89,169,0,2350,4108,0.1980114192270478,0.1621320161292068,0.03587940309784099
KnowAir,89,169,3,2350,4108,-0.10717223127972693,-0.03371276246388348,-0.07345946881584345
KnowAir,89,169,6,2350,4107,-0.25596331644042397,-0.0859215029006222,-0.17004181353980177
KnowAir,89,169,12,2350,4105,0.16598122259920137,0.09049656888823486,0.0754846537109665
KnowAir,121,2,0,3405,4262,0.1599569045651155,0.10429978422665057,0.05565712033846493
KnowAir,121,2,3,3405,4262,-0.017602717335375332,0.11293900593049946,-0.1305417232658748
KnowAir,121,2,6,3405,4262,-0.05064342324009488,0.027046737288430083,-0.07769016052852497
KnowAir,121,2,12,3403,4262,0.03021448779749685,-0.01293145093760782,0.04314593873510467
KnowAir,133,139,0,2956,5571,0.2664757613083772,0.2770749370524934,-0.01059917574411623
KnowAir,133,139,3,2956,5570,0.021625499390731447,-0.004232185819711776,0.025857685210443224
KnowAir,133,139,6,2956,5569,-0.08057651233476949,-0.0790602138281258,-0.0015162985066436985
KnowAir,133,139,12,2956,5567,0.04438009800004321,0.019983660892679254,0.024396437107363955
KnowAir,20,28,0,2821,4177,0.23133370446362464,0.18895365688033514,0.042380047583289504
KnowAir,20,28,3,2820,4177,0.1943066639825147,0.06917755533466084,0.12512910864785387
KnowAir,20,28,6,2819,4177,0.07591351135150763,-0.014537623711702849,0.09045113506321048
KnowAir,20,28,12,2818,4177,-0.003325623857200366,-0.03946601746678656,0.036140393609586194
KnowAir,171,87,0,4448,3145,0.1714368123545771,0.31188888441083923,-0.14045207205626212
KnowAir,171,87,3,4448,3145,-0.01838086255319687,-0.1091020774008424,0.09072121484764553
KnowAir,171,87,6,4448,3145,-0.056337061891158766,-0.26598407516763345,0.20964701327647467
KnowAir,171,87,12,4448,3145,0.08279339169989548,0.07595070873534913,0.006842682964546348
KnowAir,7,14,0,2886,3418,0.2552615200009603,0.15891366641173388,0.09634785358922643
KnowAir,7,14,3,2886,3417,0.16795253280769012,0.21626806705130383,-0.048315534243613706
KnowAir,7,14,6,2886,3417,-0.1308493354036273,-0.07382798379928936,-0.05702135160433795
KnowAir,7,14,12,2886,3417,0.0542631804699228,-0.0065201559989592735,0.06078333646888208
KnowAir,127,50,0,875,7057,0.17570587327971668,0.1633665905108095,0.012339282768907167
KnowAir,127,50,3,875,7057,0.25332510152629895,0.16942112812475935,0.0839039734015396
KnowAir,127,50,6,875,7057,0.002946643724216891,-0.08326087543750767,0.08620751916172456
KnowAir,127,50,12,875,7056,-0.01553858738503573,0.04581009283253337,-0.061348680217569104
KnowAir,130,115,0,3166,3893,0.2988957460276095,0.33407506965457506,-0.035179323626965575
KnowAir,130,115,3,3165,3893,0.08187473965927769,0.10500609081366208,-0.02313135115438439
KnowAir,130,115,6,3164,3893,-0.0696977581934945,-0.1396261220909638,0.06992836389746931
KnowAir,130,115,12,3164,3893,0.03983148405713602,0.04103660657746346,-0.0012051225203274438
KnowAir,1,7,0,2891,3885,-0.02426103553653918,0.06566238621889738,-0.08992342175543655
KnowAir,1,7,3,2891,3884,-0.056507521300442794,-0.15185796473710575,0.09535044343666296
KnowAir,1,7,6,2891,3883,-0.050184372720471326,-0.13922848898724324,0.08904411626677192
KnowAir,1,7,12,2891,3881,0.03400202444175321,0.023928365172565753,0.010073659269187456
KnowAir,85,90,0,2259,2485,0.2612655004496392,0.2447510698021701,0.016514430647469103
KnowAir,85,90,3,2258,2485,-0.031206848982435066,0.06716849996356501,-0.09837534894600009
KnowAir,85,90,6,2257,2485,-0.16214568923748152,-0.15849257788038523,-0.0036531113570962837
KnowAir,85,90,12,2256,2485,0.14022876146157004,0.09579468174676974,0.044434079714800304
KnowAir,148,159,0,2028,3609,0.26950291660194736,0.29938315111510394,-0.02988023451315658
KnowAir,148,159,3,2027,3609,0.14111308665931316,0.05441454057225905,0.0866985460870541
KnowAir,148,159,6,2027,3609,-0.0533995156096647,-0.13750065781975765,0.08410114221009295
KnowAir,148,159,12,2027,3609,0.07439517883659981,0.07763659125723883,-0.0032414124206390227
KnowAir,174,122,0,1492,1208,0.13973422124551427,0.09787956645926356,0.04185465478625071
KnowAir,174,122,3,1492,1208,-0.0105742408291844,0.12857387489924232,-0.13914811572842672
KnowAir,174,122,6,1492,1208,-0.15048586739168185,-0.0031671823579155147,-0.14731868503376633
KnowAir,174,122,12,1492,1208,0.11889639021196424,-0.06769819572364269,0.18659458593560693
KnowAir,179,178,0,1909,3127,0.30488317478708443,0.4376996820537466,-0.13281650726666216
KnowAir,179,178,3,1909,3127,-0.0945901823423672,0.015325119810868214,-0.10991530215323542
KnowAir,179,178,6,1909,3127,-0.35246408105813015,-0.24251852866916568,-0.10994555238896447
KnowAir,179,178,12,1909,3126,0.33907211998982134,0.1860725434175893,0.15299957657223204
KnowAir,176,179,0,6016,2368,0.43013478305582403,0.32098371166648126,0.10915107138934277
KnowAir,176,179,3,6016,2368,-0.10866638446678381,-0.11151684855833749,0.0028504640915536783
KnowAir,176,179,6,6016,2368,-0.31330770369170896,-0.25945477014266444,-0.053852933549044524
KnowAir,176,179,12,6016,2368,0.21714259384151885,0.20474931607170985,0.012393277769809002
KnowAir,72,17,0,3153,3967,0.4663325477366762,0.485721112308215,-0.019388564571538813
KnowAir,72,17,3,3153,3966,0.3407026685721429,0.0912056493824687,0.24949701918967418
KnowAir,72,17,6,3153,3965,-0.01892286211188439,-0.07285898247260623,0.053936120360721845
KnowAir,72,17,12,3153,3963,-0.10221565618951933,-0.023104319757823476,-0.07911133643169585
KnowAir,18,112,0,3096,4464,0.3313651342165063,0.247162862426677,0.08420227178982931
KnowAir,18,112,3,3095,4464,0.031467838686305656,0.13166988206753868,-0.10020204338123304
KnowAir,18,112,6,3094,4464,-0.05808580975911576,0.011942409757743515,-0.07002821951685928
KnowAir,18,112,12,3092,4464,0.011136713724445626,-0.032275984884886914,0.04341269860933254
KnowAir,65,75,0,4032,2123,0.20652371025833127,0.20395556439488724,0.0025681458634440324
KnowAir,65,75,3,4032,2122,0.09428279428536193,-0.015854979542051385,0.11013777382741331
KnowAir,65,75,6,4032,2121,0.0073117983007101005,-0.11078939018666038,0.11810118848737049
KnowAir,65,75,12,4032,2120,-0.018688870434747096,-0.03689382992992637,0.018204959495179272
KnowAir,82,151,0,2800,6663,0.2017793105364235,0.2611313362389391,-0.059352025702515576
KnowAir,82,151,3,2800,6662,0.05135936699929758,0.06966136746235349,-0.018302000463055912
KnowAir,82,151,6,2800,6661,0.0033623529920036844,-0.058145025801714115,0.0615073787937178
KnowAir,82,151,12,2800,6659,0.14245837307592668,0.05712576836269029,0.08533260471323639
KnowAir,56,1,0,3667,3240,0.18115571790142762,0.1882698342675803,-0.007114116366152667
KnowAir,56,1,3,3667,3239,0.11479643433431673,-0.02239718790833886,0.13719362224265558
KnowAir,56,1,6,3667,3239,0.0349334425949052,-0.1245467279878518,0.15948017058275699
KnowAir,56,1,12,3667,3239,0.017559525254239792,-0.054274240821513726,0.07183376607575352
KnowAir,181,96,0,4338,2884,0.2245515472924274,0.2740432493033002,-0.0494917020108728
KnowAir,181,96,3,4338,2884,0.0610593195738806,0.050796037976014466,0.01026328159786613
KnowAir,181,96,6,4337,2884,-0.09355427512415622,-0.11227089835415338,0.018716623229997162
KnowAir,181,96,12,4335,2884,0.027310254178996372,-0.009792538221001689,0.03710279239999806
KnowAir,177,183,0,4010,4496,0.3074076120548935,0.40241250482659074,-0.09500489277169727
KnowAir,177,183,3,4010,4496,0.13250894705199331,-0.017004514339180724,0.14951346139117405
KnowAir,177,183,6,4010,4495,-0.1071644447752396,-0.2388397479049091,0.13167530312966952
KnowAir,177,183,12,4010,4495,0.030874907694853675,0.21502114864934233,-0.18414624095448864
KnowAir,122,91,0,5316,2677,0.15162586398695302,0.3151072414387274,-0.1634813774517744
KnowAir,122,91,3,5316,2677,0.055934430966082645,0.01635463269347606,0.03957979827260659
KnowAir,122,91,6,5316,2677,-0.021378058181504945,-0.22699214409512525,0.2056140859136203
KnowAir,122,91,12,5316,2677,0.06619191643203062,0.008657521806117681,0.05753439462591294
KnowAir,12,69,0,4084,2434,0.2553029182817603,0.15569544680503272,0.0996074714767276
KnowAir,12,69,3,4084,2434,0.027147687595837532,0.042680671692790016,-0.015532984096952484
KnowAir,12,69,6,4084,2434,-0.11288796746341485,-0.0015230291183346008,-0.11136493834508025
KnowAir,12,69,12,4083,2434,0.08879783965853204,-0.02978819913127251,0.11858603878980455
KnowAir,155,161,0,5416,4454,0.06353772670218231,0.15945237805686213,-0.09591465135467982
KnowAir,155,161,3,5415,4454,0.08397037351271837,0.1261617675644731,-0.04219139405175472
KnowAir,155,161,6,5414,4454,0.023354850640621084,-0.09580933286080125,0.11916418350142233
KnowAir,155,161,12,5412,4454,0.0916024319294722,0.010478860344419074,0.08112357158505314
KnowAir,122,68,0,1831,929,0.3214401000242195,0.3253496556156779,-0.003909555591458391
KnowAir,122,68,3,1831,929,0.14337416542849912,-0.0030482696944954743,0.1464224351229946
KnowAir,122,68,6,1831,929,-0.17290780349489868,-0.2205926041960006,0.047684800701101926
KnowAir,122,68,12,1830,929,0.20085962072889854,0.12113164869034868,0.07972797203854987
KnowAir,138,71,0,3560,6203,0.14659620098985535,0.13217653797298703,0.014419663016868312
KnowAir,138,71,3,3560,6202,0.021989463240715212,-0.021615384260892625,0.04360484750160784
KnowAir,138,71,6,3560,6201,-0.025252877333375466,-0.041431844278912,0.016178966945536534
KnowAir,138,71,12,3560,6199,0.038873551809866444,0.014918484834450976,0.023955066975415468
KnowAir,109,112,0,2669,5385,0.41463173460520847,0.34165234917586196,0.07297938542934651
KnowAir,109,112,3,2669,5385,0.18631095804377398,0.025836246756337607,0.16047471128743637
KnowAir,109,112,6,2669,5385,-0.08823121220203177,-0.07893608876542334,-0.009295123436608432
KnowAir,109,112,12,2669,5385,-0.016017405917637877,-0.036919709238285636,0.02090230332064776
KnowAir,112,24,0,2803,5258,0.5598251386871967,0.5196698176575268,0.0401553210296699
KnowAir,112,24,3,2803,5258,0.1989325836535726,0.03897216556548944,0.15996041808808317
KnowAir,112,24,6,2803,5258,-0.11880888414033833,-0.11711537264137123,-0.0016935114989670985
KnowAir,112,24,12,2803,5256,-0.026931922736083587,-0.011422009486724456,-0.01550991324935913
KnowAir,60,102,0,3866,2473,0.283256497298267,0.20237841389396524,0.08087808340430178
KnowAir,60,102,3,3865,2473,0.0442834258159917,0.01217622675510128,0.03210719906089042
KnowAir,60,102,6,3864,2473,-0.07450624051344522,-0.03318149606257791,-0.041324744450867305
KnowAir,60,102,12,3863,2473,0.0074311747739569806,0.020380822196248045,-0.012949647422291065
KnowAir,71,38,0,5377,2568,0.29758797944876614,0.26600987571588786,0.03157810373287828
KnowAir,71,38,3,5377,2568,0.23267793950682844,0.05796574862555356,0.17471219088127488
KnowAir,71,38,6,5377,2568,0.02781826811356183,-0.11460517628586091,0.14242344439942273
KnowAir,71,38,12,5375,2568,0.015532867605378494,0.024166099270728734,-0.00863323166535024
KnowAir,164,163,0,3046,4925,0.20290424866276657,0.13615136475537368,0.0667528839073929
KnowAir,164,163,3,3046,4924,-0.006998902617771115,-0.08405455538808616,0.07705565277031505
KnowAir,164,163,6,3046,4923,-0.11288223348811177,-0.08411269775493829,-0.02876953573317348
KnowAir,164,163,12,3046,4921,0.09907941510450498,0.05653686069236261,0.042542554412142365
KnowAir,155,81,0,5407,4454,0.15916750349288236,0.3042381614573277,-0.14507065796444532
KnowAir,155,81,3,5406,4454,0.36635904406640996,0.2251956087432389,0.14116343532317105
KnowAir,155,81,6,5405,4454,0.13910267910886873,-0.10547223296705792,0.24457491207592663
KnowAir,155,81,12,5403,4454,0.01640269108806092,-0.006106978827544543,0.022509669915605462
KnowAir,48,128,0,2952,3876,0.2486318771495415,0.14651041217130423,0.10212146497823726
KnowAir,48,128,3,2952,3876,0.030418859003326484,-0.030366345086442217,0.0607852040897687
KnowAir,48,128,6,2952,3876,-0.10520853445663168,-0.11875619243906145,0.013547657982429767
KnowAir,48,128,12,2952,3876,0.09983348931179303,0.08386878507095301,0.015964704240840025
KnowAir,113,25,0,3770,3139,0.29899960518646557,0.2590254784758035,0.03997412671066208
KnowAir,113,25,3,3770,3138,0.2214335235563057,-0.019703115498236033,0.24113663905454172
KnowAir,113,25,6,3770,3137,-0.016022685297846728,-0.033520911704681,0.017498226406834273
KnowAir,113,25,12,3770,3135,-0.04669111461227841,-0.05424359713311924,0.007552482520840835
KnowAir,7,66,0,2875,1456,0.16565449034420204,0.0984867657035191,0.06716772464068295
KnowAir,7,66,3,2875,1456,0.31455117498735674,0.13708235416759548,0.17746882081976126
KnowAir,7,66,6,2875,1456,-0.0674706942280304,-0.0009170685689170737,-0.06655362565911332
KnowAir,7,66,12,2875,1456,0.16967528198950282,-0.0378443689345559,0.20751965092405872
KnowAir,72,137,0,5680,2853,0.15932298475174186,0.1972958284784457,-0.03797284372670384
KnowAir,72,137,3,5680,2853,0.17688859408561364,0.1034668005707756,0.07342179351483803
KnowAir,72,137,6,5680,2853,0.06449731147745548,-0.1346123492425836,0.1991096607200391
KnowAir,72,137,12,5678,2853,0.03479388354616369,-0.05333292794142868,0.08812681148759237
KnowAir,155,156,0,976,2892,0.12377123619828911,0.19112533970863627,-0.06735410351034715
KnowAir,155,156,3,976,2892,0.16843312147915274,0.19959161156694244,-0.031158490087789703
KnowAir,155,156,6,976,2892,-0.11765654549639623,-0.11153593514295514,-0.006120610353441094
KnowAir,155,156,12,976,2890,0.06907144192333377,0.024915328537002172,0.044156113386331595
KnowAir,55,5,0,2958,2501,0.2284753195696568,0.20439900296813035,0.024076316601526454
KnowAir,55,5,3,2958,2500,0.103917342585975,-0.03569318704605493,0.13961052963202994
KnowAir,55,5,6,2958,2499,0.0072521005896104135,-0.07681963513734313,0.08407173572695355
KnowAir,55,5,12,2958,2497,-0.03737755050714624,-0.010363288855069685,-0.02701426165207655
KnowAir,145,61,0,2060,2859,0.23332358052834687,0.22394589879281426,0.009377681735532606
KnowAir,145,61,3,2059,2859,0.16180611144423387,0.1479941160423101,0.013811995401923766
KnowAir,145,61,6,2058,2859,0.0031573649819276505,-0.01868824211474025,0.0218456070966679
KnowAir,145,61,12,2057,2859,-0.005519811860027422,-0.04721760705530503,0.04169779519527761
KnowAir,51,50,0,4213,3822,0.21367624567038643,0.20518487512479947,0.008491370545586963
KnowAir,51,50,3,4213,3821,0.17306947543914522,0.11542786787392337,0.05764160756522185
KnowAir,51,50,6,4213,3820,-0.09372139542628073,-0.06608594233728309,-0.027635453088997647
KnowAir,51,50,12,4213,3818,0.07690527731255721,0.07112869625315128,0.0057765810594059275
KnowAir,114,31,0,2407,4972,0.2282237458090431,0.13920883275694074,0.08901491305210235
KnowAir,114,31,3,2407,4972,0.12576715447689124,0.06726752298063343,0.05849963149625781
KnowAir,114,31,6,2407,4972,-0.03581151440156106,0.014820410493065435,-0.05063192489462649
KnowAir,114,31,12,2407,4970,0.015852970265382144,-0.01057053896513831,0.026423509230520455
KnowAir,40,10,0,5528,2966,0.162250879626205,0.09507906339010212,0.06717181623610287
KnowAir,40,10,3,5528,2966,0.03061785449728447,-0.12430243876131455,0.15492029325859902
KnowAir,40,10,6,5528,2966,-0.007514164573673013,-0.16460585684919676,0.15709169227552375
KnowAir,40,10,12,5528,2966,0.03610575486119496,0.00018312282653904036,0.03592263203465592
KnowAir,104,52,0,4660,4322,0.13034806844700353,0.16108245915612163,-0.030734390709118098
KnowAir,104,52,3,4660,4321,-0.05864027764152552,-0.08558034961007109,0.026940071968545573
KnowAir,104,52,6,4660,4320,-0.0700370910634093,-0.10573567619917594,0.03569858513576664
KnowAir,104,52,12,4660,4318,0.07354126426144132,0.08061372011806729,-0.00707245585662597
KnowAir,9,4,0,5345,2173,0.2143490052307306,0.10816581832505982,0.10618318690567079
KnowAir,9,4,3,5344,2173,0.04852550076843011,0.026045802602457268,0.022479698165972842
KnowAir,9,4,6,5343,2173,-0.07362769001193649,-0.026877444318251176,-0.04675024569368531
KnowAir,9,4,12,5341,2173,0.04502222129242837,0.006958856612455764,0.0380633646799726
KnowAir,166,89,0,1542,5444,0.24723110801706183,0.14208173754770928,0.10514937046935255
KnowAir,166,89,3,1542,5443,0.11847109814369519,0.01418389580198894,0.10428720234170626
KnowAir,166,89,6,1542,5442,-0.07514462233347499,-0.05571648157248427,-0.019428140760990725
KnowAir,166,89,12,1542,5440,0.04899185068885614,0.030471810783661818,0.018520039905194324
KnowAir,145,144,0,3927,4607,0.27309090341180436,0.2848916268693904,-0.011800723457586038
KnowAir,145,144,3,3927,4606,0.16953957138444187,0.14745825479570246,0.022081316588739408
KnowAir,145,144,6,3927,4605,0.05046364380700063,-0.061003149663531576,0.1114667934705322
KnowAir,145,144,12,3927,4603,-0.021266117438222463,-0.02664502623336114,0.005378908795138679
KnowAir,81,44,0,4478,3943,0.09575119826522821,0.19515698037718152,-0.0994057821119533
KnowAir,81,44,3,4477,3943,0.0896401927184148,-0.06342249113954904,0.15306268385796384
KnowAir,81,44,6,4476,3943,0.07825093638089495,-0.1556287324051407,0.23387966878603564
KnowAir,81,44,12,4474,3943,0.07250963156238574,0.05000972206990474,0.022499909492481
KnowAir,109,22,0,3272,3722,0.36987745351609463,0.3091601776498813,0.06071727586621334
KnowAir,109,22,3,3272,3721,0.1742729106166368,0.026340038455733725,0.14793287216090306
KnowAir,109,22,6,3272,3720,-0.09021615958924323,-0.07971317289176047,-0.010502986697482758
KnowAir,109,22,12,3272,3718,-0.0642619097230505,-0.041706006295058044,-0.022555903427992456
KnowAir,113,71,0,5628,3002,0.2742721600541435,0.2586352438006001,0.01563691625354341
KnowAir,113,71,3,5628,3002,0.24141766812552096,0.09369397988628864,0.14772368823923232
KnowAir,113,71,6,5628,3002,0.04248822708786808,-0.05591178533048603,0.09840001241835411
KnowAir,113,71,12,5626,3002,0.0059031006549683735,0.006432338985521648,-0.0005292383305532744
KnowAir,81,159,0,3642,6473,0.30203876434869087,0.24023881351628934,0.06179995083240153
KnowAir,81,159,3,3642,6472,0.11171057248525547,0.03736017467660902,0.07435039780864644
KnowAir,81,159,6,3642,6471,-0.1418241006905913,-0.11659616444627917,-0.02522793624431212
KnowAir,81,159,12,3642,6469,0.06762037879309317,0.05944752754347747,0.008172851249615698
KnowAir,180,179,0,1357,2922,0.37605100039982947,0.3828501484609451,-0.006799148061115645
KnowAir,180,179,3,1357,2922,-0.11505735820028067,-0.16416027104245234,0.04910291284217168
KnowAir,180,179,6,1357,2922,-0.1569932023220919,-0.31134100332667675,0.15434780100458484
KnowAir,180,179,12,1357,2922,0.09731755944138977,0.2879199850040796,-0.19060242556268986
KnowAir,3,7,0,2454,4991,0.012698008067283247,0.16002082197412507,-0.14732281390684182
KnowAir,3,7,3,2454,4990,-0.040543484492721105,-0.06863901569086252,0.028095531198141413
KnowAir,3,7,6,2454,4989,-0.07243228814327476,-0.20059307828264727,0.1281607901393725
KnowAir,3,7,12,2454,4987,0.010207027445277926,0.08795697551404938,-0.07774994806877145
KnowAir,178,47,0,4089,4869,0.08943461834112845,0.16681661001919462,-0.07738199167806617
KnowAir,178,47,3,4088,4869,0.21109364510388548,0.2044853419295763,0.006608303174309188
KnowAir,178,47,6,4087,4869,-0.0163553402433398,0.023973108431172993,-0.040328448674512796
KnowAir,178,47,12,4086,4869,0.12550480060198455,-0.023686512169973705,0.14919131277195824
KnowAir,98,100,0,2705,4096,0.3297149732072255,0.3370407454114583,-0.0073257722042328055
KnowAir,98,100,3,2705,4096,0.19349344895120354,0.07257475110845456,0.12091869784274899
KnowAir,98,100,6,2705,4096,0.026603956173991184,-0.04373717317209059,0.07034112934608178
KnowAir,98,100,12,2705,4096,-0.06654976007797407,-0.06752717901479113,0.0009774189368170622
KnowAir,1,11,0,2780,5455,0.15689854733255026,0.24011180233752857,-0.08321325500497831
KnowAir,1,11,3,2780,5454,0.17286941727768965,0.03083306962257674,0.14203634765511292
KnowAir,1,11,6,2780,5453,0.12541247037062467,-0.08906135815057635,0.214473828521201
KnowAir,1,11,12,2780,5451,-0.027687411775170333,-0.027159897499995103,-0.0005275142751752296
KnowAir,77,67,0,3077,2317,0.18329832686081377,0.2201934990691252,-0.03689517220831143
KnowAir,77,67,3,3077,2316,0.14797834971859752,0.18364295013322102,-0.03566460041462349
KnowAir,77,67,6,3077,2316,-0.03729386925593561,0.026014827537083673,-0.06330869679301929
KnowAir,77,67,12,3077,2316,0.06282158402923053,-0.02288327454503502,0.08570485857426555
KnowAir,74,148,0,1908,2943,0.16032901744418165,0.24321571071349046,-0.08288669326930881
KnowAir,74,148,3,1908,2943,0.14661729329866158,0.12140311814121886,0.025214175157442717
KnowAir,74,148,6,1908,2943,-0.019011977409478353,-0.08277043046791563,0.06375845305843728
KnowAir,74,148,12,1908,2942,0.08322335468847926,0.009193507724426104,0.07402984696405315
KnowAir,182,48,0,1960,4764,0.2735914416069028,0.2538262391235551,0.019765202483347677
KnowAir,182,48,3,1960,4763,0.06238665509070305,0.1520568690514367,-0.08967021396073366
KnowAir,182,48,6,1960,4762,-0.14936181223702016,-0.19720660424594738,0.04784479200892722
KnowAir,182,48,12,1960,4761,0.13019420533900672,0.14975275481745864,-0.019558549478451925
KnowAir,136,130,0,5268,2574,0.3169886918813855,0.27196636189661727,0.04502232998476824
KnowAir,136,130,3,5268,2573,0.16342532877647825,0.035139622445345846,0.1282857063311324
KnowAir,136,130,6,5268,2572,-0.023349204013679785,-0.1762246829505085,0.1528754789368287
KnowAir,136,130,12,5267,2572,0.010595009254393368,0.04343648252058026,-0.03284147326618689
KnowAir,13,14,0,2289,4166,0.12957607094817417,0.15051874862281417,-0.020942677674640003
KnowAir,13,14,3,2289,4165,0.04925114347955901,0.06466728701584346,-0.015416143536284448
KnowAir,13,14,6,2289,4164,-0.09420980086257695,-0.11327250767507065,0.019062706812493696
KnowAir,13,14,12,2289,4164,0.09039992244095635,0.047377457974419106,0.04302246446653724
KnowAir,78,42,0,4042,4338,0.3350791053148641,0.17765733151785634,0.15742177379700778
KnowAir,78,42,3,4042,4338,0.09012339597324537,0.06068255042236219,0.02944084555088318
KnowAir,78,42,6,4042,4338,-0.026465848295762196,-0.0256386194585975,-0.0008272288371646945
KnowAir,78,42,12,4041,4338,0.0022020185814625023,-0.014153900645987436,0.016355919227449937
KnowAir,86,170,0,2090,5625,0.17754600264359965,0.1654464515117679,0.012099551131831754
KnowAir,86,170,3,2090,5624,-0.09258065091785034,0.00799919543852252,-0.10057984635637286
KnowAir,86,170,6,2090,5623,-0.27354300766878176,-0.052681631610529245,-0.2208613760582525
KnowAir,86,170,12,2090,5621,0.061490726035722025,-0.04686847680170762,0.10835920283742964
KnowAir,108,23,0,4867,2615,0.2653837341092816,0.4009781260132893,-0.13559439190400768
KnowAir,108,23,3,4867,2614,0.28618383681538306,0.15517756399954222,0.13100627281584085
KnowAir,108,23,6,4867,2613,0.08349461865815622,-0.07224644701734965,0.15574106567550589
KnowAir,108,23,12,4867,2613,-0.028225585592658746,-0.05906145843166313,0.030835872839004387
KnowAir,94,173,0,967,2102,0.16077022544257627,0.338071470093659,-0.17730124465108274
KnowAir,94,173,3,967,2102,0.08295578293261245,-0.09669927936159782,0.17965506229421027
KnowAir,94,173,6,967,2102,-0.13689082687668325,-0.12942200042953012,-0.007468826447153132
KnowAir,94,173,12,967,2102,0.09772596145874503,0.054598677028778186,0.04312728442996684
KnowAir,27,20,0,4152,3477,0.29989780093573526,0.2135576643357622,0.08634013659997306
KnowAir,27,20,3,4152,3476,0.18643838942543783,0.04429734449626542,0.1421410449291724
KnowAir,27,20,6,4152,3475,-0.01048469085316041,-0.0672203609236708,0.05673567007051039
KnowAir,27,20,12,4152,3473,-0.04875738223613198,-0.03218771925899415,-0.016569662977137828
KnowAir,109,72,0,4808,2885,0.3538357337344383,0.2947668990304086,0.05906883470402968
KnowAir,109,72,3,4807,2885,0.293243860131141,0.08013963731127112,0.2131042228198699
KnowAir,109,72,6,4806,2885,0.03170841393893365,-0.09121936610718936,0.12292778004612301
KnowAir,109,72,12,4804,2885,-0.044414196576703334,-0.02543140022074264,-0.018982796355960695
KnowAir,88,164,0,1291,5335,0.3091671796231761,0.3166766545674297,-0.007509474944253636
KnowAir,88,164,3,1291,5334,0.10408200548590654,0.11720271681014814,-0.013120711324241599
KnowAir,88,164,6,1291,5333,-0.13612901411880543,-0.1526754180277403,0.01654640390893486
KnowAir,88,164,12,1291,5331,-0.021899135814117593,0.04657202613561949,-0.06847116194973708
KnowAir,24,33,0,3336,4394,0.18920563548366032,0.20711107344888754,-0.017905437965227228
KnowAir,24,33,3,3335,4394,0.25064675785769336,0.10522940303683022,0.14541735482086315
KnowAir,24,33,6,3334,4394,0.14463268709870195,0.019255173578098875,0.12537751352060306
KnowAir,24,33,12,3332,4394,0.024763902823123355,-0.028080545666606956,0.052844448489730314
KnowAir,78,117,0,3351,4005,0.14827085327025674,0.2824822299756969,-0.13421137670544014
KnowAir,78,117,3,3350,4005,0.0363498812916134,-0.003974171646802873,0.040324052938416274
KnowAir,78,117,6,3350,4005,-0.014683142149548531,-0.21537785240934285,0.20069471025979432
KnowAir,78,117,12,3350,4004,0.09902994817696,0.04211153442977928,0.056918413747180714
KnowAir,88,86,0,5796,1620,0.29026887371475396,0.18842086835656596,0.101848005358188
KnowAir,88,86,3,5795,1620,0.02256215430180119,-0.16645714019341598,0.18901929449521718
KnowAir,88,86,6,5794,1620,-0.07880325543792138,-0.19372563317016528,0.1149223777322439
KnowAir,88,86,12,5792,1620,0.015164126159301494,-0.03137456421972059,0.046538690379022085
KnowAir,77,78,0,2308,2992,0.2344450360024423,0.23239483341007872,0.002050202592363576
KnowAir,77,78,3,2307,2992,0.2135252616462981,0.09748318480545834,0.11604207684083975
KnowAir,77,78,6,2307,2992,0.08602555632325595,-0.07178105816670112,0.1578066144899571
KnowAir,77,78,12,2307,2992,0.0221547168562969,-0.00934397087277162,0.03149868772906852
KnowAir,149,61,0,4521,3853,0.305483927546753,0.27089507088280346,0.03458885666394956
KnowAir,149,61,3,4521,3853,0.1383141261364372,0.0559898006158124,0.0823243255206248
KnowAir,149,61,6,4521,3853,0.0018925229686326361,-0.05382344355157,0.05571596652020263
KnowAir,149,61,12,4520,3853,0.027534637654310933,-0.0529869394835414,0.08052157713785232
KnowAir,49,96,0,2061,3072,0.28690714646616644,0.20823223258212442,0.07867491388404202
KnowAir,49,96,3,2061,3072,-0.015502879442848883,-0.019887759324005296,0.004384879881156413
KnowAir,49,96,6,2061,3072,-0.07278466562610852,-0.10486003669543346,0.03207537106932494
KnowAir,49,96,12,2061,3072,0.0012897784254664116,0.017931416328299303,-0.016641637902832893
KnowAir,43,157,0,1522,4977,0.21189688083890765,0.24822940274593727,-0.036332521907029625
KnowAir,43,157,3,1522,4977,0.22672464876373752,0.22390244456731306,0.002822204196424455
KnowAir,43,157,6,1522,4977,-0.009847207380037365,0.01268971358014369,-0.022536920960181055
KnowAir,43,157,12,1522,4976,0.01781199454274991,-0.013927965886912605,0.03173996042966251
KnowAir,59,70,0,4059,4745,0.13395845549214888,0.1703777460755026,-0.03641929058335372
KnowAir,59,70,3,4059,4744,-0.006121217959212101,-0.05133988757239468,0.04521866961318258
KnowAir,59,70,6,4059,4743,-0.06647169633317501,-0.15440171457396387,0.08793001824078886
KnowAir,59,70,12,4059,4741,0.07149016768657043,0.0553368015775607,0.016153366109009734
KnowAir,35,37,0,2774,4199,0.2817399795528479,0.25034097901931557,0.03139900053353234
KnowAir,35,37,3,2774,4199,0.1378902200187012,0.05168768169609274,0.08620253832260845
KnowAir,35,37,6,2774,4199,0.03203733099297529,-0.10685381214787913,0.13889114314085443
KnowAir,35,37,12,2774,4199,0.04564636616469017,0.06106044104416471,-0.015414074879474535
KnowAir,51,14,0,5379,1891,0.22150627121060346,0.1649725982806311,0.056533672929972356
KnowAir,51,14,3,5379,1891,0.06099301882105823,-0.009138852518434897,0.07013187133949313
KnowAir,51,14,6,5379,1891,-0.1429044904701214,-0.1401805224979173,-0.0027239679722041166
KnowAir,51,14,12,5379,1891,0.15639077300305324,0.04762281454894143,0.1087679584541118
KnowAir,70,8,0,1573,4719,0.28688529903696636,0.2606494773602316,0.026235821676734772
KnowAir,70,8,3,1573,4719,0.17975367236581613,0.07061933051735601,0.10913434184846012
KnowAir,70,8,6,1573,4719,-0.07090350313197151,-0.10841551497023916,0.03751201183826765
KnowAir,70,8,12,1573,4719,0.07006153199560548,0.06345526783437071,0.006606264161234776
KnowAir,164,87,0,5130,2914,0.2540679086156381,0.3092477764761729,-0.055179867860534804
KnowAir,164,87,3,5129,2914,0.0041550723620953365,-0.07438657685999295,0.07854164922208828
KnowAir,164,87,6,5128,2914,-0.07162844072288267,-0.2579852080465269,0.18635676732364426
KnowAir,164,87,12,5126,2914,0.11485169093060986,0.05301453713868359,0.061837153791926266
KnowAir,146,144,0,4503,3776,0.2601641305624583,0.19172914971804553,0.06843498084441277
KnowAir,146,144,3,4503,3776,0.16622962133470218,0.0802995758198633,0.08593004551483888
KnowAir,146,144,6,4503,3776,0.005358684946184915,-0.04971198157339809,0.055070666519583006
KnowAir,146,144,12,4502,3776,-0.04708471916561922,-0.009557613552773033,-0.03752710561284618
KnowAir,153,155,0,4664,4522,0.22515500588317003,0.25630249836759705,-0.031147492484427025
KnowAir,153,155,3,4663,4522,0.24513983248822083,0.01288285683036659,0.23225697565785425
KnowAir,153,155,6,4663,4522,0.10730151947656252,-0.07723908352707425,0.18454060300363678
KnowAir,153,155,12,4661,4522,-0.0031564355807902024,-0.021809142822830658,0.018652707242040455
KnowAir,80,162,0,4601,2624,0.267099173064828,0.3777489841912866,-0.11064981112645861
KnowAir,80,162,3,4600,2624,0.11102979920114035,0.03505325263904575,0.0759765465620946
KnowAir,80,162,6,4600,2624,-0.09283708435143379,-0.32761654295409587,0.23477945860266208
KnowAir,80,162,12,4598,2624,0.09759799039389759,0.21218878085151485,-0.11459079045761726
KnowAir,72,115,0,5619,2740,0.18718415173492586,0.22902236815397556,-0.041838216419049695
KnowAir,72,115,3,5619,2740,0.147734318248179,0.06496775067114498,0.08276656757703403
KnowAir,72,115,6,5619,2740,-0.011565079792045008,-0.11732116584470424,0.10575608605265924
KnowAir,72,115,12,5617,2740,0.023792476347025786,-0.02717833062072534,0.05097080696775112
KnowAir,114,33,0,3367,4502,0.1353071071607125,0.15801788656001664,-0.022710779399304132
KnowAir,114,33,3,3367,4501,0.09659012759827587,0.04574725312116501,0.05084287447711086
KnowAir,114,33,6,3367,4500,-0.01562967351616214,-0.03449408044219429,0.01886440692603215
KnowAir,114,33,12,3367,4498,0.038903375217054594,0.01935737682390237,0.019545998393152225
KnowAir,30,31,0,2407,4684,0.2657754346703563,0.22140073118766831,0.04437470348268799
KnowAir,30,31,3,2407,4684,0.1661448145195154,0.01854128703253265,0.14760352748698274
KnowAir,30,31,6,2407,4684,0.031996135205992676,-0.04792378207960279,0.07991991728559547
KnowAir,30,31,12,2407,4683,-0.017982092418364203,-0.05299903131208626,0.03501693889372206
KnowAir,158,39,0,1993,4437,0.130923019534096,0.22862605333406003,-0.09770303379996403
KnowAir,158,39,3,1993,4437,0.06746394123717248,0.10304206972385686,-0.03557812848668439
KnowAir,158,39,6,1993,4437,0.02295344338803731,-0.04991769896919058,0.07287114235722789
KnowAir,158,39,12,1993,4437,0.11268260963979057,0.06073196039218938,0.05195064924760119
KnowAir,116,37,0,4440,4004,0.17446710973443977,0.2615416217788645,-0.0870745120444247
KnowAir,116,37,3,4439,4004,0.10434365133433822,-0.043641179083349815,0.14798483041768803
KnowAir,116,37,6,4438,4004,0.0894808800332956,-0.14634912156330618,0.23583000159660178
KnowAir,116,37,12,4436,4004,0.09178551161209271,0.12685706463392504,-0.03507155302183233
KnowAir,90,163,0,3205,4092,0.2012805041852486,0.14306033048968447,0.05822017369556412
KnowAir,90,163,3,3205,4091,0.03884602553851612,-0.013727288829233032,0.052573314367749154
KnowAir,90,163,6,3205,4091,-0.11929438771298802,-0.08158356999387852,-0.0377108177191095
KnowAir,90,163,12,3205,4089,0.11919609201117097,0.048227733639710994,0.07096835837145998
KnowAir,75,119,0,4016,4352,0.12777321625482707,0.18879917160843163,-0.061025955353604555
KnowAir,75,119,3,4016,4351,0.019413991001123638,0.07815009882322582,-0.05873610782210219
KnowAir,75,119,6,4016,4350,0.004506226563238498,-0.04091929150938706,0.045425518072625556
KnowAir,75,119,12,4016,4348,0.022804654064446525,-0.02149611440480796,0.04430076846925449
KnowAir,153,159,0,2148,3681,0.24526859185897124,0.31477321173523976,-0.06950461987626852
KnowAir,153,159,3,2148,3681,0.23011680753651534,0.2106672199839998,0.01944958755251555
KnowAir,153,159,6,2148,3681,-0.12357104700938704,-0.05784322512233799,-0.06572782188704904
KnowAir,153,159,12,2148,3681,0.049848163449293784,-0.02343542821864552,0.0732835916679393
KnowAir,85,163,0,1875,5821,0.21116220478741618,0.10516131394260353,0.10600089084481265
KnowAir,85,163,3,1875,5821,0.01052935951256872,-0.016906954895932434,0.027436314408501153
KnowAir,85,163,6,1875,5821,-0.16201899586814225,-0.048084463878817436,-0.11393453198932482
KnowAir,85,163,12,1875,5819,0.16145212135102283,0.01939261422551094,0.14205950712551188
KnowAir,101,41,0,4228,4908,0.3560770409025954,0.19864591722254202,0.15743112368005338
KnowAir,101,41,3,4227,4908,0.28999611759428323,-0.007824305584005917,0.29782042317828916
KnowAir,101,41,6,4226,4908,0.024364972560922477,-0.02501622711060598,0.04938119967152846
KnowAir,101,41,12,4224,4908,-0.029257314161489256,0.024671837899976817,-0.053929152061466076
KnowAir,105,64,0,2200,3850,0.16409628782820512,0.14928105284181215,0.014815234986392978
KnowAir,105,64,3,2200,3849,0.006481278243566146,-0.030844248820446216,0.03732552706401236
KnowAir,105,64,6,2200,3848,0.009692507315667379,-0.07422385525549186,0.08391636257115924
KnowAir,105,64,12,2200,3847,0.007548621306124401,0.028141347087795997,-0.020592725781671595
KnowAir,83,161,0,1028,2486,0.14678442519833526,0.2579691480252414,-0.11118472282690614
KnowAir,83,161,3,1028,2486,0.15536759200489986,0.04266018575344259,0.11270740625145727
KnowAir,83,161,6,1028,2486,0.06629460799331778,-0.07675701541033517,0.14305162340365296
KnowAir,83,161,12,1028,2486,0.03389762517613555,0.07112315717929074,-0.03722553200315519
KnowAir,76,146,0,4007,4989,0.2501829048810173,0.3965656582747249,-0.1463827533937076
KnowAir,76,146,3,4007,4988,0.3388336316756825,0.16701686102223462,0.17181677065344786
KnowAir,76,146,6,4007,4987,0.07304001914575775,-0.06993770167921136,0.14297772082496912
KnowAir,76,146,12,4007,4985,-0.06405877982073847,-0.058043328177159445,-0.006015451643579028
KnowAir,182,180,0,1914,4693,0.36758846406884277,0.2647207490633961,0.10286771500544667
KnowAir,182,180,3,1914,4692,0.15349987476502788,0.15682860916029973,-0.003328734395271843
KnowAir,182,180,6,1914,4691,-0.2514686894000922,-0.29384851930086364,0.04237982990077144
KnowAir,182,180,12,1914,4690,0.07851838498355032,0.24241407389780364,-0.16389568891425332
KnowAir,152,155,0,2201,4744,0.1792813326397958,0.20458941032389533,-0.02530807768409954
KnowAir,152,155,3,2201,4744,-0.09092370569824552,-0.020886294950191023,-0.0700374107480545
KnowAir,152,155,6,2201,4744,-0.07445245193287355,-0.032651955287809384,-0.04180049664506416
KnowAir,152,155,12,2201,4743,0.09311399460463214,0.051606373155742784,0.04150762144888936
KnowAir,157,158,0,4347,2831,0.29919015036247765,0.22488447584379773,0.07430567451867992
KnowAir,157,158,3,4346,2831,0.16238835834010776,-0.061182304274046834,0.2235706626141546
KnowAir,157,158,6,4345,2831,-0.03009162657850253,-0.1477927309511405,0.11770110437263798
KnowAir,157,158,12,4343,2831,0.018710854764098707,0.020598041141443545,-0.0018871863773448384
KnowAir,174,92,0,4305,3462,0.23476906431826836,0.2776938225564352,-0.042924758238166855
KnowAir,174,92,3,4305,3462,0.002430062987089903,0.020371792982835642,-0.01794172999574574
KnowAir,174,92,6,4305,3462,-0.07368242055929762,-0.10189342353854382,0.028211002979246197
KnowAir,174,92,12,4305,3462,0.05813024497736143,0.01578303317648171,0.04234721180087972
KnowAir,81,43,0,1661,5424,0.23800907087927425,0.22082332670046595,0.017185744178808304
KnowAir,81,43,3,1661,5423,0.004303492875051029,0.03259407101111345,-0.028290578136062422
KnowAir,81,43,6,1661,5422,-0.11932116734695616,-0.030465298707557525,-0.08885586863939864
KnowAir,81,43,12,1661,5420,0.08229864876649305,0.021559738648432275,0.06073891011806078
KnowAir,113,17,0,5117,2798,0.2303805182281976,0.29720938804809527,-0.06682886981989766
KnowAir,113,17,3,5117,2798,0.2128509678310206,0.05162599239640501,0.16122497543461559
KnowAir,113,17,6,5117,2798,0.05180533418321506,-0.06678277504179458,0.11858810922500965
KnowAir,113,17,12,5117,2798,-0.008017468297734953,-0.017219159767287023,0.00920169146955207
KnowAir,32,30,0,4480,2530,0.28504922624784185,0.43010293164853786,-0.145053705400696
KnowAir,32,30,3,4480,2530,0.20842482802160542,0.11955688493083022,0.0888679430907752
KnowAir,32,30,6,4480,2530,0.01535352293134954,-0.10302379349664242,0.11837731642799196
KnowAir,32,30,12,4480,2530,-0.004118236780881841,0.018585779845258124,-0.022704016626139967
KnowAir,57,64,0,5069,3457,0.2558344237065619,0.273237226690667,-0.017402802984105126
KnowAir,57,64,3,5069,3457,0.23641387923822488,0.0281567885637819,0.20825709067444298
KnowAir,57,64,6,5069,3457,0.07068967285587036,-0.09433979028019662,0.16502946313606698
KnowAir,57,64,12,5069,3457,-0.05711947020617628,-0.05215413119533589,-0.00496533901084039
KnowAir,137,130,0,2623,3767,0.31268393479889556,0.2014054760031179,0.11127845879577766
KnowAir,137,130,3,2623,3766,0.08338961349619223,-0.006376886793086573,0.0897665002892788
KnowAir,137,130,6,2623,3765,-0.04254434318923114,-0.059522974593310705,0.016978631404079562
KnowAir,137,130,12,2623,3763,0.020755277725970606,-0.018982834109087583,0.03973811183505819
KnowAir,183,48,0,2567,3771,0.16428102959284668,0.16865376307333693,-0.0043727334804902485
KnowAir,183,48,3,2567,3771,0.18068291724300659,0.14674946609755685,0.03393345114544974
KnowAir,183,48,6,2567,3771,-0.12311460793110635,-0.14241009953470116,0.01929549160359481
KnowAir,183,48,12,2567,3771,0.05758656289279218,0.14665452196318265,-0.08906795907039047
KnowAir,2,123,0,3251,3229,0.14047092632831845,0.1594721382772837,-0.019001211948965258
KnowAir,2,123,3,3251,3228,0.08282746047538479,0.09271032830504872,-0.009882867829663924
KnowAir,2,123,6,3251,3228,-0.04697165642122912,-0.07691637151005136,0.029944715088822238
KnowAir,2,123,12,3250,3228,0.020800653491143635,0.008610298654686599,0.012190354836457036
KnowAir,81,84,0,6668,3179,0.1428776332580486,0.17860432594931028,-0.03572669269126169
KnowAir,81,84,3,6667,3179,0.01753108306518689,-0.0031527896788882135,0.020683872744075103
KnowAir,81,84,6,6666,3179,-0.03561641125316032,-0.1723485394042844,0.1367321281511241
KnowAir,81,84,12,6664,3179,0.12474112325424896,0.17751427456750862,-0.05277315131325966
KnowAir,165,167,0,4036,2588,0.3140410363016397,0.21648579362639184,0.09755524267524787
KnowAir,165,167,3,4035,2588,0.22852680279048476,0.14998528397113448,0.07854151881935029
KnowAir,165,167,6,4034,2588,-0.13396781863882773,-0.11420990024931278,-0.019757918389514947
KnowAir,165,167,12,4033,2588,0.037620193890184846,0.09433087557111453,-0.05671068168092968
KnowAir,5,55,0,2158,2231,0.17573711297021258,0.24501770674552167,-0.0692805937753091
KnowAir,5,55,3,2157,2231,0.13946893327117407,0.12745054102695585,0.012018392244218218
KnowAir,5,55,6,2157,2231,0.026717297085612723,-0.011048891106532718,0.037766188192145445
KnowAir,5,55,12,2157,2231,-0.036610112101617936,-0.04118324036592373,0.004573128264305795
KnowAir,92,93,0,1888,5830,0.22656132580149094,0.46016417783538666,-0.23360285203389572
KnowAir,92,93,3,1888,5829,0.05618652340818161,0.08325727874694465,-0.02707075533876304
KnowAir,92,93,6,1888,5828,-0.16569203601861437,-0.22718611039739528,0.061494074378780905
KnowAir,92,93,12,1888,5828,-0.05555284167873197,0.16996453408544893,-0.2255173757641809
KnowAir,23,112,0,5243,2794,0.4202333517172608,0.3388971044362003,0.08133624728106048
KnowAir,23,112,3,5243,2794,0.15601497780531448,-0.0047794969328830705,0.16079447473819755
KnowAir,23,112,6,5243,2794,-0.05927135995102461,-0.10917578098682966,0.04990442103580505
KnowAir,23,112,12,5243,2794,-0.015422853251081066,-0.018087442845349338,0.002664589594268272
KnowAir,130,132,0,4758,2599,0.3549470134997399,0.23948062105612328,0.11546639244361662
KnowAir,130,132,3,4758,2598,0.12435180675076872,0.018950883857989525,0.10540092289277919
KnowAir,130,132,6,4758,2597,-0.031996718076100064,-0.13113162307113108,0.09913490499503101
KnowAir,130,132,12,4758,2597,-0.03355247592684683,-0.03254780333092747,-0.0010046725959193537
KnowAir,26,108,0,3345,4068,0.18771965801619683,0.22899275091221316,-0.04127309289601633
KnowAir,26,108,3,3345,4067,0.049068004736442385,0.1451395213217279,-0.09607151658528551
KnowAir,26,108,6,3345,4066,-0.03793501032729055,0.03387545884328553,-0.07181046917057607
KnowAir,26,108,12,3345,4064,-0.004802607374248046,-0.006413309261808071,0.0016107018875600246
KnowAir,139,138,0,5374,3173,0.16370330981052114,0.21268989187597626,-0.048986582065455114
KnowAir,139,138,3,5373,3173,0.17868572034251107,0.07639563469280686,0.10229008564970421
KnowAir,139,138,6,5372,3173,0.05448152117443975,-0.11144655266664522,0.16592807384108496
KnowAir,139,138,12,5370,3173,0.0117400166113481,0.013278753333945854,-0.0015387367225977548
KnowAir,29,20,0,3494,4232,0.2921841207878428,0.2053649971099734,0.08681912367786937
KnowAir,29,20,3,3494,4232,0.1674949876086308,0.013992234529198276,0.1535027530794325
KnowAir,29,20,6,3494,4232,-0.013477948468122416,-0.02568090744555759,0.012202958977435174
KnowAir,29,20,12,3494,4232,-0.05443490164606372,-0.06310377805046642,0.008668876404402705
KnowAir,155,159,0,3390,6033,0.22069500264175393,0.2278045235310986,-0.0071095208893446615
KnowAir,155,159,3,3390,6032,0.25646023203404533,0.16522344274129186,0.09123678929275347
KnowAir,155,159,6,3390,6031,-0.05188562564000838,-0.044967628178723254,-0.006917997461285123
KnowAir,155,159,12,3390,6029,-0.03746306624798981,0.010736147764216046,-0.04819921401220586
KnowAir,144,119,0,3575,2944,0.1686799393286691,0.24472226174045653,-0.07604232241178743
KnowAir,144,119,3,3575,2943,0.02772103073832569,0.06976677632983824,-0.04204574559151256
KnowAir,144,119,6,3575,2942,-0.02305877975849413,-0.06915766821766142,0.04609888845916729
KnowAir,144,119,12,3575,2940,0.034679835824994426,0.013562826613818219,0.021117009211176208
KnowAir,2,69,0,2855,3451,0.13036131144355437,0.26650101653943126,-0.1361397050958769
KnowAir,2,69,3,2855,3450,0.11534694598943816,0.12167705766699101,-0.0063301116775528465
KnowAir,2,69,6,2855,3449,0.07289271275223655,-0.013457699437093741,0.08635041218933029
KnowAir,2,69,12,2855,3449,0.01784576611663566,-0.03330804453997468,0.051153810656610336
KnowAir,132,21,0,3735,4063,0.5098717052142983,0.49236798406506294,0.01750372114923532
KnowAir,132,21,3,3735,4062,0.22455458517778878,0.11702041632050603,0.10753416885728276
KnowAir,132,21,6,3735,4061,-0.05010427871376501,-0.08443285425211391,0.03432857553834891
KnowAir,132,21,12,3735,4061,-0.07658312798526506,-0.09945201141033023,0.02286888342506517
KnowAir,5,121,0,2982,1872,0.2213313292887625,0.11555450066163152,0.10577682862713099
KnowAir,5,121,3,2982,1872,0.13337028221219757,0.06324461667871502,0.07012566553348255
KnowAir,5,121,6,2982,1872,-0.13523951587506058,-0.05765160671235813,-0.07758790916270245
KnowAir,5,121,12,2981,1872,0.07618170005481163,-0.055479014926060374,0.131660714980872
KnowAir,139,72,0,4035,2730,0.24951553361533466,0.2120038305094698,0.03751170310586485
KnowAir,139,72,3,4035,2729,0.08618411466417944,0.0037482999756855307,0.08243581468849391
KnowAir,139,72,6,4035,2728,-0.005873999874419931,-0.04890235815706779,0.04302835828264786
KnowAir,139,72,12,4035,2728,0.0039475987421546815,-0.02413488376854814,0.028082482510702823
KnowAir,138,134,0,5995,3167,0.35064990205649454,0.3077986781094023,0.04285122394709223
KnowAir,138,134,3,5994,3167,0.1713505407440301,0.014404171228464248,0.15694636951556587
KnowAir,138,134,6,5993,3167,0.006434088471421395,-0.09790256973539302,0.10433665820681441
KnowAir,138,134,12,5991,3167,0.010218646897168735,0.03018328513182566,-0.019964638234656926
KnowAir,108,26,0,4194,3457,0.23075863849667386,0.18822161181462013,0.042537026682053725
KnowAir,108,26,3,4193,3457,0.06332182702956907,0.1383628428456035,-0.07504101581603442
KnowAir,108,26,6,4192,3457,-0.017307393523340365,0.0053251274217269344,-0.0226325209450673
KnowAir,108,26,12,4190,3457,0.03502496832698745,-0.01186893739255626,0.04689390571954371
KnowAir,1,9,0,2907,3867,0.276646305580094,0.4368013781726075,-0.1601550725925135
KnowAir,1,9,3,2907,3866,0.22008291865269836,0.043378855281677516,0.17670406337102085
KnowAir,1,9,6,2907,3865,0.06552440737482952,-0.13161976696967023,0.19714417434449977
KnowAir,1,9,12,2907,3863,-0.00699902703827892,-0.08242962419665459,0.07543059715837566
KnowAir,104,99,0,4163,4752,0.1312626851483253,0.13080188738783124,0.00046079776049404164
KnowAir,104,99,3,4162,4752,0.12432492280020419,0.007251534301830094,0.11707338849837409
KnowAir,104,99,6,4161,4752,0.053292793334755686,-0.00021595036010045403,0.05350874369485614
KnowAir,104,99,12,4159,4752,0.02809613675681156,-0.007958941236381209,0.03605507799319277
KnowAir,153,152,0,3855,2222,0.17302760657131566,0.25306368034751076,-0.0800360737761951
KnowAir,153,152,3,3855,2221,0.19418240432924003,0.18131719548884226,0.012865208840397768
KnowAir,153,152,6,3855,2221,-0.07725426700413324,-0.2001003096920146,0.12284604268788135
KnowAir,153,152,12,3855,2221,0.11300559598395558,0.1450961542116071,-0.032090558227651514
KnowAir,107,33,0,4259,2717,0.2841867228445092,0.21081041050470986,0.07337631233979933
KnowAir,107,33,3,4259,2717,0.27268353112011573,0.07370154500984559,0.19898198611027013
KnowAir,107,33,6,4259,2717,0.11793721075086906,-0.07331093755719294,0.191248148308062
KnowAir,107,33,12,4257,2717,-0.03493104097419029,-0.023246490528182243,-0.011684550446008045
KnowAir,47,173,0,2898,2794,0.16250291110854403,0.18827676939662727,-0.025773858288083235
KnowAir,47,173,3,2898,2794,-0.06466346810363115,-0.19435476732726922,0.1296912992236381
KnowAir,47,173,6,2898,2794,-0.05410789235125743,-0.08783458083320159,0.033726688481944156
KnowAir,47,173,12,2898,2793,0.06373724551699213,0.13565159639634344,-0.07191435087935132
KnowAir,62,97,0,5543,3436,0.2651542483352987,0.23285829208653588,0.03229595624876283
KnowAir,62,97,3,5543,3436,0.11340613442241987,0.07220706538291866,0.04119906903950121
KnowAir,62,97,6,5543,3436,-0.04917183888141703,-0.05942275640793178,0.010250917526514747
KnowAir,62,97,12,5543,3436,0.010202701150406149,0.017645816053005553,-0.007443114902599404
KnowAir,159,80,0,5658,2785,0.1888361860787851,0.2586118500230265,-0.0697756639442414
KnowAir,159,80,3,5657,2785,0.004509353464482911,-0.1171193663027752,0.12162871976725811
KnowAir,159,80,6,5656,2785,-0.13506672631233466,-0.217623777539386,0.08255705122705134
KnowAir,159,80,12,5654,2785,0.14858144628074776,0.16645489908627367,-0.017873452805525908
KnowAir,175,176,0,3098,2755,0.10913808524586438,0.3500941806161592,-0.24095609537029483
KnowAir,175,176,3,3097,2755,0.15094299700302308,0.0962629689327775,0.05468002807024558
KnowAir,175,176,6,3097,2755,-0.08988789778758677,-0.25879390359683835,0.16890600580925158
KnowAir,175,176,12,3096,2755,0.09888208671795828,0.02815964370549835,0.07072244301245993
KnowAir,23,107,0,3010,5085,0.4839181785793905,0.29009604983495907,0.19382212874443144
KnowAir,23,107,3,3009,5085,0.26937252841956744,0.03243894993293633,0.2369335784866311
KnowAir,23,107,6,3008,5085,-0.014803505097891422,-0.057552317203906585,0.042748812106015166
KnowAir,23,107,12,3008,5085,-0.06544370910675579,-0.05501096070873013,-0.01043274839802566
KnowAir,51,96,0,1544,5471,0.1799526939708137,0.19692624463089642,-0.016973550660082715
KnowAir,51,96,3,1544,5470,-0.002333132098297931,0.025265009487530323,-0.027598141585828254
KnowAir,51,96,6,1544,5469,-0.07096130994059617,-0.1210573213783404,0.050096011437744226
KnowAir,51,96,12,1544,5467,0.0498109292129958,0.06973040087141717,-0.019919471658421374
KnowAir,66,0,0,5705,1289,0.14823974930497644,0.17876464944674525,-0.030524900141768813
KnowAir,66,0,3,5704,1289,-0.026969654304708362,0.04253206268659136,-0.06950171699129973
KnowAir,66,0,6,5703,1289,-0.12419625965127802,-0.030123941842425943,-0.09407231780885209
KnowAir,66,0,12,5702,1289,0.14630467127651542,0.051425592318186386,0.09487907895832903
KnowAir,137,134,0,3102,4555,0.15412040984678407,0.24620312252049983,-0.09208271267371576
KnowAir,137,134,3,3101,4555,0.15071070440005868,0.10100116654484056,0.04970953785521812
KnowAir,137,134,6,3100,4555,0.08849895282067345,-0.03882163269122042,0.12732058551189387
KnowAir,137,134,12,3100,4555,0.02902835412181163,0.0425871249369083,-0.013558770815096668
KnowAir,45,169,0,2407,3825,0.30793598133110034,0.40497457551158045,-0.09703859418048011
KnowAir,45,169,3,2407,3825,0.16997008274573647,0.056173271863914374,0.11379681088182209
KnowAir,45,169,6,2407,3824,-0.18862261657300453,-0.2911726181133558,0.1025500015403513
KnowAir,45,169,12,2407,3822,0.11966182320166188,0.07519125287431902,0.04447057032734286
KnowAir,47,92,0,2804,2923,0.15357947516480358,0.2531567977158256,-0.09957732255102203
KnowAir,47,92,3,2804,2923,-0.24980007756193234,-0.02120542079601008,-0.22859465676592228
KnowAir,47,92,6,2804,2923,-0.1925733769920507,-0.015332859879621269,-0.17724051711242944
KnowAir,47,92,12,2803,2923,0.057804102931078814,0.03546066979071802,0.022343433140360795
KnowAir,43,151,0,1552,4508,0.25728610984874123,0.2588027965474848,-0.0015166866987435523
KnowAir,43,151,3,1552,4508,0.29151431851045045,0.15091156539208156,0.1406027531183689
KnowAir,43,151,6,1552,4508,0.027161907664037473,0.04483766066110922,-0.017675752997071744
KnowAir,43,151,12,1552,4508,0.04457851545920722,-0.016302541374114084,0.060881056833321304
KnowAir,102,64,0,2951,3817,0.07870901446203186,0.19587055420792587,-0.11716153974589401
KnowAir,102,64,3,2951,3816,0.02563523799020162,0.012449856198588112,0.013185381791613509
KnowAir,102,64,6,2951,3815,0.05120371452371003,-0.07155112953932137,0.1227548440630314
KnowAir,102,64,12,2951,3813,0.039797049995559476,0.03384915514664714,0.0059478948489123384
KnowAir,1,6,0,2562,5268,0.19364947292433787,0.2496514105054366,-0.056001937581098726
KnowAir,1,6,3,2562,5267,0.09770124311786839,0.06037332300626128,0.037327920111607106
KnowAir,1,6,6,2562,5266,0.06123870139382194,-0.09265573210564329,0.15389443349946524
KnowAir,1,6,12,2562,5264,-0.018645323188145182,-0.03786256233195398,0.0192172391438088
KnowAir,117,156,0,4623,3607,0.15877786769287974,0.2410926644327658,-0.08231479673988606
KnowAir,117,156,3,4622,3607,0.1919132201455713,0.18040658616781208,0.011506633977759223
KnowAir,117,156,6,4621,3607,0.09242599980449649,-0.10800090114396266,0.20042690094845916
KnowAir,117,156,12,4619,3607,0.08669206227636976,0.016221677598880057,0.0704703846774897
KnowAir,92,122,0,2049,4311,0.08470886232403882,0.11150656792349822,-0.026797705599459404
KnowAir,92,122,3,2049,4311,0.19699383827075684,0.07150345380959389,0.12549038446116295
KnowAir,92,122,6,2049,4311,-0.04101827239656309,-0.04030096628854049,-0.0007173061080225987
KnowAir,92,122,12,2048,4311,0.1918239386270695,0.03396054877822759,0.1578633898488419
KnowAir,4,70,0,5866,3410,0.3424738434335896,0.2866249285229561,0.055848914910633485
KnowAir,4,70,3,5866,3410,0.15718404563328145,0.01179047235333071,0.14539357327995073
KnowAir,4,70,6,5866,3410,-0.07990010310653935,-0.0966903390889278,0.01679023598238845
KnowAir,4,70,12,5865,3410,0.03248848694228652,0.030336647949482314,0.002151838992804203
KnowAir,122,79,0,2184,6089,0.41046720070271203,0.17861773975650896,0.23184946094620307
KnowAir,122,79,3,2184,6089,0.06337618349840488,0.027245600801866946,0.03613058269653793
KnowAir,122,79,6,2184,6089,-0.09895217559938066,-0.08639709894329783,-0.012555076656082825
KnowAir,122,79,12,2184,6088,-0.06223066997247281,-0.027454281515487202,-0.03477638845698561
KnowAir,27,130,0,4633,3217,0.17929623212205012,0.3067371960475864,-0.1274409639255363
KnowAir,27,130,3,4633,3217,0.2228795990514489,0.15889352582556793,0.06398607322588099
KnowAir,27,130,6,4633,3217,0.12816552112446405,-0.13671367550372476,0.2648791966281888
KnowAir,27,130,12,4633,3217,0.02911207215511951,-0.011395154824183374,0.04050722697930288
KnowAir,126,49,0,3508,4777,0.19261509597599413,0.19637740257542824,-0.0037623065994341065
KnowAir,126,49,3,3508,4777,0.07389225963824302,0.08484089891292297,-0.010948639274679955
KnowAir,126,49,6,3508,4777,-0.0929134823493315,-0.10453736979458121,0.011623887445249712
KnowAir,126,49,12,3507,4777,0.09559040082544819,0.10276067241982026,-0.007170271594372071
KnowAir,3,1,0,2623,5564,0.3695411529512696,0.2911014675195128,0.07843968543175678
KnowAir,3,1,3,2623,5563,0.2820238954443133,0.1771459110336839,0.10487798441062937
KnowAir,3,1,6,2623,5562,0.05766846106337627,-0.00933096513244138,0.06699942619581764
KnowAir,3,1,12,2623,5560,-0.09130343289298676,-0.030290994531942336,-0.06101243836104442
KnowAir,79,122,0,6048,3027,0.18548743521775288,0.37867432144730157,-0.1931868862295487
KnowAir,79,122,3,6048,3027,0.26953787752836816,0.22191057241504378,0.047627305113324386
KnowAir,79,122,6,6048,3027,0.03873814124344452,-0.11651843191857116,0.1552565731620157
KnowAir,79,122,12,6047,3027,-0.013279835440884683,0.026292561804832842,-0.039572397245717525
KnowAir,115,133,0,2849,5007,0.15002886265893706,0.2355949814861726,-0.08556611882723555
KnowAir,115,133,3,2848,5007,0.06660956537210355,0.08596830519640482,-0.019358739824301266
KnowAir,115,133,6,2847,5007,-0.038324938541076804,-0.05941054001155027,0.021085601470473468
KnowAir,115,133,12,2847,5007,0.10133441719184672,0.06879932900433999,0.03253508818750672
KnowAir,166,171,0,1351,3678,0.24339168507951958,0.2665175028156849,-0.023125817736165344
KnowAir,166,171,3,1351,3677,0.19704723687162523,0.12298268691326708,0.07406454995835815
KnowAir,166,171,6,1351,3676,0.06286668216227276,-0.08102270477394559,0.14388938693621833
KnowAir,166,171,12,1351,3676,0.1497571581689534,0.051080455949753946,0.09867670221919947
KnowAir,62,61,0,3422,5679,0.2959825377197032,0.3085675073720956,-0.01258496965239242
KnowAir,62,61,3,3422,5679,0.25939207765556943,0.0723769335279918,0.18701514412757764
KnowAir,62,61,6,3422,5679,0.027948360516088063,-0.07563562538141584,0.10358398589750391
KnowAir,62,61,12,3422,5679,0.02416970397874802,-0.002328484961436278,0.026498188940184297
KnowAir,54,20,0,2657,4357,0.3701255463847197,0.21004359384805868,0.160081952536661
KnowAir,54,20,3,2656,4357,0.1990937776277877,0.06278167246949092,0.13631210515829678
KnowAir,54,20,6,2655,4357,-0.012152936784484735,-0.02531130164906634,0.013158364864581605
KnowAir,54,20,12,2654,4357,-0.04500985947225124,-0.05450910088352115,0.009499241411269913
KnowAir,158,156,0,3916,3322,0.29146168315511306,0.20250765888825534,0.08895402426685772
KnowAir,158,156,3,3916,3321,0.10129013278874609,-0.032529478552730424,0.13381961134147652
KnowAir,158,156,6,3916,3320,-0.08697382053503712,-0.10795965664052452,0.020985836105487404
KnowAir,158,156,12,3916,3320,0.05717683459818586,0.05581226775206523,0.0013645668461206295
KnowAir,24,113,0,4068,2952,0.27905553149526,0.36956934554031373,-0.09051381404505371
KnowAir,24,113,3,4067,2952,0.37104954046050237,0.1177209370565756,0.25332860340392677
KnowAir,24,113,6,4066,2952,0.09021611496727913,-0.12778582177908923,0.21800193674636836
KnowAir,24,113,12,4064,2952,-0.03226630519050942,-0.020779353202747052,-0.01148695198776237
KnowAir,165,85,0,2559,5331,0.2062613720385143,0.12345204524612007,0.08280932679239424
KnowAir,165,85,3,2559,5331,0.2754909974902686,0.17844727727920034,0.09704372021106827
KnowAir,165,85,6,2559,5331,0.06828959998483322,-0.024891569292986523,0.09318116927781975
KnowAir,165,85,12,2559,5331,-0.1612062363018131,-0.018779833165520878,-0.14242640313629223
KnowAir,64,1,0,3430,3499,0.10067668129204943,0.21574202432165945,-0.11506534302961002
KnowAir,64,1,3,3430,3498,0.059737283961261226,0.047571716789692214,0.012165567171569011
KnowAir,64,1,6,3430,3497,-0.02075884355030562,-0.11063097803253152,0.0898721344822259
KnowAir,64,1,12,3430,3495,0.05133635683528034,-0.07860288610612619,0.12993924294140652
KnowAir,109,71,0,4342,2949,0.18830062643982962,0.2488326721429098,-0.060532045703080184
KnowAir,109,71,3,4341,2949,0.24599279594203755,0.02298853468536034,0.22300426125667722
KnowAir,109,71,6,4340,2949,0.08600994852828493,-0.097570184492289,0.18358013302057394
KnowAir,109,71,12,4338,2949,-0.016594370796451756,-0.016623427447227987,2.905665077623104e-05
KnowAir,33,114,0,3707,3302,0.1520855138406302,0.15037196859309912,0.0017135452475310897
KnowAir,33,114,3,3706,3302,0.19541486680860826,-0.06905513219383934,0.2644699990024476
KnowAir,33,114,6,3705,3302,0.09448909388421753,-0.06232448025866207,0.1568135741428796
KnowAir,33,114,12,3703,3302,0.0057706699572296,0.028162852144744052,-0.022392182187514452
KnowAir,156,159,0,4066,2723,0.2883215091224117,0.3483782888321767,-0.060056779709764974
KnowAir,156,159,3,4066,2722,0.12103849389581711,0.11763197789339482,0.003406516002422297
KnowAir,156,159,6,4066,2721,-0.07620645860393534,-0.1555306396364166,0.07932418103248128
KnowAir,156,159,12,4066,2721,0.06135567487709461,0.10415351088075747,-0.04279783600366286
KnowAir,25,112,0,3260,4371,0.44380782917166034,0.3738897369432422,0.06991809222841816
KnowAir,25,112,3,3259,4371,0.3742416168551506,0.09326425029479268,0.28097736656035793
KnowAir,25,112,6,3258,4371,0.004538018638711421,-0.09202557637266058,0.096563595011372
KnowAir,25,112,12,3256,4371,-0.058770145685471877,-0.05049967243990423,-0.00827047324556765
KnowAir,72,131,0,5286,2472,0.22117601784843366,0.2149922809045016,0.006183736943932067
KnowAir,72,131,3,5286,2472,0.1347098729748254,0.055917545269384916,0.07879232770544048
KnowAir,72,131,6,5286,2472,0.030548791015652915,-0.09556999546886151,0.1261187864845144
KnowAir,72,131,12,5285,2472,0.028220719199676923,-0.006890513754653023,0.03511123295432995
KnowAir,99,101,0,4798,4037,0.16070601437912319,0.20789421162063504,-0.04718819724151185
KnowAir,99,101,3,4798,4036,0.11497112222184465,0.012387238428010632,0.10258388379383401
KnowAir,99,101,6,4798,4036,0.027427728933641475,-0.09667086813096061,0.12409859706460208
KnowAir,99,101,12,4798,4034,0.002576009635023123,-0.0004750672832244782,0.003051076918247601
KnowAir,146,150,0,3505,4434,0.14234016675955366,0.35337747818577836,-0.2110373114262247
KnowAir,146,150,3,3505,4434,0.19713662980478233,0.1313815331200938,0.06575509668468854
KnowAir,146,150,6,3505,4434,0.1510439000486973,-0.12402407431076329,0.2750679743594606
KnowAir,146,150,12,3505,4434,0.03168034968510786,-0.038744803126215005,0.07042515281132286
KnowAir,155,84,0,6034,3918,0.07643826891062733,0.13115153623157838,-0.05471326732095105
KnowAir,155,84,3,6033,3918,0.06508357130053943,0.10818142154608008,-0.04309785024554065
KnowAir,155,84,6,6032,3918,-0.013097349998044187,-0.11688792270781101,0.10379057270976683
KnowAir,155,84,12,6030,3918,0.056393485625161346,0.08829758029691175,-0.0319040946717504
KnowAir,112,18,0,4455,3059,0.25653849826164504,0.32599479624762473,-0.06945629798597969
KnowAir,112,18,3,4455,3058,0.08913759177808205,0.28464064416548873,-0.19550305238740667
KnowAir,112,18,6,4455,3057,-0.03642370759262855,0.011005601975390765,-0.047429309568019315
KnowAir,112,18,12,4455,3055,-0.04475842640391575,-0.02060290481001729,-0.02415552159389846
KnowAir,110,23,0,3535,4257,0.5181327395519358,0.5039657875323048,0.01416695201963103
KnowAir,110,23,3,3534,4257,0.3763262880166922,0.13147334791735865,0.24485294009933356
KnowAir,110,23,6,3533,4257,0.014380974855727887,-0.07990995867152106,0.09429093352724895
KnowAir,110,23,12,3531,4257,-0.059188579328895576,-0.02624811682103634,-0.03294046250785923
KnowAir,129,8,0,2014,5089,0.3435853360387082,0.33408183635471006,0.009503499683998162
KnowAir,129,8,3,2014,5089,0.10847841498284452,0.14917186051301565,-0.040693445530171124
KnowAir,129,8,6,2014,5089,-0.1470521784006723,-0.17225419308689896,0.025202014686226654
KnowAir,129,8,12,2014,5089,0.13637248792609286,0.09280910562132069,0.043563382304772164
KnowAir,68,119,0,2663,1737,0.15465960874494877,0.11194376237339576,0.04271584637155301
KnowAir,68,119,3,2663,1737,-0.028835571809224646,-0.14805947259200236,0.11922390078277771
KnowAir,68,119,6,2663,1737,0.033807909531182706,-0.016672122241144508,0.05048003177232721
KnowAir,68,119,12,2663,1737,0.03820903527990807,-0.007057126257968122,0.045266161537876194
KnowAir,132,131,0,2852,4649,0.2285688226326202,0.3431918868939079,-0.11462306426128768
KnowAir,132,131,3,2851,4649,0.22274660864008142,0.13068556550238367,0.09206104313769775
KnowAir,132,131,6,2850,4649,0.09753595728678896,-0.11447828225982576,0.21201423954661472
KnowAir,132,131,12,2849,4649,0.013161832028701071,0.000781152246066535,0.012380679782634536
KnowAir,73,154,0,3719,1901,0.12330219164605884,0.10890276585890948,0.014399425787149353
KnowAir,73,154,3,3719,1901,0.189222534342928,0.1302145604821629,0.05900797386076509
KnowAir,73,154,6,3719,1901,0.04379681867834645,-0.0935230979620726,0.13731991664041904
KnowAir,73,154,12,3719,1901,0.0173322508305139,-0.020851935581400975,0.03818418641191487
KnowAir,41,104,0,4741,4210,0.15773367033148686,0.21066019301980074,-0.05292652268831388
KnowAir,41,104,3,4741,4209,0.07977975986636443,-0.006514433204846176,0.08629419307121061
KnowAir,41,104,6,4741,4208,0.02353155287463802,-0.15875016504592745,0.18228171792056547
KnowAir,41,104,12,4741,4206,0.04981243341341092,0.04200219654274056,0.00781023687067036
KnowAir,44,158,0,3127,6473,0.255116660681582,0.17793741595978219,0.07717924472179982
KnowAir,44,158,3,3127,6472,0.11368106325196325,0.09053934466130455,0.023141718590658708
KnowAir,44,158,6,3127,6471,-0.1821464916874397,-0.08850807371851441,-0.0936384179689253
KnowAir,44,158,12,3127,6469,0.08844793409171654,0.014367753634568563,0.07408018045714798
KnowAir,0,6,0,2529,5424,0.09015977368313702,0.23088680675421894,-0.14072703307108192
KnowAir,0,6,3,2529,5424,0.1684639001392878,0.08979278380109522,0.07867111633819258
KnowAir,0,6,6,2529,5423,0.2373695796264916,0.017662704890848563,0.21970687473564304
KnowAir,0,6,12,2529,5421,0.040816696623211794,-0.052774061174550614,0.09359075779776241
KnowAir,39,158,0,2443,1707,0.22813167701759074,0.1762206795808113,0.05191099743677943
KnowAir,39,158,3,2443,1707,-0.007489171861872394,-0.008558824666496483,0.0010696528046240886
KnowAir,39,158,6,2443,1707,-0.1081870670056817,-0.17118586498550822,0.06299879797982652
KnowAir,39,158,12,2443,1707,0.03525120055919835,0.06656893088681552,-0.03131773032761717
KnowAir,33,107,0,2627,4106,0.19137371656990185,0.28835991799840743,-0.09698620142850559
KnowAir,33,107,3,2627,4105,0.13000050405872324,0.016656184344324566,0.11334431971439868
KnowAir,33,107,6,2627,4104,-0.01961401381092855,-0.0776098597180158,0.05799584590708726
KnowAir,33,107,12,2627,4102,-0.0472450462366602,-0.017708683427336773,-0.029536362809323424
KnowAir,23,110,0,4344,3551,0.49806240245922134,0.5204996072769091,-0.022437204817687795
KnowAir,23,110,3,4344,3550,0.15867681577295925,0.04722411214533408,0.11145270362762517
KnowAir,23,110,6,4344,3549,-0.10970178117122487,-0.07652698923402014,-0.033174791937204726
KnowAir,23,110,12,4344,3547,-0.008649297684136794,-0.07369912250705893,0.06504982482292214
KnowAir,136,27,0,3269,3789,0.2647142984725886,0.11711797107824105,0.14759632739434753
KnowAir,136,27,3,3269,3788,-0.0073657808486529254,-0.0458634770695737,0.03849769622092077
KnowAir,136,27,6,3269,3788,-0.11112261509420764,-0.10254721299733316,-0.008575402096874477
KnowAir,136,27,12,3269,3788,0.01990431167286728,0.005271380146056583,0.014632931526810698
KnowAir,125,181,0,1922,4839,0.2869185861675832,0.22980362274573538,0.057114963421847825
KnowAir,125,181,3,1922,4838,0.09030297390825279,-0.04679274925421036,0.13709572316246316
KnowAir,125,181,6,1922,4837,-0.048446407237779356,-0.15151826079053426,0.10307185355275492
KnowAir,125,181,12,1922,4837,0.026456002528234365,0.05561181598987068,-0.029155813461636315
KnowAir,25,19,0,2762,5440,0.22946519250086328,0.31112605732171783,-0.08166086482085455
KnowAir,25,19,3,2762,5440,0.25254388959311314,0.0556873502680116,0.19685653932510153
KnowAir,25,19,6,2762,5440,0.04704758668292195,-0.07567684649197308,0.12272443317489504
KnowAir,25,19,12,2762,5439,-0.05218782079677925,-0.06553127029113949,0.01334344949436024
KnowAir,46,86,0,5573,1386,0.17778138648794137,0.26321549588898624,-0.08543410940104487
KnowAir,46,86,3,5572,1386,-0.0176325858125496,-0.10620708080613929,0.08857449499358969
KnowAir,46,86,6,5571,1386,-0.08001176682571147,-0.34246112781700794,0.26244936099129645
KnowAir,46,86,12,5569,1386,0.07715076544346658,0.09956516189835804,-0.02241439645489146
KnowAir,52,129,0,2687,4662,0.2876416942995391,0.4238295094237695,-0.1361878151242304
KnowAir,52,129,3,2687,4661,0.12189227480370358,-0.06240917133220071,0.1843014461359043
KnowAir,52,129,6,2687,4660,-0.023128837660538155,-0.3002469634551305,0.2771181257945924
KnowAir,52,129,12,2687,4658,0.045146371543263786,0.2641749509148673,-0.21902857937160353
KnowAir,122,74,0,3115,6282,0.31010546772996944,0.13094193480985875,0.1791635329201107
KnowAir,122,74,3,3115,6282,0.07824497303530353,0.03198552554625708,0.04625944748904645
KnowAir,122,74,6,3115,6282,-0.08386008798968736,-0.031314832179659975,-0.052545255810027384
KnowAir,122,74,12,3115,6281,0.015649980998162654,0.017760172908767823,-0.0021101919106051685
KnowAir,10,40,0,3080,4914,0.09249631902303089,0.1799998792003853,-0.0875035601773544
KnowAir,10,40,3,3080,4914,0.20159980129191893,0.06028098578882688,0.14131881550309205
KnowAir,10,40,6,3080,4914,0.10142947365258513,-0.120718234000733,0.22214770765331815
KnowAir,10,40,12,3080,4913,0.014587908577817103,0.04924509384597886,-0.03465718526816176
KnowAir,175,181,0,2407,4988,0.18827947515953308,0.20572631287036647,-0.017446837710833385
KnowAir,175,181,3,2406,4988,0.07336498282846964,0.09485090221778826,-0.021485919389318625
KnowAir,175,181,6,2405,4988,-0.1724725021410826,-0.019678400764631645,-0.15279410137645094
KnowAir,175,181,12,2404,4988,0.04260076066221483,-0.00947522587881298,0.05207598654102781
KnowAir,85,164,0,3007,2280,0.32964218689579955,0.32828236238146924,0.00135982451433031
KnowAir,85,164,3,3006,2280,0.07015834065590776,0.1434272706582167,-0.07326893000230894
KnowAir,85,164,6,3005,2280,-0.09027724935397245,-0.15932595393244064,0.06904870457846819
KnowAir,85,164,12,3003,2280,0.08986055608718455,0.02625214504789769,0.06360841103928686
KnowAir,67,143,0,3066,3499,0.24361373556515847,0.17060399578650998,0.0730097397786485
KnowAir,67,143,3,3066,3499,-0.025825935981007228,-0.019038868159975714,-0.006787067821031514
KnowAir,67,143,6,3066,3499,-0.09768448912318045,-0.06016106722902603,-0.03752342189415442
KnowAir,67,143,12,3066,3499,0.08930758807437471,-0.012625967111546543,0.10193355518592125
KnowAir,146,147,0,3025,4218,0.3358749467599778,0.46223325450307917,-0.12635830774310136
KnowAir,146,147,3,3024,4218,0.3912349385141967,0.2369199145778325,0.1543150239363642
KnowAir,146,147,6,3024,4218,0.031749639966792684,-0.07933502484329676,0.11108466481008944
KnowAir,146,147,12,3024,4218,-0.012009583987674344,-0.12219620086062404,0.11018661687294969
KnowAir,82,155,0,3762,2923,0.15921457751785684,0.09486219000296973,0.0643523875148871
KnowAir,82,155,3,3762,2923,-0.05419907966081898,-0.10389123772264096,0.04969215806182198
KnowAir,82,155,6,3762,2923,-0.007493791978313783,-0.025911789784815606,0.018417997806501822
KnowAir,82,155,12,3762,2923,0.03807929388903099,-0.008905959900094221,0.04698525378912521
KnowAir,165,88,0,5938,1385,0.2909506777731168,0.16347491830899116,0.12747575946412562
KnowAir,165,88,3,5937,1385,0.3527224591787045,0.27261083597504077,0.08011162320366372
KnowAir,165,88,6,5936,1385,-0.037229864354780644,0.015064089857510812,-0.05229395421229145
KnowAir,165,88,12,5934,1385,-0.014296752224150243,-0.07869507298348093,0.06439832075933069
KnowAir,30,116,0,3937,3919,0.20449172059203163,0.20938013383363824,-0.004888413241606604
KnowAir,30,116,3,3936,3919,0.2476611852350355,-0.004539210254342884,0.2522003954893784
KnowAir,30,116,6,3935,3919,0.1733725003272956,-0.1010502269903049,0.2744227273176005
KnowAir,30,116,12,3933,3919,0.04201520838267656,0.05279799711435825,-0.010782788731681689
KnowAir,154,158,0,4498,2691,0.3616135856788975,0.3156544680106967,0.04595911766820082
KnowAir,154,158,3,4497,2691,0.17724654401377352,-0.02551225200543859,0.2027587960192121
KnowAir,154,158,6,4496,2691,-0.021349082687508472,-0.200441413845596,0.17909233115808754
KnowAir,154,158,12,4494,2691,0.017589045855021145,0.10856232846979579,-0.09097328261477464
KnowAir,111,109,0,5279,2945,0.19524383602296416,0.24974049748815746,-0.0544966614651933
KnowAir,111,109,3,5279,2944,0.1363180074971923,0.020929157524844148,0.11538884997234816
KnowAir,111,109,6,5279,2943,0.019911115566858893,-0.08684197341600514,0.10675308898286404
KnowAir,111,109,12,5279,2943,-0.050147153623246135,0.009028930854575925,-0.059176084477822063
KnowAir,100,59,0,4594,3323,0.23250084506341825,0.196356474547907,0.036144370515511254
KnowAir,100,59,3,4594,3323,0.07485432758279566,0.010820586652992903,0.06403374092980275
KnowAir,100,59,6,4594,3323,-0.027078998852974,-0.07962173682464863,0.05254273797167462
KnowAir,100,59,12,4594,3323,0.04659215379454981,0.001915333780927581,0.044676820013622234
KnowAir,61,149,0,3392,5013,0.2786385297168346,0.29893118149307096,-0.020292651776236348
KnowAir,61,149,3,3392,5013,0.25997542555668657,0.1532816125328939,0.10669381302379266
KnowAir,61,149,6,3392,5013,0.018908771310265762,-0.09311662084239902,0.11202539215266479
KnowAir,61,149,12,3392,5012,-0.03166481945930367,-0.049494220701911985,0.017829401242608317
KnowAir,163,176,0,2339,4096,0.12503282373352556,0.12909790448820174,-0.004065080754676181
KnowAir,163,176,3,2339,4095,-0.21465686524182592,-0.02934900783527781,-0.18530785740654812
KnowAir,163,176,6,2339,4095,-0.11111806960716365,-0.11541499148998421,0.004296921882820562
KnowAir,163,176,12,2339,4095,0.10818907834900861,0.08999372397032045,0.01819535437868816
KnowAir,4,129,0,4738,3648,0.2542429250195184,0.22053328046854254,0.03370964455097586
KnowAir,4,129,3,4738,3648,0.04025811100544138,-0.03858932312171588,0.07884743412715726
KnowAir,4,129,6,4738,3648,-0.06397224963502167,-0.11924127523064863,0.055269025595626964
KnowAir,4,129,12,4738,3648,0.07174537616052408,0.08520724456737104,-0.01346186840684696
KnowAir,82,154,0,3095,6700,0.27227808054573754,0.2675042877148502,0.004773792830887358
KnowAir,82,154,3,3095,6699,0.08523655906800873,0.049273129535411395,0.03596342953259733
KnowAir,82,154,6,3095,6698,-0.0617661073100801,-0.09794797463530737,0.03618186732522727
KnowAir,82,154,12,3095,6696,0.1147817103982602,0.04773333263803797,0.06704837776022222
KnowAir,52,8,0,1406,4707,0.25865795281455317,0.2523715023820415,0.006286450432511692
KnowAir,52,8,3,1406,4707,0.13365195063777008,0.05055595775715323,0.08309599288061685
KnowAir,52,8,6,1406,4706,-0.09369380209919982,-0.12079883267306765,0.02710503057386783
KnowAir,52,8,12,1406,4706,0.07597799112909034,0.0911951349587829,-0.015217143829692553
KnowAir,68,124,0,3148,3173,0.22574253450415319,0.2474210689096143,-0.02167853440546111
KnowAir,68,124,3,3148,3173,0.005357715703791652,0.03700814752348225,-0.0316504318196906
KnowAir,68,124,6,3148,3173,-0.2315420577731491,-0.18007446287832146,-0.051467594894827634
KnowAir,68,124,12,3146,3173,0.15742746047747083,0.1882172948579577,-0.03078983438048688
KnowAir,17,131,0,5510,2591,0.1959241606479298,0.20479270010837458,-0.008868539460444774
KnowAir,17,131,3,5510,2591,0.0888856891302108,-0.015175196872054396,0.10406088600226521
KnowAir,17,131,6,5510,2591,-0.0013553587969164095,-0.1576765028912834,0.15632114409436698
KnowAir,17,131,12,5509,2591,0.04051748066631688,0.052228495186400346,-0.011711014520083468
KnowAir,117,157,0,3028,3449,0.11605365101332547,0.1370703570259542,-0.021016706012628714
KnowAir,117,157,3,3027,3449,0.10242435545317664,0.1498162623880072,-0.047391906934830544
KnowAir,117,157,6,3027,3449,0.03365305628341495,-0.020000351058822,0.05365340734223695
KnowAir,117,157,12,3027,3449,0.0793427894129069,-0.0003761678121668403,0.07971895722507374
KnowAir,54,21,0,4031,4015,0.2268648728602641,0.4099305805339171,-0.18306570767365302
KnowAir,54,21,3,4031,4015,0.21918355210597312,0.1543712694350692,0.06481228267090391
KnowAir,54,21,6,4031,4015,0.08552253494018154,-0.11063391373161868,0.1961564486718002
KnowAir,54,21,12,4031,4015,-0.031198349459963946,-0.09109790464649473,0.059899555186530784
KnowAir,43,158,0,4127,4075,0.1330879964843207,0.3286065577640196,-0.19551856127969888
KnowAir,43,158,3,4126,4075,0.1850238944374233,0.09169071425308667,0.09333318018433662
KnowAir,43,158,6,4125,4075,0.08565452221478183,-0.22084593140708403,0.30650045362186584
KnowAir,43,158,12,4123,4075,0.06207123309263614,0.07336762015654008,-0.011296387063903943
KnowAir,90,87,0,5471,2609,0.21408179814364392,0.3213644198934021,-0.10728262174975817
KnowAir,90,87,3,5470,2609,0.03374631953286655,-0.05422238046769034,0.0879687000005569
KnowAir,90,87,6,5469,2609,-0.06405415565373901,-0.24984924954829907,0.18579509389456006
KnowAir,90,87,12,5467,2609,0.09709647550448962,0.0756627649248878,0.02143371057960182
KnowAir,97,62,0,3491,5529,0.2444186733399037,0.26045725300759415,-0.016038579667690456
KnowAir,97,62,3,3491,5529,0.13766406359105324,0.05930544736043897,0.07835861623061427
KnowAir,97,62,6,3491,5528,0.03768715670805321,-0.056806725677527786,0.094493882385581
KnowAir,97,62,12,3491,5528,-0.007440590026818228,0.03104734633432124,-0.038487936361139466
KnowAir,167,89,0,1694,5637,0.27008679619812725,0.191706759500409,0.07838003669771826
KnowAir,167,89,3,1694,5636,0.1365607076614936,0.0561721648091017,0.08038854285239191
KnowAir,167,89,6,1694,5635,-0.04980774113366494,-0.09333877406340142,0.04353103292973648
KnowAir,167,89,12,1694,5633,0.0214377362669843,0.03139731985003716,-0.009959583583052857
KnowAir,3,129,0,5460,2720,0.25577735525751427,0.17885499166170377,0.0769223635958105
KnowAir,3,129,3,5460,2720,0.022823067421944652,-0.0432265616409554,0.06604962906290004
KnowAir,3,129,6,5460,2720,-0.15423421326930148,-0.10547034635066621,-0.04876386691863527
KnowAir,3,129,12,5458,2720,0.09495373630226991,0.02644395140698052,0.06850978489528939
KnowAir,90,85,0,5028,1166,0.2413457562086601,0.2549909231609124,-0.013645166952252263
KnowAir,90,85,3,5028,1166,0.12783537185987257,0.1594267412354279,-0.031591369375555345
KnowAir,90,85,6,5028,1166,-0.04915778118794292,-0.10875950672273159,0.059601725534788666
KnowAir,90,85,12,5028,1166,0.048348514341282456,0.11903251483517516,-0.0706840004938927
