feature,past_hour,future_hour,separation_hours,raw_median_station_r,raw_q25_station_r,raw_q75_station_r,anomaly_median_station_r,anomaly_q25_station_r,anomaly_q75_station_r
temperature_c,-69,3,72,0.9069342829536013,0.897572053888041,0.9161144676562865,0.21083762895108096,0.19466828903221692,0.2352586670883626
temperature_c,-69,6,75,0.8788702183023129,0.8724507179567486,0.887638555318144,0.19234320384297376,0.1792000031017668,0.22052851449551716
temperature_c,-69,9,78,0.8264481808652404,0.8172222483272901,0.8367332351058397,0.17197744156141725,0.16180142646784906,0.2025008597566291
temperature_c,-69,12,81,0.7818792572045592,0.7684647159682507,0.7946408720687105,0.15291480434391813,0.14347923573685395,0.18753594748189084
temperature_c,-69,15,84,0.7641382534993577,0.7486611298072582,0.778292058504554,0.13865075385022047,0.12808023404328928,0.174505980273222
temperature_c,-69,18,87,0.7793143597161902,0.7645494285293251,0.792560260719318,0.1268843553116749,0.11766453288890488,0.16376956451142866
temperature_c,-69,21,90,0.8208704728121896,0.8109053626944269,0.8330972501493075,0.12106487687898299,0.11072062295840693,0.15547025185881427
temperature_c,-69,24,93,0.8711150808073327,0.8635061173245351,0.8810433785484253,0.11504595461589917,0.10377149070847536,0.14871298456614646
temperature_c,-69,27,96,0.897601556568737,0.8856214589026012,0.9085709144806401,0.11082331474787285,0.09837156775167902,0.1410663047977957
temperature_c,-69,30,99,0.8696500284811486,0.862479835311204,0.8797409080415058,0.10222555531658843,0.08884611504827819,0.1336565592695434
temperature_c,-69,33,102,0.817703967196121,0.8080582045935525,0.8294537599354552,0.09005854984431495,0.07599638969842334,0.12080820755658457
temperature_c,-69,36,105,0.7739736694307369,0.7601429927634696,0.7875406187503087,0.07926281884806984,0.06344365180388989,0.11205151219654355
temperature_c,-69,39,108,0.7568789224536597,0.7401750433411827,0.7718217877949622,0.06977268138649,0.053528569529872484,0.1019105842107819
temperature_c,-69,42,111,0.7720770635027845,0.7587241721225793,0.7863872568688545,0.0626439161401596,0.04881840502223249,0.09276733510995028
temperature_c,-69,45,114,0.8149397447952623,0.8038895455589892,0.8261790765446339,0.05910540333613676,0.04406597375503032,0.08435691100564663
temperature_c,-69,48,117,0.865478611414554,0.8575842982856917,0.8762455072108108,0.05585688219819979,0.041204016601133014,0.07845523952309869
temperature_c,-69,51,120,0.8918487832231341,0.8788723991158036,0.9035673185221728,0.05289466591742648,0.03616637854940055,0.0724254615276468
temperature_c,-69,54,123,0.8640736955044355,0.8561343997921951,0.8749990393148006,0.04680828465965488,0.028602395732586532,0.06479273818482106
temperature_c,-69,57,126,0.8121330917801162,0.8000817755698397,0.8243474636855718,0.0368875216013164,0.019608998333931045,0.055577721039027986
temperature_c,-69,60,129,0.7684462058135445,0.7518699677558676,0.7822666250454254,0.027201524702384947,0.010863197857714906,0.046160673718198104
temperature_c,-69,63,132,0.7511623420924587,0.733224863667044,0.7679103691424909,0.019671077365166337,0.0030914680479589562,0.03883218770260905
temperature_c,-69,66,135,0.7672317593963037,0.7500220377380021,0.7814212309905783,0.015723009250211528,-0.0011024593908775312,0.03216719431971091
temperature_c,-69,69,138,0.810296069772132,0.7973079668512055,0.8224617164720218,0.013502190050996569,-0.003796613387074625,0.027169797858581285
temperature_c,-69,72,141,0.8615190178068826,0.8515392035355267,0.8716462028347363,0.010880148590001908,-0.006038458823840909,0.02419021992434417
temperature_c,-66,3,69,0.8816230305731897,0.875430132824912,0.8894424118769244,0.22013517296567725,0.20298632777523878,0.24385539083625493
temperature_c,-66,6,72,0.9069342829536013,0.897572053888041,0.9161144676562865,0.21083762895108096,0.19466828903221692,0.2352586670883626
temperature_c,-66,9,75,0.8788702183023129,0.8724507179567486,0.887638555318144,0.19234320384297376,0.1792000031017668,0.22052851449551716
temperature_c,-66,12,78,0.8264481808652404,0.8172222483272901,0.8367332351058397,0.17197744156141725,0.16180142646784906,0.2025008597566291
temperature_c,-66,15,81,0.7818792572045592,0.7684647159682507,0.7946408720687105,0.15291480434391813,0.14347923573685395,0.18753594748189084
temperature_c,-66,18,84,0.7641382534993577,0.7486611298072582,0.778292058504554,0.13865075385022047,0.12808023404328928,0.174505980273222
temperature_c,-66,21,87,0.7793143597161902,0.7645494285293251,0.792560260719318,0.1268843553116749,0.11766453288890488,0.16376956451142866
temperature_c,-66,24,90,0.8208704728121896,0.8109053626944269,0.8330972501493075,0.12106487687898299,0.11072062295840693,0.15547025185881427
temperature_c,-66,27,93,0.8711150808073327,0.8635061173245351,0.8810433785484253,0.11504595461589917,0.10377149070847536,0.14871298456614646
temperature_c,-66,30,96,0.897601556568737,0.8856214589026012,0.9085709144806401,0.11082331474787285,0.09837156775167902,0.1410663047977957
temperature_c,-66,33,99,0.8696500284811486,0.862479835311204,0.8797409080415058,0.10222555531658843,0.08884611504827819,0.1336565592695434
temperature_c,-66,36,102,0.817703967196121,0.8080582045935525,0.8294537599354552,0.09005854984431495,0.07599638969842334,0.12080820755658457
temperature_c,-66,39,105,0.7739736694307369,0.7601429927634696,0.7875406187503087,0.07926281884806984,0.06344365180388989,0.11205151219654355
temperature_c,-66,42,108,0.7568789224536597,0.7401750433411827,0.7718217877949622,0.06977268138649,0.053528569529872484,0.1019105842107819
temperature_c,-66,45,111,0.7720770635027845,0.7587241721225793,0.7863872568688545,0.0626439161401596,0.04881840502223249,0.09276733510995028
temperature_c,-66,48,114,0.8149397447952623,0.8038895455589892,0.8261790765446339,0.05910540333613676,0.04406597375503032,0.08435691100564663
temperature_c,-66,51,117,0.865478611414554,0.8575842982856917,0.8762455072108108,0.05585688219819979,0.041204016601133014,0.07845523952309869
temperature_c,-66,54,120,0.8918487832231341,0.8788723991158036,0.9035673185221728,0.05289466591742648,0.03616637854940055,0.0724254615276468
temperature_c,-66,57,123,0.8640736955044355,0.8561343997921951,0.8749990393148006,0.04680828465965488,0.028602395732586532,0.06479273818482106
temperature_c,-66,60,126,0.8121330917801162,0.8000817755698397,0.8243474636855718,0.0368875216013164,0.019608998333931045,0.055577721039027986
temperature_c,-66,63,129,0.7684462058135445,0.7518699677558676,0.7822666250454254,0.027201524702384947,0.010863197857714906,0.046160673718198104
temperature_c,-66,66,132,0.7511623420924587,0.733224863667044,0.7679103691424909,0.019671077365166337,0.0030914680479589562,0.03883218770260905
temperature_c,-66,69,135,0.7672317593963037,0.7500220377380021,0.7814212309905783,0.015723009250211528,-0.0011024593908775312,0.03216719431971091
temperature_c,-66,72,138,0.810296069772132,0.7973079668512055,0.8224617164720218,0.013502190050996569,-0.003796613387074625,0.027169797858581285
temperature_c,-63,3,66,0.8316950623444481,0.8220033343672405,0.8423775839517447,0.22662502338403323,0.21120262519787242,0.25331499712512157
temperature_c,-63,6,69,0.8816230305731897,0.875430132824912,0.8894424118769244,0.22013517296567725,0.20298632777523878,0.24385539083625493
temperature_c,-63,9,72,0.9069342829536013,0.897572053888041,0.9161144676562865,0.21083762895108096,0.19466828903221692,0.2352586670883626
temperature_c,-63,12,75,0.8788702183023129,0.8724507179567486,0.887638555318144,0.19234320384297376,0.1792000031017668,0.22052851449551716
temperature_c,-63,15,78,0.8264481808652404,0.8172222483272901,0.8367332351058397,0.17197744156141725,0.16180142646784906,0.2025008597566291
temperature_c,-63,18,81,0.7818792572045592,0.7684647159682507,0.7946408720687105,0.15291480434391813,0.14347923573685395,0.18753594748189084
temperature_c,-63,21,84,0.7641382534993577,0.7486611298072582,0.778292058504554,0.13865075385022047,0.12808023404328928,0.174505980273222
temperature_c,-63,24,87,0.7793143597161902,0.7645494285293251,0.792560260719318,0.1268843553116749,0.11766453288890488,0.16376956451142866
temperature_c,-63,27,90,0.8208704728121896,0.8109053626944269,0.8330972501493075,0.12106487687898299,0.11072062295840693,0.15547025185881427
temperature_c,-63,30,93,0.8711150808073327,0.8635061173245351,0.8810433785484253,0.11504595461589917,0.10377149070847536,0.14871298456614646
temperature_c,-63,33,96,0.897601556568737,0.8856214589026012,0.9085709144806401,0.11082331474787285,0.09837156775167902,0.1410663047977957
temperature_c,-63,36,99,0.8696500284811486,0.862479835311204,0.8797409080415058,0.10222555531658843,0.08884611504827819,0.1336565592695434
temperature_c,-63,39,102,0.817703967196121,0.8080582045935525,0.8294537599354552,0.09005854984431495,0.07599638969842334,0.12080820755658457
temperature_c,-63,42,105,0.7739736694307369,0.7601429927634696,0.7875406187503087,0.07926281884806984,0.06344365180388989,0.11205151219654355
temperature_c,-63,45,108,0.7568789224536597,0.7401750433411827,0.7718217877949622,0.06977268138649,0.053528569529872484,0.1019105842107819
temperature_c,-63,48,111,0.7720770635027845,0.7587241721225793,0.7863872568688545,0.0626439161401596,0.04881840502223249,0.09276733510995028
temperature_c,-63,51,114,0.8149397447952623,0.8038895455589892,0.8261790765446339,0.05910540333613676,0.04406597375503032,0.08435691100564663
temperature_c,-63,54,117,0.865478611414554,0.8575842982856917,0.8762455072108108,0.05585688219819979,0.041204016601133014,0.07845523952309869
temperature_c,-63,57,120,0.8918487832231341,0.8788723991158036,0.9035673185221728,0.05289466591742648,0.03616637854940055,0.0724254615276468
temperature_c,-63,60,123,0.8640736955044355,0.8561343997921951,0.8749990393148006,0.04680828465965488,0.028602395732586532,0.06479273818482106
temperature_c,-63,63,126,0.8121330917801162,0.8000817755698397,0.8243474636855718,0.0368875216013164,0.019608998333931045,0.055577721039027986
temperature_c,-63,66,129,0.7684462058135445,0.7518699677558676,0.7822666250454254,0.027201524702384947,0.010863197857714906,0.046160673718198104
temperature_c,-63,69,132,0.7511623420924587,0.733224863667044,0.7679103691424909,0.019671077365166337,0.0030914680479589562,0.03883218770260905
temperature_c,-63,72,135,0.7672317593963037,0.7500220377380021,0.7814212309905783,0.015723009250211528,-0.0011024593908775312,0.03216719431971091
temperature_c,-60,3,63,0.7913130667838788,0.7753936860634251,0.8028967944422462,0.23607596650319174,0.22165145538821476,0.2649670217374126
temperature_c,-60,6,66,0.8316950623444481,0.8220033343672405,0.8423775839517447,0.22662502338403323,0.21120262519787242,0.25331499712512157
temperature_c,-60,9,69,0.8816230305731897,0.875430132824912,0.8894424118769244,0.22013517296567725,0.20298632777523878,0.24385539083625493
temperature_c,-60,12,72,0.9069342829536013,0.897572053888041,0.9161144676562865,0.21083762895108096,0.19466828903221692,0.2352586670883626
temperature_c,-60,15,75,0.8788702183023129,0.8724507179567486,0.887638555318144,0.19234320384297376,0.1792000031017668,0.22052851449551716
temperature_c,-60,18,78,0.8264481808652404,0.8172222483272901,0.8367332351058397,0.17197744156141725,0.16180142646784906,0.2025008597566291
temperature_c,-60,21,81,0.7818792572045592,0.7684647159682507,0.7946408720687105,0.15291480434391813,0.14347923573685395,0.18753594748189084
temperature_c,-60,24,84,0.7641382534993577,0.7486611298072582,0.778292058504554,0.13865075385022047,0.12808023404328928,0.174505980273222
temperature_c,-60,27,87,0.7793143597161902,0.7645494285293251,0.792560260719318,0.1268843553116749,0.11766453288890488,0.16376956451142866
temperature_c,-60,30,90,0.8208704728121896,0.8109053626944269,0.8330972501493075,0.12106487687898299,0.11072062295840693,0.15547025185881427
temperature_c,-60,33,93,0.8711150808073327,0.8635061173245351,0.8810433785484253,0.11504595461589917,0.10377149070847536,0.14871298456614646
temperature_c,-60,36,96,0.897601556568737,0.8856214589026012,0.9085709144806401,0.11082331474787285,0.09837156775167902,0.1410663047977957
temperature_c,-60,39,99,0.8696500284811486,0.862479835311204,0.8797409080415058,0.10222555531658843,0.08884611504827819,0.1336565592695434
temperature_c,-60,42,102,0.817703967196121,0.8080582045935525,0.8294537599354552,0.09005854984431495,0.07599638969842334,0.12080820755658457
temperature_c,-60,45,105,0.7739736694307369,0.7601429927634696,0.7875406187503087,0.07926281884806984,0.06344365180388989,0.11205151219654355
temperature_c,-60,48,108,0.7568789224536597,0.7401750433411827,0.7718217877949622,0.06977268138649,0.053528569529872484,0.1019105842107819
temperature_c,-60,51,111,0.7720770635027845,0.7587241721225793,0.7863872568688545,0.0626439161401596,0.04881840502223249,0.09276733510995028
temperature_c,-60,54,114,0.8149397447952623,0.8038895455589892,0.8261790765446339,0.05910540333613676,0.04406597375503032,0.08435691100564663
temperature_c,-60,57,117,0.865478611414554,0.8575842982856917,0.8762455072108108,0.05585688219819979,0.041204016601133014,0.07845523952309869
temperature_c,-60,60,120,0.8918487832231341,0.8788723991158036,0.9035673185221728,0.05289466591742648,0.03616637854940055,0.0724254615276468
temperature_c,-60,63,123,0.8640736955044355,0.8561343997921951,0.8749990393148006,0.04680828465965488,0.028602395732586532,0.06479273818482106
temperature_c,-60,66,126,0.8121330917801162,0.8000817755698397,0.8243474636855718,0.0368875216013164,0.019608998333931045,0.055577721039027986
temperature_c,-60,69,129,0.7684462058135445,0.7518699677558676,0.7822666250454254,0.027201524702384947,0.010863197857714906,0.046160673718198104
temperature_c,-60,72,132,0.7511623420924587,0.733224863667044,0.7679103691424909,0.019671077365166337,0.0030914680479589562,0.03883218770260905
temperature_c,-57,3,60,0.7756331415676349,0.7583311914702315,0.7897193542480252,0.2517869094578078,0.2374703299631802,0.28082970778503735
temperature_c,-57,6,63,0.7913130667838788,0.7753936860634251,0.8028967944422462,0.23607596650319174,0.22165145538821476,0.2649670217374126
temperature_c,-57,9,66,0.8316950623444481,0.8220033343672405,0.8423775839517447,0.22662502338403323,0.21120262519787242,0.25331499712512157
temperature_c,-57,12,69,0.8816230305731897,0.875430132824912,0.8894424118769244,0.22013517296567725,0.20298632777523878,0.24385539083625493
temperature_c,-57,15,72,0.9069342829536013,0.897572053888041,0.9161144676562865,0.21083762895108096,0.19466828903221692,0.2352586670883626
temperature_c,-57,18,75,0.8788702183023129,0.8724507179567486,0.887638555318144,0.19234320384297376,0.1792000031017668,0.22052851449551716
temperature_c,-57,21,78,0.8264481808652404,0.8172222483272901,0.8367332351058397,0.17197744156141725,0.16180142646784906,0.2025008597566291
temperature_c,-57,24,81,0.7818792572045592,0.7684647159682507,0.7946408720687105,0.15291480434391813,0.14347923573685395,0.18753594748189084
temperature_c,-57,27,84,0.7641382534993577,0.7486611298072582,0.778292058504554,0.13865075385022047,0.12808023404328928,0.174505980273222
temperature_c,-57,30,87,0.7793143597161902,0.7645494285293251,0.792560260719318,0.1268843553116749,0.11766453288890488,0.16376956451142866
temperature_c,-57,33,90,0.8208704728121896,0.8109053626944269,0.8330972501493075,0.12106487687898299,0.11072062295840693,0.15547025185881427
temperature_c,-57,36,93,0.8711150808073327,0.8635061173245351,0.8810433785484253,0.11504595461589917,0.10377149070847536,0.14871298456614646
temperature_c,-57,39,96,0.897601556568737,0.8856214589026012,0.9085709144806401,0.11082331474787285,0.09837156775167902,0.1410663047977957
temperature_c,-57,42,99,0.8696500284811486,0.862479835311204,0.8797409080415058,0.10222555531658843,0.08884611504827819,0.1336565592695434
temperature_c,-57,45,102,0.817703967196121,0.8080582045935525,0.8294537599354552,0.09005854984431495,0.07599638969842334,0.12080820755658457
temperature_c,-57,48,105,0.7739736694307369,0.7601429927634696,0.7875406187503087,0.07926281884806984,0.06344365180388989,0.11205151219654355
temperature_c,-57,51,108,0.7568789224536597,0.7401750433411827,0.7718217877949622,0.06977268138649,0.053528569529872484,0.1019105842107819
temperature_c,-57,54,111,0.7720770635027845,0.7587241721225793,0.7863872568688545,0.0626439161401596,0.04881840502223249,0.09276733510995028
temperature_c,-57,57,114,0.8149397447952623,0.8038895455589892,0.8261790765446339,0.05910540333613676,0.04406597375503032,0.08435691100564663
temperature_c,-57,60,117,0.865478611414554,0.8575842982856917,0.8762455072108108,0.05585688219819979,0.041204016601133014,0.07845523952309869
temperature_c,-57,63,120,0.8918487832231341,0.8788723991158036,0.9035673185221728,0.05289466591742648,0.03616637854940055,0.0724254615276468
temperature_c,-57,66,123,0.8640736955044355,0.8561343997921951,0.8749990393148006,0.04680828465965488,0.028602395732586532,0.06479273818482106
temperature_c,-57,69,126,0.8121330917801162,0.8000817755698397,0.8243474636855718,0.0368875216013164,0.019608998333931045,0.055577721039027986
temperature_c,-57,72,129,0.7684462058135445,0.7518699677558676,0.7822666250454254,0.027201524702384947,0.010863197857714906,0.046160673718198104
temperature_c,-54,3,57,0.7959671212048596,0.779512469440696,0.8068956329694568,0.2769978707013554,0.2607745021496688,0.30252247989015485
temperature_c,-54,6,60,0.7756331415676349,0.7583311914702315,0.7897193542480252,0.2517869094578078,0.2374703299631802,0.28082970778503735
temperature_c,-54,9,63,0.7913130667838788,0.7753936860634251,0.8028967944422462,0.23607596650319174,0.22165145538821476,0.2649670217374126
temperature_c,-54,12,66,0.8316950623444481,0.8220033343672405,0.8423775839517447,0.22662502338403323,0.21120262519787242,0.25331499712512157
temperature_c,-54,15,69,0.8816230305731897,0.875430132824912,0.8894424118769244,0.22013517296567725,0.20298632777523878,0.24385539083625493
temperature_c,-54,18,72,0.9069342829536013,0.897572053888041,0.9161144676562865,0.21083762895108096,0.19466828903221692,0.2352586670883626
temperature_c,-54,21,75,0.8788702183023129,0.8724507179567486,0.887638555318144,0.19234320384297376,0.1792000031017668,0.22052851449551716
temperature_c,-54,24,78,0.8264481808652404,0.8172222483272901,0.8367332351058397,0.17197744156141725,0.16180142646784906,0.2025008597566291
temperature_c,-54,27,81,0.7818792572045592,0.7684647159682507,0.7946408720687105,0.15291480434391813,0.14347923573685395,0.18753594748189084
temperature_c,-54,30,84,0.7641382534993577,0.7486611298072582,0.778292058504554,0.13865075385022047,0.12808023404328928,0.174505980273222
temperature_c,-54,33,87,0.7793143597161902,0.7645494285293251,0.792560260719318,0.1268843553116749,0.11766453288890488,0.16376956451142866
temperature_c,-54,36,90,0.8208704728121896,0.8109053626944269,0.8330972501493075,0.12106487687898299,0.11072062295840693,0.15547025185881427
temperature_c,-54,39,93,0.8711150808073327,0.8635061173245351,0.8810433785484253,0.11504595461589917,0.10377149070847536,0.14871298456614646
temperature_c,-54,42,96,0.897601556568737,0.8856214589026012,0.9085709144806401,0.11082331474787285,0.09837156775167902,0.1410663047977957
temperature_c,-54,45,99,0.8696500284811486,0.862479835311204,0.8797409080415058,0.10222555531658843,0.08884611504827819,0.1336565592695434
temperature_c,-54,48,102,0.817703967196121,0.8080582045935525,0.8294537599354552,0.09005854984431495,0.07599638969842334,0.12080820755658457
temperature_c,-54,51,105,0.7739736694307369,0.7601429927634696,0.7875406187503087,0.07926281884806984,0.06344365180388989,0.11205151219654355
temperature_c,-54,54,108,0.7568789224536597,0.7401750433411827,0.7718217877949622,0.06977268138649,0.053528569529872484,0.1019105842107819
temperature_c,-54,57,111,0.7720770635027845,0.7587241721225793,0.7863872568688545,0.0626439161401596,0.04881840502223249,0.09276733510995028
temperature_c,-54,60,114,0.8149397447952623,0.8038895455589892,0.8261790765446339,0.05910540333613676,0.04406597375503032,0.08435691100564663
temperature_c,-54,63,117,0.865478611414554,0.8575842982856917,0.8762455072108108,0.05585688219819979,0.041204016601133014,0.07845523952309869
temperature_c,-54,66,120,0.8918487832231341,0.8788723991158036,0.9035673185221728,0.05289466591742648,0.03616637854940055,0.0724254615276468
temperature_c,-54,69,123,0.8640736955044355,0.8561343997921951,0.8749990393148006,0.04680828465965488,0.028602395732586532,0.06479273818482106
temperature_c,-54,72,126,0.8121330917801162,0.8000817755698397,0.8243474636855718,0.0368875216013164,0.019608998333931045,0.055577721039027986
temperature_c,-51,3,54,0.8415912494188371,0.8314133242315258,0.8505944817851323,0.31287096310284956,0.2913457038610954,0.33062985313143956
temperature_c,-51,6,57,0.7959671212048596,0.779512469440696,0.8068956329694568,0.2769978707013554,0.2607745021496688,0.30252247989015485
temperature_c,-51,9,60,0.7756331415676349,0.7583311914702315,0.7897193542480252,0.2517869094578078,0.2374703299631802,0.28082970778503735
temperature_c,-51,12,63,0.7913130667838788,0.7753936860634251,0.8028967944422462,0.23607596650319174,0.22165145538821476,0.2649670217374126
temperature_c,-51,15,66,0.8316950623444481,0.8220033343672405,0.8423775839517447,0.22662502338403323,0.21120262519787242,0.25331499712512157
temperature_c,-51,18,69,0.8816230305731897,0.875430132824912,0.8894424118769244,0.22013517296567725,0.20298632777523878,0.24385539083625493
temperature_c,-51,21,72,0.9069342829536013,0.897572053888041,0.9161144676562865,0.21083762895108096,0.19466828903221692,0.2352586670883626
temperature_c,-51,24,75,0.8788702183023129,0.8724507179567486,0.887638555318144,0.19234320384297376,0.1792000031017668,0.22052851449551716
temperature_c,-51,27,78,0.8264481808652404,0.8172222483272901,0.8367332351058397,0.17197744156141725,0.16180142646784906,0.2025008597566291
temperature_c,-51,30,81,0.7818792572045592,0.7684647159682507,0.7946408720687105,0.15291480434391813,0.14347923573685395,0.18753594748189084
temperature_c,-51,33,84,0.7641382534993577,0.7486611298072582,0.778292058504554,0.13865075385022047,0.12808023404328928,0.174505980273222
temperature_c,-51,36,87,0.7793143597161902,0.7645494285293251,0.792560260719318,0.1268843553116749,0.11766453288890488,0.16376956451142866
temperature_c,-51,39,90,0.8208704728121896,0.8109053626944269,0.8330972501493075,0.12106487687898299,0.11072062295840693,0.15547025185881427
temperature_c,-51,42,93,0.8711150808073327,0.8635061173245351,0.8810433785484253,0.11504595461589917,0.10377149070847536,0.14871298456614646
temperature_c,-51,45,96,0.897601556568737,0.8856214589026012,0.9085709144806401,0.11082331474787285,0.09837156775167902,0.1410663047977957
temperature_c,-51,48,99,0.8696500284811486,0.862479835311204,0.8797409080415058,0.10222555531658843,0.08884611504827819,0.1336565592695434
temperature_c,-51,51,102,0.817703967196121,0.8080582045935525,0.8294537599354552,0.09005854984431495,0.07599638969842334,0.12080820755658457
temperature_c,-51,54,105,0.7739736694307369,0.7601429927634696,0.7875406187503087,0.07926281884806984,0.06344365180388989,0.11205151219654355
temperature_c,-51,57,108,0.7568789224536597,0.7401750433411827,0.7718217877949622,0.06977268138649,0.053528569529872484,0.1019105842107819
temperature_c,-51,60,111,0.7720770635027845,0.7587241721225793,0.7863872568688545,0.0626439161401596,0.04881840502223249,0.09276733510995028
temperature_c,-51,63,114,0.8149397447952623,0.8038895455589892,0.8261790765446339,0.05910540333613676,0.04406597375503032,0.08435691100564663
temperature_c,-51,66,117,0.865478611414554,0.8575842982856917,0.8762455072108108,0.05585688219819979,0.041204016601133014,0.07845523952309869
temperature_c,-51,69,120,0.8918487832231341,0.8788723991158036,0.9035673185221728,0.05289466591742648,0.03616637854940055,0.0724254615276468
temperature_c,-51,72,123,0.8640736955044355,0.8561343997921951,0.8749990393148006,0.04680828465965488,0.028602395732586532,0.06479273818482106
temperature_c,-48,3,51,0.8951967996141799,0.891066238878638,0.9016974021038489,0.3505378136761231,0.32695012215944447,0.36731079737147476
temperature_c,-48,6,54,0.8415912494188371,0.8314133242315258,0.8505944817851323,0.31287096310284956,0.2913457038610954,0.33062985313143956
temperature_c,-48,9,57,0.7959671212048596,0.779512469440696,0.8068956329694568,0.2769978707013554,0.2607745021496688,0.30252247989015485
temperature_c,-48,12,60,0.7756331415676349,0.7583311914702315,0.7897193542480252,0.2517869094578078,0.2374703299631802,0.28082970778503735
temperature_c,-48,15,63,0.7913130667838788,0.7753936860634251,0.8028967944422462,0.23607596650319174,0.22165145538821476,0.2649670217374126
temperature_c,-48,18,66,0.8316950623444481,0.8220033343672405,0.8423775839517447,0.22662502338403323,0.21120262519787242,0.25331499712512157
temperature_c,-48,21,69,0.8816230305731897,0.875430132824912,0.8894424118769244,0.22013517296567725,0.20298632777523878,0.24385539083625493
temperature_c,-48,24,72,0.9069342829536013,0.897572053888041,0.9161144676562865,0.21083762895108096,0.19466828903221692,0.2352586670883626
temperature_c,-48,27,75,0.8788702183023129,0.8724507179567486,0.887638555318144,0.19234320384297376,0.1792000031017668,0.22052851449551716
temperature_c,-48,30,78,0.8264481808652404,0.8172222483272901,0.8367332351058397,0.17197744156141725,0.16180142646784906,0.2025008597566291
temperature_c,-48,33,81,0.7818792572045592,0.7684647159682507,0.7946408720687105,0.15291480434391813,0.14347923573685395,0.18753594748189084
temperature_c,-48,36,84,0.7641382534993577,0.7486611298072582,0.778292058504554,0.13865075385022047,0.12808023404328928,0.174505980273222
temperature_c,-48,39,87,0.7793143597161902,0.7645494285293251,0.792560260719318,0.1268843553116749,0.11766453288890488,0.16376956451142866
temperature_c,-48,42,90,0.8208704728121896,0.8109053626944269,0.8330972501493075,0.12106487687898299,0.11072062295840693,0.15547025185881427
temperature_c,-48,45,93,0.8711150808073327,0.8635061173245351,0.8810433785484253,0.11504595461589917,0.10377149070847536,0.14871298456614646
temperature_c,-48,48,96,0.897601556568737,0.8856214589026012,0.9085709144806401,0.11082331474787285,0.09837156775167902,0.1410663047977957
temperature_c,-48,51,99,0.8696500284811486,0.862479835311204,0.8797409080415058,0.10222555531658843,0.08884611504827819,0.1336565592695434
temperature_c,-48,54,102,0.817703967196121,0.8080582045935525,0.8294537599354552,0.09005854984431495,0.07599638969842334,0.12080820755658457
temperature_c,-48,57,105,0.7739736694307369,0.7601429927634696,0.7875406187503087,0.07926281884806984,0.06344365180388989,0.11205151219654355
temperature_c,-48,60,108,0.7568789224536597,0.7401750433411827,0.7718217877949622,0.06977268138649,0.053528569529872484,0.1019105842107819
temperature_c,-48,63,111,0.7720770635027845,0.7587241721225793,0.7863872568688545,0.0626439161401596,0.04881840502223249,0.09276733510995028
temperature_c,-48,66,114,0.8149397447952623,0.8038895455589892,0.8261790765446339,0.05910540333613676,0.04406597375503032,0.08435691100564663
temperature_c,-48,69,117,0.865478611414554,0.8575842982856917,0.8762455072108108,0.05585688219819979,0.041204016601133014,0.07845523952309869
temperature_c,-48,72,120,0.8918487832231341,0.8788723991158036,0.9035673185221728,0.05289466591742648,0.03616637854940055,0.0724254615276468
temperature_c,-45,3,48,0.9240179015413725,0.918641669593572,0.9307551868561645,0.3808581725040748,0.35661937578544034,0.3960068752396232
temperature_c,-45,6,51,0.8951967996141799,0.891066238878638,0.9016974021038489,0.3505378136761231,0.32695012215944447,0.36731079737147476
temperature_c,-45,9,54,0.8415912494188371,0.8314133242315258,0.8505944817851323,0.31287096310284956,0.2913457038610954,0.33062985313143956
temperature_c,-45,12,57,0.7959671212048596,0.779512469440696,0.8068956329694568,0.2769978707013554,0.2607745021496688,0.30252247989015485
temperature_c,-45,15,60,0.7756331415676349,0.7583311914702315,0.7897193542480252,0.2517869094578078,0.2374703299631802,0.28082970778503735
temperature_c,-45,18,63,0.7913130667838788,0.7753936860634251,0.8028967944422462,0.23607596650319174,0.22165145538821476,0.2649670217374126
temperature_c,-45,21,66,0.8316950623444481,0.8220033343672405,0.8423775839517447,0.22662502338403323,0.21120262519787242,0.25331499712512157
temperature_c,-45,24,69,0.8816230305731897,0.875430132824912,0.8894424118769244,0.22013517296567725,0.20298632777523878,0.24385539083625493
temperature_c,-45,27,72,0.9069342829536013,0.897572053888041,0.9161144676562865,0.21083762895108096,0.19466828903221692,0.2352586670883626
temperature_c,-45,30,75,0.8788702183023129,0.8724507179567486,0.887638555318144,0.19234320384297376,0.1792000031017668,0.22052851449551716
temperature_c,-45,33,78,0.8264481808652404,0.8172222483272901,0.8367332351058397,0.17197744156141725,0.16180142646784906,0.2025008597566291
temperature_c,-45,36,81,0.7818792572045592,0.7684647159682507,0.7946408720687105,0.15291480434391813,0.14347923573685395,0.18753594748189084
temperature_c,-45,39,84,0.7641382534993577,0.7486611298072582,0.778292058504554,0.13865075385022047,0.12808023404328928,0.174505980273222
temperature_c,-45,42,87,0.7793143597161902,0.7645494285293251,0.792560260719318,0.1268843553116749,0.11766453288890488,0.16376956451142866
temperature_c,-45,45,90,0.8208704728121896,0.8109053626944269,0.8330972501493075,0.12106487687898299,0.11072062295840693,0.15547025185881427
temperature_c,-45,48,93,0.8711150808073327,0.8635061173245351,0.8810433785484253,0.11504595461589917,0.10377149070847536,0.14871298456614646
temperature_c,-45,51,96,0.897601556568737,0.8856214589026012,0.9085709144806401,0.11082331474787285,0.09837156775167902,0.1410663047977957
temperature_c,-45,54,99,0.8696500284811486,0.862479835311204,0.8797409080415058,0.10222555531658843,0.08884611504827819,0.1336565592695434
temperature_c,-45,57,102,0.817703967196121,0.8080582045935525,0.8294537599354552,0.09005854984431495,0.07599638969842334,0.12080820755658457
temperature_c,-45,60,105,0.7739736694307369,0.7601429927634696,0.7875406187503087,0.07926281884806984,0.06344365180388989,0.11205151219654355
temperature_c,-45,63,108,0.7568789224536597,0.7401750433411827,0.7718217877949622,0.06977268138649,0.053528569529872484,0.1019105842107819
temperature_c,-45,66,111,0.7720770635027845,0.7587241721225793,0.7863872568688545,0.0626439161401596,0.04881840502223249,0.09276733510995028
temperature_c,-45,69,114,0.8149397447952623,0.8038895455589892,0.8261790765446339,0.05910540333613676,0.04406597375503032,0.08435691100564663
temperature_c,-45,72,117,0.865478611414554,0.8575842982856917,0.8762455072108108,0.05585688219819979,0.041204016601133014,0.07845523952309869
temperature_c,-42,3,45,0.8998781750438827,0.8958284270231633,0.9069701028245079,0.39472713740444865,0.3716622691990366,0.4105910227212923
temperature_c,-42,6,48,0.9240179015413725,0.918641669593572,0.9307551868561645,0.3808581725040748,0.35661937578544034,0.3960068752396232
temperature_c,-42,9,51,0.8951967996141799,0.891066238878638,0.9016974021038489,0.3505378136761231,0.32695012215944447,0.36731079737147476
temperature_c,-42,12,54,0.8415912494188371,0.8314133242315258,0.8505944817851323,0.31287096310284956,0.2913457038610954,0.33062985313143956
temperature_c,-42,15,57,0.7959671212048596,0.779512469440696,0.8068956329694568,0.2769978707013554,0.2607745021496688,0.30252247989015485
temperature_c,-42,18,60,0.7756331415676349,0.7583311914702315,0.7897193542480252,0.2517869094578078,0.2374703299631802,0.28082970778503735
temperature_c,-42,21,63,0.7913130667838788,0.7753936860634251,0.8028967944422462,0.23607596650319174,0.22165145538821476,0.2649670217374126
temperature_c,-42,24,66,0.8316950623444481,0.8220033343672405,0.8423775839517447,0.22662502338403323,0.21120262519787242,0.25331499712512157
temperature_c,-42,27,69,0.8816230305731897,0.875430132824912,0.8894424118769244,0.22013517296567725,0.20298632777523878,0.24385539083625493
temperature_c,-42,30,72,0.9069342829536013,0.897572053888041,0.9161144676562865,0.21083762895108096,0.19466828903221692,0.2352586670883626
temperature_c,-42,33,75,0.8788702183023129,0.8724507179567486,0.887638555318144,0.19234320384297376,0.1792000031017668,0.22052851449551716
temperature_c,-42,36,78,0.8264481808652404,0.8172222483272901,0.8367332351058397,0.17197744156141725,0.16180142646784906,0.2025008597566291
temperature_c,-42,39,81,0.7818792572045592,0.7684647159682507,0.7946408720687105,0.15291480434391813,0.14347923573685395,0.18753594748189084
temperature_c,-42,42,84,0.7641382534993577,0.7486611298072582,0.778292058504554,0.13865075385022047,0.12808023404328928,0.174505980273222
temperature_c,-42,45,87,0.7793143597161902,0.7645494285293251,0.792560260719318,0.1268843553116749,0.11766453288890488,0.16376956451142866
temperature_c,-42,48,90,0.8208704728121896,0.8109053626944269,0.8330972501493075,0.12106487687898299,0.11072062295840693,0.15547025185881427
temperature_c,-42,51,93,0.8711150808073327,0.8635061173245351,0.8810433785484253,0.11504595461589917,0.10377149070847536,0.14871298456614646
temperature_c,-42,54,96,0.897601556568737,0.8856214589026012,0.9085709144806401,0.11082331474787285,0.09837156775167902,0.1410663047977957
temperature_c,-42,57,99,0.8696500284811486,0.862479835311204,0.8797409080415058,0.10222555531658843,0.08884611504827819,0.1336565592695434
temperature_c,-42,60,102,0.817703967196121,0.8080582045935525,0.8294537599354552,0.09005854984431495,0.07599638969842334,0.12080820755658457
temperature_c,-42,63,105,0.7739736694307369,0.7601429927634696,0.7875406187503087,0.07926281884806984,0.06344365180388989,0.11205151219654355
temperature_c,-42,66,108,0.7568789224536597,0.7401750433411827,0.7718217877949622,0.06977268138649,0.053528569529872484,0.1019105842107819
temperature_c,-42,69,111,0.7720770635027845,0.7587241721225793,0.7863872568688545,0.0626439161401596,0.04881840502223249,0.09276733510995028
temperature_c,-42,72,114,0.8149397447952623,0.8038895455589892,0.8261790765446339,0.05910540333613676,0.04406597375503032,0.08435691100564663
temperature_c,-39,3,42,0.8523263732621189,0.84097614067049,0.8598816519015793,0.4006754935513889,0.3808019286701966,0.4167429073393069
temperature_c,-39,6,45,0.8998781750438827,0.8958284270231633,0.9069701028245079,0.39472713740444865,0.3716622691990366,0.4105910227212923
temperature_c,-39,9,48,0.9240179015413725,0.918641669593572,0.9307551868561645,0.3808581725040748,0.35661937578544034,0.3960068752396232
temperature_c,-39,12,51,0.8951967996141799,0.891066238878638,0.9016974021038489,0.3505378136761231,0.32695012215944447,0.36731079737147476
temperature_c,-39,15,54,0.8415912494188371,0.8314133242315258,0.8505944817851323,0.31287096310284956,0.2913457038610954,0.33062985313143956
temperature_c,-39,18,57,0.7959671212048596,0.779512469440696,0.8068956329694568,0.2769978707013554,0.2607745021496688,0.30252247989015485
temperature_c,-39,21,60,0.7756331415676349,0.7583311914702315,0.7897193542480252,0.2517869094578078,0.2374703299631802,0.28082970778503735
temperature_c,-39,24,63,0.7913130667838788,0.7753936860634251,0.8028967944422462,0.23607596650319174,0.22165145538821476,0.2649670217374126
temperature_c,-39,27,66,0.8316950623444481,0.8220033343672405,0.8423775839517447,0.22662502338403323,0.21120262519787242,0.25331499712512157
temperature_c,-39,30,69,0.8816230305731897,0.875430132824912,0.8894424118769244,0.22013517296567725,0.20298632777523878,0.24385539083625493
temperature_c,-39,33,72,0.9069342829536013,0.897572053888041,0.9161144676562865,0.21083762895108096,0.19466828903221692,0.2352586670883626
temperature_c,-39,36,75,0.8788702183023129,0.8724507179567486,0.887638555318144,0.19234320384297376,0.1792000031017668,0.22052851449551716
temperature_c,-39,39,78,0.8264481808652404,0.8172222483272901,0.8367332351058397,0.17197744156141725,0.16180142646784906,0.2025008597566291
temperature_c,-39,42,81,0.7818792572045592,0.7684647159682507,0.7946408720687105,0.15291480434391813,0.14347923573685395,0.18753594748189084
temperature_c,-39,45,84,0.7641382534993577,0.7486611298072582,0.778292058504554,0.13865075385022047,0.12808023404328928,0.174505980273222
temperature_c,-39,48,87,0.7793143597161902,0.7645494285293251,0.792560260719318,0.1268843553116749,0.11766453288890488,0.16376956451142866
temperature_c,-39,51,90,0.8208704728121896,0.8109053626944269,0.8330972501493075,0.12106487687898299,0.11072062295840693,0.15547025185881427
temperature_c,-39,54,93,0.8711150808073327,0.8635061173245351,0.8810433785484253,0.11504595461589917,0.10377149070847536,0.14871298456614646
temperature_c,-39,57,96,0.897601556568737,0.8856214589026012,0.9085709144806401,0.11082331474787285,0.09837156775167902,0.1410663047977957
temperature_c,-39,60,99,0.8696500284811486,0.862479835311204,0.8797409080415058,0.10222555531658843,0.08884611504827819,0.1336565592695434
temperature_c,-39,63,102,0.817703967196121,0.8080582045935525,0.8294537599354552,0.09005854984431495,0.07599638969842334,0.12080820755658457
temperature_c,-39,66,105,0.7739736694307369,0.7601429927634696,0.7875406187503087,0.07926281884806984,0.06344365180388989,0.11205151219654355
temperature_c,-39,69,108,0.7568789224536597,0.7401750433411827,0.7718217877949622,0.06977268138649,0.053528569529872484,0.1019105842107819
temperature_c,-39,72,111,0.7720770635027845,0.7587241721225793,0.7863872568688545,0.0626439161401596,0.04881840502223249,0.09276733510995028
temperature_c,-36,3,39,0.8095077031762996,0.7939118597223591,0.823760279698658,0.4086740251609871,0.3921198306921145,0.42740912747643167
temperature_c,-36,6,42,0.8523263732621189,0.84097614067049,0.8598816519015793,0.4006754935513889,0.3808019286701966,0.4167429073393069
temperature_c,-36,9,45,0.8998781750438827,0.8958284270231633,0.9069701028245079,0.39472713740444865,0.3716622691990366,0.4105910227212923
temperature_c,-36,12,48,0.9240179015413725,0.918641669593572,0.9307551868561645,0.3808581725040748,0.35661937578544034,0.3960068752396232
temperature_c,-36,15,51,0.8951967996141799,0.891066238878638,0.9016974021038489,0.3505378136761231,0.32695012215944447,0.36731079737147476
temperature_c,-36,18,54,0.8415912494188371,0.8314133242315258,0.8505944817851323,0.31287096310284956,0.2913457038610954,0.33062985313143956
temperature_c,-36,21,57,0.7959671212048596,0.779512469440696,0.8068956329694568,0.2769978707013554,0.2607745021496688,0.30252247989015485
temperature_c,-36,24,60,0.7756331415676349,0.7583311914702315,0.7897193542480252,0.2517869094578078,0.2374703299631802,0.28082970778503735
temperature_c,-36,27,63,0.7913130667838788,0.7753936860634251,0.8028967944422462,0.23607596650319174,0.22165145538821476,0.2649670217374126
temperature_c,-36,30,66,0.8316950623444481,0.8220033343672405,0.8423775839517447,0.22662502338403323,0.21120262519787242,0.25331499712512157
temperature_c,-36,33,69,0.8816230305731897,0.875430132824912,0.8894424118769244,0.22013517296567725,0.20298632777523878,0.24385539083625493
temperature_c,-36,36,72,0.9069342829536013,0.897572053888041,0.9161144676562865,0.21083762895108096,0.19466828903221692,0.2352586670883626
temperature_c,-36,39,75,0.8788702183023129,0.8724507179567486,0.887638555318144,0.19234320384297376,0.1792000031017668,0.22052851449551716
temperature_c,-36,42,78,0.8264481808652404,0.8172222483272901,0.8367332351058397,0.17197744156141725,0.16180142646784906,0.2025008597566291
temperature_c,-36,45,81,0.7818792572045592,0.7684647159682507,0.7946408720687105,0.15291480434391813,0.14347923573685395,0.18753594748189084
temperature_c,-36,48,84,0.7641382534993577,0.7486611298072582,0.778292058504554,0.13865075385022047,0.12808023404328928,0.174505980273222
temperature_c,-36,51,87,0.7793143597161902,0.7645494285293251,0.792560260719318,0.1268843553116749,0.11766453288890488,0.16376956451142866
temperature_c,-36,54,90,0.8208704728121896,0.8109053626944269,0.8330972501493075,0.12106487687898299,0.11072062295840693,0.15547025185881427
temperature_c,-36,57,93,0.8711150808073327,0.8635061173245351,0.8810433785484253,0.11504595461589917,0.10377149070847536,0.14871298456614646
temperature_c,-36,60,96,0.897601556568737,0.8856214589026012,0.9085709144806401,0.11082331474787285,0.09837156775167902,0.1410663047977957
temperature_c,-36,63,99,0.8696500284811486,0.862479835311204,0.8797409080415058,0.10222555531658843,0.08884611504827819,0.1336565592695434
temperature_c,-36,66,102,0.817703967196121,0.8080582045935525,0.8294537599354552,0.09005854984431495,0.07599638969842334,0.12080820755658457
temperature_c,-36,69,105,0.7739736694307369,0.7601429927634696,0.7875406187503087,0.07926281884806984,0.06344365180388989,0.11205151219654355
temperature_c,-36,72,108,0.7568789224536597,0.7401750433411827,0.7718217877949622,0.06977268138649,0.053528569529872484,0.1019105842107819
temperature_c,-33,3,36,0.7960944341027376,0.7775760949572318,0.8122810346819345,0.4301416939319158,0.4150536152236738,0.449332763493409
temperature_c,-33,6,39,0.8095077031762996,0.7939118597223591,0.823760279698658,0.4086740251609871,0.3921198306921145,0.42740912747643167
temperature_c,-33,9,42,0.8523263732621189,0.84097614067049,0.8598816519015793,0.4006754935513889,0.3808019286701966,0.4167429073393069
temperature_c,-33,12,45,0.8998781750438827,0.8958284270231633,0.9069701028245079,0.39472713740444865,0.3716622691990366,0.4105910227212923
temperature_c,-33,15,48,0.9240179015413725,0.918641669593572,0.9307551868561645,0.3808581725040748,0.35661937578544034,0.3960068752396232
temperature_c,-33,18,51,0.8951967996141799,0.891066238878638,0.9016974021038489,0.3505378136761231,0.32695012215944447,0.36731079737147476
temperature_c,-33,21,54,0.8415912494188371,0.8314133242315258,0.8505944817851323,0.31287096310284956,0.2913457038610954,0.33062985313143956
temperature_c,-33,24,57,0.7959671212048596,0.779512469440696,0.8068956329694568,0.2769978707013554,0.2607745021496688,0.30252247989015485
temperature_c,-33,27,60,0.7756331415676349,0.7583311914702315,0.7897193542480252,0.2517869094578078,0.2374703299631802,0.28082970778503735
temperature_c,-33,30,63,0.7913130667838788,0.7753936860634251,0.8028967944422462,0.23607596650319174,0.22165145538821476,0.2649670217374126
temperature_c,-33,33,66,0.8316950623444481,0.8220033343672405,0.8423775839517447,0.22662502338403323,0.21120262519787242,0.25331499712512157
temperature_c,-33,36,69,0.8816230305731897,0.875430132824912,0.8894424118769244,0.22013517296567725,0.20298632777523878,0.24385539083625493
temperature_c,-33,39,72,0.9069342829536013,0.897572053888041,0.9161144676562865,0.21083762895108096,0.19466828903221692,0.2352586670883626
temperature_c,-33,42,75,0.8788702183023129,0.8724507179567486,0.887638555318144,0.19234320384297376,0.1792000031017668,0.22052851449551716
temperature_c,-33,45,78,0.8264481808652404,0.8172222483272901,0.8367332351058397,0.17197744156141725,0.16180142646784906,0.2025008597566291
temperature_c,-33,48,81,0.7818792572045592,0.7684647159682507,0.7946408720687105,0.15291480434391813,0.14347923573685395,0.18753594748189084
temperature_c,-33,51,84,0.7641382534993577,0.7486611298072582,0.778292058504554,0.13865075385022047,0.12808023404328928,0.174505980273222
temperature_c,-33,54,87,0.7793143597161902,0.7645494285293251,0.792560260719318,0.1268843553116749,0.11766453288890488,0.16376956451142866
temperature_c,-33,57,90,0.8208704728121896,0.8109053626944269,0.8330972501493075,0.12106487687898299,0.11072062295840693,0.15547025185881427
temperature_c,-33,60,93,0.8711150808073327,0.8635061173245351,0.8810433785484253,0.11504595461589917,0.10377149070847536,0.14871298456614646
temperature_c,-33,63,96,0.897601556568737,0.8856214589026012,0.9085709144806401,0.11082331474787285,0.09837156775167902,0.1410663047977957
temperature_c,-33,66,99,0.8696500284811486,0.862479835311204,0.8797409080415058,0.10222555531658843,0.08884611504827819,0.1336565592695434
temperature_c,-33,69,102,0.817703967196121,0.8080582045935525,0.8294537599354552,0.09005854984431495,0.07599638969842334,0.12080820755658457
temperature_c,-33,72,105,0.7739736694307369,0.7601429927634696,0.7875406187503087,0.07926281884806984,0.06344365180388989,0.11205151219654355
temperature_c,-30,3,33,0.8171110936434427,0.8004369697385342,0.8312979394825302,0.4708151121591919,0.45215857106839125,0.48668809088348375
temperature_c,-30,6,36,0.7960944341027376,0.7775760949572318,0.8122810346819345,0.4301416939319158,0.4150536152236738,0.449332763493409
temperature_c,-30,9,39,0.8095077031762996,0.7939118597223591,0.823760279698658,0.4086740251609871,0.3921198306921145,0.42740912747643167
temperature_c,-30,12,42,0.8523263732621189,0.84097614067049,0.8598816519015793,0.4006754935513889,0.3808019286701966,0.4167429073393069
temperature_c,-30,15,45,0.8998781750438827,0.8958284270231633,0.9069701028245079,0.39472713740444865,0.3716622691990366,0.4105910227212923
temperature_c,-30,18,48,0.9240179015413725,0.918641669593572,0.9307551868561645,0.3808581725040748,0.35661937578544034,0.3960068752396232
temperature_c,-30,21,51,0.8951967996141799,0.891066238878638,0.9016974021038489,0.3505378136761231,0.32695012215944447,0.36731079737147476
temperature_c,-30,24,54,0.8415912494188371,0.8314133242315258,0.8505944817851323,0.31287096310284956,0.2913457038610954,0.33062985313143956
temperature_c,-30,27,57,0.7959671212048596,0.779512469440696,0.8068956329694568,0.2769978707013554,0.2607745021496688,0.30252247989015485
temperature_c,-30,30,60,0.7756331415676349,0.7583311914702315,0.7897193542480252,0.2517869094578078,0.2374703299631802,0.28082970778503735
temperature_c,-30,33,63,0.7913130667838788,0.7753936860634251,0.8028967944422462,0.23607596650319174,0.22165145538821476,0.2649670217374126
temperature_c,-30,36,66,0.8316950623444481,0.8220033343672405,0.8423775839517447,0.22662502338403323,0.21120262519787242,0.25331499712512157
temperature_c,-30,39,69,0.8816230305731897,0.875430132824912,0.8894424118769244,0.22013517296567725,0.20298632777523878,0.24385539083625493
temperature_c,-30,42,72,0.9069342829536013,0.897572053888041,0.9161144676562865,0.21083762895108096,0.19466828903221692,0.2352586670883626
temperature_c,-30,45,75,0.8788702183023129,0.8724507179567486,0.887638555318144,0.19234320384297376,0.1792000031017668,0.22052851449551716
temperature_c,-30,48,78,0.8264481808652404,0.8172222483272901,0.8367332351058397,0.17197744156141725,0.16180142646784906,0.2025008597566291
temperature_c,-30,51,81,0.7818792572045592,0.7684647159682507,0.7946408720687105,0.15291480434391813,0.14347923573685395,0.18753594748189084
temperature_c,-30,54,84,0.7641382534993577,0.7486611298072582,0.778292058504554,0.13865075385022047,0.12808023404328928,0.174505980273222
temperature_c,-30,57,87,0.7793143597161902,0.7645494285293251,0.792560260719318,0.1268843553116749,0.11766453288890488,0.16376956451142866
temperature_c,-30,60,90,0.8208704728121896,0.8109053626944269,0.8330972501493075,0.12106487687898299,0.11072062295840693,0.15547025185881427
temperature_c,-30,63,93,0.8711150808073327,0.8635061173245351,0.8810433785484253,0.11504595461589917,0.10377149070847536,0.14871298456614646
temperature_c,-30,66,96,0.897601556568737,0.8856214589026012,0.9085709144806401,0.11082331474787285,0.09837156775167902,0.1410663047977957
temperature_c,-30,69,99,0.8696500284811486,0.862479835311204,0.8797409080415058,0.10222555531658843,0.08884611504827819,0.1336565592695434
temperature_c,-30,72,102,0.817703967196121,0.8080582045935525,0.8294537599354552,0.09005854984431495,0.07599638969842334,0.12080820755658457
temperature_c,-27,3,30,0.8667758014138118,0.8569175565006284,0.8759253997913223,0.52726873484035,0.5103588572254921,0.5443823561025797
temperature_c,-27,6,33,0.8171110936434427,0.8004369697385342,0.8312979394825302,0.4708151121591919,0.45215857106839125,0.48668809088348375
temperature_c,-27,9,36,0.7960944341027376,0.7775760949572318,0.8122810346819345,0.4301416939319158,0.4150536152236738,0.449332763493409
temperature_c,-27,12,39,0.8095077031762996,0.7939118597223591,0.823760279698658,0.4086740251609871,0.3921198306921145,0.42740912747643167
temperature_c,-27,15,42,0.8523263732621189,0.84097614067049,0.8598816519015793,0.4006754935513889,0.3808019286701966,0.4167429073393069
temperature_c,-27,18,45,0.8998781750438827,0.8958284270231633,0.9069701028245079,0.39472713740444865,0.3716622691990366,0.4105910227212923
temperature_c,-27,21,48,0.9240179015413725,0.918641669593572,0.9307551868561645,0.3808581725040748,0.35661937578544034,0.3960068752396232
temperature_c,-27,24,51,0.8951967996141799,0.891066238878638,0.9016974021038489,0.3505378136761231,0.32695012215944447,0.36731079737147476
temperature_c,-27,27,54,0.8415912494188371,0.8314133242315258,0.8505944817851323,0.31287096310284956,0.2913457038610954,0.33062985313143956
temperature_c,-27,30,57,0.7959671212048596,0.779512469440696,0.8068956329694568,0.2769978707013554,0.2607745021496688,0.30252247989015485
temperature_c,-27,33,60,0.7756331415676349,0.7583311914702315,0.7897193542480252,0.2517869094578078,0.2374703299631802,0.28082970778503735
temperature_c,-27,36,63,0.7913130667838788,0.7753936860634251,0.8028967944422462,0.23607596650319174,0.22165145538821476,0.2649670217374126
temperature_c,-27,39,66,0.8316950623444481,0.8220033343672405,0.8423775839517447,0.22662502338403323,0.21120262519787242,0.25331499712512157
temperature_c,-27,42,69,0.8816230305731897,0.875430132824912,0.8894424118769244,0.22013517296567725,0.20298632777523878,0.24385539083625493
temperature_c,-27,45,72,0.9069342829536013,0.897572053888041,0.9161144676562865,0.21083762895108096,0.19466828903221692,0.2352586670883626
temperature_c,-27,48,75,0.8788702183023129,0.8724507179567486,0.887638555318144,0.19234320384297376,0.1792000031017668,0.22052851449551716
temperature_c,-27,51,78,0.8264481808652404,0.8172222483272901,0.8367332351058397,0.17197744156141725,0.16180142646784906,0.2025008597566291
temperature_c,-27,54,81,0.7818792572045592,0.7684647159682507,0.7946408720687105,0.15291480434391813,0.14347923573685395,0.18753594748189084
temperature_c,-27,57,84,0.7641382534993577,0.7486611298072582,0.778292058504554,0.13865075385022047,0.12808023404328928,0.174505980273222
temperature_c,-27,60,87,0.7793143597161902,0.7645494285293251,0.792560260719318,0.1268843553116749,0.11766453288890488,0.16376956451142866
temperature_c,-27,63,90,0.8208704728121896,0.8109053626944269,0.8330972501493075,0.12106487687898299,0.11072062295840693,0.15547025185881427
temperature_c,-27,66,93,0.8711150808073327,0.8635061173245351,0.8810433785484253,0.11504595461589917,0.10377149070847536,0.14871298456614646
temperature_c,-27,69,96,0.897601556568737,0.8856214589026012,0.9085709144806401,0.11082331474787285,0.09837156775167902,0.1410663047977957
temperature_c,-27,72,99,0.8696500284811486,0.862479835311204,0.8797409080415058,0.10222555531658843,0.08884611504827819,0.1336565592695434
temperature_c,-24,3,27,0.9256594292829701,0.9208857890231681,0.9293926097077864,0.5935056068809447,0.5727045145872084,0.6127104542121111
temperature_c,-24,6,30,0.8667758014138118,0.8569175565006284,0.8759253997913223,0.52726873484035,0.5103588572254921,0.5443823561025797
temperature_c,-24,9,33,0.8171110936434427,0.8004369697385342,0.8312979394825302,0.4708151121591919,0.45215857106839125,0.48668809088348375
temperature_c,-24,12,36,0.7960944341027376,0.7775760949572318,0.8122810346819345,0.4301416939319158,0.4150536152236738,0.449332763493409
temperature_c,-24,15,39,0.8095077031762996,0.7939118597223591,0.823760279698658,0.4086740251609871,0.3921198306921145,0.42740912747643167
temperature_c,-24,18,42,0.8523263732621189,0.84097614067049,0.8598816519015793,0.4006754935513889,0.3808019286701966,0.4167429073393069
temperature_c,-24,21,45,0.8998781750438827,0.8958284270231633,0.9069701028245079,0.39472713740444865,0.3716622691990366,0.4105910227212923
temperature_c,-24,24,48,0.9240179015413725,0.918641669593572,0.9307551868561645,0.3808581725040748,0.35661937578544034,0.3960068752396232
temperature_c,-24,27,51,0.8951967996141799,0.891066238878638,0.9016974021038489,0.3505378136761231,0.32695012215944447,0.36731079737147476
temperature_c,-24,30,54,0.8415912494188371,0.8314133242315258,0.8505944817851323,0.31287096310284956,0.2913457038610954,0.33062985313143956
temperature_c,-24,33,57,0.7959671212048596,0.779512469440696,0.8068956329694568,0.2769978707013554,0.2607745021496688,0.30252247989015485
temperature_c,-24,36,60,0.7756331415676349,0.7583311914702315,0.7897193542480252,0.2517869094578078,0.2374703299631802,0.28082970778503735
temperature_c,-24,39,63,0.7913130667838788,0.7753936860634251,0.8028967944422462,0.23607596650319174,0.22165145538821476,0.2649670217374126
temperature_c,-24,42,66,0.8316950623444481,0.8220033343672405,0.8423775839517447,0.22662502338403323,0.21120262519787242,0.25331499712512157
temperature_c,-24,45,69,0.8816230305731897,0.875430132824912,0.8894424118769244,0.22013517296567725,0.20298632777523878,0.24385539083625493
temperature_c,-24,48,72,0.9069342829536013,0.897572053888041,0.9161144676562865,0.21083762895108096,0.19466828903221692,0.2352586670883626
temperature_c,-24,51,75,0.8788702183023129,0.8724507179567486,0.887638555318144,0.19234320384297376,0.1792000031017668,0.22052851449551716
temperature_c,-24,54,78,0.8264481808652404,0.8172222483272901,0.8367332351058397,0.17197744156141725,0.16180142646784906,0.2025008597566291
temperature_c,-24,57,81,0.7818792572045592,0.7684647159682507,0.7946408720687105,0.15291480434391813,0.14347923573685395,0.18753594748189084
temperature_c,-24,60,84,0.7641382534993577,0.7486611298072582,0.778292058504554,0.13865075385022047,0.12808023404328928,0.174505980273222
temperature_c,-24,63,87,0.7793143597161902,0.7645494285293251,0.792560260719318,0.1268843553116749,0.11766453288890488,0.16376956451142866
temperature_c,-24,66,90,0.8208704728121896,0.8109053626944269,0.8330972501493075,0.12106487687898299,0.11072062295840693,0.15547025185881427
temperature_c,-24,69,93,0.8711150808073327,0.8635061173245351,0.8810433785484253,0.11504595461589917,0.10377149070847536,0.14871298456614646
temperature_c,-24,72,96,0.897601556568737,0.8856214589026012,0.9085709144806401,0.11082331474787285,0.09837156775167902,0.1410663047977957
temperature_c,-21,3,24,0.9562681674271827,0.9539247661215995,0.9591538151357771,0.6481142078230884,0.6247136199832641,0.6672953589768
temperature_c,-21,6,27,0.9256594292829701,0.9208857890231681,0.9293926097077864,0.5935056068809447,0.5727045145872084,0.6127104542121111
temperature_c,-21,9,30,0.8667758014138118,0.8569175565006284,0.8759253997913223,0.52726873484035,0.5103588572254921,0.5443823561025797
temperature_c,-21,12,33,0.8171110936434427,0.8004369697385342,0.8312979394825302,0.4708151121591919,0.45215857106839125,0.48668809088348375
temperature_c,-21,15,36,0.7960944341027376,0.7775760949572318,0.8122810346819345,0.4301416939319158,0.4150536152236738,0.449332763493409
temperature_c,-21,18,39,0.8095077031762996,0.7939118597223591,0.823760279698658,0.4086740251609871,0.3921198306921145,0.42740912747643167
temperature_c,-21,21,42,0.8523263732621189,0.84097614067049,0.8598816519015793,0.4006754935513889,0.3808019286701966,0.4167429073393069
temperature_c,-21,24,45,0.8998781750438827,0.8958284270231633,0.9069701028245079,0.39472713740444865,0.3716622691990366,0.4105910227212923
temperature_c,-21,27,48,0.9240179015413725,0.918641669593572,0.9307551868561645,0.3808581725040748,0.35661937578544034,0.3960068752396232
temperature_c,-21,30,51,0.8951967996141799,0.891066238878638,0.9016974021038489,0.3505378136761231,0.32695012215944447,0.36731079737147476
temperature_c,-21,33,54,0.8415912494188371,0.8314133242315258,0.8505944817851323,0.31287096310284956,0.2913457038610954,0.33062985313143956
temperature_c,-21,36,57,0.7959671212048596,0.779512469440696,0.8068956329694568,0.2769978707013554,0.2607745021496688,0.30252247989015485
temperature_c,-21,39,60,0.7756331415676349,0.7583311914702315,0.7897193542480252,0.2517869094578078,0.2374703299631802,0.28082970778503735
temperature_c,-21,42,63,0.7913130667838788,0.7753936860634251,0.8028967944422462,0.23607596650319174,0.22165145538821476,0.2649670217374126
temperature_c,-21,45,66,0.8316950623444481,0.8220033343672405,0.8423775839517447,0.22662502338403323,0.21120262519787242,0.25331499712512157
temperature_c,-21,48,69,0.8816230305731897,0.875430132824912,0.8894424118769244,0.22013517296567725,0.20298632777523878,0.24385539083625493
temperature_c,-21,51,72,0.9069342829536013,0.897572053888041,0.9161144676562865,0.21083762895108096,0.19466828903221692,0.2352586670883626
temperature_c,-21,54,75,0.8788702183023129,0.8724507179567486,0.887638555318144,0.19234320384297376,0.1792000031017668,0.22052851449551716
temperature_c,-21,57,78,0.8264481808652404,0.8172222483272901,0.8367332351058397,0.17197744156141725,0.16180142646784906,0.2025008597566291
temperature_c,-21,60,81,0.7818792572045592,0.7684647159682507,0.7946408720687105,0.15291480434391813,0.14347923573685395,0.18753594748189084
temperature_c,-21,63,84,0.7641382534993577,0.7486611298072582,0.778292058504554,0.13865075385022047,0.12808023404328928,0.174505980273222
temperature_c,-21,66,87,0.7793143597161902,0.7645494285293251,0.792560260719318,0.1268843553116749,0.11766453288890488,0.16376956451142866
temperature_c,-21,69,90,0.8208704728121896,0.8109053626944269,0.8330972501493075,0.12106487687898299,0.11072062295840693,0.15547025185881427
temperature_c,-21,72,93,0.8711150808073327,0.8635061173245351,0.8810433785484253,0.11504595461589917,0.10377149070847536,0.14871298456614646
temperature_c,-18,3,21,0.9337468442595682,0.9280920167924884,0.9385032880752531,0.6640917886583931,0.6392318284511269,0.6797654385516654
temperature_c,-18,6,24,0.9562681674271827,0.9539247661215995,0.9591538151357771,0.6481142078230884,0.6247136199832641,0.6672953589768
temperature_c,-18,9,27,0.9256594292829701,0.9208857890231681,0.9293926097077864,0.5935056068809447,0.5727045145872084,0.6127104542121111
temperature_c,-18,12,30,0.8667758014138118,0.8569175565006284,0.8759253997913223,0.52726873484035,0.5103588572254921,0.5443823561025797
temperature_c,-18,15,33,0.8171110936434427,0.8004369697385342,0.8312979394825302,0.4708151121591919,0.45215857106839125,0.48668809088348375
temperature_c,-18,18,36,0.7960944341027376,0.7775760949572318,0.8122810346819345,0.4301416939319158,0.4150536152236738,0.449332763493409
temperature_c,-18,21,39,0.8095077031762996,0.7939118597223591,0.823760279698658,0.4086740251609871,0.3921198306921145,0.42740912747643167
temperature_c,-18,24,42,0.8523263732621189,0.84097614067049,0.8598816519015793,0.4006754935513889,0.3808019286701966,0.4167429073393069
temperature_c,-18,27,45,0.8998781750438827,0.8958284270231633,0.9069701028245079,0.39472713740444865,0.3716622691990366,0.4105910227212923
temperature_c,-18,30,48,0.9240179015413725,0.918641669593572,0.9307551868561645,0.3808581725040748,0.35661937578544034,0.3960068752396232
temperature_c,-18,33,51,0.8951967996141799,0.891066238878638,0.9016974021038489,0.3505378136761231,0.32695012215944447,0.36731079737147476
temperature_c,-18,36,54,0.8415912494188371,0.8314133242315258,0.8505944817851323,0.31287096310284956,0.2913457038610954,0.33062985313143956
temperature_c,-18,39,57,0.7959671212048596,0.779512469440696,0.8068956329694568,0.2769978707013554,0.2607745021496688,0.30252247989015485
temperature_c,-18,42,60,0.7756331415676349,0.7583311914702315,0.7897193542480252,0.2517869094578078,0.2374703299631802,0.28082970778503735
temperature_c,-18,45,63,0.7913130667838788,0.7753936860634251,0.8028967944422462,0.23607596650319174,0.22165145538821476,0.2649670217374126
temperature_c,-18,48,66,0.8316950623444481,0.8220033343672405,0.8423775839517447,0.22662502338403323,0.21120262519787242,0.25331499712512157
temperature_c,-18,51,69,0.8816230305731897,0.875430132824912,0.8894424118769244,0.22013517296567725,0.20298632777523878,0.24385539083625493
temperature_c,-18,54,72,0.9069342829536013,0.897572053888041,0.9161144676562865,0.21083762895108096,0.19466828903221692,0.2352586670883626
temperature_c,-18,57,75,0.8788702183023129,0.8724507179567486,0.887638555318144,0.19234320384297376,0.1792000031017668,0.22052851449551716
temperature_c,-18,60,78,0.8264481808652404,0.8172222483272901,0.8367332351058397,0.17197744156141725,0.16180142646784906,0.2025008597566291
temperature_c,-18,63,81,0.7818792572045592,0.7684647159682507,0.7946408720687105,0.15291480434391813,0.14347923573685395,0.18753594748189084
temperature_c,-18,66,84,0.7641382534993577,0.7486611298072582,0.778292058504554,0.13865075385022047,0.12808023404328928,0.174505980273222
temperature_c,-18,69,87,0.7793143597161902,0.7645494285293251,0.792560260719318,0.1268843553116749,0.11766453288890488,0.16376956451142866
temperature_c,-18,72,90,0.8208704728121896,0.8109053626944269,0.8330972501493075,0.12106487687898299,0.11072062295840693,0.15547025185881427
temperature_c,-15,3,18,0.8819714188748073,0.8711750755288448,0.8923034226260709,0.6539498099879693,0.6332515127536564,0.6690786977578874
temperature_c,-15,6,21,0.9337468442595682,0.9280920167924884,0.9385032880752531,0.6640917886583931,0.6392318284511269,0.6797654385516654
temperature_c,-15,9,24,0.9562681674271827,0.9539247661215995,0.9591538151357771,0.6481142078230884,0.6247136199832641,0.6672953589768
temperature_c,-15,12,27,0.9256594292829701,0.9208857890231681,0.9293926097077864,0.5935056068809447,0.5727045145872084,0.6127104542121111
temperature_c,-15,15,30,0.8667758014138118,0.8569175565006284,0.8759253997913223,0.52726873484035,0.5103588572254921,0.5443823561025797
temperature_c,-15,18,33,0.8171110936434427,0.8004369697385342,0.8312979394825302,0.4708151121591919,0.45215857106839125,0.48668809088348375
temperature_c,-15,21,36,0.7960944341027376,0.7775760949572318,0.8122810346819345,0.4301416939319158,0.4150536152236738,0.449332763493409
temperature_c,-15,24,39,0.8095077031762996,0.7939118597223591,0.823760279698658,0.4086740251609871,0.3921198306921145,0.42740912747643167
temperature_c,-15,27,42,0.8523263732621189,0.84097614067049,0.8598816519015793,0.4006754935513889,0.3808019286701966,0.4167429073393069
temperature_c,-15,30,45,0.8998781750438827,0.8958284270231633,0.9069701028245079,0.39472713740444865,0.3716622691990366,0.4105910227212923
temperature_c,-15,33,48,0.9240179015413725,0.918641669593572,0.9307551868561645,0.3808581725040748,0.35661937578544034,0.3960068752396232
temperature_c,-15,36,51,0.8951967996141799,0.891066238878638,0.9016974021038489,0.3505378136761231,0.32695012215944447,0.36731079737147476
temperature_c,-15,39,54,0.8415912494188371,0.8314133242315258,0.8505944817851323,0.31287096310284956,0.2913457038610954,0.33062985313143956
temperature_c,-15,42,57,0.7959671212048596,0.779512469440696,0.8068956329694568,0.2769978707013554,0.2607745021496688,0.30252247989015485
temperature_c,-15,45,60,0.7756331415676349,0.7583311914702315,0.7897193542480252,0.2517869094578078,0.2374703299631802,0.28082970778503735
temperature_c,-15,48,63,0.7913130667838788,0.7753936860634251,0.8028967944422462,0.23607596650319174,0.22165145538821476,0.2649670217374126
temperature_c,-15,51,66,0.8316950623444481,0.8220033343672405,0.8423775839517447,0.22662502338403323,0.21120262519787242,0.25331499712512157
temperature_c,-15,54,69,0.8816230305731897,0.875430132824912,0.8894424118769244,0.22013517296567725,0.20298632777523878,0.24385539083625493
temperature_c,-15,57,72,0.9069342829536013,0.897572053888041,0.9161144676562865,0.21083762895108096,0.19466828903221692,0.2352586670883626
temperature_c,-15,60,75,0.8788702183023129,0.8724507179567486,0.887638555318144,0.19234320384297376,0.1792000031017668,0.22052851449551716
temperature_c,-15,63,78,0.8264481808652404,0.8172222483272901,0.8367332351058397,0.17197744156141725,0.16180142646784906,0.2025008597566291
temperature_c,-15,66,81,0.7818792572045592,0.7684647159682507,0.7946408720687105,0.15291480434391813,0.14347923573685395,0.18753594748189084
temperature_c,-15,69,84,0.7641382534993577,0.7486611298072582,0.778292058504554,0.13865075385022047,0.12808023404328928,0.174505980273222
temperature_c,-15,72,87,0.7793143597161902,0.7645494285293251,0.792560260719318,0.1268843553116749,0.11766453288890488,0.16376956451142866
temperature_c,-12,3,15,0.8374837827676505,0.8186963695526863,0.8534441039474836,0.6480002955790158,0.6217740327007136,0.6627963644583261
temperature_c,-12,6,18,0.8819714188748073,0.8711750755288448,0.8923034226260709,0.6539498099879693,0.6332515127536564,0.6690786977578874
temperature_c,-12,9,21,0.9337468442595682,0.9280920167924884,0.9385032880752531,0.6640917886583931,0.6392318284511269,0.6797654385516654
temperature_c,-12,12,24,0.9562681674271827,0.9539247661215995,0.9591538151357771,0.6481142078230884,0.6247136199832641,0.6672953589768
temperature_c,-12,15,27,0.9256594292829701,0.9208857890231681,0.9293926097077864,0.5935056068809447,0.5727045145872084,0.6127104542121111
temperature_c,-12,18,30,0.8667758014138118,0.8569175565006284,0.8759253997913223,0.52726873484035,0.5103588572254921,0.5443823561025797
temperature_c,-12,21,33,0.8171110936434427,0.8004369697385342,0.8312979394825302,0.4708151121591919,0.45215857106839125,0.48668809088348375
temperature_c,-12,24,36,0.7960944341027376,0.7775760949572318,0.8122810346819345,0.4301416939319158,0.4150536152236738,0.449332763493409
temperature_c,-12,27,39,0.8095077031762996,0.7939118597223591,0.823760279698658,0.4086740251609871,0.3921198306921145,0.42740912747643167
temperature_c,-12,30,42,0.8523263732621189,0.84097614067049,0.8598816519015793,0.4006754935513889,0.3808019286701966,0.4167429073393069
temperature_c,-12,33,45,0.8998781750438827,0.8958284270231633,0.9069701028245079,0.39472713740444865,0.3716622691990366,0.4105910227212923
temperature_c,-12,36,48,0.9240179015413725,0.918641669593572,0.9307551868561645,0.3808581725040748,0.35661937578544034,0.3960068752396232
temperature_c,-12,39,51,0.8951967996141799,0.891066238878638,0.9016974021038489,0.3505378136761231,0.32695012215944447,0.36731079737147476
temperature_c,-12,42,54,0.8415912494188371,0.8314133242315258,0.8505944817851323,0.31287096310284956,0.2913457038610954,0.33062985313143956
temperature_c,-12,45,57,0.7959671212048596,0.779512469440696,0.8068956329694568,0.2769978707013554,0.2607745021496688,0.30252247989015485
temperature_c,-12,48,60,0.7756331415676349,0.7583311914702315,0.7897193542480252,0.2517869094578078,0.2374703299631802,0.28082970778503735
temperature_c,-12,51,63,0.7913130667838788,0.7753936860634251,0.8028967944422462,0.23607596650319174,0.22165145538821476,0.2649670217374126
temperature_c,-12,54,66,0.8316950623444481,0.8220033343672405,0.8423775839517447,0.22662502338403323,0.21120262519787242,0.25331499712512157
temperature_c,-12,57,69,0.8816230305731897,0.875430132824912,0.8894424118769244,0.22013517296567725,0.20298632777523878,0.24385539083625493
temperature_c,-12,60,72,0.9069342829536013,0.897572053888041,0.9161144676562865,0.21083762895108096,0.19466828903221692,0.2352586670883626
temperature_c,-12,63,75,0.8788702183023129,0.8724507179567486,0.887638555318144,0.19234320384297376,0.1792000031017668,0.22052851449551716
temperature_c,-12,66,78,0.8264481808652404,0.8172222483272901,0.8367332351058397,0.17197744156141725,0.16180142646784906,0.2025008597566291
temperature_c,-12,69,81,0.7818792572045592,0.7684647159682507,0.7946408720687105,0.15291480434391813,0.14347923573685395,0.18753594748189084
temperature_c,-12,72,84,0.7641382534993577,0.7486611298072582,0.778292058504554,0.13865075385022047,0.12808023404328928,0.174505980273222
temperature_c,-9,3,12,0.8235617442687571,0.8009781942726247,0.8412290427026079,0.6648046321059854,0.6365593009438406,0.6857188257177317
temperature_c,-9,6,15,0.8374837827676505,0.8186963695526863,0.8534441039474836,0.6480002955790158,0.6217740327007136,0.6627963644583261
temperature_c,-9,9,18,0.8819714188748073,0.8711750755288448,0.8923034226260709,0.6539498099879693,0.6332515127536564,0.6690786977578874
temperature_c,-9,12,21,0.9337468442595682,0.9280920167924884,0.9385032880752531,0.6640917886583931,0.6392318284511269,0.6797654385516654
temperature_c,-9,15,24,0.9562681674271827,0.9539247661215995,0.9591538151357771,0.6481142078230884,0.6247136199832641,0.6672953589768
temperature_c,-9,18,27,0.9256594292829701,0.9208857890231681,0.9293926097077864,0.5935056068809447,0.5727045145872084,0.6127104542121111
temperature_c,-9,21,30,0.8667758014138118,0.8569175565006284,0.8759253997913223,0.52726873484035,0.5103588572254921,0.5443823561025797
temperature_c,-9,24,33,0.8171110936434427,0.8004369697385342,0.8312979394825302,0.4708151121591919,0.45215857106839125,0.48668809088348375
temperature_c,-9,27,36,0.7960944341027376,0.7775760949572318,0.8122810346819345,0.4301416939319158,0.4150536152236738,0.449332763493409
temperature_c,-9,30,39,0.8095077031762996,0.7939118597223591,0.823760279698658,0.4086740251609871,0.3921198306921145,0.42740912747643167
temperature_c,-9,33,42,0.8523263732621189,0.84097614067049,0.8598816519015793,0.4006754935513889,0.3808019286701966,0.4167429073393069
temperature_c,-9,36,45,0.8998781750438827,0.8958284270231633,0.9069701028245079,0.39472713740444865,0.3716622691990366,0.4105910227212923
temperature_c,-9,39,48,0.9240179015413725,0.918641669593572,0.9307551868561645,0.3808581725040748,0.35661937578544034,0.3960068752396232
temperature_c,-9,42,51,0.8951967996141799,0.891066238878638,0.9016974021038489,0.3505378136761231,0.32695012215944447,0.36731079737147476
temperature_c,-9,45,54,0.8415912494188371,0.8314133242315258,0.8505944817851323,0.31287096310284956,0.2913457038610954,0.33062985313143956
temperature_c,-9,48,57,0.7959671212048596,0.779512469440696,0.8068956329694568,0.2769978707013554,0.2607745021496688,0.30252247989015485
temperature_c,-9,51,60,0.7756331415676349,0.7583311914702315,0.7897193542480252,0.2517869094578078,0.2374703299631802,0.28082970778503735
temperature_c,-9,54,63,0.7913130667838788,0.7753936860634251,0.8028967944422462,0.23607596650319174,0.22165145538821476,0.2649670217374126
temperature_c,-9,57,66,0.8316950623444481,0.8220033343672405,0.8423775839517447,0.22662502338403323,0.21120262519787242,0.25331499712512157
temperature_c,-9,60,69,0.8816230305731897,0.875430132824912,0.8894424118769244,0.22013517296567725,0.20298632777523878,0.24385539083625493
temperature_c,-9,63,72,0.9069342829536013,0.897572053888041,0.9161144676562865,0.21083762895108096,0.19466828903221692,0.2352586670883626
temperature_c,-9,66,75,0.8788702183023129,0.8724507179567486,0.887638555318144,0.19234320384297376,0.1792000031017668,0.22052851449551716
temperature_c,-9,69,78,0.8264481808652404,0.8172222483272901,0.8367332351058397,0.17197744156141725,0.16180142646784906,0.2025008597566291
temperature_c,-9,72,81,0.7818792572045592,0.7684647159682507,0.7946408720687105,0.15291480434391813,0.14347923573685395,0.18753594748189084
temperature_c,-6,3,9,0.846916464368904,0.8273939072107306,0.8625524925347672,0.7212313980035505,0.6979207651077957,0.7418547354412949
temperature_c,-6,6,12,0.8235617442687571,0.8009781942726247,0.8412290427026079,0.6648046321059854,0.6365593009438406,0.6857188257177317
temperature_c,-6,9,15,0.8374837827676505,0.8186963695526863,0.8534441039474836,0.6480002955790158,0.6217740327007136,0.6627963644583261
temperature_c,-6,12,18,0.8819714188748073,0.8711750755288448,0.8923034226260709,0.6539498099879693,0.6332515127536564,0.6690786977578874
temperature_c,-6,15,21,0.9337468442595682,0.9280920167924884,0.9385032880752531,0.6640917886583931,0.6392318284511269,0.6797654385516654
temperature_c,-6,18,24,0.9562681674271827,0.9539247661215995,0.9591538151357771,0.6481142078230884,0.6247136199832641,0.6672953589768
temperature_c,-6,21,27,0.9256594292829701,0.9208857890231681,0.9293926097077864,0.5935056068809447,0.5727045145872084,0.6127104542121111
temperature_c,-6,24,30,0.8667758014138118,0.8569175565006284,0.8759253997913223,0.52726873484035,0.5103588572254921,0.5443823561025797
temperature_c,-6,27,33,0.8171110936434427,0.8004369697385342,0.8312979394825302,0.4708151121591919,0.45215857106839125,0.48668809088348375
temperature_c,-6,30,36,0.7960944341027376,0.7775760949572318,0.8122810346819345,0.4301416939319158,0.4150536152236738,0.449332763493409
temperature_c,-6,33,39,0.8095077031762996,0.7939118597223591,0.823760279698658,0.4086740251609871,0.3921198306921145,0.42740912747643167
temperature_c,-6,36,42,0.8523263732621189,0.84097614067049,0.8598816519015793,0.4006754935513889,0.3808019286701966,0.4167429073393069
temperature_c,-6,39,45,0.8998781750438827,0.8958284270231633,0.9069701028245079,0.39472713740444865,0.3716622691990366,0.4105910227212923
temperature_c,-6,42,48,0.9240179015413725,0.918641669593572,0.9307551868561645,0.3808581725040748,0.35661937578544034,0.3960068752396232
temperature_c,-6,45,51,0.8951967996141799,0.891066238878638,0.9016974021038489,0.3505378136761231,0.32695012215944447,0.36731079737147476
temperature_c,-6,48,54,0.8415912494188371,0.8314133242315258,0.8505944817851323,0.31287096310284956,0.2913457038610954,0.33062985313143956
temperature_c,-6,51,57,0.7959671212048596,0.779512469440696,0.8068956329694568,0.2769978707013554,0.2607745021496688,0.30252247989015485
temperature_c,-6,54,60,0.7756331415676349,0.7583311914702315,0.7897193542480252,0.2517869094578078,0.2374703299631802,0.28082970778503735
temperature_c,-6,57,63,0.7913130667838788,0.7753936860634251,0.8028967944422462,0.23607596650319174,0.22165145538821476,0.2649670217374126
temperature_c,-6,60,66,0.8316950623444481,0.8220033343672405,0.8423775839517447,0.22662502338403323,0.21120262519787242,0.25331499712512157
temperature_c,-6,63,69,0.8816230305731897,0.875430132824912,0.8894424118769244,0.22013517296567725,0.20298632777523878,0.24385539083625493
temperature_c,-6,66,72,0.9069342829536013,0.897572053888041,0.9161144676562865,0.21083762895108096,0.19466828903221692,0.2352586670883626
temperature_c,-6,69,75,0.8788702183023129,0.8724507179567486,0.887638555318144,0.19234320384297376,0.1792000031017668,0.22052851449551716
temperature_c,-6,72,78,0.8264481808652404,0.8172222483272901,0.8367332351058397,0.17197744156141725,0.16180142646784906,0.2025008597566291
temperature_c,-3,3,6,0.9025170265639717,0.890955509829231,0.9125865718254305,0.81645362753174,0.801179479976885,0.8299768217455926
temperature_c,-3,6,9,0.846916464368904,0.8273939072107306,0.8625524925347672,0.7212313980035505,0.6979207651077957,0.7418547354412949
temperature_c,-3,9,12,0.8235617442687571,0.8009781942726247,0.8412290427026079,0.6648046321059854,0.6365593009438406,0.6857188257177317
temperature_c,-3,12,15,0.8374837827676505,0.8186963695526863,0.8534441039474836,0.6480002955790158,0.6217740327007136,0.6627963644583261
temperature_c,-3,15,18,0.8819714188748073,0.8711750755288448,0.8923034226260709,0.6539498099879693,0.6332515127536564,0.6690786977578874
temperature_c,-3,18,21,0.9337468442595682,0.9280920167924884,0.9385032880752531,0.6640917886583931,0.6392318284511269,0.6797654385516654
temperature_c,-3,21,24,0.9562681674271827,0.9539247661215995,0.9591538151357771,0.6481142078230884,0.6247136199832641,0.6672953589768
temperature_c,-3,24,27,0.9256594292829701,0.9208857890231681,0.9293926097077864,0.5935056068809447,0.5727045145872084,0.6127104542121111
temperature_c,-3,27,30,0.8667758014138118,0.8569175565006284,0.8759253997913223,0.52726873484035,0.5103588572254921,0.5443823561025797
temperature_c,-3,30,33,0.8171110936434427,0.8004369697385342,0.8312979394825302,0.4708151121591919,0.45215857106839125,0.48668809088348375
temperature_c,-3,33,36,0.7960944341027376,0.7775760949572318,0.8122810346819345,0.4301416939319158,0.4150536152236738,0.449332763493409
temperature_c,-3,36,39,0.8095077031762996,0.7939118597223591,0.823760279698658,0.4086740251609871,0.3921198306921145,0.42740912747643167
temperature_c,-3,39,42,0.8523263732621189,0.84097614067049,0.8598816519015793,0.4006754935513889,0.3808019286701966,0.4167429073393069
temperature_c,-3,42,45,0.8998781750438827,0.8958284270231633,0.9069701028245079,0.39472713740444865,0.3716622691990366,0.4105910227212923
temperature_c,-3,45,48,0.9240179015413725,0.918641669593572,0.9307551868561645,0.3808581725040748,0.35661937578544034,0.3960068752396232
temperature_c,-3,48,51,0.8951967996141799,0.891066238878638,0.9016974021038489,0.3505378136761231,0.32695012215944447,0.36731079737147476
temperature_c,-3,51,54,0.8415912494188371,0.8314133242315258,0.8505944817851323,0.31287096310284956,0.2913457038610954,0.33062985313143956
temperature_c,-3,54,57,0.7959671212048596,0.779512469440696,0.8068956329694568,0.2769978707013554,0.2607745021496688,0.30252247989015485
temperature_c,-3,57,60,0.7756331415676349,0.7583311914702315,0.7897193542480252,0.2517869094578078,0.2374703299631802,0.28082970778503735
temperature_c,-3,60,63,0.7913130667838788,0.7753936860634251,0.8028967944422462,0.23607596650319174,0.22165145538821476,0.2649670217374126
temperature_c,-3,63,66,0.8316950623444481,0.8220033343672405,0.8423775839517447,0.22662502338403323,0.21120262519787242,0.25331499712512157
temperature_c,-3,66,69,0.8816230305731897,0.875430132824912,0.8894424118769244,0.22013517296567725,0.20298632777523878,0.24385539083625493
temperature_c,-3,69,72,0.9069342829536013,0.897572053888041,0.9161144676562865,0.21083762895108096,0.19466828903221692,0.2352586670883626
temperature_c,-3,72,75,0.8788702183023129,0.8724507179567486,0.887638555318144,0.19234320384297376,0.1792000031017668,0.22052851449551716
temperature_c,0,3,3,0.9667023650938799,0.9629820523170715,0.9705270766930554,0.9292860767232936,0.9211726387462016,0.9333882882174765
temperature_c,0,6,6,0.9025170265639717,0.890955509829231,0.9125865718254305,0.81645362753174,0.801179479976885,0.8299768217455926
temperature_c,0,9,9,0.846916464368904,0.8273939072107306,0.8625524925347672,0.7212313980035505,0.6979207651077957,0.7418547354412949
temperature_c,0,12,12,0.8235617442687571,0.8009781942726247,0.8412290427026079,0.6648046321059854,0.6365593009438406,0.6857188257177317
temperature_c,0,15,15,0.8374837827676505,0.8186963695526863,0.8534441039474836,0.6480002955790158,0.6217740327007136,0.6627963644583261
temperature_c,0,18,18,0.8819714188748073,0.8711750755288448,0.8923034226260709,0.6539498099879693,0.6332515127536564,0.6690786977578874
temperature_c,0,21,21,0.9337468442595682,0.9280920167924884,0.9385032880752531,0.6640917886583931,0.6392318284511269,0.6797654385516654
temperature_c,0,24,24,0.9562681674271827,0.9539247661215995,0.9591538151357771,0.6481142078230884,0.6247136199832641,0.6672953589768
temperature_c,0,27,27,0.9256594292829701,0.9208857890231681,0.9293926097077864,0.5935056068809447,0.5727045145872084,0.6127104542121111
temperature_c,0,30,30,0.8667758014138118,0.8569175565006284,0.8759253997913223,0.52726873484035,0.5103588572254921,0.5443823561025797
temperature_c,0,33,33,0.8171110936434427,0.8004369697385342,0.8312979394825302,0.4708151121591919,0.45215857106839125,0.48668809088348375
temperature_c,0,36,36,0.7960944341027376,0.7775760949572318,0.8122810346819345,0.4301416939319158,0.4150536152236738,0.449332763493409
temperature_c,0,39,39,0.8095077031762996,0.7939118597223591,0.823760279698658,0.4086740251609871,0.3921198306921145,0.42740912747643167
temperature_c,0,42,42,0.8523263732621189,0.84097614067049,0.8598816519015793,0.4006754935513889,0.3808019286701966,0.4167429073393069
temperature_c,0,45,45,0.8998781750438827,0.8958284270231633,0.9069701028245079,0.39472713740444865,0.3716622691990366,0.4105910227212923
temperature_c,0,48,48,0.9240179015413725,0.918641669593572,0.9307551868561645,0.3808581725040748,0.35661937578544034,0.3960068752396232
temperature_c,0,51,51,0.8951967996141799,0.891066238878638,0.9016974021038489,0.3505378136761231,0.32695012215944447,0.36731079737147476
temperature_c,0,54,54,0.8415912494188371,0.8314133242315258,0.8505944817851323,0.31287096310284956,0.2913457038610954,0.33062985313143956
temperature_c,0,57,57,0.7959671212048596,0.779512469440696,0.8068956329694568,0.2769978707013554,0.2607745021496688,0.30252247989015485
temperature_c,0,60,60,0.7756331415676349,0.7583311914702315,0.7897193542480252,0.2517869094578078,0.2374703299631802,0.28082970778503735
temperature_c,0,63,63,0.7913130667838788,0.7753936860634251,0.8028967944422462,0.23607596650319174,0.22165145538821476,0.2649670217374126
temperature_c,0,66,66,0.8316950623444481,0.8220033343672405,0.8423775839517447,0.22662502338403323,0.21120262519787242,0.25331499712512157
temperature_c,0,69,69,0.8816230305731897,0.875430132824912,0.8894424118769244,0.22013517296567725,0.20298632777523878,0.24385539083625493
temperature_c,0,72,72,0.9069342829536013,0.897572053888041,0.9161144676562865,0.21083762895108096,0.19466828903221692,0.2352586670883626
pressure_hpa,-69,3,72,0.7653469217568516,0.7242128001347424,0.8010550285981726,0.0885984893555545,0.05203489302055604,0.1271808470764778
pressure_hpa,-69,6,75,0.7581390118143531,0.7068736330537687,0.7914492067315607,0.07405687925045776,0.03977357067832602,0.10996856545028191
pressure_hpa,-69,9,78,0.7504247405875837,0.6883291039334763,0.7819626728037499,0.06024310043883785,0.027579421167148923,0.09429669898559648
pressure_hpa,-69,12,81,0.749760108693647,0.6881086917185857,0.781327105719898,0.047040408758393465,0.016678443850683875,0.07916099636703233
pressure_hpa,-69,15,84,0.749216903269155,0.6886255629022211,0.7814674603917099,0.034524663380707546,0.007362665585759322,0.0654468332302915
pressure_hpa,-69,18,87,0.7449941770749364,0.677079786560622,0.7741547238996247,0.022554048687166123,-0.0009186316310298507,0.05085722296388766
pressure_hpa,-69,21,90,0.7413065787440144,0.6665768922879816,0.768287866511574,0.011078754209235224,-0.0084484398408807,0.03811838401646618
pressure_hpa,-69,24,93,0.7438545306747806,0.6769301520502269,0.7719817325551361,0.0005719325111015202,-0.015372953983240775,0.025664739776463406
pressure_hpa,-69,27,96,0.7469193281469435,0.6863333186029711,0.7759521691568372,-0.0095542052929309,-0.02242158072608124,0.014098417062866122
pressure_hpa,-69,30,99,0.7405992328536504,0.6697087811358234,0.7677371057155182,-0.019471796791773723,-0.02919727953718541,0.0021093848604310265
pressure_hpa,-69,33,102,0.7320290143642814,0.6540810818650525,0.7595008238875438,-0.027977435332300866,-0.034260587089311824,-0.009408194787856912
pressure_hpa,-69,36,105,0.7346131135571303,0.6550007609772386,0.7601952957759022,-0.034315556689957255,-0.03923679711413277,-0.019391839229334476
pressure_hpa,-69,39,108,0.7362874992112107,0.6583768310730513,0.761925135508374,-0.03907986557577138,-0.04352434106488694,-0.027401443913435613
pressure_hpa,-69,42,111,0.7314083398470299,0.6487604605720021,0.7565098415000038,-0.04294041037584322,-0.04646971058520596,-0.033777760724924576
pressure_hpa,-69,45,114,0.7294614003166031,0.6413412989008433,0.7529179541484153,-0.04681540016925552,-0.05023384000989447,-0.03907605534969387
pressure_hpa,-69,48,117,0.7346588956062043,0.6517620760350354,0.7577928030683627,-0.049978786431407615,-0.055155859815431814,-0.044273640148439646
pressure_hpa,-69,51,120,0.7382671390032227,0.661564445090147,0.761391262569987,-0.05411415588147331,-0.060028045393872714,-0.049179783283870245
pressure_hpa,-69,54,123,0.7335615307506756,0.6465766182631507,0.7541554123705466,-0.060949483735471405,-0.06630159068606417,-0.05213725420890035
pressure_hpa,-69,57,126,0.7265670250995595,0.6308165342861223,0.7463215772541334,-0.06836503323644874,-0.07338252241664583,-0.05667925496202537
pressure_hpa,-69,60,129,0.7278062008702983,0.632838360575211,0.7472799844051996,-0.07358485345855584,-0.08240157941352633,-0.0620579798426146
pressure_hpa,-69,63,132,0.7287018384473842,0.637390844934138,0.7483724401803478,-0.07942132200880477,-0.09209578550033883,-0.06595875556691139
pressure_hpa,-69,66,135,0.7242276077172771,0.6284087219941106,0.742788134392519,-0.08595566526859166,-0.10066904036512075,-0.07113325489683525
pressure_hpa,-69,69,138,0.7206615896798264,0.6218735623099004,0.7372584108725222,-0.0935192268630008,-0.11004030809203819,-0.07679106208100969
pressure_hpa,-69,72,141,0.7242424004759682,0.6331870662265109,0.7415161155452987,-0.1000201969744215,-0.11888790055596013,-0.07947794755473897
pressure_hpa,-66,3,69,0.7642560653409504,0.7183617050330897,0.7983474297087656,0.10426929271623069,0.06303650310054551,0.14373622224720933
pressure_hpa,-66,6,72,0.7653469217568516,0.7242128001347424,0.8010550285981726,0.0885984893555545,0.05203489302055604,0.1271808470764778
pressure_hpa,-66,9,75,0.7581390118143531,0.7068736330537687,0.7914492067315607,0.07405687925045776,0.03977357067832602,0.10996856545028191
pressure_hpa,-66,12,78,0.7504247405875837,0.6883291039334763,0.7819626728037499,0.06024310043883785,0.027579421167148923,0.09429669898559648
pressure_hpa,-66,15,81,0.749760108693647,0.6881086917185857,0.781327105719898,0.047040408758393465,0.016678443850683875,0.07916099636703233
pressure_hpa,-66,18,84,0.749216903269155,0.6886255629022211,0.7814674603917099,0.034524663380707546,0.007362665585759322,0.0654468332302915
pressure_hpa,-66,21,87,0.7449941770749364,0.677079786560622,0.7741547238996247,0.022554048687166123,-0.0009186316310298507,0.05085722296388766
pressure_hpa,-66,24,90,0.7413065787440144,0.6665768922879816,0.768287866511574,0.011078754209235224,-0.0084484398408807,0.03811838401646618
pressure_hpa,-66,27,93,0.7438545306747806,0.6769301520502269,0.7719817325551361,0.0005719325111015202,-0.015372953983240775,0.025664739776463406
pressure_hpa,-66,30,96,0.7469193281469435,0.6863333186029711,0.7759521691568372,-0.0095542052929309,-0.02242158072608124,0.014098417062866122
pressure_hpa,-66,33,99,0.7405992328536504,0.6697087811358234,0.7677371057155182,-0.019471796791773723,-0.02919727953718541,0.0021093848604310265
pressure_hpa,-66,36,102,0.7320290143642814,0.6540810818650525,0.7595008238875438,-0.027977435332300866,-0.034260587089311824,-0.009408194787856912
pressure_hpa,-66,39,105,0.7346131135571303,0.6550007609772386,0.7601952957759022,-0.034315556689957255,-0.03923679711413277,-0.019391839229334476
pressure_hpa,-66,42,108,0.7362874992112107,0.6583768310730513,0.761925135508374,-0.03907986557577138,-0.04352434106488694,-0.027401443913435613
pressure_hpa,-66,45,111,0.7314083398470299,0.6487604605720021,0.7565098415000038,-0.04294041037584322,-0.04646971058520596,-0.033777760724924576
pressure_hpa,-66,48,114,0.7294614003166031,0.6413412989008433,0.7529179541484153,-0.04681540016925552,-0.05023384000989447,-0.03907605534969387
pressure_hpa,-66,51,117,0.7346588956062043,0.6517620760350354,0.7577928030683627,-0.049978786431407615,-0.055155859815431814,-0.044273640148439646
pressure_hpa,-66,54,120,0.7382671390032227,0.661564445090147,0.761391262569987,-0.05411415588147331,-0.060028045393872714,-0.049179783283870245
pressure_hpa,-66,57,123,0.7335615307506756,0.6465766182631507,0.7541554123705466,-0.060949483735471405,-0.06630159068606417,-0.05213725420890035
pressure_hpa,-66,60,126,0.7265670250995595,0.6308165342861223,0.7463215772541334,-0.06836503323644874,-0.07338252241664583,-0.05667925496202537
pressure_hpa,-66,63,129,0.7278062008702983,0.632838360575211,0.7472799844051996,-0.07358485345855584,-0.08240157941352633,-0.0620579798426146
pressure_hpa,-66,66,132,0.7287018384473842,0.637390844934138,0.7483724401803478,-0.07942132200880477,-0.09209578550033883,-0.06595875556691139
pressure_hpa,-66,69,135,0.7242276077172771,0.6284087219941106,0.742788134392519,-0.08595566526859166,-0.10066904036512075,-0.07113325489683525
pressure_hpa,-66,72,138,0.7206615896798264,0.6218735623099004,0.7372584108725222,-0.0935192268630008,-0.11004030809203819,-0.07679106208100969
pressure_hpa,-63,3,66,0.7618421789431102,0.7119981194981082,0.7962846881351779,0.12107629102951213,0.07778832475314892,0.1625322450202348
pressure_hpa,-63,6,69,0.7642560653409504,0.7183617050330897,0.7983474297087656,0.10426929271623069,0.06303650310054551,0.14373622224720933
pressure_hpa,-63,9,72,0.7653469217568516,0.7242128001347424,0.8010550285981726,0.0885984893555545,0.05203489302055604,0.1271808470764778
pressure_hpa,-63,12,75,0.7581390118143531,0.7068736330537687,0.7914492067315607,0.07405687925045776,0.03977357067832602,0.10996856545028191
pressure_hpa,-63,15,78,0.7504247405875837,0.6883291039334763,0.7819626728037499,0.06024310043883785,0.027579421167148923,0.09429669898559648
pressure_hpa,-63,18,81,0.749760108693647,0.6881086917185857,0.781327105719898,0.047040408758393465,0.016678443850683875,0.07916099636703233
pressure_hpa,-63,21,84,0.749216903269155,0.6886255629022211,0.7814674603917099,0.034524663380707546,0.007362665585759322,0.0654468332302915
pressure_hpa,-63,24,87,0.7449941770749364,0.677079786560622,0.7741547238996247,0.022554048687166123,-0.0009186316310298507,0.05085722296388766
pressure_hpa,-63,27,90,0.7413065787440144,0.6665768922879816,0.768287866511574,0.011078754209235224,-0.0084484398408807,0.03811838401646618
pressure_hpa,-63,30,93,0.7438545306747806,0.6769301520502269,0.7719817325551361,0.0005719325111015202,-0.015372953983240775,0.025664739776463406
pressure_hpa,-63,33,96,0.7469193281469435,0.6863333186029711,0.7759521691568372,-0.0095542052929309,-0.02242158072608124,0.014098417062866122
pressure_hpa,-63,36,99,0.7405992328536504,0.6697087811358234,0.7677371057155182,-0.019471796791773723,-0.02919727953718541,0.0021093848604310265
pressure_hpa,-63,39,102,0.7320290143642814,0.6540810818650525,0.7595008238875438,-0.027977435332300866,-0.034260587089311824,-0.009408194787856912
pressure_hpa,-63,42,105,0.7346131135571303,0.6550007609772386,0.7601952957759022,-0.034315556689957255,-0.03923679711413277,-0.019391839229334476
pressure_hpa,-63,45,108,0.7362874992112107,0.6583768310730513,0.761925135508374,-0.03907986557577138,-0.04352434106488694,-0.027401443913435613
pressure_hpa,-63,48,111,0.7314083398470299,0.6487604605720021,0.7565098415000038,-0.04294041037584322,-0.04646971058520596,-0.033777760724924576
pressure_hpa,-63,51,114,0.7294614003166031,0.6413412989008433,0.7529179541484153,-0.04681540016925552,-0.05023384000989447,-0.03907605534969387
pressure_hpa,-63,54,117,0.7346588956062043,0.6517620760350354,0.7577928030683627,-0.049978786431407615,-0.055155859815431814,-0.044273640148439646
pressure_hpa,-63,57,120,0.7382671390032227,0.661564445090147,0.761391262569987,-0.05411415588147331,-0.060028045393872714,-0.049179783283870245
pressure_hpa,-63,60,123,0.7335615307506756,0.6465766182631507,0.7541554123705466,-0.060949483735471405,-0.06630159068606417,-0.05213725420890035
pressure_hpa,-63,63,126,0.7265670250995595,0.6308165342861223,0.7463215772541334,-0.06836503323644874,-0.07338252241664583,-0.05667925496202537
pressure_hpa,-63,66,129,0.7278062008702983,0.632838360575211,0.7472799844051996,-0.07358485345855584,-0.08240157941352633,-0.0620579798426146
pressure_hpa,-63,69,132,0.7287018384473842,0.637390844934138,0.7483724401803478,-0.07942132200880477,-0.09209578550033883,-0.06595875556691139
pressure_hpa,-63,72,135,0.7242276077172771,0.6284087219941106,0.742788134392519,-0.08595566526859166,-0.10066904036512075,-0.07113325489683525
pressure_hpa,-60,3,63,0.7675657513764615,0.7216393701913559,0.8034569830607912,0.13888701798394532,0.09415538220600826,0.18134358729998612
pressure_hpa,-60,6,66,0.7618421789431102,0.7119981194981082,0.7962846881351779,0.12107629102951213,0.07778832475314892,0.1625322450202348
pressure_hpa,-60,9,69,0.7642560653409504,0.7183617050330897,0.7983474297087656,0.10426929271623069,0.06303650310054551,0.14373622224720933
pressure_hpa,-60,12,72,0.7653469217568516,0.7242128001347424,0.8010550285981726,0.0885984893555545,0.05203489302055604,0.1271808470764778
pressure_hpa,-60,15,75,0.7581390118143531,0.7068736330537687,0.7914492067315607,0.07405687925045776,0.03977357067832602,0.10996856545028191
pressure_hpa,-60,18,78,0.7504247405875837,0.6883291039334763,0.7819626728037499,0.06024310043883785,0.027579421167148923,0.09429669898559648
pressure_hpa,-60,21,81,0.749760108693647,0.6881086917185857,0.781327105719898,0.047040408758393465,0.016678443850683875,0.07916099636703233
pressure_hpa,-60,24,84,0.749216903269155,0.6886255629022211,0.7814674603917099,0.034524663380707546,0.007362665585759322,0.0654468332302915
pressure_hpa,-60,27,87,0.7449941770749364,0.677079786560622,0.7741547238996247,0.022554048687166123,-0.0009186316310298507,0.05085722296388766
pressure_hpa,-60,30,90,0.7413065787440144,0.6665768922879816,0.768287866511574,0.011078754209235224,-0.0084484398408807,0.03811838401646618
pressure_hpa,-60,33,93,0.7438545306747806,0.6769301520502269,0.7719817325551361,0.0005719325111015202,-0.015372953983240775,0.025664739776463406
pressure_hpa,-60,36,96,0.7469193281469435,0.6863333186029711,0.7759521691568372,-0.0095542052929309,-0.02242158072608124,0.014098417062866122
pressure_hpa,-60,39,99,0.7405992328536504,0.6697087811358234,0.7677371057155182,-0.019471796791773723,-0.02919727953718541,0.0021093848604310265
pressure_hpa,-60,42,102,0.7320290143642814,0.6540810818650525,0.7595008238875438,-0.027977435332300866,-0.034260587089311824,-0.009408194787856912
pressure_hpa,-60,45,105,0.7346131135571303,0.6550007609772386,0.7601952957759022,-0.034315556689957255,-0.03923679711413277,-0.019391839229334476
pressure_hpa,-60,48,108,0.7362874992112107,0.6583768310730513,0.761925135508374,-0.03907986557577138,-0.04352434106488694,-0.027401443913435613
pressure_hpa,-60,51,111,0.7314083398470299,0.6487604605720021,0.7565098415000038,-0.04294041037584322,-0.04646971058520596,-0.033777760724924576
pressure_hpa,-60,54,114,0.7294614003166031,0.6413412989008433,0.7529179541484153,-0.04681540016925552,-0.05023384000989447,-0.03907605534969387
pressure_hpa,-60,57,117,0.7346588956062043,0.6517620760350354,0.7577928030683627,-0.049978786431407615,-0.055155859815431814,-0.044273640148439646
pressure_hpa,-60,60,120,0.7382671390032227,0.661564445090147,0.761391262569987,-0.05411415588147331,-0.060028045393872714,-0.049179783283870245
pressure_hpa,-60,63,123,0.7335615307506756,0.6465766182631507,0.7541554123705466,-0.060949483735471405,-0.06630159068606417,-0.05213725420890035
pressure_hpa,-60,66,126,0.7265670250995595,0.6308165342861223,0.7463215772541334,-0.06836503323644874,-0.07338252241664583,-0.05667925496202537
pressure_hpa,-60,69,129,0.7278062008702983,0.632838360575211,0.7472799844051996,-0.07358485345855584,-0.08240157941352633,-0.0620579798426146
pressure_hpa,-60,72,132,0.7287018384473842,0.637390844934138,0.7483724401803478,-0.07942132200880477,-0.09209578550033883,-0.06595875556691139
pressure_hpa,-57,3,60,0.7746439984051997,0.7320447356931651,0.8125022617615946,0.15843386938325563,0.1109585986214247,0.20414705284186788
pressure_hpa,-57,6,63,0.7675657513764615,0.7216393701913559,0.8034569830607912,0.13888701798394532,0.09415538220600826,0.18134358729998612
pressure_hpa,-57,9,66,0.7618421789431102,0.7119981194981082,0.7962846881351779,0.12107629102951213,0.07778832475314892,0.1625322450202348
pressure_hpa,-57,12,69,0.7642560653409504,0.7183617050330897,0.7983474297087656,0.10426929271623069,0.06303650310054551,0.14373622224720933
pressure_hpa,-57,15,72,0.7653469217568516,0.7242128001347424,0.8010550285981726,0.0885984893555545,0.05203489302055604,0.1271808470764778
pressure_hpa,-57,18,75,0.7581390118143531,0.7068736330537687,0.7914492067315607,0.07405687925045776,0.03977357067832602,0.10996856545028191
pressure_hpa,-57,21,78,0.7504247405875837,0.6883291039334763,0.7819626728037499,0.06024310043883785,0.027579421167148923,0.09429669898559648
pressure_hpa,-57,24,81,0.749760108693647,0.6881086917185857,0.781327105719898,0.047040408758393465,0.016678443850683875,0.07916099636703233
pressure_hpa,-57,27,84,0.749216903269155,0.6886255629022211,0.7814674603917099,0.034524663380707546,0.007362665585759322,0.0654468332302915
pressure_hpa,-57,30,87,0.7449941770749364,0.677079786560622,0.7741547238996247,0.022554048687166123,-0.0009186316310298507,0.05085722296388766
pressure_hpa,-57,33,90,0.7413065787440144,0.6665768922879816,0.768287866511574,0.011078754209235224,-0.0084484398408807,0.03811838401646618
pressure_hpa,-57,36,93,0.7438545306747806,0.6769301520502269,0.7719817325551361,0.0005719325111015202,-0.015372953983240775,0.025664739776463406
pressure_hpa,-57,39,96,0.7469193281469435,0.6863333186029711,0.7759521691568372,-0.0095542052929309,-0.02242158072608124,0.014098417062866122
pressure_hpa,-57,42,99,0.7405992328536504,0.6697087811358234,0.7677371057155182,-0.019471796791773723,-0.02919727953718541,0.0021093848604310265
pressure_hpa,-57,45,102,0.7320290143642814,0.6540810818650525,0.7595008238875438,-0.027977435332300866,-0.034260587089311824,-0.009408194787856912
pressure_hpa,-57,48,105,0.7346131135571303,0.6550007609772386,0.7601952957759022,-0.034315556689957255,-0.03923679711413277,-0.019391839229334476
pressure_hpa,-57,51,108,0.7362874992112107,0.6583768310730513,0.761925135508374,-0.03907986557577138,-0.04352434106488694,-0.027401443913435613
pressure_hpa,-57,54,111,0.7314083398470299,0.6487604605720021,0.7565098415000038,-0.04294041037584322,-0.04646971058520596,-0.033777760724924576
pressure_hpa,-57,57,114,0.7294614003166031,0.6413412989008433,0.7529179541484153,-0.04681540016925552,-0.05023384000989447,-0.03907605534969387
pressure_hpa,-57,60,117,0.7346588956062043,0.6517620760350354,0.7577928030683627,-0.049978786431407615,-0.055155859815431814,-0.044273640148439646
pressure_hpa,-57,63,120,0.7382671390032227,0.661564445090147,0.761391262569987,-0.05411415588147331,-0.060028045393872714,-0.049179783283870245
pressure_hpa,-57,66,123,0.7335615307506756,0.6465766182631507,0.7541554123705466,-0.060949483735471405,-0.06630159068606417,-0.05213725420890035
pressure_hpa,-57,69,126,0.7265670250995595,0.6308165342861223,0.7463215772541334,-0.06836503323644874,-0.07338252241664583,-0.05667925496202537
pressure_hpa,-57,72,129,0.7278062008702983,0.632838360575211,0.7472799844051996,-0.07358485345855584,-0.08240157941352633,-0.0620579798426146
pressure_hpa,-54,3,57,0.7767500227489055,0.7339115315481676,0.8140599402699726,0.18011836215336913,0.13115138849246238,0.22696508094969534
pressure_hpa,-54,6,60,0.7746439984051997,0.7320447356931651,0.8125022617615946,0.15843386938325563,0.1109585986214247,0.20414705284186788
pressure_hpa,-54,9,63,0.7675657513764615,0.7216393701913559,0.8034569830607912,0.13888701798394532,0.09415538220600826,0.18134358729998612
pressure_hpa,-54,12,66,0.7618421789431102,0.7119981194981082,0.7962846881351779,0.12107629102951213,0.07778832475314892,0.1625322450202348
pressure_hpa,-54,15,69,0.7642560653409504,0.7183617050330897,0.7983474297087656,0.10426929271623069,0.06303650310054551,0.14373622224720933
pressure_hpa,-54,18,72,0.7653469217568516,0.7242128001347424,0.8010550285981726,0.0885984893555545,0.05203489302055604,0.1271808470764778
pressure_hpa,-54,21,75,0.7581390118143531,0.7068736330537687,0.7914492067315607,0.07405687925045776,0.03977357067832602,0.10996856545028191
pressure_hpa,-54,24,78,0.7504247405875837,0.6883291039334763,0.7819626728037499,0.06024310043883785,0.027579421167148923,0.09429669898559648
pressure_hpa,-54,27,81,0.749760108693647,0.6881086917185857,0.781327105719898,0.047040408758393465,0.016678443850683875,0.07916099636703233
pressure_hpa,-54,30,84,0.749216903269155,0.6886255629022211,0.7814674603917099,0.034524663380707546,0.007362665585759322,0.0654468332302915
pressure_hpa,-54,33,87,0.7449941770749364,0.677079786560622,0.7741547238996247,0.022554048687166123,-0.0009186316310298507,0.05085722296388766
pressure_hpa,-54,36,90,0.7413065787440144,0.6665768922879816,0.768287866511574,0.011078754209235224,-0.0084484398408807,0.03811838401646618
pressure_hpa,-54,39,93,0.7438545306747806,0.6769301520502269,0.7719817325551361,0.0005719325111015202,-0.015372953983240775,0.025664739776463406
pressure_hpa,-54,42,96,0.7469193281469435,0.6863333186029711,0.7759521691568372,-0.0095542052929309,-0.02242158072608124,0.014098417062866122
pressure_hpa,-54,45,99,0.7405992328536504,0.6697087811358234,0.7677371057155182,-0.019471796791773723,-0.02919727953718541,0.0021093848604310265
pressure_hpa,-54,48,102,0.7320290143642814,0.6540810818650525,0.7595008238875438,-0.027977435332300866,-0.034260587089311824,-0.009408194787856912
pressure_hpa,-54,51,105,0.7346131135571303,0.6550007609772386,0.7601952957759022,-0.034315556689957255,-0.03923679711413277,-0.019391839229334476
pressure_hpa,-54,54,108,0.7362874992112107,0.6583768310730513,0.761925135508374,-0.03907986557577138,-0.04352434106488694,-0.027401443913435613
pressure_hpa,-54,57,111,0.7314083398470299,0.6487604605720021,0.7565098415000038,-0.04294041037584322,-0.04646971058520596,-0.033777760724924576
pressure_hpa,-54,60,114,0.7294614003166031,0.6413412989008433,0.7529179541484153,-0.04681540016925552,-0.05023384000989447,-0.03907605534969387
pressure_hpa,-54,63,117,0.7346588956062043,0.6517620760350354,0.7577928030683627,-0.049978786431407615,-0.055155859815431814,-0.044273640148439646
pressure_hpa,-54,66,120,0.7382671390032227,0.661564445090147,0.761391262569987,-0.05411415588147331,-0.060028045393872714,-0.049179783283870245
pressure_hpa,-54,69,123,0.7335615307506756,0.6465766182631507,0.7541554123705466,-0.060949483735471405,-0.06630159068606417,-0.05213725420890035
pressure_hpa,-54,72,126,0.7265670250995595,0.6308165342861223,0.7463215772541334,-0.06836503323644874,-0.07338252241664583,-0.05667925496202537
pressure_hpa,-51,3,54,0.7803789500610008,0.7379351739620879,0.8166719602971302,0.2050336958576322,0.1539965205796173,0.2529723773517918
pressure_hpa,-51,6,57,0.7767500227489055,0.7339115315481676,0.8140599402699726,0.18011836215336913,0.13115138849246238,0.22696508094969534
pressure_hpa,-51,9,60,0.7746439984051997,0.7320447356931651,0.8125022617615946,0.15843386938325563,0.1109585986214247,0.20414705284186788
pressure_hpa,-51,12,63,0.7675657513764615,0.7216393701913559,0.8034569830607912,0.13888701798394532,0.09415538220600826,0.18134358729998612
pressure_hpa,-51,15,66,0.7618421789431102,0.7119981194981082,0.7962846881351779,0.12107629102951213,0.07778832475314892,0.1625322450202348
pressure_hpa,-51,18,69,0.7642560653409504,0.7183617050330897,0.7983474297087656,0.10426929271623069,0.06303650310054551,0.14373622224720933
pressure_hpa,-51,21,72,0.7653469217568516,0.7242128001347424,0.8010550285981726,0.0885984893555545,0.05203489302055604,0.1271808470764778
pressure_hpa,-51,24,75,0.7581390118143531,0.7068736330537687,0.7914492067315607,0.07405687925045776,0.03977357067832602,0.10996856545028191
pressure_hpa,-51,27,78,0.7504247405875837,0.6883291039334763,0.7819626728037499,0.06024310043883785,0.027579421167148923,0.09429669898559648
pressure_hpa,-51,30,81,0.749760108693647,0.6881086917185857,0.781327105719898,0.047040408758393465,0.016678443850683875,0.07916099636703233
pressure_hpa,-51,33,84,0.749216903269155,0.6886255629022211,0.7814674603917099,0.034524663380707546,0.007362665585759322,0.0654468332302915
pressure_hpa,-51,36,87,0.7449941770749364,0.677079786560622,0.7741547238996247,0.022554048687166123,-0.0009186316310298507,0.05085722296388766
pressure_hpa,-51,39,90,0.7413065787440144,0.6665768922879816,0.768287866511574,0.011078754209235224,-0.0084484398408807,0.03811838401646618
pressure_hpa,-51,42,93,0.7438545306747806,0.6769301520502269,0.7719817325551361,0.0005719325111015202,-0.015372953983240775,0.025664739776463406
pressure_hpa,-51,45,96,0.7469193281469435,0.6863333186029711,0.7759521691568372,-0.0095542052929309,-0.02242158072608124,0.014098417062866122
pressure_hpa,-51,48,99,0.7405992328536504,0.6697087811358234,0.7677371057155182,-0.019471796791773723,-0.02919727953718541,0.0021093848604310265
pressure_hpa,-51,51,102,0.7320290143642814,0.6540810818650525,0.7595008238875438,-0.027977435332300866,-0.034260587089311824,-0.009408194787856912
pressure_hpa,-51,54,105,0.7346131135571303,0.6550007609772386,0.7601952957759022,-0.034315556689957255,-0.03923679711413277,-0.019391839229334476
pressure_hpa,-51,57,108,0.7362874992112107,0.6583768310730513,0.761925135508374,-0.03907986557577138,-0.04352434106488694,-0.027401443913435613
pressure_hpa,-51,60,111,0.7314083398470299,0.6487604605720021,0.7565098415000038,-0.04294041037584322,-0.04646971058520596,-0.033777760724924576
pressure_hpa,-51,63,114,0.7294614003166031,0.6413412989008433,0.7529179541484153,-0.04681540016925552,-0.05023384000989447,-0.03907605534969387
pressure_hpa,-51,66,117,0.7346588956062043,0.6517620760350354,0.7577928030683627,-0.049978786431407615,-0.055155859815431814,-0.044273640148439646
pressure_hpa,-51,69,120,0.7382671390032227,0.661564445090147,0.761391262569987,-0.05411415588147331,-0.060028045393872714,-0.049179783283870245
pressure_hpa,-51,72,123,0.7335615307506756,0.6465766182631507,0.7541554123705466,-0.060949483735471405,-0.06630159068606417,-0.05213725420890035
pressure_hpa,-48,3,51,0.7927384241487481,0.7567263699257772,0.828565222341584,0.23168920584456437,0.1795725525528517,0.28158512880892517
pressure_hpa,-48,6,54,0.7803789500610008,0.7379351739620879,0.8166719602971302,0.2050336958576322,0.1539965205796173,0.2529723773517918
pressure_hpa,-48,9,57,0.7767500227489055,0.7339115315481676,0.8140599402699726,0.18011836215336913,0.13115138849246238,0.22696508094969534
pressure_hpa,-48,12,60,0.7746439984051997,0.7320447356931651,0.8125022617615946,0.15843386938325563,0.1109585986214247,0.20414705284186788
pressure_hpa,-48,15,63,0.7675657513764615,0.7216393701913559,0.8034569830607912,0.13888701798394532,0.09415538220600826,0.18134358729998612
pressure_hpa,-48,18,66,0.7618421789431102,0.7119981194981082,0.7962846881351779,0.12107629102951213,0.07778832475314892,0.1625322450202348
pressure_hpa,-48,21,69,0.7642560653409504,0.7183617050330897,0.7983474297087656,0.10426929271623069,0.06303650310054551,0.14373622224720933
pressure_hpa,-48,24,72,0.7653469217568516,0.7242128001347424,0.8010550285981726,0.0885984893555545,0.05203489302055604,0.1271808470764778
pressure_hpa,-48,27,75,0.7581390118143531,0.7068736330537687,0.7914492067315607,0.07405687925045776,0.03977357067832602,0.10996856545028191
pressure_hpa,-48,30,78,0.7504247405875837,0.6883291039334763,0.7819626728037499,0.06024310043883785,0.027579421167148923,0.09429669898559648
pressure_hpa,-48,33,81,0.749760108693647,0.6881086917185857,0.781327105719898,0.047040408758393465,0.016678443850683875,0.07916099636703233
pressure_hpa,-48,36,84,0.749216903269155,0.6886255629022211,0.7814674603917099,0.034524663380707546,0.007362665585759322,0.0654468332302915
pressure_hpa,-48,39,87,0.7449941770749364,0.677079786560622,0.7741547238996247,0.022554048687166123,-0.0009186316310298507,0.05085722296388766
pressure_hpa,-48,42,90,0.7413065787440144,0.6665768922879816,0.768287866511574,0.011078754209235224,-0.0084484398408807,0.03811838401646618
pressure_hpa,-48,45,93,0.7438545306747806,0.6769301520502269,0.7719817325551361,0.0005719325111015202,-0.015372953983240775,0.025664739776463406
pressure_hpa,-48,48,96,0.7469193281469435,0.6863333186029711,0.7759521691568372,-0.0095542052929309,-0.02242158072608124,0.014098417062866122
pressure_hpa,-48,51,99,0.7405992328536504,0.6697087811358234,0.7677371057155182,-0.019471796791773723,-0.02919727953718541,0.0021093848604310265
pressure_hpa,-48,54,102,0.7320290143642814,0.6540810818650525,0.7595008238875438,-0.027977435332300866,-0.034260587089311824,-0.009408194787856912
pressure_hpa,-48,57,105,0.7346131135571303,0.6550007609772386,0.7601952957759022,-0.034315556689957255,-0.03923679711413277,-0.019391839229334476
pressure_hpa,-48,60,108,0.7362874992112107,0.6583768310730513,0.761925135508374,-0.03907986557577138,-0.04352434106488694,-0.027401443913435613
pressure_hpa,-48,63,111,0.7314083398470299,0.6487604605720021,0.7565098415000038,-0.04294041037584322,-0.04646971058520596,-0.033777760724924576
pressure_hpa,-48,66,114,0.7294614003166031,0.6413412989008433,0.7529179541484153,-0.04681540016925552,-0.05023384000989447,-0.03907605534969387
pressure_hpa,-48,69,117,0.7346588956062043,0.6517620760350354,0.7577928030683627,-0.049978786431407615,-0.055155859815431814,-0.044273640148439646
pressure_hpa,-48,72,120,0.7382671390032227,0.661564445090147,0.761391262569987,-0.05411415588147331,-0.060028045393872714,-0.049179783283870245
pressure_hpa,-45,3,48,0.8056870925582106,0.7749256794776214,0.8401973604186526,0.2608693404436306,0.2055100664770462,0.3133693653734759
pressure_hpa,-45,6,51,0.7927384241487481,0.7567263699257772,0.828565222341584,0.23168920584456437,0.1795725525528517,0.28158512880892517
pressure_hpa,-45,9,54,0.7803789500610008,0.7379351739620879,0.8166719602971302,0.2050336958576322,0.1539965205796173,0.2529723773517918
pressure_hpa,-45,12,57,0.7767500227489055,0.7339115315481676,0.8140599402699726,0.18011836215336913,0.13115138849246238,0.22696508094969534
pressure_hpa,-45,15,60,0.7746439984051997,0.7320447356931651,0.8125022617615946,0.15843386938325563,0.1109585986214247,0.20414705284186788
pressure_hpa,-45,18,63,0.7675657513764615,0.7216393701913559,0.8034569830607912,0.13888701798394532,0.09415538220600826,0.18134358729998612
pressure_hpa,-45,21,66,0.7618421789431102,0.7119981194981082,0.7962846881351779,0.12107629102951213,0.07778832475314892,0.1625322450202348
pressure_hpa,-45,24,69,0.7642560653409504,0.7183617050330897,0.7983474297087656,0.10426929271623069,0.06303650310054551,0.14373622224720933
pressure_hpa,-45,27,72,0.7653469217568516,0.7242128001347424,0.8010550285981726,0.0885984893555545,0.05203489302055604,0.1271808470764778
pressure_hpa,-45,30,75,0.7581390118143531,0.7068736330537687,0.7914492067315607,0.07405687925045776,0.03977357067832602,0.10996856545028191
pressure_hpa,-45,33,78,0.7504247405875837,0.6883291039334763,0.7819626728037499,0.06024310043883785,0.027579421167148923,0.09429669898559648
pressure_hpa,-45,36,81,0.749760108693647,0.6881086917185857,0.781327105719898,0.047040408758393465,0.016678443850683875,0.07916099636703233
pressure_hpa,-45,39,84,0.749216903269155,0.6886255629022211,0.7814674603917099,0.034524663380707546,0.007362665585759322,0.0654468332302915
pressure_hpa,-45,42,87,0.7449941770749364,0.677079786560622,0.7741547238996247,0.022554048687166123,-0.0009186316310298507,0.05085722296388766
pressure_hpa,-45,45,90,0.7413065787440144,0.6665768922879816,0.768287866511574,0.011078754209235224,-0.0084484398408807,0.03811838401646618
pressure_hpa,-45,48,93,0.7438545306747806,0.6769301520502269,0.7719817325551361,0.0005719325111015202,-0.015372953983240775,0.025664739776463406
pressure_hpa,-45,51,96,0.7469193281469435,0.6863333186029711,0.7759521691568372,-0.0095542052929309,-0.02242158072608124,0.014098417062866122
pressure_hpa,-45,54,99,0.7405992328536504,0.6697087811358234,0.7677371057155182,-0.019471796791773723,-0.02919727953718541,0.0021093848604310265
pressure_hpa,-45,57,102,0.7320290143642814,0.6540810818650525,0.7595008238875438,-0.027977435332300866,-0.034260587089311824,-0.009408194787856912
pressure_hpa,-45,60,105,0.7346131135571303,0.6550007609772386,0.7601952957759022,-0.034315556689957255,-0.03923679711413277,-0.019391839229334476
pressure_hpa,-45,63,108,0.7362874992112107,0.6583768310730513,0.761925135508374,-0.03907986557577138,-0.04352434106488694,-0.027401443913435613
pressure_hpa,-45,66,111,0.7314083398470299,0.6487604605720021,0.7565098415000038,-0.04294041037584322,-0.04646971058520596,-0.033777760724924576
pressure_hpa,-45,69,114,0.7294614003166031,0.6413412989008433,0.7529179541484153,-0.04681540016925552,-0.05023384000989447,-0.03907605534969387
pressure_hpa,-45,72,117,0.7346588956062043,0.6517620760350354,0.7577928030683627,-0.049978786431407615,-0.055155859815431814,-0.044273640148439646
pressure_hpa,-42,3,45,0.8081481217685964,0.7753692029292031,0.8418664267824787,0.2924145562761804,0.23390331606457693,0.34702939183830156
pressure_hpa,-42,6,48,0.8056870925582106,0.7749256794776214,0.8401973604186526,0.2608693404436306,0.2055100664770462,0.3133693653734759
pressure_hpa,-42,9,51,0.7927384241487481,0.7567263699257772,0.828565222341584,0.23168920584456437,0.1795725525528517,0.28158512880892517
pressure_hpa,-42,12,54,0.7803789500610008,0.7379351739620879,0.8166719602971302,0.2050336958576322,0.1539965205796173,0.2529723773517918
pressure_hpa,-42,15,57,0.7767500227489055,0.7339115315481676,0.8140599402699726,0.18011836215336913,0.13115138849246238,0.22696508094969534
pressure_hpa,-42,18,60,0.7746439984051997,0.7320447356931651,0.8125022617615946,0.15843386938325563,0.1109585986214247,0.20414705284186788
pressure_hpa,-42,21,63,0.7675657513764615,0.7216393701913559,0.8034569830607912,0.13888701798394532,0.09415538220600826,0.18134358729998612
pressure_hpa,-42,24,66,0.7618421789431102,0.7119981194981082,0.7962846881351779,0.12107629102951213,0.07778832475314892,0.1625322450202348
pressure_hpa,-42,27,69,0.7642560653409504,0.7183617050330897,0.7983474297087656,0.10426929271623069,0.06303650310054551,0.14373622224720933
pressure_hpa,-42,30,72,0.7653469217568516,0.7242128001347424,0.8010550285981726,0.0885984893555545,0.05203489302055604,0.1271808470764778
pressure_hpa,-42,33,75,0.7581390118143531,0.7068736330537687,0.7914492067315607,0.07405687925045776,0.03977357067832602,0.10996856545028191
pressure_hpa,-42,36,78,0.7504247405875837,0.6883291039334763,0.7819626728037499,0.06024310043883785,0.027579421167148923,0.09429669898559648
pressure_hpa,-42,39,81,0.749760108693647,0.6881086917185857,0.781327105719898,0.047040408758393465,0.016678443850683875,0.07916099636703233
pressure_hpa,-42,42,84,0.749216903269155,0.6886255629022211,0.7814674603917099,0.034524663380707546,0.007362665585759322,0.0654468332302915
pressure_hpa,-42,45,87,0.7449941770749364,0.677079786560622,0.7741547238996247,0.022554048687166123,-0.0009186316310298507,0.05085722296388766
pressure_hpa,-42,48,90,0.7413065787440144,0.6665768922879816,0.768287866511574,0.011078754209235224,-0.0084484398408807,0.03811838401646618
pressure_hpa,-42,51,93,0.7438545306747806,0.6769301520502269,0.7719817325551361,0.0005719325111015202,-0.015372953983240775,0.025664739776463406
pressure_hpa,-42,54,96,0.7469193281469435,0.6863333186029711,0.7759521691568372,-0.0095542052929309,-0.02242158072608124,0.014098417062866122
pressure_hpa,-42,57,99,0.7405992328536504,0.6697087811358234,0.7677371057155182,-0.019471796791773723,-0.02919727953718541,0.0021093848604310265
pressure_hpa,-42,60,102,0.7320290143642814,0.6540810818650525,0.7595008238875438,-0.027977435332300866,-0.034260587089311824,-0.009408194787856912
pressure_hpa,-42,63,105,0.7346131135571303,0.6550007609772386,0.7601952957759022,-0.034315556689957255,-0.03923679711413277,-0.019391839229334476
pressure_hpa,-42,66,108,0.7362874992112107,0.6583768310730513,0.761925135508374,-0.03907986557577138,-0.04352434106488694,-0.027401443913435613
pressure_hpa,-42,69,111,0.7314083398470299,0.6487604605720021,0.7565098415000038,-0.04294041037584322,-0.04646971058520596,-0.033777760724924576
pressure_hpa,-42,72,114,0.7294614003166031,0.6413412989008433,0.7529179541484153,-0.04681540016925552,-0.05023384000989447,-0.03907605534969387
pressure_hpa,-39,3,42,0.8108032247700121,0.7744446504653846,0.8439732948073733,0.3269806219331932,0.2667954895908143,0.38192155427766133
pressure_hpa,-39,6,45,0.8081481217685964,0.7753692029292031,0.8418664267824787,0.2924145562761804,0.23390331606457693,0.34702939183830156
pressure_hpa,-39,9,48,0.8056870925582106,0.7749256794776214,0.8401973604186526,0.2608693404436306,0.2055100664770462,0.3133693653734759
pressure_hpa,-39,12,51,0.7927384241487481,0.7567263699257772,0.828565222341584,0.23168920584456437,0.1795725525528517,0.28158512880892517
pressure_hpa,-39,15,54,0.7803789500610008,0.7379351739620879,0.8166719602971302,0.2050336958576322,0.1539965205796173,0.2529723773517918
pressure_hpa,-39,18,57,0.7767500227489055,0.7339115315481676,0.8140599402699726,0.18011836215336913,0.13115138849246238,0.22696508094969534
pressure_hpa,-39,21,60,0.7746439984051997,0.7320447356931651,0.8125022617615946,0.15843386938325563,0.1109585986214247,0.20414705284186788
pressure_hpa,-39,24,63,0.7675657513764615,0.7216393701913559,0.8034569830607912,0.13888701798394532,0.09415538220600826,0.18134358729998612
pressure_hpa,-39,27,66,0.7618421789431102,0.7119981194981082,0.7962846881351779,0.12107629102951213,0.07778832475314892,0.1625322450202348
pressure_hpa,-39,30,69,0.7642560653409504,0.7183617050330897,0.7983474297087656,0.10426929271623069,0.06303650310054551,0.14373622224720933
pressure_hpa,-39,33,72,0.7653469217568516,0.7242128001347424,0.8010550285981726,0.0885984893555545,0.05203489302055604,0.1271808470764778
pressure_hpa,-39,36,75,0.7581390118143531,0.7068736330537687,0.7914492067315607,0.07405687925045776,0.03977357067832602,0.10996856545028191
pressure_hpa,-39,39,78,0.7504247405875837,0.6883291039334763,0.7819626728037499,0.06024310043883785,0.027579421167148923,0.09429669898559648
pressure_hpa,-39,42,81,0.749760108693647,0.6881086917185857,0.781327105719898,0.047040408758393465,0.016678443850683875,0.07916099636703233
pressure_hpa,-39,45,84,0.749216903269155,0.6886255629022211,0.7814674603917099,0.034524663380707546,0.007362665585759322,0.0654468332302915
pressure_hpa,-39,48,87,0.7449941770749364,0.677079786560622,0.7741547238996247,0.022554048687166123,-0.0009186316310298507,0.05085722296388766
pressure_hpa,-39,51,90,0.7413065787440144,0.6665768922879816,0.768287866511574,0.011078754209235224,-0.0084484398408807,0.03811838401646618
pressure_hpa,-39,54,93,0.7438545306747806,0.6769301520502269,0.7719817325551361,0.0005719325111015202,-0.015372953983240775,0.025664739776463406
pressure_hpa,-39,57,96,0.7469193281469435,0.6863333186029711,0.7759521691568372,-0.0095542052929309,-0.02242158072608124,0.014098417062866122
pressure_hpa,-39,60,99,0.7405992328536504,0.6697087811358234,0.7677371057155182,-0.019471796791773723,-0.02919727953718541,0.0021093848604310265
pressure_hpa,-39,63,102,0.7320290143642814,0.6540810818650525,0.7595008238875438,-0.027977435332300866,-0.034260587089311824,-0.009408194787856912
pressure_hpa,-39,66,105,0.7346131135571303,0.6550007609772386,0.7601952957759022,-0.034315556689957255,-0.03923679711413277,-0.019391839229334476
pressure_hpa,-39,69,108,0.7362874992112107,0.6583768310730513,0.761925135508374,-0.03907986557577138,-0.04352434106488694,-0.027401443913435613
pressure_hpa,-39,72,111,0.7314083398470299,0.6487604605720021,0.7565098415000038,-0.04294041037584322,-0.04646971058520596,-0.033777760724924576
pressure_hpa,-36,3,39,0.8228833156368784,0.7898482772222225,0.8555245074376434,0.3654682265769179,0.3066526454633012,0.41941970724308975
pressure_hpa,-36,6,42,0.8108032247700121,0.7744446504653846,0.8439732948073733,0.3269806219331932,0.2667954895908143,0.38192155427766133
pressure_hpa,-36,9,45,0.8081481217685964,0.7753692029292031,0.8418664267824787,0.2924145562761804,0.23390331606457693,0.34702939183830156
pressure_hpa,-36,12,48,0.8056870925582106,0.7749256794776214,0.8401973604186526,0.2608693404436306,0.2055100664770462,0.3133693653734759
pressure_hpa,-36,15,51,0.7927384241487481,0.7567263699257772,0.828565222341584,0.23168920584456437,0.1795725525528517,0.28158512880892517
pressure_hpa,-36,18,54,0.7803789500610008,0.7379351739620879,0.8166719602971302,0.2050336958576322,0.1539965205796173,0.2529723773517918
pressure_hpa,-36,21,57,0.7767500227489055,0.7339115315481676,0.8140599402699726,0.18011836215336913,0.13115138849246238,0.22696508094969534
pressure_hpa,-36,24,60,0.7746439984051997,0.7320447356931651,0.8125022617615946,0.15843386938325563,0.1109585986214247,0.20414705284186788
pressure_hpa,-36,27,63,0.7675657513764615,0.7216393701913559,0.8034569830607912,0.13888701798394532,0.09415538220600826,0.18134358729998612
pressure_hpa,-36,30,66,0.7618421789431102,0.7119981194981082,0.7962846881351779,0.12107629102951213,0.07778832475314892,0.1625322450202348
pressure_hpa,-36,33,69,0.7642560653409504,0.7183617050330897,0.7983474297087656,0.10426929271623069,0.06303650310054551,0.14373622224720933
pressure_hpa,-36,36,72,0.7653469217568516,0.7242128001347424,0.8010550285981726,0.0885984893555545,0.05203489302055604,0.1271808470764778
pressure_hpa,-36,39,75,0.7581390118143531,0.7068736330537687,0.7914492067315607,0.07405687925045776,0.03977357067832602,0.10996856545028191
pressure_hpa,-36,42,78,0.7504247405875837,0.6883291039334763,0.7819626728037499,0.06024310043883785,0.027579421167148923,0.09429669898559648
pressure_hpa,-36,45,81,0.749760108693647,0.6881086917185857,0.781327105719898,0.047040408758393465,0.016678443850683875,0.07916099636703233
pressure_hpa,-36,48,84,0.749216903269155,0.6886255629022211,0.7814674603917099,0.034524663380707546,0.007362665585759322,0.0654468332302915
pressure_hpa,-36,51,87,0.7449941770749364,0.677079786560622,0.7741547238996247,0.022554048687166123,-0.0009186316310298507,0.05085722296388766
pressure_hpa,-36,54,90,0.7413065787440144,0.6665768922879816,0.768287866511574,0.011078754209235224,-0.0084484398408807,0.03811838401646618
pressure_hpa,-36,57,93,0.7438545306747806,0.6769301520502269,0.7719817325551361,0.0005719325111015202,-0.015372953983240775,0.025664739776463406
pressure_hpa,-36,60,96,0.7469193281469435,0.6863333186029711,0.7759521691568372,-0.0095542052929309,-0.02242158072608124,0.014098417062866122
pressure_hpa,-36,63,99,0.7405992328536504,0.6697087811358234,0.7677371057155182,-0.019471796791773723,-0.02919727953718541,0.0021093848604310265
pressure_hpa,-36,66,102,0.7320290143642814,0.6540810818650525,0.7595008238875438,-0.027977435332300866,-0.034260587089311824,-0.009408194787856912
pressure_hpa,-36,69,105,0.7346131135571303,0.6550007609772386,0.7601952957759022,-0.034315556689957255,-0.03923679711413277,-0.019391839229334476
pressure_hpa,-36,72,108,0.7362874992112107,0.6583768310730513,0.761925135508374,-0.03907986557577138,-0.04352434106488694,-0.027401443913435613
pressure_hpa,-33,3,36,0.8367226754232616,0.8054227049519405,0.8680977691116452,0.408304687389639,0.3516515528765479,0.4605834155446498
pressure_hpa,-33,6,39,0.8228833156368784,0.7898482772222225,0.8555245074376434,0.3654682265769179,0.3066526454633012,0.41941970724308975
pressure_hpa,-33,9,42,0.8108032247700121,0.7744446504653846,0.8439732948073733,0.3269806219331932,0.2667954895908143,0.38192155427766133
pressure_hpa,-33,12,45,0.8081481217685964,0.7753692029292031,0.8418664267824787,0.2924145562761804,0.23390331606457693,0.34702939183830156
pressure_hpa,-33,15,48,0.8056870925582106,0.7749256794776214,0.8401973604186526,0.2608693404436306,0.2055100664770462,0.3133693653734759
pressure_hpa,-33,18,51,0.7927384241487481,0.7567263699257772,0.828565222341584,0.23168920584456437,0.1795725525528517,0.28158512880892517
pressure_hpa,-33,21,54,0.7803789500610008,0.7379351739620879,0.8166719602971302,0.2050336958576322,0.1539965205796173,0.2529723773517918
pressure_hpa,-33,24,57,0.7767500227489055,0.7339115315481676,0.8140599402699726,0.18011836215336913,0.13115138849246238,0.22696508094969534
pressure_hpa,-33,27,60,0.7746439984051997,0.7320447356931651,0.8125022617615946,0.15843386938325563,0.1109585986214247,0.20414705284186788
pressure_hpa,-33,30,63,0.7675657513764615,0.7216393701913559,0.8034569830607912,0.13888701798394532,0.09415538220600826,0.18134358729998612
pressure_hpa,-33,33,66,0.7618421789431102,0.7119981194981082,0.7962846881351779,0.12107629102951213,0.07778832475314892,0.1625322450202348
pressure_hpa,-33,36,69,0.7642560653409504,0.7183617050330897,0.7983474297087656,0.10426929271623069,0.06303650310054551,0.14373622224720933
pressure_hpa,-33,39,72,0.7653469217568516,0.7242128001347424,0.8010550285981726,0.0885984893555545,0.05203489302055604,0.1271808470764778
pressure_hpa,-33,42,75,0.7581390118143531,0.7068736330537687,0.7914492067315607,0.07405687925045776,0.03977357067832602,0.10996856545028191
pressure_hpa,-33,45,78,0.7504247405875837,0.6883291039334763,0.7819626728037499,0.06024310043883785,0.027579421167148923,0.09429669898559648
pressure_hpa,-33,48,81,0.749760108693647,0.6881086917185857,0.781327105719898,0.047040408758393465,0.016678443850683875,0.07916099636703233
pressure_hpa,-33,51,84,0.749216903269155,0.6886255629022211,0.7814674603917099,0.034524663380707546,0.007362665585759322,0.0654468332302915
pressure_hpa,-33,54,87,0.7449941770749364,0.677079786560622,0.7741547238996247,0.022554048687166123,-0.0009186316310298507,0.05085722296388766
pressure_hpa,-33,57,90,0.7413065787440144,0.6665768922879816,0.768287866511574,0.011078754209235224,-0.0084484398408807,0.03811838401646618
pressure_hpa,-33,60,93,0.7438545306747806,0.6769301520502269,0.7719817325551361,0.0005719325111015202,-0.015372953983240775,0.025664739776463406
pressure_hpa,-33,63,96,0.7469193281469435,0.6863333186029711,0.7759521691568372,-0.0095542052929309,-0.02242158072608124,0.014098417062866122
pressure_hpa,-33,66,99,0.7405992328536504,0.6697087811358234,0.7677371057155182,-0.019471796791773723,-0.02919727953718541,0.0021093848604310265
pressure_hpa,-33,69,102,0.7320290143642814,0.6540810818650525,0.7595008238875438,-0.027977435332300866,-0.034260587089311824,-0.009408194787856912
pressure_hpa,-33,72,105,0.7346131135571303,0.6550007609772386,0.7601952957759022,-0.034315556689957255,-0.03923679711413277,-0.019391839229334476
pressure_hpa,-30,3,33,0.8462069357565984,0.8151905794651444,0.8753080265172717,0.4554506458413643,0.3997388549717533,0.5066603626726734
pressure_hpa,-30,6,36,0.8367226754232616,0.8054227049519405,0.8680977691116452,0.408304687389639,0.3516515528765479,0.4605834155446498
pressure_hpa,-30,9,39,0.8228833156368784,0.7898482772222225,0.8555245074376434,0.3654682265769179,0.3066526454633012,0.41941970724308975
pressure_hpa,-30,12,42,0.8108032247700121,0.7744446504653846,0.8439732948073733,0.3269806219331932,0.2667954895908143,0.38192155427766133
pressure_hpa,-30,15,45,0.8081481217685964,0.7753692029292031,0.8418664267824787,0.2924145562761804,0.23390331606457693,0.34702939183830156
pressure_hpa,-30,18,48,0.8056870925582106,0.7749256794776214,0.8401973604186526,0.2608693404436306,0.2055100664770462,0.3133693653734759
pressure_hpa,-30,21,51,0.7927384241487481,0.7567263699257772,0.828565222341584,0.23168920584456437,0.1795725525528517,0.28158512880892517
pressure_hpa,-30,24,54,0.7803789500610008,0.7379351739620879,0.8166719602971302,0.2050336958576322,0.1539965205796173,0.2529723773517918
pressure_hpa,-30,27,57,0.7767500227489055,0.7339115315481676,0.8140599402699726,0.18011836215336913,0.13115138849246238,0.22696508094969534
pressure_hpa,-30,30,60,0.7746439984051997,0.7320447356931651,0.8125022617615946,0.15843386938325563,0.1109585986214247,0.20414705284186788
pressure_hpa,-30,33,63,0.7675657513764615,0.7216393701913559,0.8034569830607912,0.13888701798394532,0.09415538220600826,0.18134358729998612
pressure_hpa,-30,36,66,0.7618421789431102,0.7119981194981082,0.7962846881351779,0.12107629102951213,0.07778832475314892,0.1625322450202348
pressure_hpa,-30,39,69,0.7642560653409504,0.7183617050330897,0.7983474297087656,0.10426929271623069,0.06303650310054551,0.14373622224720933
pressure_hpa,-30,42,72,0.7653469217568516,0.7242128001347424,0.8010550285981726,0.0885984893555545,0.05203489302055604,0.1271808470764778
pressure_hpa,-30,45,75,0.7581390118143531,0.7068736330537687,0.7914492067315607,0.07405687925045776,0.03977357067832602,0.10996856545028191
pressure_hpa,-30,48,78,0.7504247405875837,0.6883291039334763,0.7819626728037499,0.06024310043883785,0.027579421167148923,0.09429669898559648
pressure_hpa,-30,51,81,0.749760108693647,0.6881086917185857,0.781327105719898,0.047040408758393465,0.016678443850683875,0.07916099636703233
pressure_hpa,-30,54,84,0.749216903269155,0.6886255629022211,0.7814674603917099,0.034524663380707546,0.007362665585759322,0.0654468332302915
pressure_hpa,-30,57,87,0.7449941770749364,0.677079786560622,0.7741547238996247,0.022554048687166123,-0.0009186316310298507,0.05085722296388766
pressure_hpa,-30,60,90,0.7413065787440144,0.6665768922879816,0.768287866511574,0.011078754209235224,-0.0084484398408807,0.03811838401646618
pressure_hpa,-30,63,93,0.7438545306747806,0.6769301520502269,0.7719817325551361,0.0005719325111015202,-0.015372953983240775,0.025664739776463406
pressure_hpa,-30,66,96,0.7469193281469435,0.6863333186029711,0.7759521691568372,-0.0095542052929309,-0.02242158072608124,0.014098417062866122
pressure_hpa,-30,69,99,0.7405992328536504,0.6697087811358234,0.7677371057155182,-0.019471796791773723,-0.02919727953718541,0.0021093848604310265
pressure_hpa,-30,72,102,0.7320290143642814,0.6540810818650525,0.7595008238875438,-0.027977435332300866,-0.034260587089311824,-0.009408194787856912
pressure_hpa,-27,3,30,0.8569644003232955,0.8291231515773331,0.8837587916046796,0.5068076289119128,0.45139282990038404,0.5549022013072906
pressure_hpa,-27,6,33,0.8462069357565984,0.8151905794651444,0.8753080265172717,0.4554506458413643,0.3997388549717533,0.5066603626726734
pressure_hpa,-27,9,36,0.8367226754232616,0.8054227049519405,0.8680977691116452,0.408304687389639,0.3516515528765479,0.4605834155446498
pressure_hpa,-27,12,39,0.8228833156368784,0.7898482772222225,0.8555245074376434,0.3654682265769179,0.3066526454633012,0.41941970724308975
pressure_hpa,-27,15,42,0.8108032247700121,0.7744446504653846,0.8439732948073733,0.3269806219331932,0.2667954895908143,0.38192155427766133
pressure_hpa,-27,18,45,0.8081481217685964,0.7753692029292031,0.8418664267824787,0.2924145562761804,0.23390331606457693,0.34702939183830156
pressure_hpa,-27,21,48,0.8056870925582106,0.7749256794776214,0.8401973604186526,0.2608693404436306,0.2055100664770462,0.3133693653734759
pressure_hpa,-27,24,51,0.7927384241487481,0.7567263699257772,0.828565222341584,0.23168920584456437,0.1795725525528517,0.28158512880892517
pressure_hpa,-27,27,54,0.7803789500610008,0.7379351739620879,0.8166719602971302,0.2050336958576322,0.1539965205796173,0.2529723773517918
pressure_hpa,-27,30,57,0.7767500227489055,0.7339115315481676,0.8140599402699726,0.18011836215336913,0.13115138849246238,0.22696508094969534
pressure_hpa,-27,33,60,0.7746439984051997,0.7320447356931651,0.8125022617615946,0.15843386938325563,0.1109585986214247,0.20414705284186788
pressure_hpa,-27,36,63,0.7675657513764615,0.7216393701913559,0.8034569830607912,0.13888701798394532,0.09415538220600826,0.18134358729998612
pressure_hpa,-27,39,66,0.7618421789431102,0.7119981194981082,0.7962846881351779,0.12107629102951213,0.07778832475314892,0.1625322450202348
pressure_hpa,-27,42,69,0.7642560653409504,0.7183617050330897,0.7983474297087656,0.10426929271623069,0.06303650310054551,0.14373622224720933
pressure_hpa,-27,45,72,0.7653469217568516,0.7242128001347424,0.8010550285981726,0.0885984893555545,0.05203489302055604,0.1271808470764778
pressure_hpa,-27,48,75,0.7581390118143531,0.7068736330537687,0.7914492067315607,0.07405687925045776,0.03977357067832602,0.10996856545028191
pressure_hpa,-27,51,78,0.7504247405875837,0.6883291039334763,0.7819626728037499,0.06024310043883785,0.027579421167148923,0.09429669898559648
pressure_hpa,-27,54,81,0.749760108693647,0.6881086917185857,0.781327105719898,0.047040408758393465,0.016678443850683875,0.07916099636703233
pressure_hpa,-27,57,84,0.749216903269155,0.6886255629022211,0.7814674603917099,0.034524663380707546,0.007362665585759322,0.0654468332302915
pressure_hpa,-27,60,87,0.7449941770749364,0.677079786560622,0.7741547238996247,0.022554048687166123,-0.0009186316310298507,0.05085722296388766
pressure_hpa,-27,63,90,0.7413065787440144,0.6665768922879816,0.768287866511574,0.011078754209235224,-0.0084484398408807,0.03811838401646618
pressure_hpa,-27,66,93,0.7438545306747806,0.6769301520502269,0.7719817325551361,0.0005719325111015202,-0.015372953983240775,0.025664739776463406
pressure_hpa,-27,69,96,0.7469193281469435,0.6863333186029711,0.7759521691568372,-0.0095542052929309,-0.02242158072608124,0.014098417062866122
pressure_hpa,-27,72,99,0.7405992328536504,0.6697087811358234,0.7677371057155182,-0.019471796791773723,-0.02919727953718541,0.0021093848604310265
pressure_hpa,-24,3,27,0.8780695325385286,0.8568299209608564,0.9015280360848392,0.5626360026711894,0.5093009742638119,0.6051448654847406
pressure_hpa,-24,6,30,0.8569644003232955,0.8291231515773331,0.8837587916046796,0.5068076289119128,0.45139282990038404,0.5549022013072906
pressure_hpa,-24,9,33,0.8462069357565984,0.8151905794651444,0.8753080265172717,0.4554506458413643,0.3997388549717533,0.5066603626726734
pressure_hpa,-24,12,36,0.8367226754232616,0.8054227049519405,0.8680977691116452,0.408304687389639,0.3516515528765479,0.4605834155446498
pressure_hpa,-24,15,39,0.8228833156368784,0.7898482772222225,0.8555245074376434,0.3654682265769179,0.3066526454633012,0.41941970724308975
pressure_hpa,-24,18,42,0.8108032247700121,0.7744446504653846,0.8439732948073733,0.3269806219331932,0.2667954895908143,0.38192155427766133
pressure_hpa,-24,21,45,0.8081481217685964,0.7753692029292031,0.8418664267824787,0.2924145562761804,0.23390331606457693,0.34702939183830156
pressure_hpa,-24,24,48,0.8056870925582106,0.7749256794776214,0.8401973604186526,0.2608693404436306,0.2055100664770462,0.3133693653734759
pressure_hpa,-24,27,51,0.7927384241487481,0.7567263699257772,0.828565222341584,0.23168920584456437,0.1795725525528517,0.28158512880892517
pressure_hpa,-24,30,54,0.7803789500610008,0.7379351739620879,0.8166719602971302,0.2050336958576322,0.1539965205796173,0.2529723773517918
pressure_hpa,-24,33,57,0.7767500227489055,0.7339115315481676,0.8140599402699726,0.18011836215336913,0.13115138849246238,0.22696508094969534
pressure_hpa,-24,36,60,0.7746439984051997,0.7320447356931651,0.8125022617615946,0.15843386938325563,0.1109585986214247,0.20414705284186788
pressure_hpa,-24,39,63,0.7675657513764615,0.7216393701913559,0.8034569830607912,0.13888701798394532,0.09415538220600826,0.18134358729998612
pressure_hpa,-24,42,66,0.7618421789431102,0.7119981194981082,0.7962846881351779,0.12107629102951213,0.07778832475314892,0.1625322450202348
pressure_hpa,-24,45,69,0.7642560653409504,0.7183617050330897,0.7983474297087656,0.10426929271623069,0.06303650310054551,0.14373622224720933
pressure_hpa,-24,48,72,0.7653469217568516,0.7242128001347424,0.8010550285981726,0.0885984893555545,0.05203489302055604,0.1271808470764778
pressure_hpa,-24,51,75,0.7581390118143531,0.7068736330537687,0.7914492067315607,0.07405687925045776,0.03977357067832602,0.10996856545028191
pressure_hpa,-24,54,78,0.7504247405875837,0.6883291039334763,0.7819626728037499,0.06024310043883785,0.027579421167148923,0.09429669898559648
pressure_hpa,-24,57,81,0.749760108693647,0.6881086917185857,0.781327105719898,0.047040408758393465,0.016678443850683875,0.07916099636703233
pressure_hpa,-24,60,84,0.749216903269155,0.6886255629022211,0.7814674603917099,0.034524663380707546,0.007362665585759322,0.0654468332302915
pressure_hpa,-24,63,87,0.7449941770749364,0.677079786560622,0.7741547238996247,0.022554048687166123,-0.0009186316310298507,0.05085722296388766
pressure_hpa,-24,66,90,0.7413065787440144,0.6665768922879816,0.768287866511574,0.011078754209235224,-0.0084484398408807,0.03811838401646618
pressure_hpa,-24,69,93,0.7438545306747806,0.6769301520502269,0.7719817325551361,0.0005719325111015202,-0.015372953983240775,0.025664739776463406
pressure_hpa,-24,72,96,0.7469193281469435,0.6863333186029711,0.7759521691568372,-0.0095542052929309,-0.02242158072608124,0.014098417062866122
pressure_hpa,-21,3,24,0.9004943559933656,0.8819749806738826,0.919646632455507,0.6218977356204765,0.5719936767889455,0.6589655219545024
pressure_hpa,-21,6,27,0.8780695325385286,0.8568299209608564,0.9015280360848392,0.5626360026711894,0.5093009742638119,0.6051448654847406
pressure_hpa,-21,9,30,0.8569644003232955,0.8291231515773331,0.8837587916046796,0.5068076289119128,0.45139282990038404,0.5549022013072906
pressure_hpa,-21,12,33,0.8462069357565984,0.8151905794651444,0.8753080265172717,0.4554506458413643,0.3997388549717533,0.5066603626726734
pressure_hpa,-21,15,36,0.8367226754232616,0.8054227049519405,0.8680977691116452,0.408304687389639,0.3516515528765479,0.4605834155446498
pressure_hpa,-21,18,39,0.8228833156368784,0.7898482772222225,0.8555245074376434,0.3654682265769179,0.3066526454633012,0.41941970724308975
pressure_hpa,-21,21,42,0.8108032247700121,0.7744446504653846,0.8439732948073733,0.3269806219331932,0.2667954895908143,0.38192155427766133
pressure_hpa,-21,24,45,0.8081481217685964,0.7753692029292031,0.8418664267824787,0.2924145562761804,0.23390331606457693,0.34702939183830156
pressure_hpa,-21,27,48,0.8056870925582106,0.7749256794776214,0.8401973604186526,0.2608693404436306,0.2055100664770462,0.3133693653734759
pressure_hpa,-21,30,51,0.7927384241487481,0.7567263699257772,0.828565222341584,0.23168920584456437,0.1795725525528517,0.28158512880892517
pressure_hpa,-21,33,54,0.7803789500610008,0.7379351739620879,0.8166719602971302,0.2050336958576322,0.1539965205796173,0.2529723773517918
pressure_hpa,-21,36,57,0.7767500227489055,0.7339115315481676,0.8140599402699726,0.18011836215336913,0.13115138849246238,0.22696508094969534
pressure_hpa,-21,39,60,0.7746439984051997,0.7320447356931651,0.8125022617615946,0.15843386938325563,0.1109585986214247,0.20414705284186788
pressure_hpa,-21,42,63,0.7675657513764615,0.7216393701913559,0.8034569830607912,0.13888701798394532,0.09415538220600826,0.18134358729998612
pressure_hpa,-21,45,66,0.7618421789431102,0.7119981194981082,0.7962846881351779,0.12107629102951213,0.07778832475314892,0.1625322450202348
pressure_hpa,-21,48,69,0.7642560653409504,0.7183617050330897,0.7983474297087656,0.10426929271623069,0.06303650310054551,0.14373622224720933
pressure_hpa,-21,51,72,0.7653469217568516,0.7242128001347424,0.8010550285981726,0.0885984893555545,0.05203489302055604,0.1271808470764778
pressure_hpa,-21,54,75,0.7581390118143531,0.7068736330537687,0.7914492067315607,0.07405687925045776,0.03977357067832602,0.10996856545028191
pressure_hpa,-21,57,78,0.7504247405875837,0.6883291039334763,0.7819626728037499,0.06024310043883785,0.027579421167148923,0.09429669898559648
pressure_hpa,-21,60,81,0.749760108693647,0.6881086917185857,0.781327105719898,0.047040408758393465,0.016678443850683875,0.07916099636703233
pressure_hpa,-21,63,84,0.749216903269155,0.6886255629022211,0.7814674603917099,0.034524663380707546,0.007362665585759322,0.0654468332302915
pressure_hpa,-21,66,87,0.7449941770749364,0.677079786560622,0.7741547238996247,0.022554048687166123,-0.0009186316310298507,0.05085722296388766
pressure_hpa,-21,69,90,0.7413065787440144,0.6665768922879816,0.768287866511574,0.011078754209235224,-0.0084484398408807,0.03811838401646618
pressure_hpa,-21,72,93,0.7438545306747806,0.6769301520502269,0.7719817325551361,0.0005719325111015202,-0.015372953983240775,0.025664739776463406
pressure_hpa,-18,3,21,0.9096507871215354,0.8915137234509182,0.9272771919101767,0.6823828893339456,0.6377212827776608,0.7131882268036864
pressure_hpa,-18,6,24,0.9004943559933656,0.8819749806738826,0.919646632455507,0.6218977356204765,0.5719936767889455,0.6589655219545024
pressure_hpa,-18,9,27,0.8780695325385286,0.8568299209608564,0.9015280360848392,0.5626360026711894,0.5093009742638119,0.6051448654847406
pressure_hpa,-18,12,30,0.8569644003232955,0.8291231515773331,0.8837587916046796,0.5068076289119128,0.45139282990038404,0.5549022013072906
pressure_hpa,-18,15,33,0.8462069357565984,0.8151905794651444,0.8753080265172717,0.4554506458413643,0.3997388549717533,0.5066603626726734
pressure_hpa,-18,18,36,0.8367226754232616,0.8054227049519405,0.8680977691116452,0.408304687389639,0.3516515528765479,0.4605834155446498
pressure_hpa,-18,21,39,0.8228833156368784,0.7898482772222225,0.8555245074376434,0.3654682265769179,0.3066526454633012,0.41941970724308975
pressure_hpa,-18,24,42,0.8108032247700121,0.7744446504653846,0.8439732948073733,0.3269806219331932,0.2667954895908143,0.38192155427766133
pressure_hpa,-18,27,45,0.8081481217685964,0.7753692029292031,0.8418664267824787,0.2924145562761804,0.23390331606457693,0.34702939183830156
pressure_hpa,-18,30,48,0.8056870925582106,0.7749256794776214,0.8401973604186526,0.2608693404436306,0.2055100664770462,0.3133693653734759
pressure_hpa,-18,33,51,0.7927384241487481,0.7567263699257772,0.828565222341584,0.23168920584456437,0.1795725525528517,0.28158512880892517
pressure_hpa,-18,36,54,0.7803789500610008,0.7379351739620879,0.8166719602971302,0.2050336958576322,0.1539965205796173,0.2529723773517918
pressure_hpa,-18,39,57,0.7767500227489055,0.7339115315481676,0.8140599402699726,0.18011836215336913,0.13115138849246238,0.22696508094969534
pressure_hpa,-18,42,60,0.7746439984051997,0.7320447356931651,0.8125022617615946,0.15843386938325563,0.1109585986214247,0.20414705284186788
pressure_hpa,-18,45,63,0.7675657513764615,0.7216393701913559,0.8034569830607912,0.13888701798394532,0.09415538220600826,0.18134358729998612
pressure_hpa,-18,48,66,0.7618421789431102,0.7119981194981082,0.7962846881351779,0.12107629102951213,0.07778832475314892,0.1625322450202348
pressure_hpa,-18,51,69,0.7642560653409504,0.7183617050330897,0.7983474297087656,0.10426929271623069,0.06303650310054551,0.14373622224720933
pressure_hpa,-18,54,72,0.7653469217568516,0.7242128001347424,0.8010550285981726,0.0885984893555545,0.05203489302055604,0.1271808470764778
pressure_hpa,-18,57,75,0.7581390118143531,0.7068736330537687,0.7914492067315607,0.07405687925045776,0.03977357067832602,0.10996856545028191
pressure_hpa,-18,60,78,0.7504247405875837,0.6883291039334763,0.7819626728037499,0.06024310043883785,0.027579421167148923,0.09429669898559648
pressure_hpa,-18,63,81,0.749760108693647,0.6881086917185857,0.781327105719898,0.047040408758393465,0.016678443850683875,0.07916099636703233
pressure_hpa,-18,66,84,0.749216903269155,0.6886255629022211,0.7814674603917099,0.034524663380707546,0.007362665585759322,0.0654468332302915
pressure_hpa,-18,69,87,0.7449941770749364,0.677079786560622,0.7741547238996247,0.022554048687166123,-0.0009186316310298507,0.05085722296388766
pressure_hpa,-18,72,90,0.7413065787440144,0.6665768922879816,0.768287866511574,0.011078754209235224,-0.0084484398408807,0.03811838401646618
pressure_hpa,-15,3,18,0.9195240184778366,0.8963725803097051,0.9348486369216817,0.7436181517304349,0.7057417410834044,0.7676540750194247
pressure_hpa,-15,6,21,0.9096507871215354,0.8915137234509182,0.9272771919101767,0.6823828893339456,0.6377212827776608,0.7131882268036864
pressure_hpa,-15,9,24,0.9004943559933656,0.8819749806738826,0.919646632455507,0.6218977356204765,0.5719936767889455,0.6589655219545024
pressure_hpa,-15,12,27,0.8780695325385286,0.8568299209608564,0.9015280360848392,0.5626360026711894,0.5093009742638119,0.6051448654847406
pressure_hpa,-15,15,30,0.8569644003232955,0.8291231515773331,0.8837587916046796,0.5068076289119128,0.45139282990038404,0.5549022013072906
pressure_hpa,-15,18,33,0.8462069357565984,0.8151905794651444,0.8753080265172717,0.4554506458413643,0.3997388549717533,0.5066603626726734
pressure_hpa,-15,21,36,0.8367226754232616,0.8054227049519405,0.8680977691116452,0.408304687389639,0.3516515528765479,0.4605834155446498
pressure_hpa,-15,24,39,0.8228833156368784,0.7898482772222225,0.8555245074376434,0.3654682265769179,0.3066526454633012,0.41941970724308975
pressure_hpa,-15,27,42,0.8108032247700121,0.7744446504653846,0.8439732948073733,0.3269806219331932,0.2667954895908143,0.38192155427766133
pressure_hpa,-15,30,45,0.8081481217685964,0.7753692029292031,0.8418664267824787,0.2924145562761804,0.23390331606457693,0.34702939183830156
pressure_hpa,-15,33,48,0.8056870925582106,0.7749256794776214,0.8401973604186526,0.2608693404436306,0.2055100664770462,0.3133693653734759
pressure_hpa,-15,36,51,0.7927384241487481,0.7567263699257772,0.828565222341584,0.23168920584456437,0.1795725525528517,0.28158512880892517
pressure_hpa,-15,39,54,0.7803789500610008,0.7379351739620879,0.8166719602971302,0.2050336958576322,0.1539965205796173,0.2529723773517918
pressure_hpa,-15,42,57,0.7767500227489055,0.7339115315481676,0.8140599402699726,0.18011836215336913,0.13115138849246238,0.22696508094969534
pressure_hpa,-15,45,60,0.7746439984051997,0.7320447356931651,0.8125022617615946,0.15843386938325563,0.1109585986214247,0.20414705284186788
pressure_hpa,-15,48,63,0.7675657513764615,0.7216393701913559,0.8034569830607912,0.13888701798394532,0.09415538220600826,0.18134358729998612
pressure_hpa,-15,51,66,0.7618421789431102,0.7119981194981082,0.7962846881351779,0.12107629102951213,0.07778832475314892,0.1625322450202348
pressure_hpa,-15,54,69,0.7642560653409504,0.7183617050330897,0.7983474297087656,0.10426929271623069,0.06303650310054551,0.14373622224720933
pressure_hpa,-15,57,72,0.7653469217568516,0.7242128001347424,0.8010550285981726,0.0885984893555545,0.05203489302055604,0.1271808470764778
pressure_hpa,-15,60,75,0.7581390118143531,0.7068736330537687,0.7914492067315607,0.07405687925045776,0.03977357067832602,0.10996856545028191
pressure_hpa,-15,63,78,0.7504247405875837,0.6883291039334763,0.7819626728037499,0.06024310043883785,0.027579421167148923,0.09429669898559648
pressure_hpa,-15,66,81,0.749760108693647,0.6881086917185857,0.781327105719898,0.047040408758393465,0.016678443850683875,0.07916099636703233
pressure_hpa,-15,69,84,0.749216903269155,0.6886255629022211,0.7814674603917099,0.034524663380707546,0.007362665585759322,0.0654468332302915
pressure_hpa,-15,72,87,0.7449941770749364,0.677079786560622,0.7741547238996247,0.022554048687166123,-0.0009186316310298507,0.05085722296388766
pressure_hpa,-12,3,15,0.93836308051674,0.9175293466713158,0.9508484180540235,0.8040773769535356,0.7739870658927974,0.8215781343002969
pressure_hpa,-12,6,18,0.9195240184778366,0.8963725803097051,0.9348486369216817,0.7436181517304349,0.7057417410834044,0.7676540750194247
pressure_hpa,-12,9,21,0.9096507871215354,0.8915137234509182,0.9272771919101767,0.6823828893339456,0.6377212827776608,0.7131882268036864
pressure_hpa,-12,12,24,0.9004943559933656,0.8819749806738826,0.919646632455507,0.6218977356204765,0.5719936767889455,0.6589655219545024
pressure_hpa,-12,15,27,0.8780695325385286,0.8568299209608564,0.9015280360848392,0.5626360026711894,0.5093009742638119,0.6051448654847406
pressure_hpa,-12,18,30,0.8569644003232955,0.8291231515773331,0.8837587916046796,0.5068076289119128,0.45139282990038404,0.5549022013072906
pressure_hpa,-12,21,33,0.8462069357565984,0.8151905794651444,0.8753080265172717,0.4554506458413643,0.3997388549717533,0.5066603626726734
pressure_hpa,-12,24,36,0.8367226754232616,0.8054227049519405,0.8680977691116452,0.408304687389639,0.3516515528765479,0.4605834155446498
pressure_hpa,-12,27,39,0.8228833156368784,0.7898482772222225,0.8555245074376434,0.3654682265769179,0.3066526454633012,0.41941970724308975
pressure_hpa,-12,30,42,0.8108032247700121,0.7744446504653846,0.8439732948073733,0.3269806219331932,0.2667954895908143,0.38192155427766133
pressure_hpa,-12,33,45,0.8081481217685964,0.7753692029292031,0.8418664267824787,0.2924145562761804,0.23390331606457693,0.34702939183830156
pressure_hpa,-12,36,48,0.8056870925582106,0.7749256794776214,0.8401973604186526,0.2608693404436306,0.2055100664770462,0.3133693653734759
pressure_hpa,-12,39,51,0.7927384241487481,0.7567263699257772,0.828565222341584,0.23168920584456437,0.1795725525528517,0.28158512880892517
pressure_hpa,-12,42,54,0.7803789500610008,0.7379351739620879,0.8166719602971302,0.2050336958576322,0.1539965205796173,0.2529723773517918
pressure_hpa,-12,45,57,0.7767500227489055,0.7339115315481676,0.8140599402699726,0.18011836215336913,0.13115138849246238,0.22696508094969534
pressure_hpa,-12,48,60,0.7746439984051997,0.7320447356931651,0.8125022617615946,0.15843386938325563,0.1109585986214247,0.20414705284186788
pressure_hpa,-12,51,63,0.7675657513764615,0.7216393701913559,0.8034569830607912,0.13888701798394532,0.09415538220600826,0.18134358729998612
pressure_hpa,-12,54,66,0.7618421789431102,0.7119981194981082,0.7962846881351779,0.12107629102951213,0.07778832475314892,0.1625322450202348
pressure_hpa,-12,57,69,0.7642560653409504,0.7183617050330897,0.7983474297087656,0.10426929271623069,0.06303650310054551,0.14373622224720933
pressure_hpa,-12,60,72,0.7653469217568516,0.7242128001347424,0.8010550285981726,0.0885984893555545,0.05203489302055604,0.1271808470764778
pressure_hpa,-12,63,75,0.7581390118143531,0.7068736330537687,0.7914492067315607,0.07405687925045776,0.03977357067832602,0.10996856545028191
pressure_hpa,-12,66,78,0.7504247405875837,0.6883291039334763,0.7819626728037499,0.06024310043883785,0.027579421167148923,0.09429669898559648
pressure_hpa,-12,69,81,0.749760108693647,0.6881086917185857,0.781327105719898,0.047040408758393465,0.016678443850683875,0.07916099636703233
pressure_hpa,-12,72,84,0.749216903269155,0.6886255629022211,0.7814674603917099,0.034524663380707546,0.007362665585759322,0.0654468332302915
pressure_hpa,-9,3,12,0.9569492800679249,0.9420389799289587,0.966259135460622,0.8607367638784992,0.8379627245269934,0.8726488077443173
pressure_hpa,-9,6,15,0.93836308051674,0.9175293466713158,0.9508484180540235,0.8040773769535356,0.7739870658927974,0.8215781343002969
pressure_hpa,-9,9,18,0.9195240184778366,0.8963725803097051,0.9348486369216817,0.7436181517304349,0.7057417410834044,0.7676540750194247
pressure_hpa,-9,12,21,0.9096507871215354,0.8915137234509182,0.9272771919101767,0.6823828893339456,0.6377212827776608,0.7131882268036864
pressure_hpa,-9,15,24,0.9004943559933656,0.8819749806738826,0.919646632455507,0.6218977356204765,0.5719936767889455,0.6589655219545024
pressure_hpa,-9,18,27,0.8780695325385286,0.8568299209608564,0.9015280360848392,0.5626360026711894,0.5093009742638119,0.6051448654847406
pressure_hpa,-9,21,30,0.8569644003232955,0.8291231515773331,0.8837587916046796,0.5068076289119128,0.45139282990038404,0.5549022013072906
pressure_hpa,-9,24,33,0.8462069357565984,0.8151905794651444,0.8753080265172717,0.4554506458413643,0.3997388549717533,0.5066603626726734
pressure_hpa,-9,27,36,0.8367226754232616,0.8054227049519405,0.8680977691116452,0.408304687389639,0.3516515528765479,0.4605834155446498
pressure_hpa,-9,30,39,0.8228833156368784,0.7898482772222225,0.8555245074376434,0.3654682265769179,0.3066526454633012,0.41941970724308975
pressure_hpa,-9,33,42,0.8108032247700121,0.7744446504653846,0.8439732948073733,0.3269806219331932,0.2667954895908143,0.38192155427766133
pressure_hpa,-9,36,45,0.8081481217685964,0.7753692029292031,0.8418664267824787,0.2924145562761804,0.23390331606457693,0.34702939183830156
pressure_hpa,-9,39,48,0.8056870925582106,0.7749256794776214,0.8401973604186526,0.2608693404436306,0.2055100664770462,0.3133693653734759
pressure_hpa,-9,42,51,0.7927384241487481,0.7567263699257772,0.828565222341584,0.23168920584456437,0.1795725525528517,0.28158512880892517
pressure_hpa,-9,45,54,0.7803789500610008,0.7379351739620879,0.8166719602971302,0.2050336958576322,0.1539965205796173,0.2529723773517918
pressure_hpa,-9,48,57,0.7767500227489055,0.7339115315481676,0.8140599402699726,0.18011836215336913,0.13115138849246238,0.22696508094969534
pressure_hpa,-9,51,60,0.7746439984051997,0.7320447356931651,0.8125022617615946,0.15843386938325563,0.1109585986214247,0.20414705284186788
pressure_hpa,-9,54,63,0.7675657513764615,0.7216393701913559,0.8034569830607912,0.13888701798394532,0.09415538220600826,0.18134358729998612
pressure_hpa,-9,57,66,0.7618421789431102,0.7119981194981082,0.7962846881351779,0.12107629102951213,0.07778832475314892,0.1625322450202348
pressure_hpa,-9,60,69,0.7642560653409504,0.7183617050330897,0.7983474297087656,0.10426929271623069,0.06303650310054551,0.14373622224720933
pressure_hpa,-9,63,72,0.7653469217568516,0.7242128001347424,0.8010550285981726,0.0885984893555545,0.05203489302055604,0.1271808470764778
pressure_hpa,-9,66,75,0.7581390118143531,0.7068736330537687,0.7914492067315607,0.07405687925045776,0.03977357067832602,0.10996856545028191
pressure_hpa,-9,69,78,0.7504247405875837,0.6883291039334763,0.7819626728037499,0.06024310043883785,0.027579421167148923,0.09429669898559648
pressure_hpa,-9,72,81,0.749760108693647,0.6881086917185857,0.781327105719898,0.047040408758393465,0.016678443850683875,0.07916099636703233
pressure_hpa,-6,3,9,0.9688726459535085,0.9512252515554758,0.9737548628304147,0.9119071800370098,0.8969168536847394,0.919228553613099
pressure_hpa,-6,6,12,0.9569492800679249,0.9420389799289587,0.966259135460622,0.8607367638784992,0.8379627245269934,0.8726488077443173
pressure_hpa,-6,9,15,0.93836308051674,0.9175293466713158,0.9508484180540235,0.8040773769535356,0.7739870658927974,0.8215781343002969
pressure_hpa,-6,12,18,0.9195240184778366,0.8963725803097051,0.9348486369216817,0.7436181517304349,0.7057417410834044,0.7676540750194247
pressure_hpa,-6,15,21,0.9096507871215354,0.8915137234509182,0.9272771919101767,0.6823828893339456,0.6377212827776608,0.7131882268036864
pressure_hpa,-6,18,24,0.9004943559933656,0.8819749806738826,0.919646632455507,0.6218977356204765,0.5719936767889455,0.6589655219545024
pressure_hpa,-6,21,27,0.8780695325385286,0.8568299209608564,0.9015280360848392,0.5626360026711894,0.5093009742638119,0.6051448654847406
pressure_hpa,-6,24,30,0.8569644003232955,0.8291231515773331,0.8837587916046796,0.5068076289119128,0.45139282990038404,0.5549022013072906
pressure_hpa,-6,27,33,0.8462069357565984,0.8151905794651444,0.8753080265172717,0.4554506458413643,0.3997388549717533,0.5066603626726734
pressure_hpa,-6,30,36,0.8367226754232616,0.8054227049519405,0.8680977691116452,0.408304687389639,0.3516515528765479,0.4605834155446498
pressure_hpa,-6,33,39,0.8228833156368784,0.7898482772222225,0.8555245074376434,0.3654682265769179,0.3066526454633012,0.41941970724308975
pressure_hpa,-6,36,42,0.8108032247700121,0.7744446504653846,0.8439732948073733,0.3269806219331932,0.2667954895908143,0.38192155427766133
pressure_hpa,-6,39,45,0.8081481217685964,0.7753692029292031,0.8418664267824787,0.2924145562761804,0.23390331606457693,0.34702939183830156
pressure_hpa,-6,42,48,0.8056870925582106,0.7749256794776214,0.8401973604186526,0.2608693404436306,0.2055100664770462,0.3133693653734759
pressure_hpa,-6,45,51,0.7927384241487481,0.7567263699257772,0.828565222341584,0.23168920584456437,0.1795725525528517,0.28158512880892517
pressure_hpa,-6,48,54,0.7803789500610008,0.7379351739620879,0.8166719602971302,0.2050336958576322,0.1539965205796173,0.2529723773517918
pressure_hpa,-6,51,57,0.7767500227489055,0.7339115315481676,0.8140599402699726,0.18011836215336913,0.13115138849246238,0.22696508094969534
pressure_hpa,-6,54,60,0.7746439984051997,0.7320447356931651,0.8125022617615946,0.15843386938325563,0.1109585986214247,0.20414705284186788
pressure_hpa,-6,57,63,0.7675657513764615,0.7216393701913559,0.8034569830607912,0.13888701798394532,0.09415538220600826,0.18134358729998612
pressure_hpa,-6,60,66,0.7618421789431102,0.7119981194981082,0.7962846881351779,0.12107629102951213,0.07778832475314892,0.1625322450202348
pressure_hpa,-6,63,69,0.7642560653409504,0.7183617050330897,0.7983474297087656,0.10426929271623069,0.06303650310054551,0.14373622224720933
pressure_hpa,-6,66,72,0.7653469217568516,0.7242128001347424,0.8010550285981726,0.0885984893555545,0.05203489302055604,0.1271808470764778
pressure_hpa,-6,69,75,0.7581390118143531,0.7068736330537687,0.7914492067315607,0.07405687925045776,0.03977357067832602,0.10996856545028191
pressure_hpa,-6,72,78,0.7504247405875837,0.6883291039334763,0.7819626728037499,0.06024310043883785,0.027579421167148923,0.09429669898559648
pressure_hpa,-3,3,6,0.9768683450879119,0.9624053669707308,0.9803749021696829,0.9543039335332644,0.9476774217375928,0.958170162617314
pressure_hpa,-3,6,9,0.9688726459535085,0.9512252515554758,0.9737548628304147,0.9119071800370098,0.8969168536847394,0.919228553613099
pressure_hpa,-3,9,12,0.9569492800679249,0.9420389799289587,0.966259135460622,0.8607367638784992,0.8379627245269934,0.8726488077443173
pressure_hpa,-3,12,15,0.93836308051674,0.9175293466713158,0.9508484180540235,0.8040773769535356,0.7739870658927974,0.8215781343002969
pressure_hpa,-3,15,18,0.9195240184778366,0.8963725803097051,0.9348486369216817,0.7436181517304349,0.7057417410834044,0.7676540750194247
pressure_hpa,-3,18,21,0.9096507871215354,0.8915137234509182,0.9272771919101767,0.6823828893339456,0.6377212827776608,0.7131882268036864
pressure_hpa,-3,21,24,0.9004943559933656,0.8819749806738826,0.919646632455507,0.6218977356204765,0.5719936767889455,0.6589655219545024
pressure_hpa,-3,24,27,0.8780695325385286,0.8568299209608564,0.9015280360848392,0.5626360026711894,0.5093009742638119,0.6051448654847406
pressure_hpa,-3,27,30,0.8569644003232955,0.8291231515773331,0.8837587916046796,0.5068076289119128,0.45139282990038404,0.5549022013072906
pressure_hpa,-3,30,33,0.8462069357565984,0.8151905794651444,0.8753080265172717,0.4554506458413643,0.3997388549717533,0.5066603626726734
pressure_hpa,-3,33,36,0.8367226754232616,0.8054227049519405,0.8680977691116452,0.408304687389639,0.3516515528765479,0.4605834155446498
pressure_hpa,-3,36,39,0.8228833156368784,0.7898482772222225,0.8555245074376434,0.3654682265769179,0.3066526454633012,0.41941970724308975
pressure_hpa,-3,39,42,0.8108032247700121,0.7744446504653846,0.8439732948073733,0.3269806219331932,0.2667954895908143,0.38192155427766133
pressure_hpa,-3,42,45,0.8081481217685964,0.7753692029292031,0.8418664267824787,0.2924145562761804,0.23390331606457693,0.34702939183830156
pressure_hpa,-3,45,48,0.8056870925582106,0.7749256794776214,0.8401973604186526,0.2608693404436306,0.2055100664770462,0.3133693653734759
pressure_hpa,-3,48,51,0.7927384241487481,0.7567263699257772,0.828565222341584,0.23168920584456437,0.1795725525528517,0.28158512880892517
pressure_hpa,-3,51,54,0.7803789500610008,0.7379351739620879,0.8166719602971302,0.2050336958576322,0.1539965205796173,0.2529723773517918
pressure_hpa,-3,54,57,0.7767500227489055,0.7339115315481676,0.8140599402699726,0.18011836215336913,0.13115138849246238,0.22696508094969534
pressure_hpa,-3,57,60,0.7746439984051997,0.7320447356931651,0.8125022617615946,0.15843386938325563,0.1109585986214247,0.20414705284186788
pressure_hpa,-3,60,63,0.7675657513764615,0.7216393701913559,0.8034569830607912,0.13888701798394532,0.09415538220600826,0.18134358729998612
pressure_hpa,-3,63,66,0.7618421789431102,0.7119981194981082,0.7962846881351779,0.12107629102951213,0.07778832475314892,0.1625322450202348
pressure_hpa,-3,66,69,0.7642560653409504,0.7183617050330897,0.7983474297087656,0.10426929271623069,0.06303650310054551,0.14373622224720933
pressure_hpa,-3,69,72,0.7653469217568516,0.7242128001347424,0.8010550285981726,0.0885984893555545,0.05203489302055604,0.1271808470764778
pressure_hpa,-3,72,75,0.7581390118143531,0.7068736330537687,0.7914492067315607,0.07405687925045776,0.03977357067832602,0.10996856545028191
pressure_hpa,0,3,3,0.990737240506836,0.9852228663541691,0.992160821980882,0.9852723491482029,0.9838212682494409,0.986186722480617
pressure_hpa,0,6,6,0.9768683450879119,0.9624053669707308,0.9803749021696829,0.9543039335332644,0.9476774217375928,0.958170162617314
pressure_hpa,0,9,9,0.9688726459535085,0.9512252515554758,0.9737548628304147,0.9119071800370098,0.8969168536847394,0.919228553613099
pressure_hpa,0,12,12,0.9569492800679249,0.9420389799289587,0.966259135460622,0.8607367638784992,0.8379627245269934,0.8726488077443173
pressure_hpa,0,15,15,0.93836308051674,0.9175293466713158,0.9508484180540235,0.8040773769535356,0.7739870658927974,0.8215781343002969
pressure_hpa,0,18,18,0.9195240184778366,0.8963725803097051,0.9348486369216817,0.7436181517304349,0.7057417410834044,0.7676540750194247
pressure_hpa,0,21,21,0.9096507871215354,0.8915137234509182,0.9272771919101767,0.6823828893339456,0.6377212827776608,0.7131882268036864
pressure_hpa,0,24,24,0.9004943559933656,0.8819749806738826,0.919646632455507,0.6218977356204765,0.5719936767889455,0.6589655219545024
pressure_hpa,0,27,27,0.8780695325385286,0.8568299209608564,0.9015280360848392,0.5626360026711894,0.5093009742638119,0.6051448654847406
pressure_hpa,0,30,30,0.8569644003232955,0.8291231515773331,0.8837587916046796,0.5068076289119128,0.45139282990038404,0.5549022013072906
pressure_hpa,0,33,33,0.8462069357565984,0.8151905794651444,0.8753080265172717,0.4554506458413643,0.3997388549717533,0.5066603626726734
pressure_hpa,0,36,36,0.8367226754232616,0.8054227049519405,0.8680977691116452,0.408304687389639,0.3516515528765479,0.4605834155446498
pressure_hpa,0,39,39,0.8228833156368784,0.7898482772222225,0.8555245074376434,0.3654682265769179,0.3066526454633012,0.41941970724308975
pressure_hpa,0,42,42,0.8108032247700121,0.7744446504653846,0.8439732948073733,0.3269806219331932,0.2667954895908143,0.38192155427766133
pressure_hpa,0,45,45,0.8081481217685964,0.7753692029292031,0.8418664267824787,0.2924145562761804,0.23390331606457693,0.34702939183830156
pressure_hpa,0,48,48,0.8056870925582106,0.7749256794776214,0.8401973604186526,0.2608693404436306,0.2055100664770462,0.3133693653734759
pressure_hpa,0,51,51,0.7927384241487481,0.7567263699257772,0.828565222341584,0.23168920584456437,0.1795725525528517,0.28158512880892517
pressure_hpa,0,54,54,0.7803789500610008,0.7379351739620879,0.8166719602971302,0.2050336958576322,0.1539965205796173,0.2529723773517918
pressure_hpa,0,57,57,0.7767500227489055,0.7339115315481676,0.8140599402699726,0.18011836215336913,0.13115138849246238,0.22696508094969534
pressure_hpa,0,60,60,0.7746439984051997,0.7320447356931651,0.8125022617615946,0.15843386938325563,0.1109585986214247,0.20414705284186788
pressure_hpa,0,63,63,0.7675657513764615,0.7216393701913559,0.8034569830607912,0.13888701798394532,0.09415538220600826,0.18134358729998612
pressure_hpa,0,66,66,0.7618421789431102,0.7119981194981082,0.7962846881351779,0.12107629102951213,0.07778832475314892,0.1625322450202348
pressure_hpa,0,69,69,0.7642560653409504,0.7183617050330897,0.7983474297087656,0.10426929271623069,0.06303650310054551,0.14373622224720933
pressure_hpa,0,72,72,0.7653469217568516,0.7242128001347424,0.8010550285981726,0.0885984893555545,0.05203489302055604,0.1271808470764778
rh950_percent,-69,3,72,0.3027752318894281,0.23429638684344917,0.4014049962638525,0.14838415335827354,0.11001340618912495,0.1842077305669612
rh950_percent,-69,6,75,0.27667893292778467,0.21470148395119612,0.35214936408918385,0.13794967023159466,0.1011818394611364,0.17525868684898638
rh950_percent,-69,9,78,0.23407817511815154,0.16454454875253924,0.28663912421560345,0.1328707940084493,0.09193104104764882,0.16591781951652204
rh950_percent,-69,12,81,0.1720267217223193,0.1196067006827135,0.2480475568076303,0.12463726669043083,0.08748585105726675,0.15924097401153778
rh950_percent,-69,15,84,0.15848570975141987,0.08780658128299286,0.2436693757860553,0.11991607650457765,0.0808963179387957,0.15404058763142064
rh950_percent,-69,18,87,0.1572980117411768,0.11056948277720058,0.24375731484230354,0.11348133378968582,0.07526412822516979,0.14864285179060455
rh950_percent,-69,21,90,0.21924805441788164,0.1432564594344485,0.2728605478627834,0.10727153765345125,0.07182891041202438,0.14434771015656286
rh950_percent,-69,24,93,0.25731127433936585,0.1652180577758609,0.32885582880542163,0.10362987702436759,0.06906886754941974,0.14058125979796138
rh950_percent,-69,27,96,0.271931889213648,0.17168578307414342,0.36717328230918306,0.09840732936640752,0.06496890800942806,0.13690056481192436
rh950_percent,-69,30,99,0.25086567130428156,0.15616001173337354,0.32341859226424197,0.09464418788110021,0.05789854537986494,0.13314206268594486
rh950_percent,-69,33,102,0.2073474379429035,0.1258929841764526,0.2637177949958979,0.09007620360448323,0.051140316714282916,0.13009033197031625
rh950_percent,-69,36,105,0.1276188476962227,0.08475222943217676,0.22633836312318298,0.0866541152054524,0.04698947273990619,0.12718309804839603
rh950_percent,-69,39,108,0.11447127319909682,0.052917790182039404,0.21463239772566253,0.08282377720015396,0.045120552667234165,0.12405704082589535
rh950_percent,-69,42,111,0.1205514322661072,0.07833260603181114,0.22597518784320947,0.07877546998322878,0.04299791127336161,0.12120267811990038
rh950_percent,-69,45,114,0.19017619352671322,0.10904654306895943,0.2581388326729739,0.07496526496222054,0.040930607519698944,0.11818091669146208
rh950_percent,-69,48,117,0.2502224935003361,0.12806788757437065,0.3128094992794616,0.07085557804719567,0.04136328850221031,0.11485668039361327
rh950_percent,-69,51,120,0.2662328890814172,0.13103818827313748,0.3530892972077111,0.07298389128277415,0.03965205549241037,0.11253429417047357
rh950_percent,-69,54,123,0.2505714552604486,0.1173244200829462,0.30989150156894624,0.0688413840561201,0.03605451095404331,0.10780880348367752
rh950_percent,-69,57,126,0.17352218874809605,0.08959751624577518,0.25397050285402534,0.06533742217301869,0.031107247541992965,0.10510915243536538
rh950_percent,-69,60,129,0.10185619097083973,0.05773999737527531,0.22479986729228874,0.0599795786924785,0.026938433965737328,0.10384941690161958
rh950_percent,-69,63,132,0.07823765345513357,0.04562041220299658,0.2042836512054642,0.05279290532782101,0.02148324472353484,0.10127006347233704
rh950_percent,-69,66,135,0.09464831891756265,0.05148728559310908,0.21849796886318756,0.04887635227285156,0.014175936207136194,0.09914483728060977
rh950_percent,-69,69,138,0.15944681121595156,0.07277081998489292,0.24517707345048884,0.046002281399656925,0.008718993190101911,0.09872868911645193
rh950_percent,-69,72,141,0.23165401933432653,0.08830655597262589,0.3074285310613658,0.0438823050675029,0.0032880020039433304,0.09778139773393245
rh950_percent,-66,3,69,0.28750074806189835,0.23415574022689079,0.35908411470462365,0.15791696638495822,0.11799304461901029,0.19372669291068773
rh950_percent,-66,6,72,0.3027752318894281,0.23429638684344917,0.4014049962638525,0.14838415335827354,0.11001340618912495,0.1842077305669612
rh950_percent,-66,9,75,0.27667893292778467,0.21470148395119612,0.35214936408918385,0.13794967023159466,0.1011818394611364,0.17525868684898638
rh950_percent,-66,12,78,0.23407817511815154,0.16454454875253924,0.28663912421560345,0.1328707940084493,0.09193104104764882,0.16591781951652204
rh950_percent,-66,15,81,0.1720267217223193,0.1196067006827135,0.2480475568076303,0.12463726669043083,0.08748585105726675,0.15924097401153778
rh950_percent,-66,18,84,0.15848570975141987,0.08780658128299286,0.2436693757860553,0.11991607650457765,0.0808963179387957,0.15404058763142064
rh950_percent,-66,21,87,0.1572980117411768,0.11056948277720058,0.24375731484230354,0.11348133378968582,0.07526412822516979,0.14864285179060455
rh950_percent,-66,24,90,0.21924805441788164,0.1432564594344485,0.2728605478627834,0.10727153765345125,0.07182891041202438,0.14434771015656286
rh950_percent,-66,27,93,0.25731127433936585,0.1652180577758609,0.32885582880542163,0.10362987702436759,0.06906886754941974,0.14058125979796138
rh950_percent,-66,30,96,0.271931889213648,0.17168578307414342,0.36717328230918306,0.09840732936640752,0.06496890800942806,0.13690056481192436
rh950_percent,-66,33,99,0.25086567130428156,0.15616001173337354,0.32341859226424197,0.09464418788110021,0.05789854537986494,0.13314206268594486
rh950_percent,-66,36,102,0.2073474379429035,0.1258929841764526,0.2637177949958979,0.09007620360448323,0.051140316714282916,0.13009033197031625
rh950_percent,-66,39,105,0.1276188476962227,0.08475222943217676,0.22633836312318298,0.0866541152054524,0.04698947273990619,0.12718309804839603
rh950_percent,-66,42,108,0.11447127319909682,0.052917790182039404,0.21463239772566253,0.08282377720015396,0.045120552667234165,0.12405704082589535
rh950_percent,-66,45,111,0.1205514322661072,0.07833260603181114,0.22597518784320947,0.07877546998322878,0.04299791127336161,0.12120267811990038
rh950_percent,-66,48,114,0.19017619352671322,0.10904654306895943,0.2581388326729739,0.07496526496222054,0.040930607519698944,0.11818091669146208
rh950_percent,-66,51,117,0.2502224935003361,0.12806788757437065,0.3128094992794616,0.07085557804719567,0.04136328850221031,0.11485668039361327
rh950_percent,-66,54,120,0.2662328890814172,0.13103818827313748,0.3530892972077111,0.07298389128277415,0.03965205549241037,0.11253429417047357
rh950_percent,-66,57,123,0.2505714552604486,0.1173244200829462,0.30989150156894624,0.0688413840561201,0.03605451095404331,0.10780880348367752
rh950_percent,-66,60,126,0.17352218874809605,0.08959751624577518,0.25397050285402534,0.06533742217301869,0.031107247541992965,0.10510915243536538
rh950_percent,-66,63,129,0.10185619097083973,0.05773999737527531,0.22479986729228874,0.0599795786924785,0.026938433965737328,0.10384941690161958
rh950_percent,-66,66,132,0.07823765345513357,0.04562041220299658,0.2042836512054642,0.05279290532782101,0.02148324472353484,0.10127006347233704
rh950_percent,-66,69,135,0.09464831891756265,0.05148728559310908,0.21849796886318756,0.04887635227285156,0.014175936207136194,0.09914483728060977
rh950_percent,-66,72,138,0.15944681121595156,0.07277081998489292,0.24517707345048884,0.046002281399656925,0.008718993190101911,0.09872868911645193
rh950_percent,-63,3,66,0.26203776037339754,0.1967664772871769,0.3021215187127649,0.1670859846410187,0.1253285503716387,0.2025052006445768
rh950_percent,-63,6,69,0.28750074806189835,0.23415574022689079,0.35908411470462365,0.15791696638495822,0.11799304461901029,0.19372669291068773
rh950_percent,-63,9,72,0.3027752318894281,0.23429638684344917,0.4014049962638525,0.14838415335827354,0.11001340618912495,0.1842077305669612
rh950_percent,-63,12,75,0.27667893292778467,0.21470148395119612,0.35214936408918385,0.13794967023159466,0.1011818394611364,0.17525868684898638
rh950_percent,-63,15,78,0.23407817511815154,0.16454454875253924,0.28663912421560345,0.1328707940084493,0.09193104104764882,0.16591781951652204
rh950_percent,-63,18,81,0.1720267217223193,0.1196067006827135,0.2480475568076303,0.12463726669043083,0.08748585105726675,0.15924097401153778
rh950_percent,-63,21,84,0.15848570975141987,0.08780658128299286,0.2436693757860553,0.11991607650457765,0.0808963179387957,0.15404058763142064
rh950_percent,-63,24,87,0.1572980117411768,0.11056948277720058,0.24375731484230354,0.11348133378968582,0.07526412822516979,0.14864285179060455
rh950_percent,-63,27,90,0.21924805441788164,0.1432564594344485,0.2728605478627834,0.10727153765345125,0.07182891041202438,0.14434771015656286
rh950_percent,-63,30,93,0.25731127433936585,0.1652180577758609,0.32885582880542163,0.10362987702436759,0.06906886754941974,0.14058125979796138
rh950_percent,-63,33,96,0.271931889213648,0.17168578307414342,0.36717328230918306,0.09840732936640752,0.06496890800942806,0.13690056481192436
rh950_percent,-63,36,99,0.25086567130428156,0.15616001173337354,0.32341859226424197,0.09464418788110021,0.05789854537986494,0.13314206268594486
rh950_percent,-63,39,102,0.2073474379429035,0.1258929841764526,0.2637177949958979,0.09007620360448323,0.051140316714282916,0.13009033197031625
rh950_percent,-63,42,105,0.1276188476962227,0.08475222943217676,0.22633836312318298,0.0866541152054524,0.04698947273990619,0.12718309804839603
rh950_percent,-63,45,108,0.11447127319909682,0.052917790182039404,0.21463239772566253,0.08282377720015396,0.045120552667234165,0.12405704082589535
rh950_percent,-63,48,111,0.1205514322661072,0.07833260603181114,0.22597518784320947,0.07877546998322878,0.04299791127336161,0.12120267811990038
rh950_percent,-63,51,114,0.19017619352671322,0.10904654306895943,0.2581388326729739,0.07496526496222054,0.040930607519698944,0.11818091669146208
rh950_percent,-63,54,117,0.2502224935003361,0.12806788757437065,0.3128094992794616,0.07085557804719567,0.04136328850221031,0.11485668039361327
rh950_percent,-63,57,120,0.2662328890814172,0.13103818827313748,0.3530892972077111,0.07298389128277415,0.03965205549241037,0.11253429417047357
rh950_percent,-63,60,123,0.2505714552604486,0.1173244200829462,0.30989150156894624,0.0688413840561201,0.03605451095404331,0.10780880348367752
rh950_percent,-63,63,126,0.17352218874809605,0.08959751624577518,0.25397050285402534,0.06533742217301869,0.031107247541992965,0.10510915243536538
rh950_percent,-63,66,129,0.10185619097083973,0.05773999737527531,0.22479986729228874,0.0599795786924785,0.026938433965737328,0.10384941690161958
rh950_percent,-63,69,132,0.07823765345513357,0.04562041220299658,0.2042836512054642,0.05279290532782101,0.02148324472353484,0.10127006347233704
rh950_percent,-63,72,135,0.09464831891756265,0.05148728559310908,0.21849796886318756,0.04887635227285156,0.014175936207136194,0.09914483728060977
rh950_percent,-60,3,63,0.2289737178296471,0.16284312536046236,0.27859029019746084,0.1748531662894009,0.13526887008997726,0.21206460233960475
rh950_percent,-60,6,66,0.26203776037339754,0.1967664772871769,0.3021215187127649,0.1670859846410187,0.1253285503716387,0.2025052006445768
rh950_percent,-60,9,69,0.28750074806189835,0.23415574022689079,0.35908411470462365,0.15791696638495822,0.11799304461901029,0.19372669291068773
rh950_percent,-60,12,72,0.3027752318894281,0.23429638684344917,0.4014049962638525,0.14838415335827354,0.11001340618912495,0.1842077305669612
rh950_percent,-60,15,75,0.27667893292778467,0.21470148395119612,0.35214936408918385,0.13794967023159466,0.1011818394611364,0.17525868684898638
rh950_percent,-60,18,78,0.23407817511815154,0.16454454875253924,0.28663912421560345,0.1328707940084493,0.09193104104764882,0.16591781951652204
rh950_percent,-60,21,81,0.1720267217223193,0.1196067006827135,0.2480475568076303,0.12463726669043083,0.08748585105726675,0.15924097401153778
rh950_percent,-60,24,84,0.15848570975141987,0.08780658128299286,0.2436693757860553,0.11991607650457765,0.0808963179387957,0.15404058763142064
rh950_percent,-60,27,87,0.1572980117411768,0.11056948277720058,0.24375731484230354,0.11348133378968582,0.07526412822516979,0.14864285179060455
rh950_percent,-60,30,90,0.21924805441788164,0.1432564594344485,0.2728605478627834,0.10727153765345125,0.07182891041202438,0.14434771015656286
rh950_percent,-60,33,93,0.25731127433936585,0.1652180577758609,0.32885582880542163,0.10362987702436759,0.06906886754941974,0.14058125979796138
rh950_percent,-60,36,96,0.271931889213648,0.17168578307414342,0.36717328230918306,0.09840732936640752,0.06496890800942806,0.13690056481192436
rh950_percent,-60,39,99,0.25086567130428156,0.15616001173337354,0.32341859226424197,0.09464418788110021,0.05789854537986494,0.13314206268594486
rh950_percent,-60,42,102,0.2073474379429035,0.1258929841764526,0.2637177949958979,0.09007620360448323,0.051140316714282916,0.13009033197031625
rh950_percent,-60,45,105,0.1276188476962227,0.08475222943217676,0.22633836312318298,0.0866541152054524,0.04698947273990619,0.12718309804839603
rh950_percent,-60,48,108,0.11447127319909682,0.052917790182039404,0.21463239772566253,0.08282377720015396,0.045120552667234165,0.12405704082589535
rh950_percent,-60,51,111,0.1205514322661072,0.07833260603181114,0.22597518784320947,0.07877546998322878,0.04299791127336161,0.12120267811990038
rh950_percent,-60,54,114,0.19017619352671322,0.10904654306895943,0.2581388326729739,0.07496526496222054,0.040930607519698944,0.11818091669146208
rh950_percent,-60,57,117,0.2502224935003361,0.12806788757437065,0.3128094992794616,0.07085557804719567,0.04136328850221031,0.11485668039361327
rh950_percent,-60,60,120,0.2662328890814172,0.13103818827313748,0.3530892972077111,0.07298389128277415,0.03965205549241037,0.11253429417047357
rh950_percent,-60,63,123,0.2505714552604486,0.1173244200829462,0.30989150156894624,0.0688413840561201,0.03605451095404331,0.10780880348367752
rh950_percent,-60,66,126,0.17352218874809605,0.08959751624577518,0.25397050285402534,0.06533742217301869,0.031107247541992965,0.10510915243536538
rh950_percent,-60,69,129,0.10185619097083973,0.05773999737527531,0.22479986729228874,0.0599795786924785,0.026938433965737328,0.10384941690161958
rh950_percent,-60,72,132,0.07823765345513357,0.04562041220299658,0.2042836512054642,0.05279290532782101,0.02148324472353484,0.10127006347233704
rh950_percent,-57,3,60,0.22878675699522072,0.14176968510838042,0.283880447291162,0.1852286159200962,0.14494378651894235,0.22178839557741523
rh950_percent,-57,6,63,0.2289737178296471,0.16284312536046236,0.27859029019746084,0.1748531662894009,0.13526887008997726,0.21206460233960475
rh950_percent,-57,9,66,0.26203776037339754,0.1967664772871769,0.3021215187127649,0.1670859846410187,0.1253285503716387,0.2025052006445768
rh950_percent,-57,12,69,0.28750074806189835,0.23415574022689079,0.35908411470462365,0.15791696638495822,0.11799304461901029,0.19372669291068773
rh950_percent,-57,15,72,0.3027752318894281,0.23429638684344917,0.4014049962638525,0.14838415335827354,0.11001340618912495,0.1842077305669612
rh950_percent,-57,18,75,0.27667893292778467,0.21470148395119612,0.35214936408918385,0.13794967023159466,0.1011818394611364,0.17525868684898638
rh950_percent,-57,21,78,0.23407817511815154,0.16454454875253924,0.28663912421560345,0.1328707940084493,0.09193104104764882,0.16591781951652204
rh950_percent,-57,24,81,0.1720267217223193,0.1196067006827135,0.2480475568076303,0.12463726669043083,0.08748585105726675,0.15924097401153778
rh950_percent,-57,27,84,0.15848570975141987,0.08780658128299286,0.2436693757860553,0.11991607650457765,0.0808963179387957,0.15404058763142064
rh950_percent,-57,30,87,0.1572980117411768,0.11056948277720058,0.24375731484230354,0.11348133378968582,0.07526412822516979,0.14864285179060455
rh950_percent,-57,33,90,0.21924805441788164,0.1432564594344485,0.2728605478627834,0.10727153765345125,0.07182891041202438,0.14434771015656286
rh950_percent,-57,36,93,0.25731127433936585,0.1652180577758609,0.32885582880542163,0.10362987702436759,0.06906886754941974,0.14058125979796138
rh950_percent,-57,39,96,0.271931889213648,0.17168578307414342,0.36717328230918306,0.09840732936640752,0.06496890800942806,0.13690056481192436
rh950_percent,-57,42,99,0.25086567130428156,0.15616001173337354,0.32341859226424197,0.09464418788110021,0.05789854537986494,0.13314206268594486
rh950_percent,-57,45,102,0.2073474379429035,0.1258929841764526,0.2637177949958979,0.09007620360448323,0.051140316714282916,0.13009033197031625
rh950_percent,-57,48,105,0.1276188476962227,0.08475222943217676,0.22633836312318298,0.0866541152054524,0.04698947273990619,0.12718309804839603
rh950_percent,-57,51,108,0.11447127319909682,0.052917790182039404,0.21463239772566253,0.08282377720015396,0.045120552667234165,0.12405704082589535
rh950_percent,-57,54,111,0.1205514322661072,0.07833260603181114,0.22597518784320947,0.07877546998322878,0.04299791127336161,0.12120267811990038
rh950_percent,-57,57,114,0.19017619352671322,0.10904654306895943,0.2581388326729739,0.07496526496222054,0.040930607519698944,0.11818091669146208
rh950_percent,-57,60,117,0.2502224935003361,0.12806788757437065,0.3128094992794616,0.07085557804719567,0.04136328850221031,0.11485668039361327
rh950_percent,-57,63,120,0.2662328890814172,0.13103818827313748,0.3530892972077111,0.07298389128277415,0.03965205549241037,0.11253429417047357
rh950_percent,-57,66,123,0.2505714552604486,0.1173244200829462,0.30989150156894624,0.0688413840561201,0.03605451095404331,0.10780880348367752
rh950_percent,-57,69,126,0.17352218874809605,0.08959751624577518,0.25397050285402534,0.06533742217301869,0.031107247541992965,0.10510915243536538
rh950_percent,-57,72,129,0.10185619097083973,0.05773999737527531,0.22479986729228874,0.0599795786924785,0.026938433965737328,0.10384941690161958
rh950_percent,-54,3,57,0.25280403180428024,0.18045079871364011,0.2978873392368172,0.1960388557925535,0.15362192526207955,0.23431349431967458
rh950_percent,-54,6,60,0.22878675699522072,0.14176968510838042,0.283880447291162,0.1852286159200962,0.14494378651894235,0.22178839557741523
rh950_percent,-54,9,63,0.2289737178296471,0.16284312536046236,0.27859029019746084,0.1748531662894009,0.13526887008997726,0.21206460233960475
rh950_percent,-54,12,66,0.26203776037339754,0.1967664772871769,0.3021215187127649,0.1670859846410187,0.1253285503716387,0.2025052006445768
rh950_percent,-54,15,69,0.28750074806189835,0.23415574022689079,0.35908411470462365,0.15791696638495822,0.11799304461901029,0.19372669291068773
rh950_percent,-54,18,72,0.3027752318894281,0.23429638684344917,0.4014049962638525,0.14838415335827354,0.11001340618912495,0.1842077305669612
rh950_percent,-54,21,75,0.27667893292778467,0.21470148395119612,0.35214936408918385,0.13794967023159466,0.1011818394611364,0.17525868684898638
rh950_percent,-54,24,78,0.23407817511815154,0.16454454875253924,0.28663912421560345,0.1328707940084493,0.09193104104764882,0.16591781951652204
rh950_percent,-54,27,81,0.1720267217223193,0.1196067006827135,0.2480475568076303,0.12463726669043083,0.08748585105726675,0.15924097401153778
rh950_percent,-54,30,84,0.15848570975141987,0.08780658128299286,0.2436693757860553,0.11991607650457765,0.0808963179387957,0.15404058763142064
rh950_percent,-54,33,87,0.1572980117411768,0.11056948277720058,0.24375731484230354,0.11348133378968582,0.07526412822516979,0.14864285179060455
rh950_percent,-54,36,90,0.21924805441788164,0.1432564594344485,0.2728605478627834,0.10727153765345125,0.07182891041202438,0.14434771015656286
rh950_percent,-54,39,93,0.25731127433936585,0.1652180577758609,0.32885582880542163,0.10362987702436759,0.06906886754941974,0.14058125979796138
rh950_percent,-54,42,96,0.271931889213648,0.17168578307414342,0.36717328230918306,0.09840732936640752,0.06496890800942806,0.13690056481192436
rh950_percent,-54,45,99,0.25086567130428156,0.15616001173337354,0.32341859226424197,0.09464418788110021,0.05789854537986494,0.13314206268594486
rh950_percent,-54,48,102,0.2073474379429035,0.1258929841764526,0.2637177949958979,0.09007620360448323,0.051140316714282916,0.13009033197031625
rh950_percent,-54,51,105,0.1276188476962227,0.08475222943217676,0.22633836312318298,0.0866541152054524,0.04698947273990619,0.12718309804839603
rh950_percent,-54,54,108,0.11447127319909682,0.052917790182039404,0.21463239772566253,0.08282377720015396,0.045120552667234165,0.12405704082589535
rh950_percent,-54,57,111,0.1205514322661072,0.07833260603181114,0.22597518784320947,0.07877546998322878,0.04299791127336161,0.12120267811990038
rh950_percent,-54,60,114,0.19017619352671322,0.10904654306895943,0.2581388326729739,0.07496526496222054,0.040930607519698944,0.11818091669146208
rh950_percent,-54,63,117,0.2502224935003361,0.12806788757437065,0.3128094992794616,0.07085557804719567,0.04136328850221031,0.11485668039361327
rh950_percent,-54,66,120,0.2662328890814172,0.13103818827313748,0.3530892972077111,0.07298389128277415,0.03965205549241037,0.11253429417047357
rh950_percent,-54,69,123,0.2505714552604486,0.1173244200829462,0.30989150156894624,0.0688413840561201,0.03605451095404331,0.10780880348367752
rh950_percent,-54,72,126,0.17352218874809605,0.08959751624577518,0.25397050285402534,0.06533742217301869,0.031107247541992965,0.10510915243536538
rh950_percent,-51,3,54,0.29721753614752544,0.24947255026402335,0.33592707745216277,0.21438888703448958,0.1651055801954617,0.2504010730083298
rh950_percent,-51,6,57,0.25280403180428024,0.18045079871364011,0.2978873392368172,0.1960388557925535,0.15362192526207955,0.23431349431967458
rh950_percent,-51,9,60,0.22878675699522072,0.14176968510838042,0.283880447291162,0.1852286159200962,0.14494378651894235,0.22178839557741523
rh950_percent,-51,12,63,0.2289737178296471,0.16284312536046236,0.27859029019746084,0.1748531662894009,0.13526887008997726,0.21206460233960475
rh950_percent,-51,15,66,0.26203776037339754,0.1967664772871769,0.3021215187127649,0.1670859846410187,0.1253285503716387,0.2025052006445768
rh950_percent,-51,18,69,0.28750074806189835,0.23415574022689079,0.35908411470462365,0.15791696638495822,0.11799304461901029,0.19372669291068773
rh950_percent,-51,21,72,0.3027752318894281,0.23429638684344917,0.4014049962638525,0.14838415335827354,0.11001340618912495,0.1842077305669612
rh950_percent,-51,24,75,0.27667893292778467,0.21470148395119612,0.35214936408918385,0.13794967023159466,0.1011818394611364,0.17525868684898638
rh950_percent,-51,27,78,0.23407817511815154,0.16454454875253924,0.28663912421560345,0.1328707940084493,0.09193104104764882,0.16591781951652204
rh950_percent,-51,30,81,0.1720267217223193,0.1196067006827135,0.2480475568076303,0.12463726669043083,0.08748585105726675,0.15924097401153778
rh950_percent,-51,33,84,0.15848570975141987,0.08780658128299286,0.2436693757860553,0.11991607650457765,0.0808963179387957,0.15404058763142064
rh950_percent,-51,36,87,0.1572980117411768,0.11056948277720058,0.24375731484230354,0.11348133378968582,0.07526412822516979,0.14864285179060455
rh950_percent,-51,39,90,0.21924805441788164,0.1432564594344485,0.2728605478627834,0.10727153765345125,0.07182891041202438,0.14434771015656286
rh950_percent,-51,42,93,0.25731127433936585,0.1652180577758609,0.32885582880542163,0.10362987702436759,0.06906886754941974,0.14058125979796138
rh950_percent,-51,45,96,0.271931889213648,0.17168578307414342,0.36717328230918306,0.09840732936640752,0.06496890800942806,0.13690056481192436
rh950_percent,-51,48,99,0.25086567130428156,0.15616001173337354,0.32341859226424197,0.09464418788110021,0.05789854537986494,0.13314206268594486
rh950_percent,-51,51,102,0.2073474379429035,0.1258929841764526,0.2637177949958979,0.09007620360448323,0.051140316714282916,0.13009033197031625
rh950_percent,-51,54,105,0.1276188476962227,0.08475222943217676,0.22633836312318298,0.0866541152054524,0.04698947273990619,0.12718309804839603
rh950_percent,-51,57,108,0.11447127319909682,0.052917790182039404,0.21463239772566253,0.08282377720015396,0.045120552667234165,0.12405704082589535
rh950_percent,-51,60,111,0.1205514322661072,0.07833260603181114,0.22597518784320947,0.07877546998322878,0.04299791127336161,0.12120267811990038
rh950_percent,-51,63,114,0.19017619352671322,0.10904654306895943,0.2581388326729739,0.07496526496222054,0.040930607519698944,0.11818091669146208
rh950_percent,-51,66,117,0.2502224935003361,0.12806788757437065,0.3128094992794616,0.07085557804719567,0.04136328850221031,0.11485668039361327
rh950_percent,-51,69,120,0.2662328890814172,0.13103818827313748,0.3530892972077111,0.07298389128277415,0.03965205549241037,0.11253429417047357
rh950_percent,-51,72,123,0.2505714552604486,0.1173244200829462,0.30989150156894624,0.0688413840561201,0.03605451095404331,0.10780880348367752
rh950_percent,-48,3,51,0.34923123813991397,0.2988935720633704,0.40234424636298793,0.2304951767023633,0.17874921918465453,0.272006665982459
rh950_percent,-48,6,54,0.29721753614752544,0.24947255026402335,0.33592707745216277,0.21438888703448958,0.1651055801954617,0.2504010730083298
rh950_percent,-48,9,57,0.25280403180428024,0.18045079871364011,0.2978873392368172,0.1960388557925535,0.15362192526207955,0.23431349431967458
rh950_percent,-48,12,60,0.22878675699522072,0.14176968510838042,0.283880447291162,0.1852286159200962,0.14494378651894235,0.22178839557741523
rh950_percent,-48,15,63,0.2289737178296471,0.16284312536046236,0.27859029019746084,0.1748531662894009,0.13526887008997726,0.21206460233960475
rh950_percent,-48,18,66,0.26203776037339754,0.1967664772871769,0.3021215187127649,0.1670859846410187,0.1253285503716387,0.2025052006445768
rh950_percent,-48,21,69,0.28750074806189835,0.23415574022689079,0.35908411470462365,0.15791696638495822,0.11799304461901029,0.19372669291068773
rh950_percent,-48,24,72,0.3027752318894281,0.23429638684344917,0.4014049962638525,0.14838415335827354,0.11001340618912495,0.1842077305669612
rh950_percent,-48,27,75,0.27667893292778467,0.21470148395119612,0.35214936408918385,0.13794967023159466,0.1011818394611364,0.17525868684898638
rh950_percent,-48,30,78,0.23407817511815154,0.16454454875253924,0.28663912421560345,0.1328707940084493,0.09193104104764882,0.16591781951652204
rh950_percent,-48,33,81,0.1720267217223193,0.1196067006827135,0.2480475568076303,0.12463726669043083,0.08748585105726675,0.15924097401153778
rh950_percent,-48,36,84,0.15848570975141987,0.08780658128299286,0.2436693757860553,0.11991607650457765,0.0808963179387957,0.15404058763142064
rh950_percent,-48,39,87,0.1572980117411768,0.11056948277720058,0.24375731484230354,0.11348133378968582,0.07526412822516979,0.14864285179060455
rh950_percent,-48,42,90,0.21924805441788164,0.1432564594344485,0.2728605478627834,0.10727153765345125,0.07182891041202438,0.14434771015656286
rh950_percent,-48,45,93,0.25731127433936585,0.1652180577758609,0.32885582880542163,0.10362987702436759,0.06906886754941974,0.14058125979796138
rh950_percent,-48,48,96,0.271931889213648,0.17168578307414342,0.36717328230918306,0.09840732936640752,0.06496890800942806,0.13690056481192436
rh950_percent,-48,51,99,0.25086567130428156,0.15616001173337354,0.32341859226424197,0.09464418788110021,0.05789854537986494,0.13314206268594486
rh950_percent,-48,54,102,0.2073474379429035,0.1258929841764526,0.2637177949958979,0.09007620360448323,0.051140316714282916,0.13009033197031625
rh950_percent,-48,57,105,0.1276188476962227,0.08475222943217676,0.22633836312318298,0.0866541152054524,0.04698947273990619,0.12718309804839603
rh950_percent,-48,60,108,0.11447127319909682,0.052917790182039404,0.21463239772566253,0.08282377720015396,0.045120552667234165,0.12405704082589535
rh950_percent,-48,63,111,0.1205514322661072,0.07833260603181114,0.22597518784320947,0.07877546998322878,0.04299791127336161,0.12120267811990038
rh950_percent,-48,66,114,0.19017619352671322,0.10904654306895943,0.2581388326729739,0.07496526496222054,0.040930607519698944,0.11818091669146208
rh950_percent,-48,69,117,0.2502224935003361,0.12806788757437065,0.3128094992794616,0.07085557804719567,0.04136328850221031,0.11485668039361327
rh950_percent,-48,72,120,0.2662328890814172,0.13103818827313748,0.3530892972077111,0.07298389128277415,0.03965205549241037,0.11253429417047357
rh950_percent,-45,3,48,0.3841357548798662,0.3317892445835629,0.4642227262884776,0.2531346823497075,0.19818641602395873,0.2957291253983799
rh950_percent,-45,6,51,0.34923123813991397,0.2988935720633704,0.40234424636298793,0.2304951767023633,0.17874921918465453,0.272006665982459
rh950_percent,-45,9,54,0.29721753614752544,0.24947255026402335,0.33592707745216277,0.21438888703448958,0.1651055801954617,0.2504010730083298
rh950_percent,-45,12,57,0.25280403180428024,0.18045079871364011,0.2978873392368172,0.1960388557925535,0.15362192526207955,0.23431349431967458
rh950_percent,-45,15,60,0.22878675699522072,0.14176968510838042,0.283880447291162,0.1852286159200962,0.14494378651894235,0.22178839557741523
rh950_percent,-45,18,63,0.2289737178296471,0.16284312536046236,0.27859029019746084,0.1748531662894009,0.13526887008997726,0.21206460233960475
rh950_percent,-45,21,66,0.26203776037339754,0.1967664772871769,0.3021215187127649,0.1670859846410187,0.1253285503716387,0.2025052006445768
rh950_percent,-45,24,69,0.28750074806189835,0.23415574022689079,0.35908411470462365,0.15791696638495822,0.11799304461901029,0.19372669291068773
rh950_percent,-45,27,72,0.3027752318894281,0.23429638684344917,0.4014049962638525,0.14838415335827354,0.11001340618912495,0.1842077305669612
rh950_percent,-45,30,75,0.27667893292778467,0.21470148395119612,0.35214936408918385,0.13794967023159466,0.1011818394611364,0.17525868684898638
rh950_percent,-45,33,78,0.23407817511815154,0.16454454875253924,0.28663912421560345,0.1328707940084493,0.09193104104764882,0.16591781951652204
rh950_percent,-45,36,81,0.1720267217223193,0.1196067006827135,0.2480475568076303,0.12463726669043083,0.08748585105726675,0.15924097401153778
rh950_percent,-45,39,84,0.15848570975141987,0.08780658128299286,0.2436693757860553,0.11991607650457765,0.0808963179387957,0.15404058763142064
rh950_percent,-45,42,87,0.1572980117411768,0.11056948277720058,0.24375731484230354,0.11348133378968582,0.07526412822516979,0.14864285179060455
rh950_percent,-45,45,90,0.21924805441788164,0.1432564594344485,0.2728605478627834,0.10727153765345125,0.07182891041202438,0.14434771015656286
rh950_percent,-45,48,93,0.25731127433936585,0.1652180577758609,0.32885582880542163,0.10362987702436759,0.06906886754941974,0.14058125979796138
rh950_percent,-45,51,96,0.271931889213648,0.17168578307414342,0.36717328230918306,0.09840732936640752,0.06496890800942806,0.13690056481192436
rh950_percent,-45,54,99,0.25086567130428156,0.15616001173337354,0.32341859226424197,0.09464418788110021,0.05789854537986494,0.13314206268594486
rh950_percent,-45,57,102,0.2073474379429035,0.1258929841764526,0.2637177949958979,0.09007620360448323,0.051140316714282916,0.13009033197031625
rh950_percent,-45,60,105,0.1276188476962227,0.08475222943217676,0.22633836312318298,0.0866541152054524,0.04698947273990619,0.12718309804839603
rh950_percent,-45,63,108,0.11447127319909682,0.052917790182039404,0.21463239772566253,0.08282377720015396,0.045120552667234165,0.12405704082589535
rh950_percent,-45,66,111,0.1205514322661072,0.07833260603181114,0.22597518784320947,0.07877546998322878,0.04299791127336161,0.12120267811990038
rh950_percent,-45,69,114,0.19017619352671322,0.10904654306895943,0.2581388326729739,0.07496526496222054,0.040930607519698944,0.11818091669146208
rh950_percent,-45,72,117,0.2502224935003361,0.12806788757437065,0.3128094992794616,0.07085557804719567,0.04136328850221031,0.11485668039361327
rh950_percent,-42,3,45,0.38257789253525765,0.3328159743303455,0.4312145700222695,0.2711777079841702,0.21594667821082097,0.3153003861655887
rh950_percent,-42,6,48,0.3841357548798662,0.3317892445835629,0.4642227262884776,0.2531346823497075,0.19818641602395873,0.2957291253983799
rh950_percent,-42,9,51,0.34923123813991397,0.2988935720633704,0.40234424636298793,0.2304951767023633,0.17874921918465453,0.272006665982459
rh950_percent,-42,12,54,0.29721753614752544,0.24947255026402335,0.33592707745216277,0.21438888703448958,0.1651055801954617,0.2504010730083298
rh950_percent,-42,15,57,0.25280403180428024,0.18045079871364011,0.2978873392368172,0.1960388557925535,0.15362192526207955,0.23431349431967458
rh950_percent,-42,18,60,0.22878675699522072,0.14176968510838042,0.283880447291162,0.1852286159200962,0.14494378651894235,0.22178839557741523
rh950_percent,-42,21,63,0.2289737178296471,0.16284312536046236,0.27859029019746084,0.1748531662894009,0.13526887008997726,0.21206460233960475
rh950_percent,-42,24,66,0.26203776037339754,0.1967664772871769,0.3021215187127649,0.1670859846410187,0.1253285503716387,0.2025052006445768
rh950_percent,-42,27,69,0.28750074806189835,0.23415574022689079,0.35908411470462365,0.15791696638495822,0.11799304461901029,0.19372669291068773
rh950_percent,-42,30,72,0.3027752318894281,0.23429638684344917,0.4014049962638525,0.14838415335827354,0.11001340618912495,0.1842077305669612
rh950_percent,-42,33,75,0.27667893292778467,0.21470148395119612,0.35214936408918385,0.13794967023159466,0.1011818394611364,0.17525868684898638
rh950_percent,-42,36,78,0.23407817511815154,0.16454454875253924,0.28663912421560345,0.1328707940084493,0.09193104104764882,0.16591781951652204
rh950_percent,-42,39,81,0.1720267217223193,0.1196067006827135,0.2480475568076303,0.12463726669043083,0.08748585105726675,0.15924097401153778
rh950_percent,-42,42,84,0.15848570975141987,0.08780658128299286,0.2436693757860553,0.11991607650457765,0.0808963179387957,0.15404058763142064
rh950_percent,-42,45,87,0.1572980117411768,0.11056948277720058,0.24375731484230354,0.11348133378968582,0.07526412822516979,0.14864285179060455
rh950_percent,-42,48,90,0.21924805441788164,0.1432564594344485,0.2728605478627834,0.10727153765345125,0.07182891041202438,0.14434771015656286
rh950_percent,-42,51,93,0.25731127433936585,0.1652180577758609,0.32885582880542163,0.10362987702436759,0.06906886754941974,0.14058125979796138
rh950_percent,-42,54,96,0.271931889213648,0.17168578307414342,0.36717328230918306,0.09840732936640752,0.06496890800942806,0.13690056481192436
rh950_percent,-42,57,99,0.25086567130428156,0.15616001173337354,0.32341859226424197,0.09464418788110021,0.05789854537986494,0.13314206268594486
rh950_percent,-42,60,102,0.2073474379429035,0.1258929841764526,0.2637177949958979,0.09007620360448323,0.051140316714282916,0.13009033197031625
rh950_percent,-42,63,105,0.1276188476962227,0.08475222943217676,0.22633836312318298,0.0866541152054524,0.04698947273990619,0.12718309804839603
rh950_percent,-42,66,108,0.11447127319909682,0.052917790182039404,0.21463239772566253,0.08282377720015396,0.045120552667234165,0.12405704082589535
rh950_percent,-42,69,111,0.1205514322661072,0.07833260603181114,0.22597518784320947,0.07877546998322878,0.04299791127336161,0.12120267811990038
rh950_percent,-42,72,114,0.19017619352671322,0.10904654306895943,0.2581388326729739,0.07496526496222054,0.040930607519698944,0.11818091669146208
rh950_percent,-39,3,42,0.3514903511449118,0.3175827671065011,0.4007266846888202,0.28815412351853575,0.23053859856112907,0.3374860034876114
rh950_percent,-39,6,45,0.38257789253525765,0.3328159743303455,0.4312145700222695,0.2711777079841702,0.21594667821082097,0.3153003861655887
rh950_percent,-39,9,48,0.3841357548798662,0.3317892445835629,0.4642227262884776,0.2531346823497075,0.19818641602395873,0.2957291253983799
rh950_percent,-39,12,51,0.34923123813991397,0.2988935720633704,0.40234424636298793,0.2304951767023633,0.17874921918465453,0.272006665982459
rh950_percent,-39,15,54,0.29721753614752544,0.24947255026402335,0.33592707745216277,0.21438888703448958,0.1651055801954617,0.2504010730083298
rh950_percent,-39,18,57,0.25280403180428024,0.18045079871364011,0.2978873392368172,0.1960388557925535,0.15362192526207955,0.23431349431967458
rh950_percent,-39,21,60,0.22878675699522072,0.14176968510838042,0.283880447291162,0.1852286159200962,0.14494378651894235,0.22178839557741523
rh950_percent,-39,24,63,0.2289737178296471,0.16284312536046236,0.27859029019746084,0.1748531662894009,0.13526887008997726,0.21206460233960475
rh950_percent,-39,27,66,0.26203776037339754,0.1967664772871769,0.3021215187127649,0.1670859846410187,0.1253285503716387,0.2025052006445768
rh950_percent,-39,30,69,0.28750074806189835,0.23415574022689079,0.35908411470462365,0.15791696638495822,0.11799304461901029,0.19372669291068773
rh950_percent,-39,33,72,0.3027752318894281,0.23429638684344917,0.4014049962638525,0.14838415335827354,0.11001340618912495,0.1842077305669612
rh950_percent,-39,36,75,0.27667893292778467,0.21470148395119612,0.35214936408918385,0.13794967023159466,0.1011818394611364,0.17525868684898638
rh950_percent,-39,39,78,0.23407817511815154,0.16454454875253924,0.28663912421560345,0.1328707940084493,0.09193104104764882,0.16591781951652204
rh950_percent,-39,42,81,0.1720267217223193,0.1196067006827135,0.2480475568076303,0.12463726669043083,0.08748585105726675,0.15924097401153778
rh950_percent,-39,45,84,0.15848570975141987,0.08780658128299286,0.2436693757860553,0.11991607650457765,0.0808963179387957,0.15404058763142064
rh950_percent,-39,48,87,0.1572980117411768,0.11056948277720058,0.24375731484230354,0.11348133378968582,0.07526412822516979,0.14864285179060455
rh950_percent,-39,51,90,0.21924805441788164,0.1432564594344485,0.2728605478627834,0.10727153765345125,0.07182891041202438,0.14434771015656286
rh950_percent,-39,54,93,0.25731127433936585,0.1652180577758609,0.32885582880542163,0.10362987702436759,0.06906886754941974,0.14058125979796138
rh950_percent,-39,57,96,0.271931889213648,0.17168578307414342,0.36717328230918306,0.09840732936640752,0.06496890800942806,0.13690056481192436
rh950_percent,-39,60,99,0.25086567130428156,0.15616001173337354,0.32341859226424197,0.09464418788110021,0.05789854537986494,0.13314206268594486
rh950_percent,-39,63,102,0.2073474379429035,0.1258929841764526,0.2637177949958979,0.09007620360448323,0.051140316714282916,0.13009033197031625
rh950_percent,-39,66,105,0.1276188476962227,0.08475222943217676,0.22633836312318298,0.0866541152054524,0.04698947273990619,0.12718309804839603
rh950_percent,-39,69,108,0.11447127319909682,0.052917790182039404,0.21463239772566253,0.08282377720015396,0.045120552667234165,0.12405704082589535
rh950_percent,-39,72,111,0.1205514322661072,0.07833260603181114,0.22597518784320947,0.07877546998322878,0.04299791127336161,0.12120267811990038
rh950_percent,-36,3,39,0.3499478502497968,0.25508764699794295,0.40381611358083463,0.31172917551387325,0.25091620819788996,0.3662535802363094
rh950_percent,-36,6,42,0.3514903511449118,0.3175827671065011,0.4007266846888202,0.28815412351853575,0.23053859856112907,0.3374860034876114
rh950_percent,-36,9,45,0.38257789253525765,0.3328159743303455,0.4312145700222695,0.2711777079841702,0.21594667821082097,0.3153003861655887
rh950_percent,-36,12,48,0.3841357548798662,0.3317892445835629,0.4642227262884776,0.2531346823497075,0.19818641602395873,0.2957291253983799
rh950_percent,-36,15,51,0.34923123813991397,0.2988935720633704,0.40234424636298793,0.2304951767023633,0.17874921918465453,0.272006665982459
rh950_percent,-36,18,54,0.29721753614752544,0.24947255026402335,0.33592707745216277,0.21438888703448958,0.1651055801954617,0.2504010730083298
rh950_percent,-36,21,57,0.25280403180428024,0.18045079871364011,0.2978873392368172,0.1960388557925535,0.15362192526207955,0.23431349431967458
rh950_percent,-36,24,60,0.22878675699522072,0.14176968510838042,0.283880447291162,0.1852286159200962,0.14494378651894235,0.22178839557741523
rh950_percent,-36,27,63,0.2289737178296471,0.16284312536046236,0.27859029019746084,0.1748531662894009,0.13526887008997726,0.21206460233960475
rh950_percent,-36,30,66,0.26203776037339754,0.1967664772871769,0.3021215187127649,0.1670859846410187,0.1253285503716387,0.2025052006445768
rh950_percent,-36,33,69,0.28750074806189835,0.23415574022689079,0.35908411470462365,0.15791696638495822,0.11799304461901029,0.19372669291068773
rh950_percent,-36,36,72,0.3027752318894281,0.23429638684344917,0.4014049962638525,0.14838415335827354,0.11001340618912495,0.1842077305669612
rh950_percent,-36,39,75,0.27667893292778467,0.21470148395119612,0.35214936408918385,0.13794967023159466,0.1011818394611364,0.17525868684898638
rh950_percent,-36,42,78,0.23407817511815154,0.16454454875253924,0.28663912421560345,0.1328707940084493,0.09193104104764882,0.16591781951652204
rh950_percent,-36,45,81,0.1720267217223193,0.1196067006827135,0.2480475568076303,0.12463726669043083,0.08748585105726675,0.15924097401153778
rh950_percent,-36,48,84,0.15848570975141987,0.08780658128299286,0.2436693757860553,0.11991607650457765,0.0808963179387957,0.15404058763142064
rh950_percent,-36,51,87,0.1572980117411768,0.11056948277720058,0.24375731484230354,0.11348133378968582,0.07526412822516979,0.14864285179060455
rh950_percent,-36,54,90,0.21924805441788164,0.1432564594344485,0.2728605478627834,0.10727153765345125,0.07182891041202438,0.14434771015656286
rh950_percent,-36,57,93,0.25731127433936585,0.1652180577758609,0.32885582880542163,0.10362987702436759,0.06906886754941974,0.14058125979796138
rh950_percent,-36,60,96,0.271931889213648,0.17168578307414342,0.36717328230918306,0.09840732936640752,0.06496890800942806,0.13690056481192436
rh950_percent,-36,63,99,0.25086567130428156,0.15616001173337354,0.32341859226424197,0.09464418788110021,0.05789854537986494,0.13314206268594486
rh950_percent,-36,66,102,0.2073474379429035,0.1258929841764526,0.2637177949958979,0.09007620360448323,0.051140316714282916,0.13009033197031625
rh950_percent,-36,69,105,0.1276188476962227,0.08475222943217676,0.22633836312318298,0.0866541152054524,0.04698947273990619,0.12718309804839603
rh950_percent,-36,72,108,0.11447127319909682,0.052917790182039404,0.21463239772566253,0.08282377720015396,0.045120552667234165,0.12405704082589535
rh950_percent,-33,3,36,0.3686676188087552,0.2415265765418066,0.4283490898758907,0.33681169761569274,0.2715355994292952,0.3919754277171947
rh950_percent,-33,6,39,0.3499478502497968,0.25508764699794295,0.40381611358083463,0.31172917551387325,0.25091620819788996,0.3662535802363094
rh950_percent,-33,9,42,0.3514903511449118,0.3175827671065011,0.4007266846888202,0.28815412351853575,0.23053859856112907,0.3374860034876114
rh950_percent,-33,12,45,0.38257789253525765,0.3328159743303455,0.4312145700222695,0.2711777079841702,0.21594667821082097,0.3153003861655887
rh950_percent,-33,15,48,0.3841357548798662,0.3317892445835629,0.4642227262884776,0.2531346823497075,0.19818641602395873,0.2957291253983799
rh950_percent,-33,18,51,0.34923123813991397,0.2988935720633704,0.40234424636298793,0.2304951767023633,0.17874921918465453,0.272006665982459
rh950_percent,-33,21,54,0.29721753614752544,0.24947255026402335,0.33592707745216277,0.21438888703448958,0.1651055801954617,0.2504010730083298
rh950_percent,-33,24,57,0.25280403180428024,0.18045079871364011,0.2978873392368172,0.1960388557925535,0.15362192526207955,0.23431349431967458
rh950_percent,-33,27,60,0.22878675699522072,0.14176968510838042,0.283880447291162,0.1852286159200962,0.14494378651894235,0.22178839557741523
rh950_percent,-33,30,63,0.2289737178296471,0.16284312536046236,0.27859029019746084,0.1748531662894009,0.13526887008997726,0.21206460233960475
rh950_percent,-33,33,66,0.26203776037339754,0.1967664772871769,0.3021215187127649,0.1670859846410187,0.1253285503716387,0.2025052006445768
rh950_percent,-33,36,69,0.28750074806189835,0.23415574022689079,0.35908411470462365,0.15791696638495822,0.11799304461901029,0.19372669291068773
rh950_percent,-33,39,72,0.3027752318894281,0.23429638684344917,0.4014049962638525,0.14838415335827354,0.11001340618912495,0.1842077305669612
rh950_percent,-33,42,75,0.27667893292778467,0.21470148395119612,0.35214936408918385,0.13794967023159466,0.1011818394611364,0.17525868684898638
rh950_percent,-33,45,78,0.23407817511815154,0.16454454875253924,0.28663912421560345,0.1328707940084493,0.09193104104764882,0.16591781951652204
rh950_percent,-33,48,81,0.1720267217223193,0.1196067006827135,0.2480475568076303,0.12463726669043083,0.08748585105726675,0.15924097401153778
rh950_percent,-33,51,84,0.15848570975141987,0.08780658128299286,0.2436693757860553,0.11991607650457765,0.0808963179387957,0.15404058763142064
rh950_percent,-33,54,87,0.1572980117411768,0.11056948277720058,0.24375731484230354,0.11348133378968582,0.07526412822516979,0.14864285179060455
rh950_percent,-33,57,90,0.21924805441788164,0.1432564594344485,0.2728605478627834,0.10727153765345125,0.07182891041202438,0.14434771015656286
rh950_percent,-33,60,93,0.25731127433936585,0.1652180577758609,0.32885582880542163,0.10362987702436759,0.06906886754941974,0.14058125979796138
rh950_percent,-33,63,96,0.271931889213648,0.17168578307414342,0.36717328230918306,0.09840732936640752,0.06496890800942806,0.13690056481192436
rh950_percent,-33,66,99,0.25086567130428156,0.15616001173337354,0.32341859226424197,0.09464418788110021,0.05789854537986494,0.13314206268594486
rh950_percent,-33,69,102,0.2073474379429035,0.1258929841764526,0.2637177949958979,0.09007620360448323,0.051140316714282916,0.13009033197031625
rh950_percent,-33,72,105,0.1276188476962227,0.08475222943217676,0.22633836312318298,0.0866541152054524,0.04698947273990619,0.12718309804839603
rh950_percent,-30,3,33,0.4020934187398887,0.29934081815440794,0.4601304615263542,0.37044919350415084,0.30396283098102156,0.4238120784861313
rh950_percent,-30,6,36,0.3686676188087552,0.2415265765418066,0.4283490898758907,0.33681169761569274,0.2715355994292952,0.3919754277171947
rh950_percent,-30,9,39,0.3499478502497968,0.25508764699794295,0.40381611358083463,0.31172917551387325,0.25091620819788996,0.3662535802363094
rh950_percent,-30,12,42,0.3514903511449118,0.3175827671065011,0.4007266846888202,0.28815412351853575,0.23053859856112907,0.3374860034876114
rh950_percent,-30,15,45,0.38257789253525765,0.3328159743303455,0.4312145700222695,0.2711777079841702,0.21594667821082097,0.3153003861655887
rh950_percent,-30,18,48,0.3841357548798662,0.3317892445835629,0.4642227262884776,0.2531346823497075,0.19818641602395873,0.2957291253983799
rh950_percent,-30,21,51,0.34923123813991397,0.2988935720633704,0.40234424636298793,0.2304951767023633,0.17874921918465453,0.272006665982459
rh950_percent,-30,24,54,0.29721753614752544,0.24947255026402335,0.33592707745216277,0.21438888703448958,0.1651055801954617,0.2504010730083298
rh950_percent,-30,27,57,0.25280403180428024,0.18045079871364011,0.2978873392368172,0.1960388557925535,0.15362192526207955,0.23431349431967458
rh950_percent,-30,30,60,0.22878675699522072,0.14176968510838042,0.283880447291162,0.1852286159200962,0.14494378651894235,0.22178839557741523
rh950_percent,-30,33,63,0.2289737178296471,0.16284312536046236,0.27859029019746084,0.1748531662894009,0.13526887008997726,0.21206460233960475
rh950_percent,-30,36,66,0.26203776037339754,0.1967664772871769,0.3021215187127649,0.1670859846410187,0.1253285503716387,0.2025052006445768
rh950_percent,-30,39,69,0.28750074806189835,0.23415574022689079,0.35908411470462365,0.15791696638495822,0.11799304461901029,0.19372669291068773
rh950_percent,-30,42,72,0.3027752318894281,0.23429638684344917,0.4014049962638525,0.14838415335827354,0.11001340618912495,0.1842077305669612
rh950_percent,-30,45,75,0.27667893292778467,0.21470148395119612,0.35214936408918385,0.13794967023159466,0.1011818394611364,0.17525868684898638
rh950_percent,-30,48,78,0.23407817511815154,0.16454454875253924,0.28663912421560345,0.1328707940084493,0.09193104104764882,0.16591781951652204
rh950_percent,-30,51,81,0.1720267217223193,0.1196067006827135,0.2480475568076303,0.12463726669043083,0.08748585105726675,0.15924097401153778
rh950_percent,-30,54,84,0.15848570975141987,0.08780658128299286,0.2436693757860553,0.11991607650457765,0.0808963179387957,0.15404058763142064
rh950_percent,-30,57,87,0.1572980117411768,0.11056948277720058,0.24375731484230354,0.11348133378968582,0.07526412822516979,0.14864285179060455
rh950_percent,-30,60,90,0.21924805441788164,0.1432564594344485,0.2728605478627834,0.10727153765345125,0.07182891041202438,0.14434771015656286
rh950_percent,-30,63,93,0.25731127433936585,0.1652180577758609,0.32885582880542163,0.10362987702436759,0.06906886754941974,0.14058125979796138
rh950_percent,-30,66,96,0.271931889213648,0.17168578307414342,0.36717328230918306,0.09840732936640752,0.06496890800942806,0.13690056481192436
rh950_percent,-30,69,99,0.25086567130428156,0.15616001173337354,0.32341859226424197,0.09464418788110021,0.05789854537986494,0.13314206268594486
rh950_percent,-30,72,102,0.2073474379429035,0.1258929841764526,0.2637177949958979,0.09007620360448323,0.051140316714282916,0.13009033197031625
rh950_percent,-27,3,30,0.45516666617876567,0.40670562254085607,0.5087836114485098,0.4120976457012566,0.3415528160717577,0.46745345473378325
rh950_percent,-27,6,33,0.4020934187398887,0.29934081815440794,0.4601304615263542,0.37044919350415084,0.30396283098102156,0.4238120784861313
rh950_percent,-27,9,36,0.3686676188087552,0.2415265765418066,0.4283490898758907,0.33681169761569274,0.2715355994292952,0.3919754277171947
rh950_percent,-27,12,39,0.3499478502497968,0.25508764699794295,0.40381611358083463,0.31172917551387325,0.25091620819788996,0.3662535802363094
rh950_percent,-27,15,42,0.3514903511449118,0.3175827671065011,0.4007266846888202,0.28815412351853575,0.23053859856112907,0.3374860034876114
rh950_percent,-27,18,45,0.38257789253525765,0.3328159743303455,0.4312145700222695,0.2711777079841702,0.21594667821082097,0.3153003861655887
rh950_percent,-27,21,48,0.3841357548798662,0.3317892445835629,0.4642227262884776,0.2531346823497075,0.19818641602395873,0.2957291253983799
rh950_percent,-27,24,51,0.34923123813991397,0.2988935720633704,0.40234424636298793,0.2304951767023633,0.17874921918465453,0.272006665982459
rh950_percent,-27,27,54,0.29721753614752544,0.24947255026402335,0.33592707745216277,0.21438888703448958,0.1651055801954617,0.2504010730083298
rh950_percent,-27,30,57,0.25280403180428024,0.18045079871364011,0.2978873392368172,0.1960388557925535,0.15362192526207955,0.23431349431967458
rh950_percent,-27,33,60,0.22878675699522072,0.14176968510838042,0.283880447291162,0.1852286159200962,0.14494378651894235,0.22178839557741523
rh950_percent,-27,36,63,0.2289737178296471,0.16284312536046236,0.27859029019746084,0.1748531662894009,0.13526887008997726,0.21206460233960475
rh950_percent,-27,39,66,0.26203776037339754,0.1967664772871769,0.3021215187127649,0.1670859846410187,0.1253285503716387,0.2025052006445768
rh950_percent,-27,42,69,0.28750074806189835,0.23415574022689079,0.35908411470462365,0.15791696638495822,0.11799304461901029,0.19372669291068773
rh950_percent,-27,45,72,0.3027752318894281,0.23429638684344917,0.4014049962638525,0.14838415335827354,0.11001340618912495,0.1842077305669612
rh950_percent,-27,48,75,0.27667893292778467,0.21470148395119612,0.35214936408918385,0.13794967023159466,0.1011818394611364,0.17525868684898638
rh950_percent,-27,51,78,0.23407817511815154,0.16454454875253924,0.28663912421560345,0.1328707940084493,0.09193104104764882,0.16591781951652204
rh950_percent,-27,54,81,0.1720267217223193,0.1196067006827135,0.2480475568076303,0.12463726669043083,0.08748585105726675,0.15924097401153778
rh950_percent,-27,57,84,0.15848570975141987,0.08780658128299286,0.2436693757860553,0.11991607650457765,0.0808963179387957,0.15404058763142064
rh950_percent,-27,60,87,0.1572980117411768,0.11056948277720058,0.24375731484230354,0.11348133378968582,0.07526412822516979,0.14864285179060455
rh950_percent,-27,63,90,0.21924805441788164,0.1432564594344485,0.2728605478627834,0.10727153765345125,0.07182891041202438,0.14434771015656286
rh950_percent,-27,66,93,0.25731127433936585,0.1652180577758609,0.32885582880542163,0.10362987702436759,0.06906886754941974,0.14058125979796138
rh950_percent,-27,69,96,0.271931889213648,0.17168578307414342,0.36717328230918306,0.09840732936640752,0.06496890800942806,0.13690056481192436
rh950_percent,-27,72,99,0.25086567130428156,0.15616001173337354,0.32341859226424197,0.09464418788110021,0.05789854537986494,0.13314206268594486
rh950_percent,-24,3,27,0.543079364920805,0.4948562351676173,0.5884924873328993,0.4592136442310663,0.394519848458144,0.5124000094891834
rh950_percent,-24,6,30,0.45516666617876567,0.40670562254085607,0.5087836114485098,0.4120976457012566,0.3415528160717577,0.46745345473378325
rh950_percent,-24,9,33,0.4020934187398887,0.29934081815440794,0.4601304615263542,0.37044919350415084,0.30396283098102156,0.4238120784861313
rh950_percent,-24,12,36,0.3686676188087552,0.2415265765418066,0.4283490898758907,0.33681169761569274,0.2715355994292952,0.3919754277171947
rh950_percent,-24,15,39,0.3499478502497968,0.25508764699794295,0.40381611358083463,0.31172917551387325,0.25091620819788996,0.3662535802363094
rh950_percent,-24,18,42,0.3514903511449118,0.3175827671065011,0.4007266846888202,0.28815412351853575,0.23053859856112907,0.3374860034876114
rh950_percent,-24,21,45,0.38257789253525765,0.3328159743303455,0.4312145700222695,0.2711777079841702,0.21594667821082097,0.3153003861655887
rh950_percent,-24,24,48,0.3841357548798662,0.3317892445835629,0.4642227262884776,0.2531346823497075,0.19818641602395873,0.2957291253983799
rh950_percent,-24,27,51,0.34923123813991397,0.2988935720633704,0.40234424636298793,0.2304951767023633,0.17874921918465453,0.272006665982459
rh950_percent,-24,30,54,0.29721753614752544,0.24947255026402335,0.33592707745216277,0.21438888703448958,0.1651055801954617,0.2504010730083298
rh950_percent,-24,33,57,0.25280403180428024,0.18045079871364011,0.2978873392368172,0.1960388557925535,0.15362192526207955,0.23431349431967458
rh950_percent,-24,36,60,0.22878675699522072,0.14176968510838042,0.283880447291162,0.1852286159200962,0.14494378651894235,0.22178839557741523
rh950_percent,-24,39,63,0.2289737178296471,0.16284312536046236,0.27859029019746084,0.1748531662894009,0.13526887008997726,0.21206460233960475
rh950_percent,-24,42,66,0.26203776037339754,0.1967664772871769,0.3021215187127649,0.1670859846410187,0.1253285503716387,0.2025052006445768
rh950_percent,-24,45,69,0.28750074806189835,0.23415574022689079,0.35908411470462365,0.15791696638495822,0.11799304461901029,0.19372669291068773
rh950_percent,-24,48,72,0.3027752318894281,0.23429638684344917,0.4014049962638525,0.14838415335827354,0.11001340618912495,0.1842077305669612
rh950_percent,-24,51,75,0.27667893292778467,0.21470148395119612,0.35214936408918385,0.13794967023159466,0.1011818394611364,0.17525868684898638
rh950_percent,-24,54,78,0.23407817511815154,0.16454454875253924,0.28663912421560345,0.1328707940084493,0.09193104104764882,0.16591781951652204
rh950_percent,-24,57,81,0.1720267217223193,0.1196067006827135,0.2480475568076303,0.12463726669043083,0.08748585105726675,0.15924097401153778
rh950_percent,-24,60,84,0.15848570975141987,0.08780658128299286,0.2436693757860553,0.11991607650457765,0.0808963179387957,0.15404058763142064
rh950_percent,-24,63,87,0.1572980117411768,0.11056948277720058,0.24375731484230354,0.11348133378968582,0.07526412822516979,0.14864285179060455
rh950_percent,-24,66,90,0.21924805441788164,0.1432564594344485,0.2728605478627834,0.10727153765345125,0.07182891041202438,0.14434771015656286
rh950_percent,-24,69,93,0.25731127433936585,0.1652180577758609,0.32885582880542163,0.10362987702436759,0.06906886754941974,0.14058125979796138
rh950_percent,-24,72,96,0.271931889213648,0.17168578307414342,0.36717328230918306,0.09840732936640752,0.06496890800942806,0.13690056481192436
rh950_percent,-21,3,24,0.6168886425826401,0.5558563108806206,0.6590875469287693,0.5109719387747497,0.44657718615415815,0.5601715145728039
rh950_percent,-21,6,27,0.543079364920805,0.4948562351676173,0.5884924873328993,0.4592136442310663,0.394519848458144,0.5124000094891834
rh950_percent,-21,9,30,0.45516666617876567,0.40670562254085607,0.5087836114485098,0.4120976457012566,0.3415528160717577,0.46745345473378325
rh950_percent,-21,12,33,0.4020934187398887,0.29934081815440794,0.4601304615263542,0.37044919350415084,0.30396283098102156,0.4238120784861313
rh950_percent,-21,15,36,0.3686676188087552,0.2415265765418066,0.4283490898758907,0.33681169761569274,0.2715355994292952,0.3919754277171947
rh950_percent,-21,18,39,0.3499478502497968,0.25508764699794295,0.40381611358083463,0.31172917551387325,0.25091620819788996,0.3662535802363094
rh950_percent,-21,21,42,0.3514903511449118,0.3175827671065011,0.4007266846888202,0.28815412351853575,0.23053859856112907,0.3374860034876114
rh950_percent,-21,24,45,0.38257789253525765,0.3328159743303455,0.4312145700222695,0.2711777079841702,0.21594667821082097,0.3153003861655887
rh950_percent,-21,27,48,0.3841357548798662,0.3317892445835629,0.4642227262884776,0.2531346823497075,0.19818641602395873,0.2957291253983799
rh950_percent,-21,30,51,0.34923123813991397,0.2988935720633704,0.40234424636298793,0.2304951767023633,0.17874921918465453,0.272006665982459
rh950_percent,-21,33,54,0.29721753614752544,0.24947255026402335,0.33592707745216277,0.21438888703448958,0.1651055801954617,0.2504010730083298
rh950_percent,-21,36,57,0.25280403180428024,0.18045079871364011,0.2978873392368172,0.1960388557925535,0.15362192526207955,0.23431349431967458
rh950_percent,-21,39,60,0.22878675699522072,0.14176968510838042,0.283880447291162,0.1852286159200962,0.14494378651894235,0.22178839557741523
rh950_percent,-21,42,63,0.2289737178296471,0.16284312536046236,0.27859029019746084,0.1748531662894009,0.13526887008997726,0.21206460233960475
rh950_percent,-21,45,66,0.26203776037339754,0.1967664772871769,0.3021215187127649,0.1670859846410187,0.1253285503716387,0.2025052006445768
rh950_percent,-21,48,69,0.28750074806189835,0.23415574022689079,0.35908411470462365,0.15791696638495822,0.11799304461901029,0.19372669291068773
rh950_percent,-21,51,72,0.3027752318894281,0.23429638684344917,0.4014049962638525,0.14838415335827354,0.11001340618912495,0.1842077305669612
rh950_percent,-21,54,75,0.27667893292778467,0.21470148395119612,0.35214936408918385,0.13794967023159466,0.1011818394611364,0.17525868684898638
rh950_percent,-21,57,78,0.23407817511815154,0.16454454875253924,0.28663912421560345,0.1328707940084493,0.09193104104764882,0.16591781951652204
rh950_percent,-21,60,81,0.1720267217223193,0.1196067006827135,0.2480475568076303,0.12463726669043083,0.08748585105726675,0.15924097401153778
rh950_percent,-21,63,84,0.15848570975141987,0.08780658128299286,0.2436693757860553,0.11991607650457765,0.0808963179387957,0.15404058763142064
rh950_percent,-21,66,87,0.1572980117411768,0.11056948277720058,0.24375731484230354,0.11348133378968582,0.07526412822516979,0.14864285179060455
rh950_percent,-21,69,90,0.21924805441788164,0.1432564594344485,0.2728605478627834,0.10727153765345125,0.07182891041202438,0.14434771015656286
rh950_percent,-21,72,93,0.25731127433936585,0.1652180577758609,0.32885582880542163,0.10362987702436759,0.06906886754941974,0.14058125979796138
rh950_percent,-18,3,21,0.6199495252256867,0.5673889786338238,0.6556566105015013,0.5496499151709429,0.480720818774858,0.6023619487525278
rh950_percent,-18,6,24,0.6168886425826401,0.5558563108806206,0.6590875469287693,0.5109719387747497,0.44657718615415815,0.5601715145728039
rh950_percent,-18,9,27,0.543079364920805,0.4948562351676173,0.5884924873328993,0.4592136442310663,0.394519848458144,0.5124000094891834
rh950_percent,-18,12,30,0.45516666617876567,0.40670562254085607,0.5087836114485098,0.4120976457012566,0.3415528160717577,0.46745345473378325
rh950_percent,-18,15,33,0.4020934187398887,0.29934081815440794,0.4601304615263542,0.37044919350415084,0.30396283098102156,0.4238120784861313
rh950_percent,-18,18,36,0.3686676188087552,0.2415265765418066,0.4283490898758907,0.33681169761569274,0.2715355994292952,0.3919754277171947
rh950_percent,-18,21,39,0.3499478502497968,0.25508764699794295,0.40381611358083463,0.31172917551387325,0.25091620819788996,0.3662535802363094
rh950_percent,-18,24,42,0.3514903511449118,0.3175827671065011,0.4007266846888202,0.28815412351853575,0.23053859856112907,0.3374860034876114
rh950_percent,-18,27,45,0.38257789253525765,0.3328159743303455,0.4312145700222695,0.2711777079841702,0.21594667821082097,0.3153003861655887
rh950_percent,-18,30,48,0.3841357548798662,0.3317892445835629,0.4642227262884776,0.2531346823497075,0.19818641602395873,0.2957291253983799
rh950_percent,-18,33,51,0.34923123813991397,0.2988935720633704,0.40234424636298793,0.2304951767023633,0.17874921918465453,0.272006665982459
rh950_percent,-18,36,54,0.29721753614752544,0.24947255026402335,0.33592707745216277,0.21438888703448958,0.1651055801954617,0.2504010730083298
rh950_percent,-18,39,57,0.25280403180428024,0.18045079871364011,0.2978873392368172,0.1960388557925535,0.15362192526207955,0.23431349431967458
rh950_percent,-18,42,60,0.22878675699522072,0.14176968510838042,0.283880447291162,0.1852286159200962,0.14494378651894235,0.22178839557741523
rh950_percent,-18,45,63,0.2289737178296471,0.16284312536046236,0.27859029019746084,0.1748531662894009,0.13526887008997726,0.21206460233960475
rh950_percent,-18,48,66,0.26203776037339754,0.1967664772871769,0.3021215187127649,0.1670859846410187,0.1253285503716387,0.2025052006445768
rh950_percent,-18,51,69,0.28750074806189835,0.23415574022689079,0.35908411470462365,0.15791696638495822,0.11799304461901029,0.19372669291068773
rh950_percent,-18,54,72,0.3027752318894281,0.23429638684344917,0.4014049962638525,0.14838415335827354,0.11001340618912495,0.1842077305669612
rh950_percent,-18,57,75,0.27667893292778467,0.21470148395119612,0.35214936408918385,0.13794967023159466,0.1011818394611364,0.17525868684898638
rh950_percent,-18,60,78,0.23407817511815154,0.16454454875253924,0.28663912421560345,0.1328707940084493,0.09193104104764882,0.16591781951652204
rh950_percent,-18,63,81,0.1720267217223193,0.1196067006827135,0.2480475568076303,0.12463726669043083,0.08748585105726675,0.15924097401153778
rh950_percent,-18,66,84,0.15848570975141987,0.08780658128299286,0.2436693757860553,0.11991607650457765,0.0808963179387957,0.15404058763142064
rh950_percent,-18,69,87,0.1572980117411768,0.11056948277720058,0.24375731484230354,0.11348133378968582,0.07526412822516979,0.14864285179060455
rh950_percent,-18,72,90,0.21924805441788164,0.1432564594344485,0.2728605478627834,0.10727153765345125,0.07182891041202438,0.14434771015656286
rh950_percent,-15,3,18,0.6071686018442484,0.5304473513989165,0.6689185210812346,0.5851615373414479,0.518523117307808,0.6429786681506029
rh950_percent,-15,6,21,0.6199495252256867,0.5673889786338238,0.6556566105015013,0.5496499151709429,0.480720818774858,0.6023619487525278
rh950_percent,-15,9,24,0.6168886425826401,0.5558563108806206,0.6590875469287693,0.5109719387747497,0.44657718615415815,0.5601715145728039
rh950_percent,-15,12,27,0.543079364920805,0.4948562351676173,0.5884924873328993,0.4592136442310663,0.394519848458144,0.5124000094891834
rh950_percent,-15,15,30,0.45516666617876567,0.40670562254085607,0.5087836114485098,0.4120976457012566,0.3415528160717577,0.46745345473378325
rh950_percent,-15,18,33,0.4020934187398887,0.29934081815440794,0.4601304615263542,0.37044919350415084,0.30396283098102156,0.4238120784861313
rh950_percent,-15,21,36,0.3686676188087552,0.2415265765418066,0.4283490898758907,0.33681169761569274,0.2715355994292952,0.3919754277171947
rh950_percent,-15,24,39,0.3499478502497968,0.25508764699794295,0.40381611358083463,0.31172917551387325,0.25091620819788996,0.3662535802363094
rh950_percent,-15,27,42,0.3514903511449118,0.3175827671065011,0.4007266846888202,0.28815412351853575,0.23053859856112907,0.3374860034876114
rh950_percent,-15,30,45,0.38257789253525765,0.3328159743303455,0.4312145700222695,0.2711777079841702,0.21594667821082097,0.3153003861655887
rh950_percent,-15,33,48,0.3841357548798662,0.3317892445835629,0.4642227262884776,0.2531346823497075,0.19818641602395873,0.2957291253983799
rh950_percent,-15,36,51,0.34923123813991397,0.2988935720633704,0.40234424636298793,0.2304951767023633,0.17874921918465453,0.272006665982459
rh950_percent,-15,39,54,0.29721753614752544,0.24947255026402335,0.33592707745216277,0.21438888703448958,0.1651055801954617,0.2504010730083298
rh950_percent,-15,42,57,0.25280403180428024,0.18045079871364011,0.2978873392368172,0.1960388557925535,0.15362192526207955,0.23431349431967458
rh950_percent,-15,45,60,0.22878675699522072,0.14176968510838042,0.283880447291162,0.1852286159200962,0.14494378651894235,0.22178839557741523
rh950_percent,-15,48,63,0.2289737178296471,0.16284312536046236,0.27859029019746084,0.1748531662894009,0.13526887008997726,0.21206460233960475
rh950_percent,-15,51,66,0.26203776037339754,0.1967664772871769,0.3021215187127649,0.1670859846410187,0.1253285503716387,0.2025052006445768
rh950_percent,-15,54,69,0.28750074806189835,0.23415574022689079,0.35908411470462365,0.15791696638495822,0.11799304461901029,0.19372669291068773
rh950_percent,-15,57,72,0.3027752318894281,0.23429638684344917,0.4014049962638525,0.14838415335827354,0.11001340618912495,0.1842077305669612
rh950_percent,-15,60,75,0.27667893292778467,0.21470148395119612,0.35214936408918385,0.13794967023159466,0.1011818394611364,0.17525868684898638
rh950_percent,-15,63,78,0.23407817511815154,0.16454454875253924,0.28663912421560345,0.1328707940084493,0.09193104104764882,0.16591781951652204
rh950_percent,-15,66,81,0.1720267217223193,0.1196067006827135,0.2480475568076303,0.12463726669043083,0.08748585105726675,0.15924097401153778
rh950_percent,-15,69,84,0.15848570975141987,0.08780658128299286,0.2436693757860553,0.11991607650457765,0.0808963179387957,0.15404058763142064
rh950_percent,-15,72,87,0.1572980117411768,0.11056948277720058,0.24375731484230354,0.11348133378968582,0.07526412822516979,0.14864285179060455
rh950_percent,-12,3,15,0.6397698988833045,0.4808039507570605,0.7026452840953576,0.6332402052255011,0.5662982540548732,0.6893992324630319
rh950_percent,-12,6,18,0.6071686018442484,0.5304473513989165,0.6689185210812346,0.5851615373414479,0.518523117307808,0.6429786681506029
rh950_percent,-12,9,21,0.6199495252256867,0.5673889786338238,0.6556566105015013,0.5496499151709429,0.480720818774858,0.6023619487525278
rh950_percent,-12,12,24,0.6168886425826401,0.5558563108806206,0.6590875469287693,0.5109719387747497,0.44657718615415815,0.5601715145728039
rh950_percent,-12,15,27,0.543079364920805,0.4948562351676173,0.5884924873328993,0.4592136442310663,0.394519848458144,0.5124000094891834
rh950_percent,-12,18,30,0.45516666617876567,0.40670562254085607,0.5087836114485098,0.4120976457012566,0.3415528160717577,0.46745345473378325
rh950_percent,-12,21,33,0.4020934187398887,0.29934081815440794,0.4601304615263542,0.37044919350415084,0.30396283098102156,0.4238120784861313
rh950_percent,-12,24,36,0.3686676188087552,0.2415265765418066,0.4283490898758907,0.33681169761569274,0.2715355994292952,0.3919754277171947
rh950_percent,-12,27,39,0.3499478502497968,0.25508764699794295,0.40381611358083463,0.31172917551387325,0.25091620819788996,0.3662535802363094
rh950_percent,-12,30,42,0.3514903511449118,0.3175827671065011,0.4007266846888202,0.28815412351853575,0.23053859856112907,0.3374860034876114
rh950_percent,-12,33,45,0.38257789253525765,0.3328159743303455,0.4312145700222695,0.2711777079841702,0.21594667821082097,0.3153003861655887
rh950_percent,-12,36,48,0.3841357548798662,0.3317892445835629,0.4642227262884776,0.2531346823497075,0.19818641602395873,0.2957291253983799
rh950_percent,-12,39,51,0.34923123813991397,0.2988935720633704,0.40234424636298793,0.2304951767023633,0.17874921918465453,0.272006665982459
rh950_percent,-12,42,54,0.29721753614752544,0.24947255026402335,0.33592707745216277,0.21438888703448958,0.1651055801954617,0.2504010730083298
rh950_percent,-12,45,57,0.25280403180428024,0.18045079871364011,0.2978873392368172,0.1960388557925535,0.15362192526207955,0.23431349431967458
rh950_percent,-12,48,60,0.22878675699522072,0.14176968510838042,0.283880447291162,0.1852286159200962,0.14494378651894235,0.22178839557741523
rh950_percent,-12,51,63,0.2289737178296471,0.16284312536046236,0.27859029019746084,0.1748531662894009,0.13526887008997726,0.21206460233960475
rh950_percent,-12,54,66,0.26203776037339754,0.1967664772871769,0.3021215187127649,0.1670859846410187,0.1253285503716387,0.2025052006445768
rh950_percent,-12,57,69,0.28750074806189835,0.23415574022689079,0.35908411470462365,0.15791696638495822,0.11799304461901029,0.19372669291068773
rh950_percent,-12,60,72,0.3027752318894281,0.23429638684344917,0.4014049962638525,0.14838415335827354,0.11001340618912495,0.1842077305669612
rh950_percent,-12,63,75,0.27667893292778467,0.21470148395119612,0.35214936408918385,0.13794967023159466,0.1011818394611364,0.17525868684898638
rh950_percent,-12,66,78,0.23407817511815154,0.16454454875253924,0.28663912421560345,0.1328707940084493,0.09193104104764882,0.16591781951652204
rh950_percent,-12,69,81,0.1720267217223193,0.1196067006827135,0.2480475568076303,0.12463726669043083,0.08748585105726675,0.15924097401153778
rh950_percent,-12,72,84,0.15848570975141987,0.08780658128299286,0.2436693757860553,0.11991607650457765,0.0808963179387957,0.15404058763142064
rh950_percent,-9,3,12,0.691572815536668,0.4815132460580903,0.7481887739390171,0.6904132487165386,0.6305911179448447,0.7414808410183459
rh950_percent,-9,6,15,0.6397698988833045,0.4808039507570605,0.7026452840953576,0.6332402052255011,0.5662982540548732,0.6893992324630319
rh950_percent,-9,9,18,0.6071686018442484,0.5304473513989165,0.6689185210812346,0.5851615373414479,0.518523117307808,0.6429786681506029
rh950_percent,-9,12,21,0.6199495252256867,0.5673889786338238,0.6556566105015013,0.5496499151709429,0.480720818774858,0.6023619487525278
rh950_percent,-9,15,24,0.6168886425826401,0.5558563108806206,0.6590875469287693,0.5109719387747497,0.44657718615415815,0.5601715145728039
rh950_percent,-9,18,27,0.543079364920805,0.4948562351676173,0.5884924873328993,0.4592136442310663,0.394519848458144,0.5124000094891834
rh950_percent,-9,21,30,0.45516666617876567,0.40670562254085607,0.5087836114485098,0.4120976457012566,0.3415528160717577,0.46745345473378325
rh950_percent,-9,24,33,0.4020934187398887,0.29934081815440794,0.4601304615263542,0.37044919350415084,0.30396283098102156,0.4238120784861313
rh950_percent,-9,27,36,0.3686676188087552,0.2415265765418066,0.4283490898758907,0.33681169761569274,0.2715355994292952,0.3919754277171947
rh950_percent,-9,30,39,0.3499478502497968,0.25508764699794295,0.40381611358083463,0.31172917551387325,0.25091620819788996,0.3662535802363094
rh950_percent,-9,33,42,0.3514903511449118,0.3175827671065011,0.4007266846888202,0.28815412351853575,0.23053859856112907,0.3374860034876114
rh950_percent,-9,36,45,0.38257789253525765,0.3328159743303455,0.4312145700222695,0.2711777079841702,0.21594667821082097,0.3153003861655887
rh950_percent,-9,39,48,0.3841357548798662,0.3317892445835629,0.4642227262884776,0.2531346823497075,0.19818641602395873,0.2957291253983799
rh950_percent,-9,42,51,0.34923123813991397,0.2988935720633704,0.40234424636298793,0.2304951767023633,0.17874921918465453,0.272006665982459
rh950_percent,-9,45,54,0.29721753614752544,0.24947255026402335,0.33592707745216277,0.21438888703448958,0.1651055801954617,0.2504010730083298
rh950_percent,-9,48,57,0.25280403180428024,0.18045079871364011,0.2978873392368172,0.1960388557925535,0.15362192526207955,0.23431349431967458
rh950_percent,-9,51,60,0.22878675699522072,0.14176968510838042,0.283880447291162,0.1852286159200962,0.14494378651894235,0.22178839557741523
rh950_percent,-9,54,63,0.2289737178296471,0.16284312536046236,0.27859029019746084,0.1748531662894009,0.13526887008997726,0.21206460233960475
rh950_percent,-9,57,66,0.26203776037339754,0.1967664772871769,0.3021215187127649,0.1670859846410187,0.1253285503716387,0.2025052006445768
rh950_percent,-9,60,69,0.28750074806189835,0.23415574022689079,0.35908411470462365,0.15791696638495822,0.11799304461901029,0.19372669291068773
rh950_percent,-9,63,72,0.3027752318894281,0.23429638684344917,0.4014049962638525,0.14838415335827354,0.11001340618912495,0.1842077305669612
rh950_percent,-9,66,75,0.27667893292778467,0.21470148395119612,0.35214936408918385,0.13794967023159466,0.1011818394611364,0.17525868684898638
rh950_percent,-9,69,78,0.23407817511815154,0.16454454875253924,0.28663912421560345,0.1328707940084493,0.09193104104764882,0.16591781951652204
rh950_percent,-9,72,81,0.1720267217223193,0.1196067006827135,0.2480475568076303,0.12463726669043083,0.08748585105726675,0.15924097401153778
rh950_percent,-6,3,9,0.7565538036213071,0.5600434254095652,0.8010728022032328,0.7582480832988592,0.7100382466931336,0.8030368459842757
rh950_percent,-6,6,12,0.691572815536668,0.4815132460580903,0.7481887739390171,0.6904132487165386,0.6305911179448447,0.7414808410183459
rh950_percent,-6,9,15,0.6397698988833045,0.4808039507570605,0.7026452840953576,0.6332402052255011,0.5662982540548732,0.6893992324630319
rh950_percent,-6,12,18,0.6071686018442484,0.5304473513989165,0.6689185210812346,0.5851615373414479,0.518523117307808,0.6429786681506029
rh950_percent,-6,15,21,0.6199495252256867,0.5673889786338238,0.6556566105015013,0.5496499151709429,0.480720818774858,0.6023619487525278
rh950_percent,-6,18,24,0.6168886425826401,0.5558563108806206,0.6590875469287693,0.5109719387747497,0.44657718615415815,0.5601715145728039
rh950_percent,-6,21,27,0.543079364920805,0.4948562351676173,0.5884924873328993,0.4592136442310663,0.394519848458144,0.5124000094891834
rh950_percent,-6,24,30,0.45516666617876567,0.40670562254085607,0.5087836114485098,0.4120976457012566,0.3415528160717577,0.46745345473378325
rh950_percent,-6,27,33,0.4020934187398887,0.29934081815440794,0.4601304615263542,0.37044919350415084,0.30396283098102156,0.4238120784861313
rh950_percent,-6,30,36,0.3686676188087552,0.2415265765418066,0.4283490898758907,0.33681169761569274,0.2715355994292952,0.3919754277171947
rh950_percent,-6,33,39,0.3499478502497968,0.25508764699794295,0.40381611358083463,0.31172917551387325,0.25091620819788996,0.3662535802363094
rh950_percent,-6,36,42,0.3514903511449118,0.3175827671065011,0.4007266846888202,0.28815412351853575,0.23053859856112907,0.3374860034876114
rh950_percent,-6,39,45,0.38257789253525765,0.3328159743303455,0.4312145700222695,0.2711777079841702,0.21594667821082097,0.3153003861655887
rh950_percent,-6,42,48,0.3841357548798662,0.3317892445835629,0.4642227262884776,0.2531346823497075,0.19818641602395873,0.2957291253983799
rh950_percent,-6,45,51,0.34923123813991397,0.2988935720633704,0.40234424636298793,0.2304951767023633,0.17874921918465453,0.272006665982459
rh950_percent,-6,48,54,0.29721753614752544,0.24947255026402335,0.33592707745216277,0.21438888703448958,0.1651055801954617,0.2504010730083298
rh950_percent,-6,51,57,0.25280403180428024,0.18045079871364011,0.2978873392368172,0.1960388557925535,0.15362192526207955,0.23431349431967458
rh950_percent,-6,54,60,0.22878675699522072,0.14176968510838042,0.283880447291162,0.1852286159200962,0.14494378651894235,0.22178839557741523
rh950_percent,-6,57,63,0.2289737178296471,0.16284312536046236,0.27859029019746084,0.1748531662894009,0.13526887008997726,0.21206460233960475
rh950_percent,-6,60,66,0.26203776037339754,0.1967664772871769,0.3021215187127649,0.1670859846410187,0.1253285503716387,0.2025052006445768
rh950_percent,-6,63,69,0.28750074806189835,0.23415574022689079,0.35908411470462365,0.15791696638495822,0.11799304461901029,0.19372669291068773
rh950_percent,-6,66,72,0.3027752318894281,0.23429638684344917,0.4014049962638525,0.14838415335827354,0.11001340618912495,0.1842077305669612
rh950_percent,-6,69,75,0.27667893292778467,0.21470148395119612,0.35214936408918385,0.13794967023159466,0.1011818394611364,0.17525868684898638
rh950_percent,-6,72,78,0.23407817511815154,0.16454454875253924,0.28663912421560345,0.1328707940084493,0.09193104104764882,0.16591781951652204
rh950_percent,-3,3,6,0.8370542598232847,0.7170820018260048,0.868357148833419,0.8379548812074096,0.811976859830064,0.8727252625883465
rh950_percent,-3,6,9,0.7565538036213071,0.5600434254095652,0.8010728022032328,0.7582480832988592,0.7100382466931336,0.8030368459842757
rh950_percent,-3,9,12,0.691572815536668,0.4815132460580903,0.7481887739390171,0.6904132487165386,0.6305911179448447,0.7414808410183459
rh950_percent,-3,12,15,0.6397698988833045,0.4808039507570605,0.7026452840953576,0.6332402052255011,0.5662982540548732,0.6893992324630319
rh950_percent,-3,15,18,0.6071686018442484,0.5304473513989165,0.6689185210812346,0.5851615373414479,0.518523117307808,0.6429786681506029
rh950_percent,-3,18,21,0.6199495252256867,0.5673889786338238,0.6556566105015013,0.5496499151709429,0.480720818774858,0.6023619487525278
rh950_percent,-3,21,24,0.6168886425826401,0.5558563108806206,0.6590875469287693,0.5109719387747497,0.44657718615415815,0.5601715145728039
rh950_percent,-3,24,27,0.543079364920805,0.4948562351676173,0.5884924873328993,0.4592136442310663,0.394519848458144,0.5124000094891834
rh950_percent,-3,27,30,0.45516666617876567,0.40670562254085607,0.5087836114485098,0.4120976457012566,0.3415528160717577,0.46745345473378325
rh950_percent,-3,30,33,0.4020934187398887,0.29934081815440794,0.4601304615263542,0.37044919350415084,0.30396283098102156,0.4238120784861313
rh950_percent,-3,33,36,0.3686676188087552,0.2415265765418066,0.4283490898758907,0.33681169761569274,0.2715355994292952,0.3919754277171947
rh950_percent,-3,36,39,0.3499478502497968,0.25508764699794295,0.40381611358083463,0.31172917551387325,0.25091620819788996,0.3662535802363094
rh950_percent,-3,39,42,0.3514903511449118,0.3175827671065011,0.4007266846888202,0.28815412351853575,0.23053859856112907,0.3374860034876114
rh950_percent,-3,42,45,0.38257789253525765,0.3328159743303455,0.4312145700222695,0.2711777079841702,0.21594667821082097,0.3153003861655887
rh950_percent,-3,45,48,0.3841357548798662,0.3317892445835629,0.4642227262884776,0.2531346823497075,0.19818641602395873,0.2957291253983799
rh950_percent,-3,48,51,0.34923123813991397,0.2988935720633704,0.40234424636298793,0.2304951767023633,0.17874921918465453,0.272006665982459
rh950_percent,-3,51,54,0.29721753614752544,0.24947255026402335,0.33592707745216277,0.21438888703448958,0.1651055801954617,0.2504010730083298
rh950_percent,-3,54,57,0.25280403180428024,0.18045079871364011,0.2978873392368172,0.1960388557925535,0.15362192526207955,0.23431349431967458
rh950_percent,-3,57,60,0.22878675699522072,0.14176968510838042,0.283880447291162,0.1852286159200962,0.14494378651894235,0.22178839557741523
rh950_percent,-3,60,63,0.2289737178296471,0.16284312536046236,0.27859029019746084,0.1748531662894009,0.13526887008997726,0.21206460233960475
rh950_percent,-3,63,66,0.26203776037339754,0.1967664772871769,0.3021215187127649,0.1670859846410187,0.1253285503716387,0.2025052006445768
rh950_percent,-3,66,69,0.28750074806189835,0.23415574022689079,0.35908411470462365,0.15791696638495822,0.11799304461901029,0.19372669291068773
rh950_percent,-3,69,72,0.3027752318894281,0.23429638684344917,0.4014049962638525,0.14838415335827354,0.11001340618912495,0.1842077305669612
rh950_percent,-3,72,75,0.27667893292778467,0.21470148395119612,0.35214936408918385,0.13794967023159466,0.1011818394611364,0.17525868684898638
rh950_percent,0,3,3,0.9275549236550196,0.8934505770665887,0.9439883675686538,0.9313726610700721,0.9207144063122354,0.946632252606409
rh950_percent,0,6,6,0.8370542598232847,0.7170820018260048,0.868357148833419,0.8379548812074096,0.811976859830064,0.8727252625883465
rh950_percent,0,9,9,0.7565538036213071,0.5600434254095652,0.8010728022032328,0.7582480832988592,0.7100382466931336,0.8030368459842757
rh950_percent,0,12,12,0.691572815536668,0.4815132460580903,0.7481887739390171,0.6904132487165386,0.6305911179448447,0.7414808410183459
rh950_percent,0,15,15,0.6397698988833045,0.4808039507570605,0.7026452840953576,0.6332402052255011,0.5662982540548732,0.6893992324630319
rh950_percent,0,18,18,0.6071686018442484,0.5304473513989165,0.6689185210812346,0.5851615373414479,0.518523117307808,0.6429786681506029
rh950_percent,0,21,21,0.6199495252256867,0.5673889786338238,0.6556566105015013,0.5496499151709429,0.480720818774858,0.6023619487525278
rh950_percent,0,24,24,0.6168886425826401,0.5558563108806206,0.6590875469287693,0.5109719387747497,0.44657718615415815,0.5601715145728039
rh950_percent,0,27,27,0.543079364920805,0.4948562351676173,0.5884924873328993,0.4592136442310663,0.394519848458144,0.5124000094891834
rh950_percent,0,30,30,0.45516666617876567,0.40670562254085607,0.5087836114485098,0.4120976457012566,0.3415528160717577,0.46745345473378325
rh950_percent,0,33,33,0.4020934187398887,0.29934081815440794,0.4601304615263542,0.37044919350415084,0.30396283098102156,0.4238120784861313
rh950_percent,0,36,36,0.3686676188087552,0.2415265765418066,0.4283490898758907,0.33681169761569274,0.2715355994292952,0.3919754277171947
rh950_percent,0,39,39,0.3499478502497968,0.25508764699794295,0.40381611358083463,0.31172917551387325,0.25091620819788996,0.3662535802363094
rh950_percent,0,42,42,0.3514903511449118,0.3175827671065011,0.4007266846888202,0.28815412351853575,0.23053859856112907,0.3374860034876114
rh950_percent,0,45,45,0.38257789253525765,0.3328159743303455,0.4312145700222695,0.2711777079841702,0.21594667821082097,0.3153003861655887
rh950_percent,0,48,48,0.3841357548798662,0.3317892445835629,0.4642227262884776,0.2531346823497075,0.19818641602395873,0.2957291253983799
rh950_percent,0,51,51,0.34923123813991397,0.2988935720633704,0.40234424636298793,0.2304951767023633,0.17874921918465453,0.272006665982459
rh950_percent,0,54,54,0.29721753614752544,0.24947255026402335,0.33592707745216277,0.21438888703448958,0.1651055801954617,0.2504010730083298
rh950_percent,0,57,57,0.25280403180428024,0.18045079871364011,0.2978873392368172,0.1960388557925535,0.15362192526207955,0.23431349431967458
rh950_percent,0,60,60,0.22878675699522072,0.14176968510838042,0.283880447291162,0.1852286159200962,0.14494378651894235,0.22178839557741523
rh950_percent,0,63,63,0.2289737178296471,0.16284312536046236,0.27859029019746084,0.1748531662894009,0.13526887008997726,0.21206460233960475
rh950_percent,0,66,66,0.26203776037339754,0.1967664772871769,0.3021215187127649,0.1670859846410187,0.1253285503716387,0.2025052006445768
rh950_percent,0,69,69,0.28750074806189835,0.23415574022689079,0.35908411470462365,0.15791696638495822,0.11799304461901029,0.19372669291068773
rh950_percent,0,72,72,0.3027752318894281,0.23429638684344917,0.4014049962638525,0.14838415335827354,0.11001340618912495,0.1842077305669612
wind_speed_ms,-69,3,72,0.06286649845714828,0.036635598997298055,0.10278592360661343,-0.012417506249818763,-0.025437938958529475,0.0038291490059208302
wind_speed_ms,-69,6,75,0.045760495086006076,0.016899375416062585,0.07859843116998255,-0.01107582270221542,-0.027410024770369343,0.003254596694780101
wind_speed_ms,-69,9,78,0.011720113442947593,-0.00938621005379868,0.05004079590503222,-0.011067412318114464,-0.029066342184292403,0.0027775507195001072
wind_speed_ms,-69,12,81,-0.01253074830384402,-0.03533381763519623,0.017710217699422087,-0.013090304312673669,-0.02867483270163234,0.0039054147851974963
wind_speed_ms,-69,15,84,-0.024925404998234126,-0.046412708979426044,0.007835972250478681,-0.014955702434992998,-0.02931029315146092,0.0040174437963923434
wind_speed_ms,-69,18,87,-0.01289091924004601,-0.0365200476230953,0.020659873447394714,-0.014672717381922691,-0.029898840596743727,0.002919358528145265
wind_speed_ms,-69,21,90,0.014942531594311456,-0.010967030855776742,0.04862568688159662,-0.01273941055118381,-0.030194292208478475,0.004742139911291686
wind_speed_ms,-69,24,93,0.04696400360697001,0.0184190147383717,0.0849807698557814,-0.012508887160493878,-0.028635822195129897,0.0049494264163381044
wind_speed_ms,-69,27,96,0.06152024133139253,0.03750667915013166,0.10505847158725712,-0.011028838333502083,-0.02722755190507642,0.004329076685862037
wind_speed_ms,-69,30,99,0.04326799590148373,0.02391614074018767,0.08297834892818068,-0.009294376955939557,-0.023288130496953857,0.0051880096303784885
wind_speed_ms,-69,33,102,0.01633655652975005,-0.0009844827541038593,0.04962778882580675,-0.007151347281828176,-0.019626406646659683,0.005829923273773052
wind_speed_ms,-69,36,105,-0.005159542862035968,-0.02126006827163963,0.01939606552003096,-0.005262612955972153,-0.01794816713361955,0.007942532259548794
wind_speed_ms,-69,39,108,-0.014053320008280128,-0.03159016474024554,0.012116060359195666,-0.004881755809630296,-0.01652158952982202,0.010464777990975322
wind_speed_ms,-69,42,111,-0.003463209878858264,-0.020075929653631645,0.018287042469269,-0.004643648596151367,-0.016620589131991027,0.008298836343479866
wind_speed_ms,-69,45,114,0.021445472845498095,0.003946097551839833,0.04660355434761207,-0.003939911338638396,-0.019254451851868484,0.00929841534312928
wind_speed_ms,-69,48,117,0.04926702929456403,0.03423668630450401,0.08221367313912606,-0.004921794870394933,-0.017994033012736457,0.008549303990012348
wind_speed_ms,-69,51,120,0.06637172944713945,0.049046833196505754,0.10521163931323381,-0.0061772474636655845,-0.016776572126310032,0.005805663643077418
wind_speed_ms,-69,54,123,0.05103123592854517,0.02986790051232815,0.08586948262219798,-0.003951260367929571,-0.01575480324320216,0.008414847142407218
wind_speed_ms,-69,57,126,0.01976461723667107,0.001846174551935317,0.05417159169375082,-0.0022350968675631526,-0.017483666218250815,0.007463214862143181
wind_speed_ms,-69,60,129,-0.002499407908618926,-0.021997746097643666,0.026883663232347997,-0.002506937467275632,-0.018308257170232423,0.00892584045803932
wind_speed_ms,-69,63,132,-0.013221508810279576,-0.034994441799147916,0.008184973995873611,-0.003705000230290101,-0.019553196127756974,0.009227043622246519
wind_speed_ms,-69,66,135,-0.0052155178839705055,-0.021947266182455325,0.01658957573115065,-0.005465802405981494,-0.02101851722755235,0.0067893109770748705
wind_speed_ms,-69,69,138,0.018035156595361396,-0.002941237684717938,0.04801425530028803,-0.006551785190783414,-0.022347099501077324,0.005391071183162856
wind_speed_ms,-69,72,141,0.04811599961295349,0.025176961714256957,0.07684367829365608,-0.006897349865073804,-0.022945201058881398,0.0037242596367750343
wind_speed_ms,-66,3,69,0.047895215658520784,0.02146088559871824,0.07853408938505524,-0.007557075752524503,-0.021931196178839478,0.003609378577680405
wind_speed_ms,-66,6,72,0.06286649845714828,0.036635598997298055,0.10278592360661343,-0.012417506249818763,-0.025437938958529475,0.0038291490059208302
wind_speed_ms,-66,9,75,0.045760495086006076,0.016899375416062585,0.07859843116998255,-0.01107582270221542,-0.027410024770369343,0.003254596694780101
wind_speed_ms,-66,12,78,0.011720113442947593,-0.00938621005379868,0.05004079590503222,-0.011067412318114464,-0.029066342184292403,0.0027775507195001072
wind_speed_ms,-66,15,81,-0.01253074830384402,-0.03533381763519623,0.017710217699422087,-0.013090304312673669,-0.02867483270163234,0.0039054147851974963
wind_speed_ms,-66,18,84,-0.024925404998234126,-0.046412708979426044,0.007835972250478681,-0.014955702434992998,-0.02931029315146092,0.0040174437963923434
wind_speed_ms,-66,21,87,-0.01289091924004601,-0.0365200476230953,0.020659873447394714,-0.014672717381922691,-0.029898840596743727,0.002919358528145265
wind_speed_ms,-66,24,90,0.014942531594311456,-0.010967030855776742,0.04862568688159662,-0.01273941055118381,-0.030194292208478475,0.004742139911291686
wind_speed_ms,-66,27,93,0.04696400360697001,0.0184190147383717,0.0849807698557814,-0.012508887160493878,-0.028635822195129897,0.0049494264163381044
wind_speed_ms,-66,30,96,0.06152024133139253,0.03750667915013166,0.10505847158725712,-0.011028838333502083,-0.02722755190507642,0.004329076685862037
wind_speed_ms,-66,33,99,0.04326799590148373,0.02391614074018767,0.08297834892818068,-0.009294376955939557,-0.023288130496953857,0.0051880096303784885
wind_speed_ms,-66,36,102,0.01633655652975005,-0.0009844827541038593,0.04962778882580675,-0.007151347281828176,-0.019626406646659683,0.005829923273773052
wind_speed_ms,-66,39,105,-0.005159542862035968,-0.02126006827163963,0.01939606552003096,-0.005262612955972153,-0.01794816713361955,0.007942532259548794
wind_speed_ms,-66,42,108,-0.014053320008280128,-0.03159016474024554,0.012116060359195666,-0.004881755809630296,-0.01652158952982202,0.010464777990975322
wind_speed_ms,-66,45,111,-0.003463209878858264,-0.020075929653631645,0.018287042469269,-0.004643648596151367,-0.016620589131991027,0.008298836343479866
wind_speed_ms,-66,48,114,0.021445472845498095,0.003946097551839833,0.04660355434761207,-0.003939911338638396,-0.019254451851868484,0.00929841534312928
wind_speed_ms,-66,51,117,0.04926702929456403,0.03423668630450401,0.08221367313912606,-0.004921794870394933,-0.017994033012736457,0.008549303990012348
wind_speed_ms,-66,54,120,0.06637172944713945,0.049046833196505754,0.10521163931323381,-0.0061772474636655845,-0.016776572126310032,0.005805663643077418
wind_speed_ms,-66,57,123,0.05103123592854517,0.02986790051232815,0.08586948262219798,-0.003951260367929571,-0.01575480324320216,0.008414847142407218
wind_speed_ms,-66,60,126,0.01976461723667107,0.001846174551935317,0.05417159169375082,-0.0022350968675631526,-0.017483666218250815,0.007463214862143181
wind_speed_ms,-66,63,129,-0.002499407908618926,-0.021997746097643666,0.026883663232347997,-0.002506937467275632,-0.018308257170232423,0.00892584045803932
wind_speed_ms,-66,66,132,-0.013221508810279576,-0.034994441799147916,0.008184973995873611,-0.003705000230290101,-0.019553196127756974,0.009227043622246519
wind_speed_ms,-66,69,135,-0.0052155178839705055,-0.021947266182455325,0.01658957573115065,-0.005465802405981494,-0.02101851722755235,0.0067893109770748705
wind_speed_ms,-66,72,138,0.018035156595361396,-0.002941237684717938,0.04801425530028803,-0.006551785190783414,-0.022347099501077324,0.005391071183162856
wind_speed_ms,-63,3,66,0.019575530399378226,5.0603243167860396e-05,0.048030129038689716,-0.005341412729899379,-0.01951521854139602,0.006479795213366773
wind_speed_ms,-63,6,69,0.047895215658520784,0.02146088559871824,0.07853408938505524,-0.007557075752524503,-0.021931196178839478,0.003609378577680405
wind_speed_ms,-63,9,72,0.06286649845714828,0.036635598997298055,0.10278592360661343,-0.012417506249818763,-0.025437938958529475,0.0038291490059208302
wind_speed_ms,-63,12,75,0.045760495086006076,0.016899375416062585,0.07859843116998255,-0.01107582270221542,-0.027410024770369343,0.003254596694780101
wind_speed_ms,-63,15,78,0.011720113442947593,-0.00938621005379868,0.05004079590503222,-0.011067412318114464,-0.029066342184292403,0.0027775507195001072
wind_speed_ms,-63,18,81,-0.01253074830384402,-0.03533381763519623,0.017710217699422087,-0.013090304312673669,-0.02867483270163234,0.0039054147851974963
wind_speed_ms,-63,21,84,-0.024925404998234126,-0.046412708979426044,0.007835972250478681,-0.014955702434992998,-0.02931029315146092,0.0040174437963923434
wind_speed_ms,-63,24,87,-0.01289091924004601,-0.0365200476230953,0.020659873447394714,-0.014672717381922691,-0.029898840596743727,0.002919358528145265
wind_speed_ms,-63,27,90,0.014942531594311456,-0.010967030855776742,0.04862568688159662,-0.01273941055118381,-0.030194292208478475,0.004742139911291686
wind_speed_ms,-63,30,93,0.04696400360697001,0.0184190147383717,0.0849807698557814,-0.012508887160493878,-0.028635822195129897,0.0049494264163381044
wind_speed_ms,-63,33,96,0.06152024133139253,0.03750667915013166,0.10505847158725712,-0.011028838333502083,-0.02722755190507642,0.004329076685862037
wind_speed_ms,-63,36,99,0.04326799590148373,0.02391614074018767,0.08297834892818068,-0.009294376955939557,-0.023288130496953857,0.0051880096303784885
wind_speed_ms,-63,39,102,0.01633655652975005,-0.0009844827541038593,0.04962778882580675,-0.007151347281828176,-0.019626406646659683,0.005829923273773052
wind_speed_ms,-63,42,105,-0.005159542862035968,-0.02126006827163963,0.01939606552003096,-0.005262612955972153,-0.01794816713361955,0.007942532259548794
wind_speed_ms,-63,45,108,-0.014053320008280128,-0.03159016474024554,0.012116060359195666,-0.004881755809630296,-0.01652158952982202,0.010464777990975322
wind_speed_ms,-63,48,111,-0.003463209878858264,-0.020075929653631645,0.018287042469269,-0.004643648596151367,-0.016620589131991027,0.008298836343479866
wind_speed_ms,-63,51,114,0.021445472845498095,0.003946097551839833,0.04660355434761207,-0.003939911338638396,-0.019254451851868484,0.00929841534312928
wind_speed_ms,-63,54,117,0.04926702929456403,0.03423668630450401,0.08221367313912606,-0.004921794870394933,-0.017994033012736457,0.008549303990012348
wind_speed_ms,-63,57,120,0.06637172944713945,0.049046833196505754,0.10521163931323381,-0.0061772474636655845,-0.016776572126310032,0.005805663643077418
wind_speed_ms,-63,60,123,0.05103123592854517,0.02986790051232815,0.08586948262219798,-0.003951260367929571,-0.01575480324320216,0.008414847142407218
wind_speed_ms,-63,63,126,0.01976461723667107,0.001846174551935317,0.05417159169375082,-0.0022350968675631526,-0.017483666218250815,0.007463214862143181
wind_speed_ms,-63,66,129,-0.002499407908618926,-0.021997746097643666,0.026883663232347997,-0.002506937467275632,-0.018308257170232423,0.00892584045803932
wind_speed_ms,-63,69,132,-0.013221508810279576,-0.034994441799147916,0.008184973995873611,-0.003705000230290101,-0.019553196127756974,0.009227043622246519
wind_speed_ms,-63,72,135,-0.0052155178839705055,-0.021947266182455325,0.01658957573115065,-0.005465802405981494,-0.02101851722755235,0.0067893109770748705
wind_speed_ms,-60,3,63,-0.0012273847177597622,-0.024785115257797197,0.025657171689518376,-0.002508886332860974,-0.0171099087404986,0.010272636772335586
wind_speed_ms,-60,6,66,0.019575530399378226,5.0603243167860396e-05,0.048030129038689716,-0.005341412729899379,-0.01951521854139602,0.006479795213366773
wind_speed_ms,-60,9,69,0.047895215658520784,0.02146088559871824,0.07853408938505524,-0.007557075752524503,-0.021931196178839478,0.003609378577680405
wind_speed_ms,-60,12,72,0.06286649845714828,0.036635598997298055,0.10278592360661343,-0.012417506249818763,-0.025437938958529475,0.0038291490059208302
wind_speed_ms,-60,15,75,0.045760495086006076,0.016899375416062585,0.07859843116998255,-0.01107582270221542,-0.027410024770369343,0.003254596694780101
wind_speed_ms,-60,18,78,0.011720113442947593,-0.00938621005379868,0.05004079590503222,-0.011067412318114464,-0.029066342184292403,0.0027775507195001072
wind_speed_ms,-60,21,81,-0.01253074830384402,-0.03533381763519623,0.017710217699422087,-0.013090304312673669,-0.02867483270163234,0.0039054147851974963
wind_speed_ms,-60,24,84,-0.024925404998234126,-0.046412708979426044,0.007835972250478681,-0.014955702434992998,-0.02931029315146092,0.0040174437963923434
wind_speed_ms,-60,27,87,-0.01289091924004601,-0.0365200476230953,0.020659873447394714,-0.014672717381922691,-0.029898840596743727,0.002919358528145265
wind_speed_ms,-60,30,90,0.014942531594311456,-0.010967030855776742,0.04862568688159662,-0.01273941055118381,-0.030194292208478475,0.004742139911291686
wind_speed_ms,-60,33,93,0.04696400360697001,0.0184190147383717,0.0849807698557814,-0.012508887160493878,-0.028635822195129897,0.0049494264163381044
wind_speed_ms,-60,36,96,0.06152024133139253,0.03750667915013166,0.10505847158725712,-0.011028838333502083,-0.02722755190507642,0.004329076685862037
wind_speed_ms,-60,39,99,0.04326799590148373,0.02391614074018767,0.08297834892818068,-0.009294376955939557,-0.023288130496953857,0.0051880096303784885
wind_speed_ms,-60,42,102,0.01633655652975005,-0.0009844827541038593,0.04962778882580675,-0.007151347281828176,-0.019626406646659683,0.005829923273773052
wind_speed_ms,-60,45,105,-0.005159542862035968,-0.02126006827163963,0.01939606552003096,-0.005262612955972153,-0.01794816713361955,0.007942532259548794
wind_speed_ms,-60,48,108,-0.014053320008280128,-0.03159016474024554,0.012116060359195666,-0.004881755809630296,-0.01652158952982202,0.010464777990975322
wind_speed_ms,-60,51,111,-0.003463209878858264,-0.020075929653631645,0.018287042469269,-0.004643648596151367,-0.016620589131991027,0.008298836343479866
wind_speed_ms,-60,54,114,0.021445472845498095,0.003946097551839833,0.04660355434761207,-0.003939911338638396,-0.019254451851868484,0.00929841534312928
wind_speed_ms,-60,57,117,0.04926702929456403,0.03423668630450401,0.08221367313912606,-0.004921794870394933,-0.017994033012736457,0.008549303990012348
wind_speed_ms,-60,60,120,0.06637172944713945,0.049046833196505754,0.10521163931323381,-0.0061772474636655845,-0.016776572126310032,0.005805663643077418
wind_speed_ms,-60,63,123,0.05103123592854517,0.02986790051232815,0.08586948262219798,-0.003951260367929571,-0.01575480324320216,0.008414847142407218
wind_speed_ms,-60,66,126,0.01976461723667107,0.001846174551935317,0.05417159169375082,-0.0022350968675631526,-0.017483666218250815,0.007463214862143181
wind_speed_ms,-60,69,129,-0.002499407908618926,-0.021997746097643666,0.026883663232347997,-0.002506937467275632,-0.018308257170232423,0.00892584045803932
wind_speed_ms,-60,72,132,-0.013221508810279576,-0.034994441799147916,0.008184973995873611,-0.003705000230290101,-0.019553196127756974,0.009227043622246519
wind_speed_ms,-57,3,60,-0.007540725590861838,-0.032889036734610314,0.018736745833655675,0.0001729873715301247,-0.013711384611906696,0.012443027321826467
wind_speed_ms,-57,6,63,-0.0012273847177597622,-0.024785115257797197,0.025657171689518376,-0.002508886332860974,-0.0171099087404986,0.010272636772335586
wind_speed_ms,-57,9,66,0.019575530399378226,5.0603243167860396e-05,0.048030129038689716,-0.005341412729899379,-0.01951521854139602,0.006479795213366773
wind_speed_ms,-57,12,69,0.047895215658520784,0.02146088559871824,0.07853408938505524,-0.007557075752524503,-0.021931196178839478,0.003609378577680405
wind_speed_ms,-57,15,72,0.06286649845714828,0.036635598997298055,0.10278592360661343,-0.012417506249818763,-0.025437938958529475,0.0038291490059208302
wind_speed_ms,-57,18,75,0.045760495086006076,0.016899375416062585,0.07859843116998255,-0.01107582270221542,-0.027410024770369343,0.003254596694780101
wind_speed_ms,-57,21,78,0.011720113442947593,-0.00938621005379868,0.05004079590503222,-0.011067412318114464,-0.029066342184292403,0.0027775507195001072
wind_speed_ms,-57,24,81,-0.01253074830384402,-0.03533381763519623,0.017710217699422087,-0.013090304312673669,-0.02867483270163234,0.0039054147851974963
wind_speed_ms,-57,27,84,-0.024925404998234126,-0.046412708979426044,0.007835972250478681,-0.014955702434992998,-0.02931029315146092,0.0040174437963923434
wind_speed_ms,-57,30,87,-0.01289091924004601,-0.0365200476230953,0.020659873447394714,-0.014672717381922691,-0.029898840596743727,0.002919358528145265
wind_speed_ms,-57,33,90,0.014942531594311456,-0.010967030855776742,0.04862568688159662,-0.01273941055118381,-0.030194292208478475,0.004742139911291686
wind_speed_ms,-57,36,93,0.04696400360697001,0.0184190147383717,0.0849807698557814,-0.012508887160493878,-0.028635822195129897,0.0049494264163381044
wind_speed_ms,-57,39,96,0.06152024133139253,0.03750667915013166,0.10505847158725712,-0.011028838333502083,-0.02722755190507642,0.004329076685862037
wind_speed_ms,-57,42,99,0.04326799590148373,0.02391614074018767,0.08297834892818068,-0.009294376955939557,-0.023288130496953857,0.0051880096303784885
wind_speed_ms,-57,45,102,0.01633655652975005,-0.0009844827541038593,0.04962778882580675,-0.007151347281828176,-0.019626406646659683,0.005829923273773052
wind_speed_ms,-57,48,105,-0.005159542862035968,-0.02126006827163963,0.01939606552003096,-0.005262612955972153,-0.01794816713361955,0.007942532259548794
wind_speed_ms,-57,51,108,-0.014053320008280128,-0.03159016474024554,0.012116060359195666,-0.004881755809630296,-0.01652158952982202,0.010464777990975322
wind_speed_ms,-57,54,111,-0.003463209878858264,-0.020075929653631645,0.018287042469269,-0.004643648596151367,-0.016620589131991027,0.008298836343479866
wind_speed_ms,-57,57,114,0.021445472845498095,0.003946097551839833,0.04660355434761207,-0.003939911338638396,-0.019254451851868484,0.00929841534312928
wind_speed_ms,-57,60,117,0.04926702929456403,0.03423668630450401,0.08221367313912606,-0.004921794870394933,-0.017994033012736457,0.008549303990012348
wind_speed_ms,-57,63,120,0.06637172944713945,0.049046833196505754,0.10521163931323381,-0.0061772474636655845,-0.016776572126310032,0.005805663643077418
wind_speed_ms,-57,66,123,0.05103123592854517,0.02986790051232815,0.08586948262219798,-0.003951260367929571,-0.01575480324320216,0.008414847142407218
wind_speed_ms,-57,69,126,0.01976461723667107,0.001846174551935317,0.05417159169375082,-0.0022350968675631526,-0.017483666218250815,0.007463214862143181
wind_speed_ms,-57,72,129,-0.002499407908618926,-0.021997746097643666,0.026883663232347997,-0.002506937467275632,-0.018308257170232423,0.00892584045803932
wind_speed_ms,-54,3,57,0.009487799794701091,-0.01401065067831155,0.0338646194130576,0.0033074608829712126,-0.008486216843811015,0.019649951068352135
wind_speed_ms,-54,6,60,-0.007540725590861838,-0.032889036734610314,0.018736745833655675,0.0001729873715301247,-0.013711384611906696,0.012443027321826467
wind_speed_ms,-54,9,63,-0.0012273847177597622,-0.024785115257797197,0.025657171689518376,-0.002508886332860974,-0.0171099087404986,0.010272636772335586
wind_speed_ms,-54,12,66,0.019575530399378226,5.0603243167860396e-05,0.048030129038689716,-0.005341412729899379,-0.01951521854139602,0.006479795213366773
wind_speed_ms,-54,15,69,0.047895215658520784,0.02146088559871824,0.07853408938505524,-0.007557075752524503,-0.021931196178839478,0.003609378577680405
wind_speed_ms,-54,18,72,0.06286649845714828,0.036635598997298055,0.10278592360661343,-0.012417506249818763,-0.025437938958529475,0.0038291490059208302
wind_speed_ms,-54,21,75,0.045760495086006076,0.016899375416062585,0.07859843116998255,-0.01107582270221542,-0.027410024770369343,0.003254596694780101
wind_speed_ms,-54,24,78,0.011720113442947593,-0.00938621005379868,0.05004079590503222,-0.011067412318114464,-0.029066342184292403,0.0027775507195001072
wind_speed_ms,-54,27,81,-0.01253074830384402,-0.03533381763519623,0.017710217699422087,-0.013090304312673669,-0.02867483270163234,0.0039054147851974963
wind_speed_ms,-54,30,84,-0.024925404998234126,-0.046412708979426044,0.007835972250478681,-0.014955702434992998,-0.02931029315146092,0.0040174437963923434
wind_speed_ms,-54,33,87,-0.01289091924004601,-0.0365200476230953,0.020659873447394714,-0.014672717381922691,-0.029898840596743727,0.002919358528145265
wind_speed_ms,-54,36,90,0.014942531594311456,-0.010967030855776742,0.04862568688159662,-0.01273941055118381,-0.030194292208478475,0.004742139911291686
wind_speed_ms,-54,39,93,0.04696400360697001,0.0184190147383717,0.0849807698557814,-0.012508887160493878,-0.028635822195129897,0.0049494264163381044
wind_speed_ms,-54,42,96,0.06152024133139253,0.03750667915013166,0.10505847158725712,-0.011028838333502083,-0.02722755190507642,0.004329076685862037
wind_speed_ms,-54,45,99,0.04326799590148373,0.02391614074018767,0.08297834892818068,-0.009294376955939557,-0.023288130496953857,0.0051880096303784885
wind_speed_ms,-54,48,102,0.01633655652975005,-0.0009844827541038593,0.04962778882580675,-0.007151347281828176,-0.019626406646659683,0.005829923273773052
wind_speed_ms,-54,51,105,-0.005159542862035968,-0.02126006827163963,0.01939606552003096,-0.005262612955972153,-0.01794816713361955,0.007942532259548794
wind_speed_ms,-54,54,108,-0.014053320008280128,-0.03159016474024554,0.012116060359195666,-0.004881755809630296,-0.01652158952982202,0.010464777990975322
wind_speed_ms,-54,57,111,-0.003463209878858264,-0.020075929653631645,0.018287042469269,-0.004643648596151367,-0.016620589131991027,0.008298836343479866
wind_speed_ms,-54,60,114,0.021445472845498095,0.003946097551839833,0.04660355434761207,-0.003939911338638396,-0.019254451851868484,0.00929841534312928
wind_speed_ms,-54,63,117,0.04926702929456403,0.03423668630450401,0.08221367313912606,-0.004921794870394933,-0.017994033012736457,0.008549303990012348
wind_speed_ms,-54,66,120,0.06637172944713945,0.049046833196505754,0.10521163931323381,-0.0061772474636655845,-0.016776572126310032,0.005805663643077418
wind_speed_ms,-54,69,123,0.05103123592854517,0.02986790051232815,0.08586948262219798,-0.003951260367929571,-0.01575480324320216,0.008414847142407218
wind_speed_ms,-54,72,126,0.01976461723667107,0.001846174551935317,0.05417159169375082,-0.0022350968675631526,-0.017483666218250815,0.007463214862143181
wind_speed_ms,-51,3,54,0.03970484161863787,0.020711835885356484,0.05749873456670619,0.009817320185822,-0.0048203336487522685,0.02467525765134335
wind_speed_ms,-51,6,57,0.009487799794701091,-0.01401065067831155,0.0338646194130576,0.0033074608829712126,-0.008486216843811015,0.019649951068352135
wind_speed_ms,-51,9,60,-0.007540725590861838,-0.032889036734610314,0.018736745833655675,0.0001729873715301247,-0.013711384611906696,0.012443027321826467
wind_speed_ms,-51,12,63,-0.0012273847177597622,-0.024785115257797197,0.025657171689518376,-0.002508886332860974,-0.0171099087404986,0.010272636772335586
wind_speed_ms,-51,15,66,0.019575530399378226,5.0603243167860396e-05,0.048030129038689716,-0.005341412729899379,-0.01951521854139602,0.006479795213366773
wind_speed_ms,-51,18,69,0.047895215658520784,0.02146088559871824,0.07853408938505524,-0.007557075752524503,-0.021931196178839478,0.003609378577680405
wind_speed_ms,-51,21,72,0.06286649845714828,0.036635598997298055,0.10278592360661343,-0.012417506249818763,-0.025437938958529475,0.0038291490059208302
wind_speed_ms,-51,24,75,0.045760495086006076,0.016899375416062585,0.07859843116998255,-0.01107582270221542,-0.027410024770369343,0.003254596694780101
wind_speed_ms,-51,27,78,0.011720113442947593,-0.00938621005379868,0.05004079590503222,-0.011067412318114464,-0.029066342184292403,0.0027775507195001072
wind_speed_ms,-51,30,81,-0.01253074830384402,-0.03533381763519623,0.017710217699422087,-0.013090304312673669,-0.02867483270163234,0.0039054147851974963
wind_speed_ms,-51,33,84,-0.024925404998234126,-0.046412708979426044,0.007835972250478681,-0.014955702434992998,-0.02931029315146092,0.0040174437963923434
wind_speed_ms,-51,36,87,-0.01289091924004601,-0.0365200476230953,0.020659873447394714,-0.014672717381922691,-0.029898840596743727,0.002919358528145265
wind_speed_ms,-51,39,90,0.014942531594311456,-0.010967030855776742,0.04862568688159662,-0.01273941055118381,-0.030194292208478475,0.004742139911291686
wind_speed_ms,-51,42,93,0.04696400360697001,0.0184190147383717,0.0849807698557814,-0.012508887160493878,-0.028635822195129897,0.0049494264163381044
wind_speed_ms,-51,45,96,0.06152024133139253,0.03750667915013166,0.10505847158725712,-0.011028838333502083,-0.02722755190507642,0.004329076685862037
wind_speed_ms,-51,48,99,0.04326799590148373,0.02391614074018767,0.08297834892818068,-0.009294376955939557,-0.023288130496953857,0.0051880096303784885
wind_speed_ms,-51,51,102,0.01633655652975005,-0.0009844827541038593,0.04962778882580675,-0.007151347281828176,-0.019626406646659683,0.005829923273773052
wind_speed_ms,-51,54,105,-0.005159542862035968,-0.02126006827163963,0.01939606552003096,-0.005262612955972153,-0.01794816713361955,0.007942532259548794
wind_speed_ms,-51,57,108,-0.014053320008280128,-0.03159016474024554,0.012116060359195666,-0.004881755809630296,-0.01652158952982202,0.010464777990975322
wind_speed_ms,-51,60,111,-0.003463209878858264,-0.020075929653631645,0.018287042469269,-0.004643648596151367,-0.016620589131991027,0.008298836343479866
wind_speed_ms,-51,63,114,0.021445472845498095,0.003946097551839833,0.04660355434761207,-0.003939911338638396,-0.019254451851868484,0.00929841534312928
wind_speed_ms,-51,66,117,0.04926702929456403,0.03423668630450401,0.08221367313912606,-0.004921794870394933,-0.017994033012736457,0.008549303990012348
wind_speed_ms,-51,69,120,0.06637172944713945,0.049046833196505754,0.10521163931323381,-0.0061772474636655845,-0.016776572126310032,0.005805663643077418
wind_speed_ms,-51,72,123,0.05103123592854517,0.02986790051232815,0.08586948262219798,-0.003951260367929571,-0.01575480324320216,0.008414847142407218
wind_speed_ms,-48,3,51,0.07929848005243309,0.06111407189799913,0.09373507971605462,0.018508988754164422,0.0010124030384660995,0.037383429053339357
wind_speed_ms,-48,6,54,0.03970484161863787,0.020711835885356484,0.05749873456670619,0.009817320185822,-0.0048203336487522685,0.02467525765134335
wind_speed_ms,-48,9,57,0.009487799794701091,-0.01401065067831155,0.0338646194130576,0.0033074608829712126,-0.008486216843811015,0.019649951068352135
wind_speed_ms,-48,12,60,-0.007540725590861838,-0.032889036734610314,0.018736745833655675,0.0001729873715301247,-0.013711384611906696,0.012443027321826467
wind_speed_ms,-48,15,63,-0.0012273847177597622,-0.024785115257797197,0.025657171689518376,-0.002508886332860974,-0.0171099087404986,0.010272636772335586
wind_speed_ms,-48,18,66,0.019575530399378226,5.0603243167860396e-05,0.048030129038689716,-0.005341412729899379,-0.01951521854139602,0.006479795213366773
wind_speed_ms,-48,21,69,0.047895215658520784,0.02146088559871824,0.07853408938505524,-0.007557075752524503,-0.021931196178839478,0.003609378577680405
wind_speed_ms,-48,24,72,0.06286649845714828,0.036635598997298055,0.10278592360661343,-0.012417506249818763,-0.025437938958529475,0.0038291490059208302
wind_speed_ms,-48,27,75,0.045760495086006076,0.016899375416062585,0.07859843116998255,-0.01107582270221542,-0.027410024770369343,0.003254596694780101
wind_speed_ms,-48,30,78,0.011720113442947593,-0.00938621005379868,0.05004079590503222,-0.011067412318114464,-0.029066342184292403,0.0027775507195001072
wind_speed_ms,-48,33,81,-0.01253074830384402,-0.03533381763519623,0.017710217699422087,-0.013090304312673669,-0.02867483270163234,0.0039054147851974963
wind_speed_ms,-48,36,84,-0.024925404998234126,-0.046412708979426044,0.007835972250478681,-0.014955702434992998,-0.02931029315146092,0.0040174437963923434
wind_speed_ms,-48,39,87,-0.01289091924004601,-0.0365200476230953,0.020659873447394714,-0.014672717381922691,-0.029898840596743727,0.002919358528145265
wind_speed_ms,-48,42,90,0.014942531594311456,-0.010967030855776742,0.04862568688159662,-0.01273941055118381,-0.030194292208478475,0.004742139911291686
wind_speed_ms,-48,45,93,0.04696400360697001,0.0184190147383717,0.0849807698557814,-0.012508887160493878,-0.028635822195129897,0.0049494264163381044
wind_speed_ms,-48,48,96,0.06152024133139253,0.03750667915013166,0.10505847158725712,-0.011028838333502083,-0.02722755190507642,0.004329076685862037
wind_speed_ms,-48,51,99,0.04326799590148373,0.02391614074018767,0.08297834892818068,-0.009294376955939557,-0.023288130496953857,0.0051880096303784885
wind_speed_ms,-48,54,102,0.01633655652975005,-0.0009844827541038593,0.04962778882580675,-0.007151347281828176,-0.019626406646659683,0.005829923273773052
wind_speed_ms,-48,57,105,-0.005159542862035968,-0.02126006827163963,0.01939606552003096,-0.005262612955972153,-0.01794816713361955,0.007942532259548794
wind_speed_ms,-48,60,108,-0.014053320008280128,-0.03159016474024554,0.012116060359195666,-0.004881755809630296,-0.01652158952982202,0.010464777990975322
wind_speed_ms,-48,63,111,-0.003463209878858264,-0.020075929653631645,0.018287042469269,-0.004643648596151367,-0.016620589131991027,0.008298836343479866
wind_speed_ms,-48,66,114,0.021445472845498095,0.003946097551839833,0.04660355434761207,-0.003939911338638396,-0.019254451851868484,0.00929841534312928
wind_speed_ms,-48,69,117,0.04926702929456403,0.03423668630450401,0.08221367313912606,-0.004921794870394933,-0.017994033012736457,0.008549303990012348
wind_speed_ms,-48,72,120,0.06637172944713945,0.049046833196505754,0.10521163931323381,-0.0061772474636655845,-0.016776572126310032,0.005805663643077418
wind_speed_ms,-45,3,48,0.1113475134729432,0.09222790288831263,0.12801476552796587,0.034161383625143135,0.011574543221339316,0.05508606139576161
wind_speed_ms,-45,6,51,0.07929848005243309,0.06111407189799913,0.09373507971605462,0.018508988754164422,0.0010124030384660995,0.037383429053339357
wind_speed_ms,-45,9,54,0.03970484161863787,0.020711835885356484,0.05749873456670619,0.009817320185822,-0.0048203336487522685,0.02467525765134335
wind_speed_ms,-45,12,57,0.009487799794701091,-0.01401065067831155,0.0338646194130576,0.0033074608829712126,-0.008486216843811015,0.019649951068352135
wind_speed_ms,-45,15,60,-0.007540725590861838,-0.032889036734610314,0.018736745833655675,0.0001729873715301247,-0.013711384611906696,0.012443027321826467
wind_speed_ms,-45,18,63,-0.0012273847177597622,-0.024785115257797197,0.025657171689518376,-0.002508886332860974,-0.0171099087404986,0.010272636772335586
wind_speed_ms,-45,21,66,0.019575530399378226,5.0603243167860396e-05,0.048030129038689716,-0.005341412729899379,-0.01951521854139602,0.006479795213366773
wind_speed_ms,-45,24,69,0.047895215658520784,0.02146088559871824,0.07853408938505524,-0.007557075752524503,-0.021931196178839478,0.003609378577680405
wind_speed_ms,-45,27,72,0.06286649845714828,0.036635598997298055,0.10278592360661343,-0.012417506249818763,-0.025437938958529475,0.0038291490059208302
wind_speed_ms,-45,30,75,0.045760495086006076,0.016899375416062585,0.07859843116998255,-0.01107582270221542,-0.027410024770369343,0.003254596694780101
wind_speed_ms,-45,33,78,0.011720113442947593,-0.00938621005379868,0.05004079590503222,-0.011067412318114464,-0.029066342184292403,0.0027775507195001072
wind_speed_ms,-45,36,81,-0.01253074830384402,-0.03533381763519623,0.017710217699422087,-0.013090304312673669,-0.02867483270163234,0.0039054147851974963
wind_speed_ms,-45,39,84,-0.024925404998234126,-0.046412708979426044,0.007835972250478681,-0.014955702434992998,-0.02931029315146092,0.0040174437963923434
wind_speed_ms,-45,42,87,-0.01289091924004601,-0.0365200476230953,0.020659873447394714,-0.014672717381922691,-0.029898840596743727,0.002919358528145265
wind_speed_ms,-45,45,90,0.014942531594311456,-0.010967030855776742,0.04862568688159662,-0.01273941055118381,-0.030194292208478475,0.004742139911291686
wind_speed_ms,-45,48,93,0.04696400360697001,0.0184190147383717,0.0849807698557814,-0.012508887160493878,-0.028635822195129897,0.0049494264163381044
wind_speed_ms,-45,51,96,0.06152024133139253,0.03750667915013166,0.10505847158725712,-0.011028838333502083,-0.02722755190507642,0.004329076685862037
wind_speed_ms,-45,54,99,0.04326799590148373,0.02391614074018767,0.08297834892818068,-0.009294376955939557,-0.023288130496953857,0.0051880096303784885
wind_speed_ms,-45,57,102,0.01633655652975005,-0.0009844827541038593,0.04962778882580675,-0.007151347281828176,-0.019626406646659683,0.005829923273773052
wind_speed_ms,-45,60,105,-0.005159542862035968,-0.02126006827163963,0.01939606552003096,-0.005262612955972153,-0.01794816713361955,0.007942532259548794
wind_speed_ms,-45,63,108,-0.014053320008280128,-0.03159016474024554,0.012116060359195666,-0.004881755809630296,-0.01652158952982202,0.010464777990975322
wind_speed_ms,-45,66,111,-0.003463209878858264,-0.020075929653631645,0.018287042469269,-0.004643648596151367,-0.016620589131991027,0.008298836343479866
wind_speed_ms,-45,69,114,0.021445472845498095,0.003946097551839833,0.04660355434761207,-0.003939911338638396,-0.019254451851868484,0.00929841534312928
wind_speed_ms,-45,72,117,0.04926702929456403,0.03423668630450401,0.08221367313912606,-0.004921794870394933,-0.017994033012736457,0.008549303990012348
wind_speed_ms,-42,3,45,0.10809605993232554,0.08329143712206627,0.1214230972269279,0.0493967964731763,0.017998621760124234,0.07273594099463992
wind_speed_ms,-42,6,48,0.1113475134729432,0.09222790288831263,0.12801476552796587,0.034161383625143135,0.011574543221339316,0.05508606139576161
wind_speed_ms,-42,9,51,0.07929848005243309,0.06111407189799913,0.09373507971605462,0.018508988754164422,0.0010124030384660995,0.037383429053339357
wind_speed_ms,-42,12,54,0.03970484161863787,0.020711835885356484,0.05749873456670619,0.009817320185822,-0.0048203336487522685,0.02467525765134335
wind_speed_ms,-42,15,57,0.009487799794701091,-0.01401065067831155,0.0338646194130576,0.0033074608829712126,-0.008486216843811015,0.019649951068352135
wind_speed_ms,-42,18,60,-0.007540725590861838,-0.032889036734610314,0.018736745833655675,0.0001729873715301247,-0.013711384611906696,0.012443027321826467
wind_speed_ms,-42,21,63,-0.0012273847177597622,-0.024785115257797197,0.025657171689518376,-0.002508886332860974,-0.0171099087404986,0.010272636772335586
wind_speed_ms,-42,24,66,0.019575530399378226,5.0603243167860396e-05,0.048030129038689716,-0.005341412729899379,-0.01951521854139602,0.006479795213366773
wind_speed_ms,-42,27,69,0.047895215658520784,0.02146088559871824,0.07853408938505524,-0.007557075752524503,-0.021931196178839478,0.003609378577680405
wind_speed_ms,-42,30,72,0.06286649845714828,0.036635598997298055,0.10278592360661343,-0.012417506249818763,-0.025437938958529475,0.0038291490059208302
wind_speed_ms,-42,33,75,0.045760495086006076,0.016899375416062585,0.07859843116998255,-0.01107582270221542,-0.027410024770369343,0.003254596694780101
wind_speed_ms,-42,36,78,0.011720113442947593,-0.00938621005379868,0.05004079590503222,-0.011067412318114464,-0.029066342184292403,0.0027775507195001072
wind_speed_ms,-42,39,81,-0.01253074830384402,-0.03533381763519623,0.017710217699422087,-0.013090304312673669,-0.02867483270163234,0.0039054147851974963
wind_speed_ms,-42,42,84,-0.024925404998234126,-0.046412708979426044,0.007835972250478681,-0.014955702434992998,-0.02931029315146092,0.0040174437963923434
wind_speed_ms,-42,45,87,-0.01289091924004601,-0.0365200476230953,0.020659873447394714,-0.014672717381922691,-0.029898840596743727,0.002919358528145265
wind_speed_ms,-42,48,90,0.014942531594311456,-0.010967030855776742,0.04862568688159662,-0.01273941055118381,-0.030194292208478475,0.004742139911291686
wind_speed_ms,-42,51,93,0.04696400360697001,0.0184190147383717,0.0849807698557814,-0.012508887160493878,-0.028635822195129897,0.0049494264163381044
wind_speed_ms,-42,54,96,0.06152024133139253,0.03750667915013166,0.10505847158725712,-0.011028838333502083,-0.02722755190507642,0.004329076685862037
wind_speed_ms,-42,57,99,0.04326799590148373,0.02391614074018767,0.08297834892818068,-0.009294376955939557,-0.023288130496953857,0.0051880096303784885
wind_speed_ms,-42,60,102,0.01633655652975005,-0.0009844827541038593,0.04962778882580675,-0.007151347281828176,-0.019626406646659683,0.005829923273773052
wind_speed_ms,-42,63,105,-0.005159542862035968,-0.02126006827163963,0.01939606552003096,-0.005262612955972153,-0.01794816713361955,0.007942532259548794
wind_speed_ms,-42,66,108,-0.014053320008280128,-0.03159016474024554,0.012116060359195666,-0.004881755809630296,-0.01652158952982202,0.010464777990975322
wind_speed_ms,-42,69,111,-0.003463209878858264,-0.020075929653631645,0.018287042469269,-0.004643648596151367,-0.016620589131991027,0.008298836343479866
wind_speed_ms,-42,72,114,0.021445472845498095,0.003946097551839833,0.04660355434761207,-0.003939911338638396,-0.019254451851868484,0.00929841534312928
wind_speed_ms,-39,3,42,0.0926818916473495,0.059556476799955634,0.10823988328962651,0.06129457797961999,0.026671235294023866,0.0886131859187616
wind_speed_ms,-39,6,45,0.10809605993232554,0.08329143712206627,0.1214230972269279,0.0493967964731763,0.017998621760124234,0.07273594099463992
wind_speed_ms,-39,9,48,0.1113475134729432,0.09222790288831263,0.12801476552796587,0.034161383625143135,0.011574543221339316,0.05508606139576161
wind_speed_ms,-39,12,51,0.07929848005243309,0.06111407189799913,0.09373507971605462,0.018508988754164422,0.0010124030384660995,0.037383429053339357
wind_speed_ms,-39,15,54,0.03970484161863787,0.020711835885356484,0.05749873456670619,0.009817320185822,-0.0048203336487522685,0.02467525765134335
wind_speed_ms,-39,18,57,0.009487799794701091,-0.01401065067831155,0.0338646194130576,0.0033074608829712126,-0.008486216843811015,0.019649951068352135
wind_speed_ms,-39,21,60,-0.007540725590861838,-0.032889036734610314,0.018736745833655675,0.0001729873715301247,-0.013711384611906696,0.012443027321826467
wind_speed_ms,-39,24,63,-0.0012273847177597622,-0.024785115257797197,0.025657171689518376,-0.002508886332860974,-0.0171099087404986,0.010272636772335586
wind_speed_ms,-39,27,66,0.019575530399378226,5.0603243167860396e-05,0.048030129038689716,-0.005341412729899379,-0.01951521854139602,0.006479795213366773
wind_speed_ms,-39,30,69,0.047895215658520784,0.02146088559871824,0.07853408938505524,-0.007557075752524503,-0.021931196178839478,0.003609378577680405
wind_speed_ms,-39,33,72,0.06286649845714828,0.036635598997298055,0.10278592360661343,-0.012417506249818763,-0.025437938958529475,0.0038291490059208302
wind_speed_ms,-39,36,75,0.045760495086006076,0.016899375416062585,0.07859843116998255,-0.01107582270221542,-0.027410024770369343,0.003254596694780101
wind_speed_ms,-39,39,78,0.011720113442947593,-0.00938621005379868,0.05004079590503222,-0.011067412318114464,-0.029066342184292403,0.0027775507195001072
wind_speed_ms,-39,42,81,-0.01253074830384402,-0.03533381763519623,0.017710217699422087,-0.013090304312673669,-0.02867483270163234,0.0039054147851974963
wind_speed_ms,-39,45,84,-0.024925404998234126,-0.046412708979426044,0.007835972250478681,-0.014955702434992998,-0.02931029315146092,0.0040174437963923434
wind_speed_ms,-39,48,87,-0.01289091924004601,-0.0365200476230953,0.020659873447394714,-0.014672717381922691,-0.029898840596743727,0.002919358528145265
wind_speed_ms,-39,51,90,0.014942531594311456,-0.010967030855776742,0.04862568688159662,-0.01273941055118381,-0.030194292208478475,0.004742139911291686
wind_speed_ms,-39,54,93,0.04696400360697001,0.0184190147383717,0.0849807698557814,-0.012508887160493878,-0.028635822195129897,0.0049494264163381044
wind_speed_ms,-39,57,96,0.06152024133139253,0.03750667915013166,0.10505847158725712,-0.011028838333502083,-0.02722755190507642,0.004329076685862037
wind_speed_ms,-39,60,99,0.04326799590148373,0.02391614074018767,0.08297834892818068,-0.009294376955939557,-0.023288130496953857,0.0051880096303784885
wind_speed_ms,-39,63,102,0.01633655652975005,-0.0009844827541038593,0.04962778882580675,-0.007151347281828176,-0.019626406646659683,0.005829923273773052
wind_speed_ms,-39,66,105,-0.005159542862035968,-0.02126006827163963,0.01939606552003096,-0.005262612955972153,-0.01794816713361955,0.007942532259548794
wind_speed_ms,-39,69,108,-0.014053320008280128,-0.03159016474024554,0.012116060359195666,-0.004881755809630296,-0.01652158952982202,0.010464777990975322
wind_speed_ms,-39,72,111,-0.003463209878858264,-0.020075929653631645,0.018287042469269,-0.004643648596151367,-0.016620589131991027,0.008298836343479866
wind_speed_ms,-36,3,39,0.07882272977506116,0.03934838793710062,0.09905935469895434,0.07134717506523401,0.03287853963541179,0.10775689070914557
wind_speed_ms,-36,6,42,0.0926818916473495,0.059556476799955634,0.10823988328962651,0.06129457797961999,0.026671235294023866,0.0886131859187616
wind_speed_ms,-36,9,45,0.10809605993232554,0.08329143712206627,0.1214230972269279,0.0493967964731763,0.017998621760124234,0.07273594099463992
wind_speed_ms,-36,12,48,0.1113475134729432,0.09222790288831263,0.12801476552796587,0.034161383625143135,0.011574543221339316,0.05508606139576161
wind_speed_ms,-36,15,51,0.07929848005243309,0.06111407189799913,0.09373507971605462,0.018508988754164422,0.0010124030384660995,0.037383429053339357
wind_speed_ms,-36,18,54,0.03970484161863787,0.020711835885356484,0.05749873456670619,0.009817320185822,-0.0048203336487522685,0.02467525765134335
wind_speed_ms,-36,21,57,0.009487799794701091,-0.01401065067831155,0.0338646194130576,0.0033074608829712126,-0.008486216843811015,0.019649951068352135
wind_speed_ms,-36,24,60,-0.007540725590861838,-0.032889036734610314,0.018736745833655675,0.0001729873715301247,-0.013711384611906696,0.012443027321826467
wind_speed_ms,-36,27,63,-0.0012273847177597622,-0.024785115257797197,0.025657171689518376,-0.002508886332860974,-0.0171099087404986,0.010272636772335586
wind_speed_ms,-36,30,66,0.019575530399378226,5.0603243167860396e-05,0.048030129038689716,-0.005341412729899379,-0.01951521854139602,0.006479795213366773
wind_speed_ms,-36,33,69,0.047895215658520784,0.02146088559871824,0.07853408938505524,-0.007557075752524503,-0.021931196178839478,0.003609378577680405
wind_speed_ms,-36,36,72,0.06286649845714828,0.036635598997298055,0.10278592360661343,-0.012417506249818763,-0.025437938958529475,0.0038291490059208302
wind_speed_ms,-36,39,75,0.045760495086006076,0.016899375416062585,0.07859843116998255,-0.01107582270221542,-0.027410024770369343,0.003254596694780101
wind_speed_ms,-36,42,78,0.011720113442947593,-0.00938621005379868,0.05004079590503222,-0.011067412318114464,-0.029066342184292403,0.0027775507195001072
wind_speed_ms,-36,45,81,-0.01253074830384402,-0.03533381763519623,0.017710217699422087,-0.013090304312673669,-0.02867483270163234,0.0039054147851974963
wind_speed_ms,-36,48,84,-0.024925404998234126,-0.046412708979426044,0.007835972250478681,-0.014955702434992998,-0.02931029315146092,0.0040174437963923434
wind_speed_ms,-36,51,87,-0.01289091924004601,-0.0365200476230953,0.020659873447394714,-0.014672717381922691,-0.029898840596743727,0.002919358528145265
wind_speed_ms,-36,54,90,0.014942531594311456,-0.010967030855776742,0.04862568688159662,-0.01273941055118381,-0.030194292208478475,0.004742139911291686
wind_speed_ms,-36,57,93,0.04696400360697001,0.0184190147383717,0.0849807698557814,-0.012508887160493878,-0.028635822195129897,0.0049494264163381044
wind_speed_ms,-36,60,96,0.06152024133139253,0.03750667915013166,0.10505847158725712,-0.011028838333502083,-0.02722755190507642,0.004329076685862037
wind_speed_ms,-36,63,99,0.04326799590148373,0.02391614074018767,0.08297834892818068,-0.009294376955939557,-0.023288130496953857,0.0051880096303784885
wind_speed_ms,-36,66,102,0.01633655652975005,-0.0009844827541038593,0.04962778882580675,-0.007151347281828176,-0.019626406646659683,0.005829923273773052
wind_speed_ms,-36,69,105,-0.005159542862035968,-0.02126006827163963,0.01939606552003096,-0.005262612955972153,-0.01794816713361955,0.007942532259548794
wind_speed_ms,-36,72,108,-0.014053320008280128,-0.03159016474024554,0.012116060359195666,-0.004881755809630296,-0.01652158952982202,0.010464777990975322
wind_speed_ms,-33,3,36,0.07589264235182056,0.03607567424448759,0.10614385880842551,0.08519751649238282,0.04191262876150732,0.12668996197948168
wind_speed_ms,-33,6,39,0.07882272977506116,0.03934838793710062,0.09905935469895434,0.07134717506523401,0.03287853963541179,0.10775689070914557
wind_speed_ms,-33,9,42,0.0926818916473495,0.059556476799955634,0.10823988328962651,0.06129457797961999,0.026671235294023866,0.0886131859187616
wind_speed_ms,-33,12,45,0.10809605993232554,0.08329143712206627,0.1214230972269279,0.0493967964731763,0.017998621760124234,0.07273594099463992
wind_speed_ms,-33,15,48,0.1113475134729432,0.09222790288831263,0.12801476552796587,0.034161383625143135,0.011574543221339316,0.05508606139576161
wind_speed_ms,-33,18,51,0.07929848005243309,0.06111407189799913,0.09373507971605462,0.018508988754164422,0.0010124030384660995,0.037383429053339357
wind_speed_ms,-33,21,54,0.03970484161863787,0.020711835885356484,0.05749873456670619,0.009817320185822,-0.0048203336487522685,0.02467525765134335
wind_speed_ms,-33,24,57,0.009487799794701091,-0.01401065067831155,0.0338646194130576,0.0033074608829712126,-0.008486216843811015,0.019649951068352135
wind_speed_ms,-33,27,60,-0.007540725590861838,-0.032889036734610314,0.018736745833655675,0.0001729873715301247,-0.013711384611906696,0.012443027321826467
wind_speed_ms,-33,30,63,-0.0012273847177597622,-0.024785115257797197,0.025657171689518376,-0.002508886332860974,-0.0171099087404986,0.010272636772335586
wind_speed_ms,-33,33,66,0.019575530399378226,5.0603243167860396e-05,0.048030129038689716,-0.005341412729899379,-0.01951521854139602,0.006479795213366773
wind_speed_ms,-33,36,69,0.047895215658520784,0.02146088559871824,0.07853408938505524,-0.007557075752524503,-0.021931196178839478,0.003609378577680405
wind_speed_ms,-33,39,72,0.06286649845714828,0.036635598997298055,0.10278592360661343,-0.012417506249818763,-0.025437938958529475,0.0038291490059208302
wind_speed_ms,-33,42,75,0.045760495086006076,0.016899375416062585,0.07859843116998255,-0.01107582270221542,-0.027410024770369343,0.003254596694780101
wind_speed_ms,-33,45,78,0.011720113442947593,-0.00938621005379868,0.05004079590503222,-0.011067412318114464,-0.029066342184292403,0.0027775507195001072
wind_speed_ms,-33,48,81,-0.01253074830384402,-0.03533381763519623,0.017710217699422087,-0.013090304312673669,-0.02867483270163234,0.0039054147851974963
wind_speed_ms,-33,51,84,-0.024925404998234126,-0.046412708979426044,0.007835972250478681,-0.014955702434992998,-0.02931029315146092,0.0040174437963923434
wind_speed_ms,-33,54,87,-0.01289091924004601,-0.0365200476230953,0.020659873447394714,-0.014672717381922691,-0.029898840596743727,0.002919358528145265
wind_speed_ms,-33,57,90,0.014942531594311456,-0.010967030855776742,0.04862568688159662,-0.01273941055118381,-0.030194292208478475,0.004742139911291686
wind_speed_ms,-33,60,93,0.04696400360697001,0.0184190147383717,0.0849807698557814,-0.012508887160493878,-0.028635822195129897,0.0049494264163381044
wind_speed_ms,-33,63,96,0.06152024133139253,0.03750667915013166,0.10505847158725712,-0.011028838333502083,-0.02722755190507642,0.004329076685862037
wind_speed_ms,-33,66,99,0.04326799590148373,0.02391614074018767,0.08297834892818068,-0.009294376955939557,-0.023288130496953857,0.0051880096303784885
wind_speed_ms,-33,69,102,0.01633655652975005,-0.0009844827541038593,0.04962778882580675,-0.007151347281828176,-0.019626406646659683,0.005829923273773052
wind_speed_ms,-33,72,105,-0.005159542862035968,-0.02126006827163963,0.01939606552003096,-0.005262612955972153,-0.01794816713361955,0.007942532259548794
wind_speed_ms,-30,3,33,0.10324176702139307,0.05621265326225414,0.13498193468170164,0.10025909749782871,0.05223659648253211,0.14981131211897586
wind_speed_ms,-30,6,36,0.07589264235182056,0.03607567424448759,0.10614385880842551,0.08519751649238282,0.04191262876150732,0.12668996197948168
wind_speed_ms,-30,9,39,0.07882272977506116,0.03934838793710062,0.09905935469895434,0.07134717506523401,0.03287853963541179,0.10775689070914557
wind_speed_ms,-30,12,42,0.0926818916473495,0.059556476799955634,0.10823988328962651,0.06129457797961999,0.026671235294023866,0.0886131859187616
wind_speed_ms,-30,15,45,0.10809605993232554,0.08329143712206627,0.1214230972269279,0.0493967964731763,0.017998621760124234,0.07273594099463992
wind_speed_ms,-30,18,48,0.1113475134729432,0.09222790288831263,0.12801476552796587,0.034161383625143135,0.011574543221339316,0.05508606139576161
wind_speed_ms,-30,21,51,0.07929848005243309,0.06111407189799913,0.09373507971605462,0.018508988754164422,0.0010124030384660995,0.037383429053339357
wind_speed_ms,-30,24,54,0.03970484161863787,0.020711835885356484,0.05749873456670619,0.009817320185822,-0.0048203336487522685,0.02467525765134335
wind_speed_ms,-30,27,57,0.009487799794701091,-0.01401065067831155,0.0338646194130576,0.0033074608829712126,-0.008486216843811015,0.019649951068352135
wind_speed_ms,-30,30,60,-0.007540725590861838,-0.032889036734610314,0.018736745833655675,0.0001729873715301247,-0.013711384611906696,0.012443027321826467
wind_speed_ms,-30,33,63,-0.0012273847177597622,-0.024785115257797197,0.025657171689518376,-0.002508886332860974,-0.0171099087404986,0.010272636772335586
wind_speed_ms,-30,36,66,0.019575530399378226,5.0603243167860396e-05,0.048030129038689716,-0.005341412729899379,-0.01951521854139602,0.006479795213366773
wind_speed_ms,-30,39,69,0.047895215658520784,0.02146088559871824,0.07853408938505524,-0.007557075752524503,-0.021931196178839478,0.003609378577680405
wind_speed_ms,-30,42,72,0.06286649845714828,0.036635598997298055,0.10278592360661343,-0.012417506249818763,-0.025437938958529475,0.0038291490059208302
wind_speed_ms,-30,45,75,0.045760495086006076,0.016899375416062585,0.07859843116998255,-0.01107582270221542,-0.027410024770369343,0.003254596694780101
wind_speed_ms,-30,48,78,0.011720113442947593,-0.00938621005379868,0.05004079590503222,-0.011067412318114464,-0.029066342184292403,0.0027775507195001072
wind_speed_ms,-30,51,81,-0.01253074830384402,-0.03533381763519623,0.017710217699422087,-0.013090304312673669,-0.02867483270163234,0.0039054147851974963
wind_speed_ms,-30,54,84,-0.024925404998234126,-0.046412708979426044,0.007835972250478681,-0.014955702434992998,-0.02931029315146092,0.0040174437963923434
wind_speed_ms,-30,57,87,-0.01289091924004601,-0.0365200476230953,0.020659873447394714,-0.014672717381922691,-0.029898840596743727,0.002919358528145265
wind_speed_ms,-30,60,90,0.014942531594311456,-0.010967030855776742,0.04862568688159662,-0.01273941055118381,-0.030194292208478475,0.004742139911291686
wind_speed_ms,-30,63,93,0.04696400360697001,0.0184190147383717,0.0849807698557814,-0.012508887160493878,-0.028635822195129897,0.0049494264163381044
wind_speed_ms,-30,66,96,0.06152024133139253,0.03750667915013166,0.10505847158725712,-0.011028838333502083,-0.02722755190507642,0.004329076685862037
wind_speed_ms,-30,69,99,0.04326799590148373,0.02391614074018767,0.08297834892818068,-0.009294376955939557,-0.023288130496953857,0.0051880096303784885
wind_speed_ms,-30,72,102,0.01633655652975005,-0.0009844827541038593,0.04962778882580675,-0.007151347281828176,-0.019626406646659683,0.005829923273773052
wind_speed_ms,-27,3,30,0.15140601750791582,0.10009742446630206,0.18349066713063372,0.11954798100875276,0.06748663056161759,0.17964556419524466
wind_speed_ms,-27,6,33,0.10324176702139307,0.05621265326225414,0.13498193468170164,0.10025909749782871,0.05223659648253211,0.14981131211897586
wind_speed_ms,-27,9,36,0.07589264235182056,0.03607567424448759,0.10614385880842551,0.08519751649238282,0.04191262876150732,0.12668996197948168
wind_speed_ms,-27,12,39,0.07882272977506116,0.03934838793710062,0.09905935469895434,0.07134717506523401,0.03287853963541179,0.10775689070914557
wind_speed_ms,-27,15,42,0.0926818916473495,0.059556476799955634,0.10823988328962651,0.06129457797961999,0.026671235294023866,0.0886131859187616
wind_speed_ms,-27,18,45,0.10809605993232554,0.08329143712206627,0.1214230972269279,0.0493967964731763,0.017998621760124234,0.07273594099463992
wind_speed_ms,-27,21,48,0.1113475134729432,0.09222790288831263,0.12801476552796587,0.034161383625143135,0.011574543221339316,0.05508606139576161
wind_speed_ms,-27,24,51,0.07929848005243309,0.06111407189799913,0.09373507971605462,0.018508988754164422,0.0010124030384660995,0.037383429053339357
wind_speed_ms,-27,27,54,0.03970484161863787,0.020711835885356484,0.05749873456670619,0.009817320185822,-0.0048203336487522685,0.02467525765134335
wind_speed_ms,-27,30,57,0.009487799794701091,-0.01401065067831155,0.0338646194130576,0.0033074608829712126,-0.008486216843811015,0.019649951068352135
wind_speed_ms,-27,33,60,-0.007540725590861838,-0.032889036734610314,0.018736745833655675,0.0001729873715301247,-0.013711384611906696,0.012443027321826467
wind_speed_ms,-27,36,63,-0.0012273847177597622,-0.024785115257797197,0.025657171689518376,-0.002508886332860974,-0.0171099087404986,0.010272636772335586
wind_speed_ms,-27,39,66,0.019575530399378226,5.0603243167860396e-05,0.048030129038689716,-0.005341412729899379,-0.01951521854139602,0.006479795213366773
wind_speed_ms,-27,42,69,0.047895215658520784,0.02146088559871824,0.07853408938505524,-0.007557075752524503,-0.021931196178839478,0.003609378577680405
wind_speed_ms,-27,45,72,0.06286649845714828,0.036635598997298055,0.10278592360661343,-0.012417506249818763,-0.025437938958529475,0.0038291490059208302
wind_speed_ms,-27,48,75,0.045760495086006076,0.016899375416062585,0.07859843116998255,-0.01107582270221542,-0.027410024770369343,0.003254596694780101
wind_speed_ms,-27,51,78,0.011720113442947593,-0.00938621005379868,0.05004079590503222,-0.011067412318114464,-0.029066342184292403,0.0027775507195001072
wind_speed_ms,-27,54,81,-0.01253074830384402,-0.03533381763519623,0.017710217699422087,-0.013090304312673669,-0.02867483270163234,0.0039054147851974963
wind_speed_ms,-27,57,84,-0.024925404998234126,-0.046412708979426044,0.007835972250478681,-0.014955702434992998,-0.02931029315146092,0.0040174437963923434
wind_speed_ms,-27,60,87,-0.01289091924004601,-0.0365200476230953,0.020659873447394714,-0.014672717381922691,-0.029898840596743727,0.002919358528145265
wind_speed_ms,-27,63,90,0.014942531594311456,-0.010967030855776742,0.04862568688159662,-0.01273941055118381,-0.030194292208478475,0.004742139911291686
wind_speed_ms,-27,66,93,0.04696400360697001,0.0184190147383717,0.0849807698557814,-0.012508887160493878,-0.028635822195129897,0.0049494264163381044
wind_speed_ms,-27,69,96,0.06152024133139253,0.03750667915013166,0.10505847158725712,-0.011028838333502083,-0.02722755190507642,0.004329076685862037
wind_speed_ms,-27,72,99,0.04326799590148373,0.02391614074018767,0.08297834892818068,-0.009294376955939557,-0.023288130496953857,0.0051880096303784885
wind_speed_ms,-24,3,27,0.21349568963733165,0.16346795704246825,0.24848112870372763,0.1587588550747067,0.10113112735962625,0.2228831116482391
wind_speed_ms,-24,6,30,0.15140601750791582,0.10009742446630206,0.18349066713063372,0.11954798100875276,0.06748663056161759,0.17964556419524466
wind_speed_ms,-24,9,33,0.10324176702139307,0.05621265326225414,0.13498193468170164,0.10025909749782871,0.05223659648253211,0.14981131211897586
wind_speed_ms,-24,12,36,0.07589264235182056,0.03607567424448759,0.10614385880842551,0.08519751649238282,0.04191262876150732,0.12668996197948168
wind_speed_ms,-24,15,39,0.07882272977506116,0.03934838793710062,0.09905935469895434,0.07134717506523401,0.03287853963541179,0.10775689070914557
wind_speed_ms,-24,18,42,0.0926818916473495,0.059556476799955634,0.10823988328962651,0.06129457797961999,0.026671235294023866,0.0886131859187616
wind_speed_ms,-24,21,45,0.10809605993232554,0.08329143712206627,0.1214230972269279,0.0493967964731763,0.017998621760124234,0.07273594099463992
wind_speed_ms,-24,24,48,0.1113475134729432,0.09222790288831263,0.12801476552796587,0.034161383625143135,0.011574543221339316,0.05508606139576161
wind_speed_ms,-24,27,51,0.07929848005243309,0.06111407189799913,0.09373507971605462,0.018508988754164422,0.0010124030384660995,0.037383429053339357
wind_speed_ms,-24,30,54,0.03970484161863787,0.020711835885356484,0.05749873456670619,0.009817320185822,-0.0048203336487522685,0.02467525765134335
wind_speed_ms,-24,33,57,0.009487799794701091,-0.01401065067831155,0.0338646194130576,0.0033074608829712126,-0.008486216843811015,0.019649951068352135
wind_speed_ms,-24,36,60,-0.007540725590861838,-0.032889036734610314,0.018736745833655675,0.0001729873715301247,-0.013711384611906696,0.012443027321826467
wind_speed_ms,-24,39,63,-0.0012273847177597622,-0.024785115257797197,0.025657171689518376,-0.002508886332860974,-0.0171099087404986,0.010272636772335586
wind_speed_ms,-24,42,66,0.019575530399378226,5.0603243167860396e-05,0.048030129038689716,-0.005341412729899379,-0.01951521854139602,0.006479795213366773
wind_speed_ms,-24,45,69,0.047895215658520784,0.02146088559871824,0.07853408938505524,-0.007557075752524503,-0.021931196178839478,0.003609378577680405
wind_speed_ms,-24,48,72,0.06286649845714828,0.036635598997298055,0.10278592360661343,-0.012417506249818763,-0.025437938958529475,0.0038291490059208302
wind_speed_ms,-24,51,75,0.045760495086006076,0.016899375416062585,0.07859843116998255,-0.01107582270221542,-0.027410024770369343,0.003254596694780101
wind_speed_ms,-24,54,78,0.011720113442947593,-0.00938621005379868,0.05004079590503222,-0.011067412318114464,-0.029066342184292403,0.0027775507195001072
wind_speed_ms,-24,57,81,-0.01253074830384402,-0.03533381763519623,0.017710217699422087,-0.013090304312673669,-0.02867483270163234,0.0039054147851974963
wind_speed_ms,-24,60,84,-0.024925404998234126,-0.046412708979426044,0.007835972250478681,-0.014955702434992998,-0.02931029315146092,0.0040174437963923434
wind_speed_ms,-24,63,87,-0.01289091924004601,-0.0365200476230953,0.020659873447394714,-0.014672717381922691,-0.029898840596743727,0.002919358528145265
wind_speed_ms,-24,66,90,0.014942531594311456,-0.010967030855776742,0.04862568688159662,-0.01273941055118381,-0.030194292208478475,0.004742139911291686
wind_speed_ms,-24,69,93,0.04696400360697001,0.0184190147383717,0.0849807698557814,-0.012508887160493878,-0.028635822195129897,0.0049494264163381044
wind_speed_ms,-24,72,96,0.06152024133139253,0.03750667915013166,0.10505847158725712,-0.011028838333502083,-0.02722755190507642,0.004329076685862037
wind_speed_ms,-21,3,24,0.27223639873098826,0.22614065605175165,0.31268041165372273,0.20483300737455012,0.14344709353323348,0.2719723457850602
wind_speed_ms,-21,6,27,0.21349568963733165,0.16346795704246825,0.24848112870372763,0.1587588550747067,0.10113112735962625,0.2228831116482391
wind_speed_ms,-21,9,30,0.15140601750791582,0.10009742446630206,0.18349066713063372,0.11954798100875276,0.06748663056161759,0.17964556419524466
wind_speed_ms,-21,12,33,0.10324176702139307,0.05621265326225414,0.13498193468170164,0.10025909749782871,0.05223659648253211,0.14981131211897586
wind_speed_ms,-21,15,36,0.07589264235182056,0.03607567424448759,0.10614385880842551,0.08519751649238282,0.04191262876150732,0.12668996197948168
wind_speed_ms,-21,18,39,0.07882272977506116,0.03934838793710062,0.09905935469895434,0.07134717506523401,0.03287853963541179,0.10775689070914557
wind_speed_ms,-21,21,42,0.0926818916473495,0.059556476799955634,0.10823988328962651,0.06129457797961999,0.026671235294023866,0.0886131859187616
wind_speed_ms,-21,24,45,0.10809605993232554,0.08329143712206627,0.1214230972269279,0.0493967964731763,0.017998621760124234,0.07273594099463992
wind_speed_ms,-21,27,48,0.1113475134729432,0.09222790288831263,0.12801476552796587,0.034161383625143135,0.011574543221339316,0.05508606139576161
wind_speed_ms,-21,30,51,0.07929848005243309,0.06111407189799913,0.09373507971605462,0.018508988754164422,0.0010124030384660995,0.037383429053339357
wind_speed_ms,-21,33,54,0.03970484161863787,0.020711835885356484,0.05749873456670619,0.009817320185822,-0.0048203336487522685,0.02467525765134335
wind_speed_ms,-21,36,57,0.009487799794701091,-0.01401065067831155,0.0338646194130576,0.0033074608829712126,-0.008486216843811015,0.019649951068352135
wind_speed_ms,-21,39,60,-0.007540725590861838,-0.032889036734610314,0.018736745833655675,0.0001729873715301247,-0.013711384611906696,0.012443027321826467
wind_speed_ms,-21,42,63,-0.0012273847177597622,-0.024785115257797197,0.025657171689518376,-0.002508886332860974,-0.0171099087404986,0.010272636772335586
wind_speed_ms,-21,45,66,0.019575530399378226,5.0603243167860396e-05,0.048030129038689716,-0.005341412729899379,-0.01951521854139602,0.006479795213366773
wind_speed_ms,-21,48,69,0.047895215658520784,0.02146088559871824,0.07853408938505524,-0.007557075752524503,-0.021931196178839478,0.003609378577680405
wind_speed_ms,-21,51,72,0.06286649845714828,0.036635598997298055,0.10278592360661343,-0.012417506249818763,-0.025437938958529475,0.0038291490059208302
wind_speed_ms,-21,54,75,0.045760495086006076,0.016899375416062585,0.07859843116998255,-0.01107582270221542,-0.027410024770369343,0.003254596694780101
wind_speed_ms,-21,57,78,0.011720113442947593,-0.00938621005379868,0.05004079590503222,-0.011067412318114464,-0.029066342184292403,0.0027775507195001072
wind_speed_ms,-21,60,81,-0.01253074830384402,-0.03533381763519623,0.017710217699422087,-0.013090304312673669,-0.02867483270163234,0.0039054147851974963
wind_speed_ms,-21,63,84,-0.024925404998234126,-0.046412708979426044,0.007835972250478681,-0.014955702434992998,-0.02931029315146092,0.0040174437963923434
wind_speed_ms,-21,66,87,-0.01289091924004601,-0.0365200476230953,0.020659873447394714,-0.014672717381922691,-0.029898840596743727,0.002919358528145265
wind_speed_ms,-21,69,90,0.014942531594311456,-0.010967030855776742,0.04862568688159662,-0.01273941055118381,-0.030194292208478475,0.004742139911291686
wind_speed_ms,-21,72,93,0.04696400360697001,0.0184190147383717,0.0849807698557814,-0.012508887160493878,-0.028635822195129897,0.0049494264163381044
wind_speed_ms,-18,3,21,0.2837097561554058,0.22637757028622185,0.32466748825941355,0.23753711485343207,0.17309492760333717,0.30288846566311756
wind_speed_ms,-18,6,24,0.27223639873098826,0.22614065605175165,0.31268041165372273,0.20483300737455012,0.14344709353323348,0.2719723457850602
wind_speed_ms,-18,9,27,0.21349568963733165,0.16346795704246825,0.24848112870372763,0.1587588550747067,0.10113112735962625,0.2228831116482391
wind_speed_ms,-18,12,30,0.15140601750791582,0.10009742446630206,0.18349066713063372,0.11954798100875276,0.06748663056161759,0.17964556419524466
wind_speed_ms,-18,15,33,0.10324176702139307,0.05621265326225414,0.13498193468170164,0.10025909749782871,0.05223659648253211,0.14981131211897586
wind_speed_ms,-18,18,36,0.07589264235182056,0.03607567424448759,0.10614385880842551,0.08519751649238282,0.04191262876150732,0.12668996197948168
wind_speed_ms,-18,21,39,0.07882272977506116,0.03934838793710062,0.09905935469895434,0.07134717506523401,0.03287853963541179,0.10775689070914557
wind_speed_ms,-18,24,42,0.0926818916473495,0.059556476799955634,0.10823988328962651,0.06129457797961999,0.026671235294023866,0.0886131859187616
wind_speed_ms,-18,27,45,0.10809605993232554,0.08329143712206627,0.1214230972269279,0.0493967964731763,0.017998621760124234,0.07273594099463992
wind_speed_ms,-18,30,48,0.1113475134729432,0.09222790288831263,0.12801476552796587,0.034161383625143135,0.011574543221339316,0.05508606139576161
wind_speed_ms,-18,33,51,0.07929848005243309,0.06111407189799913,0.09373507971605462,0.018508988754164422,0.0010124030384660995,0.037383429053339357
wind_speed_ms,-18,36,54,0.03970484161863787,0.020711835885356484,0.05749873456670619,0.009817320185822,-0.0048203336487522685,0.02467525765134335
wind_speed_ms,-18,39,57,0.009487799794701091,-0.01401065067831155,0.0338646194130576,0.0033074608829712126,-0.008486216843811015,0.019649951068352135
wind_speed_ms,-18,42,60,-0.007540725590861838,-0.032889036734610314,0.018736745833655675,0.0001729873715301247,-0.013711384611906696,0.012443027321826467
wind_speed_ms,-18,45,63,-0.0012273847177597622,-0.024785115257797197,0.025657171689518376,-0.002508886332860974,-0.0171099087404986,0.010272636772335586
wind_speed_ms,-18,48,66,0.019575530399378226,5.0603243167860396e-05,0.048030129038689716,-0.005341412729899379,-0.01951521854139602,0.006479795213366773
wind_speed_ms,-18,51,69,0.047895215658520784,0.02146088559871824,0.07853408938505524,-0.007557075752524503,-0.021931196178839478,0.003609378577680405
wind_speed_ms,-18,54,72,0.06286649845714828,0.036635598997298055,0.10278592360661343,-0.012417506249818763,-0.025437938958529475,0.0038291490059208302
wind_speed_ms,-18,57,75,0.045760495086006076,0.016899375416062585,0.07859843116998255,-0.01107582270221542,-0.027410024770369343,0.003254596694780101
wind_speed_ms,-18,60,78,0.011720113442947593,-0.00938621005379868,0.05004079590503222,-0.011067412318114464,-0.029066342184292403,0.0027775507195001072
wind_speed_ms,-18,63,81,-0.01253074830384402,-0.03533381763519623,0.017710217699422087,-0.013090304312673669,-0.02867483270163234,0.0039054147851974963
wind_speed_ms,-18,66,84,-0.024925404998234126,-0.046412708979426044,0.007835972250478681,-0.014955702434992998,-0.02931029315146092,0.0040174437963923434
wind_speed_ms,-18,69,87,-0.01289091924004601,-0.0365200476230953,0.020659873447394714,-0.014672717381922691,-0.029898840596743727,0.002919358528145265
wind_speed_ms,-18,72,90,0.014942531594311456,-0.010967030855776742,0.04862568688159662,-0.01273941055118381,-0.030194292208478475,0.004742139911291686
wind_speed_ms,-15,3,18,0.2784329741976689,0.21489951013352432,0.32837245276030097,0.26469671415765506,0.20075550243833232,0.3340551338986104
wind_speed_ms,-15,6,21,0.2837097561554058,0.22637757028622185,0.32466748825941355,0.23753711485343207,0.17309492760333717,0.30288846566311756
wind_speed_ms,-15,9,24,0.27223639873098826,0.22614065605175165,0.31268041165372273,0.20483300737455012,0.14344709353323348,0.2719723457850602
wind_speed_ms,-15,12,27,0.21349568963733165,0.16346795704246825,0.24848112870372763,0.1587588550747067,0.10113112735962625,0.2228831116482391
wind_speed_ms,-15,15,30,0.15140601750791582,0.10009742446630206,0.18349066713063372,0.11954798100875276,0.06748663056161759,0.17964556419524466
wind_speed_ms,-15,18,33,0.10324176702139307,0.05621265326225414,0.13498193468170164,0.10025909749782871,0.05223659648253211,0.14981131211897586
wind_speed_ms,-15,21,36,0.07589264235182056,0.03607567424448759,0.10614385880842551,0.08519751649238282,0.04191262876150732,0.12668996197948168
wind_speed_ms,-15,24,39,0.07882272977506116,0.03934838793710062,0.09905935469895434,0.07134717506523401,0.03287853963541179,0.10775689070914557
wind_speed_ms,-15,27,42,0.0926818916473495,0.059556476799955634,0.10823988328962651,0.06129457797961999,0.026671235294023866,0.0886131859187616
wind_speed_ms,-15,30,45,0.10809605993232554,0.08329143712206627,0.1214230972269279,0.0493967964731763,0.017998621760124234,0.07273594099463992
wind_speed_ms,-15,33,48,0.1113475134729432,0.09222790288831263,0.12801476552796587,0.034161383625143135,0.011574543221339316,0.05508606139576161
wind_speed_ms,-15,36,51,0.07929848005243309,0.06111407189799913,0.09373507971605462,0.018508988754164422,0.0010124030384660995,0.037383429053339357
wind_speed_ms,-15,39,54,0.03970484161863787,0.020711835885356484,0.05749873456670619,0.009817320185822,-0.0048203336487522685,0.02467525765134335
wind_speed_ms,-15,42,57,0.009487799794701091,-0.01401065067831155,0.0338646194130576,0.0033074608829712126,-0.008486216843811015,0.019649951068352135
wind_speed_ms,-15,45,60,-0.007540725590861838,-0.032889036734610314,0.018736745833655675,0.0001729873715301247,-0.013711384611906696,0.012443027321826467
wind_speed_ms,-15,48,63,-0.0012273847177597622,-0.024785115257797197,0.025657171689518376,-0.002508886332860974,-0.0171099087404986,0.010272636772335586
wind_speed_ms,-15,51,66,0.019575530399378226,5.0603243167860396e-05,0.048030129038689716,-0.005341412729899379,-0.01951521854139602,0.006479795213366773
wind_speed_ms,-15,54,69,0.047895215658520784,0.02146088559871824,0.07853408938505524,-0.007557075752524503,-0.021931196178839478,0.003609378577680405
wind_speed_ms,-15,57,72,0.06286649845714828,0.036635598997298055,0.10278592360661343,-0.012417506249818763,-0.025437938958529475,0.0038291490059208302
wind_speed_ms,-15,60,75,0.045760495086006076,0.016899375416062585,0.07859843116998255,-0.01107582270221542,-0.027410024770369343,0.003254596694780101
wind_speed_ms,-15,63,78,0.011720113442947593,-0.00938621005379868,0.05004079590503222,-0.011067412318114464,-0.029066342184292403,0.0027775507195001072
wind_speed_ms,-15,66,81,-0.01253074830384402,-0.03533381763519623,0.017710217699422087,-0.013090304312673669,-0.02867483270163234,0.0039054147851974963
wind_speed_ms,-15,69,84,-0.024925404998234126,-0.046412708979426044,0.007835972250478681,-0.014955702434992998,-0.02931029315146092,0.0040174437963923434
wind_speed_ms,-15,72,87,-0.01289091924004601,-0.0365200476230953,0.020659873447394714,-0.014672717381922691,-0.029898840596743727,0.002919358528145265
wind_speed_ms,-12,3,15,0.29114519669386796,0.21646745973215215,0.3478248016910147,0.3039843463889743,0.24012023738883664,0.3778234462243478
wind_speed_ms,-12,6,18,0.2784329741976689,0.21489951013352432,0.32837245276030097,0.26469671415765506,0.20075550243833232,0.3340551338986104
wind_speed_ms,-12,9,21,0.2837097561554058,0.22637757028622185,0.32466748825941355,0.23753711485343207,0.17309492760333717,0.30288846566311756
wind_speed_ms,-12,12,24,0.27223639873098826,0.22614065605175165,0.31268041165372273,0.20483300737455012,0.14344709353323348,0.2719723457850602
wind_speed_ms,-12,15,27,0.21349568963733165,0.16346795704246825,0.24848112870372763,0.1587588550747067,0.10113112735962625,0.2228831116482391
wind_speed_ms,-12,18,30,0.15140601750791582,0.10009742446630206,0.18349066713063372,0.11954798100875276,0.06748663056161759,0.17964556419524466
wind_speed_ms,-12,21,33,0.10324176702139307,0.05621265326225414,0.13498193468170164,0.10025909749782871,0.05223659648253211,0.14981131211897586
wind_speed_ms,-12,24,36,0.07589264235182056,0.03607567424448759,0.10614385880842551,0.08519751649238282,0.04191262876150732,0.12668996197948168
wind_speed_ms,-12,27,39,0.07882272977506116,0.03934838793710062,0.09905935469895434,0.07134717506523401,0.03287853963541179,0.10775689070914557
wind_speed_ms,-12,30,42,0.0926818916473495,0.059556476799955634,0.10823988328962651,0.06129457797961999,0.026671235294023866,0.0886131859187616
wind_speed_ms,-12,33,45,0.10809605993232554,0.08329143712206627,0.1214230972269279,0.0493967964731763,0.017998621760124234,0.07273594099463992
wind_speed_ms,-12,36,48,0.1113475134729432,0.09222790288831263,0.12801476552796587,0.034161383625143135,0.011574543221339316,0.05508606139576161
wind_speed_ms,-12,39,51,0.07929848005243309,0.06111407189799913,0.09373507971605462,0.018508988754164422,0.0010124030384660995,0.037383429053339357
wind_speed_ms,-12,42,54,0.03970484161863787,0.020711835885356484,0.05749873456670619,0.009817320185822,-0.0048203336487522685,0.02467525765134335
wind_speed_ms,-12,45,57,0.009487799794701091,-0.01401065067831155,0.0338646194130576,0.0033074608829712126,-0.008486216843811015,0.019649951068352135
wind_speed_ms,-12,48,60,-0.007540725590861838,-0.032889036734610314,0.018736745833655675,0.0001729873715301247,-0.013711384611906696,0.012443027321826467
wind_speed_ms,-12,51,63,-0.0012273847177597622,-0.024785115257797197,0.025657171689518376,-0.002508886332860974,-0.0171099087404986,0.010272636772335586
wind_speed_ms,-12,54,66,0.019575530399378226,5.0603243167860396e-05,0.048030129038689716,-0.005341412729899379,-0.01951521854139602,0.006479795213366773
wind_speed_ms,-12,57,69,0.047895215658520784,0.02146088559871824,0.07853408938505524,-0.007557075752524503,-0.021931196178839478,0.003609378577680405
wind_speed_ms,-12,60,72,0.06286649845714828,0.036635598997298055,0.10278592360661343,-0.012417506249818763,-0.025437938958529475,0.0038291490059208302
wind_speed_ms,-12,63,75,0.045760495086006076,0.016899375416062585,0.07859843116998255,-0.01107582270221542,-0.027410024770369343,0.003254596694780101
wind_speed_ms,-12,66,78,0.011720113442947593,-0.00938621005379868,0.05004079590503222,-0.011067412318114464,-0.029066342184292403,0.0027775507195001072
wind_speed_ms,-12,69,81,-0.01253074830384402,-0.03533381763519623,0.017710217699422087,-0.013090304312673669,-0.02867483270163234,0.0039054147851974963
wind_speed_ms,-12,72,84,-0.024925404998234126,-0.046412708979426044,0.007835972250478681,-0.014955702434992998,-0.02931029315146092,0.0040174437963923434
wind_speed_ms,-9,3,12,0.3455744059244359,0.26145801592461393,0.40176196897855976,0.3724557952261681,0.30541240260674873,0.44664033883672294
wind_speed_ms,-9,6,15,0.29114519669386796,0.21646745973215215,0.3478248016910147,0.3039843463889743,0.24012023738883664,0.3778234462243478
wind_speed_ms,-9,9,18,0.2784329741976689,0.21489951013352432,0.32837245276030097,0.26469671415765506,0.20075550243833232,0.3340551338986104
wind_speed_ms,-9,12,21,0.2837097561554058,0.22637757028622185,0.32466748825941355,0.23753711485343207,0.17309492760333717,0.30288846566311756
wind_speed_ms,-9,15,24,0.27223639873098826,0.22614065605175165,0.31268041165372273,0.20483300737455012,0.14344709353323348,0.2719723457850602
wind_speed_ms,-9,18,27,0.21349568963733165,0.16346795704246825,0.24848112870372763,0.1587588550747067,0.10113112735962625,0.2228831116482391
wind_speed_ms,-9,21,30,0.15140601750791582,0.10009742446630206,0.18349066713063372,0.11954798100875276,0.06748663056161759,0.17964556419524466
wind_speed_ms,-9,24,33,0.10324176702139307,0.05621265326225414,0.13498193468170164,0.10025909749782871,0.05223659648253211,0.14981131211897586
wind_speed_ms,-9,27,36,0.07589264235182056,0.03607567424448759,0.10614385880842551,0.08519751649238282,0.04191262876150732,0.12668996197948168
wind_speed_ms,-9,30,39,0.07882272977506116,0.03934838793710062,0.09905935469895434,0.07134717506523401,0.03287853963541179,0.10775689070914557
wind_speed_ms,-9,33,42,0.0926818916473495,0.059556476799955634,0.10823988328962651,0.06129457797961999,0.026671235294023866,0.0886131859187616
wind_speed_ms,-9,36,45,0.10809605993232554,0.08329143712206627,0.1214230972269279,0.0493967964731763,0.017998621760124234,0.07273594099463992
wind_speed_ms,-9,39,48,0.1113475134729432,0.09222790288831263,0.12801476552796587,0.034161383625143135,0.011574543221339316,0.05508606139576161
wind_speed_ms,-9,42,51,0.07929848005243309,0.06111407189799913,0.09373507971605462,0.018508988754164422,0.0010124030384660995,0.037383429053339357
wind_speed_ms,-9,45,54,0.03970484161863787,0.020711835885356484,0.05749873456670619,0.009817320185822,-0.0048203336487522685,0.02467525765134335
wind_speed_ms,-9,48,57,0.009487799794701091,-0.01401065067831155,0.0338646194130576,0.0033074608829712126,-0.008486216843811015,0.019649951068352135
wind_speed_ms,-9,51,60,-0.007540725590861838,-0.032889036734610314,0.018736745833655675,0.0001729873715301247,-0.013711384611906696,0.012443027321826467
wind_speed_ms,-9,54,63,-0.0012273847177597622,-0.024785115257797197,0.025657171689518376,-0.002508886332860974,-0.0171099087404986,0.010272636772335586
wind_speed_ms,-9,57,66,0.019575530399378226,5.0603243167860396e-05,0.048030129038689716,-0.005341412729899379,-0.01951521854139602,0.006479795213366773
wind_speed_ms,-9,60,69,0.047895215658520784,0.02146088559871824,0.07853408938505524,-0.007557075752524503,-0.021931196178839478,0.003609378577680405
wind_speed_ms,-9,63,72,0.06286649845714828,0.036635598997298055,0.10278592360661343,-0.012417506249818763,-0.025437938958529475,0.0038291490059208302
wind_speed_ms,-9,66,75,0.045760495086006076,0.016899375416062585,0.07859843116998255,-0.01107582270221542,-0.027410024770369343,0.003254596694780101
wind_speed_ms,-9,69,78,0.011720113442947593,-0.00938621005379868,0.05004079590503222,-0.011067412318114464,-0.029066342184292403,0.0027775507195001072
wind_speed_ms,-9,72,81,-0.01253074830384402,-0.03533381763519623,0.017710217699422087,-0.013090304312673669,-0.02867483270163234,0.0039054147851974963
wind_speed_ms,-6,3,9,0.44738160017390205,0.36253457153621416,0.5032959828593389,0.474315759453814,0.40063596584567557,0.5388310845546574
wind_speed_ms,-6,6,12,0.3455744059244359,0.26145801592461393,0.40176196897855976,0.3724557952261681,0.30541240260674873,0.44664033883672294
wind_speed_ms,-6,9,15,0.29114519669386796,0.21646745973215215,0.3478248016910147,0.3039843463889743,0.24012023738883664,0.3778234462243478
wind_speed_ms,-6,12,18,0.2784329741976689,0.21489951013352432,0.32837245276030097,0.26469671415765506,0.20075550243833232,0.3340551338986104
wind_speed_ms,-6,15,21,0.2837097561554058,0.22637757028622185,0.32466748825941355,0.23753711485343207,0.17309492760333717,0.30288846566311756
wind_speed_ms,-6,18,24,0.27223639873098826,0.22614065605175165,0.31268041165372273,0.20483300737455012,0.14344709353323348,0.2719723457850602
wind_speed_ms,-6,21,27,0.21349568963733165,0.16346795704246825,0.24848112870372763,0.1587588550747067,0.10113112735962625,0.2228831116482391
wind_speed_ms,-6,24,30,0.15140601750791582,0.10009742446630206,0.18349066713063372,0.11954798100875276,0.06748663056161759,0.17964556419524466
wind_speed_ms,-6,27,33,0.10324176702139307,0.05621265326225414,0.13498193468170164,0.10025909749782871,0.05223659648253211,0.14981131211897586
wind_speed_ms,-6,30,36,0.07589264235182056,0.03607567424448759,0.10614385880842551,0.08519751649238282,0.04191262876150732,0.12668996197948168
wind_speed_ms,-6,33,39,0.07882272977506116,0.03934838793710062,0.09905935469895434,0.07134717506523401,0.03287853963541179,0.10775689070914557
wind_speed_ms,-6,36,42,0.0926818916473495,0.059556476799955634,0.10823988328962651,0.06129457797961999,0.026671235294023866,0.0886131859187616
wind_speed_ms,-6,39,45,0.10809605993232554,0.08329143712206627,0.1214230972269279,0.0493967964731763,0.017998621760124234,0.07273594099463992
wind_speed_ms,-6,42,48,0.1113475134729432,0.09222790288831263,0.12801476552796587,0.034161383625143135,0.011574543221339316,0.05508606139576161
wind_speed_ms,-6,45,51,0.07929848005243309,0.06111407189799913,0.09373507971605462,0.018508988754164422,0.0010124030384660995,0.037383429053339357
wind_speed_ms,-6,48,54,0.03970484161863787,0.020711835885356484,0.05749873456670619,0.009817320185822,-0.0048203336487522685,0.02467525765134335
wind_speed_ms,-6,51,57,0.009487799794701091,-0.01401065067831155,0.0338646194130576,0.0033074608829712126,-0.008486216843811015,0.019649951068352135
wind_speed_ms,-6,54,60,-0.007540725590861838,-0.032889036734610314,0.018736745833655675,0.0001729873715301247,-0.013711384611906696,0.012443027321826467
wind_speed_ms,-6,57,63,-0.0012273847177597622,-0.024785115257797197,0.025657171689518376,-0.002508886332860974,-0.0171099087404986,0.010272636772335586
wind_speed_ms,-6,60,66,0.019575530399378226,5.0603243167860396e-05,0.048030129038689716,-0.005341412729899379,-0.01951521854139602,0.006479795213366773
wind_speed_ms,-6,63,69,0.047895215658520784,0.02146088559871824,0.07853408938505524,-0.007557075752524503,-0.021931196178839478,0.003609378577680405
wind_speed_ms,-6,66,72,0.06286649845714828,0.036635598997298055,0.10278592360661343,-0.012417506249818763,-0.025437938958529475,0.0038291490059208302
wind_speed_ms,-6,69,75,0.045760495086006076,0.016899375416062585,0.07859843116998255,-0.01107582270221542,-0.027410024770369343,0.003254596694780101
wind_speed_ms,-6,72,78,0.011720113442947593,-0.00938621005379868,0.05004079590503222,-0.011067412318114464,-0.029066342184292403,0.0027775507195001072
wind_speed_ms,-3,3,6,0.6041521817447633,0.5349258873221798,0.6458359516621133,0.6240311470621258,0.5494285223019308,0.6676505774346502
wind_speed_ms,-3,6,9,0.44738160017390205,0.36253457153621416,0.5032959828593389,0.474315759453814,0.40063596584567557,0.5388310845546574
wind_speed_ms,-3,9,12,0.3455744059244359,0.26145801592461393,0.40176196897855976,0.3724557952261681,0.30541240260674873,0.44664033883672294
wind_speed_ms,-3,12,15,0.29114519669386796,0.21646745973215215,0.3478248016910147,0.3039843463889743,0.24012023738883664,0.3778234462243478
wind_speed_ms,-3,15,18,0.2784329741976689,0.21489951013352432,0.32837245276030097,0.26469671415765506,0.20075550243833232,0.3340551338986104
wind_speed_ms,-3,18,21,0.2837097561554058,0.22637757028622185,0.32466748825941355,0.23753711485343207,0.17309492760333717,0.30288846566311756
wind_speed_ms,-3,21,24,0.27223639873098826,0.22614065605175165,0.31268041165372273,0.20483300737455012,0.14344709353323348,0.2719723457850602
wind_speed_ms,-3,24,27,0.21349568963733165,0.16346795704246825,0.24848112870372763,0.1587588550747067,0.10113112735962625,0.2228831116482391
wind_speed_ms,-3,27,30,0.15140601750791582,0.10009742446630206,0.18349066713063372,0.11954798100875276,0.06748663056161759,0.17964556419524466
wind_speed_ms,-3,30,33,0.10324176702139307,0.05621265326225414,0.13498193468170164,0.10025909749782871,0.05223659648253211,0.14981131211897586
wind_speed_ms,-3,33,36,0.07589264235182056,0.03607567424448759,0.10614385880842551,0.08519751649238282,0.04191262876150732,0.12668996197948168
wind_speed_ms,-3,36,39,0.07882272977506116,0.03934838793710062,0.09905935469895434,0.07134717506523401,0.03287853963541179,0.10775689070914557
wind_speed_ms,-3,39,42,0.0926818916473495,0.059556476799955634,0.10823988328962651,0.06129457797961999,0.026671235294023866,0.0886131859187616
wind_speed_ms,-3,42,45,0.10809605993232554,0.08329143712206627,0.1214230972269279,0.0493967964731763,0.017998621760124234,0.07273594099463992
wind_speed_ms,-3,45,48,0.1113475134729432,0.09222790288831263,0.12801476552796587,0.034161383625143135,0.011574543221339316,0.05508606139576161
wind_speed_ms,-3,48,51,0.07929848005243309,0.06111407189799913,0.09373507971605462,0.018508988754164422,0.0010124030384660995,0.037383429053339357
wind_speed_ms,-3,51,54,0.03970484161863787,0.020711835885356484,0.05749873456670619,0.009817320185822,-0.0048203336487522685,0.02467525765134335
wind_speed_ms,-3,54,57,0.009487799794701091,-0.01401065067831155,0.0338646194130576,0.0033074608829712126,-0.008486216843811015,0.019649951068352135
wind_speed_ms,-3,57,60,-0.007540725590861838,-0.032889036734610314,0.018736745833655675,0.0001729873715301247,-0.013711384611906696,0.012443027321826467
wind_speed_ms,-3,60,63,-0.0012273847177597622,-0.024785115257797197,0.025657171689518376,-0.002508886332860974,-0.0171099087404986,0.010272636772335586
wind_speed_ms,-3,63,66,0.019575530399378226,5.0603243167860396e-05,0.048030129038689716,-0.005341412729899379,-0.01951521854139602,0.006479795213366773
wind_speed_ms,-3,66,69,0.047895215658520784,0.02146088559871824,0.07853408938505524,-0.007557075752524503,-0.021931196178839478,0.003609378577680405
wind_speed_ms,-3,69,72,0.06286649845714828,0.036635598997298055,0.10278592360661343,-0.012417506249818763,-0.025437938958529475,0.0038291490059208302
wind_speed_ms,-3,72,75,0.045760495086006076,0.016899375416062585,0.07859843116998255,-0.01107582270221542,-0.027410024770369343,0.003254596694780101
wind_speed_ms,0,3,3,0.8119628708212663,0.7810656555886557,0.8333430500978543,0.8166150966856082,0.7855479665414342,0.842487673671297
wind_speed_ms,0,6,6,0.6041521817447633,0.5349258873221798,0.6458359516621133,0.6240311470621258,0.5494285223019308,0.6676505774346502
wind_speed_ms,0,9,9,0.44738160017390205,0.36253457153621416,0.5032959828593389,0.474315759453814,0.40063596584567557,0.5388310845546574
wind_speed_ms,0,12,12,0.3455744059244359,0.26145801592461393,0.40176196897855976,0.3724557952261681,0.30541240260674873,0.44664033883672294
wind_speed_ms,0,15,15,0.29114519669386796,0.21646745973215215,0.3478248016910147,0.3039843463889743,0.24012023738883664,0.3778234462243478
wind_speed_ms,0,18,18,0.2784329741976689,0.21489951013352432,0.32837245276030097,0.26469671415765506,0.20075550243833232,0.3340551338986104
wind_speed_ms,0,21,21,0.2837097561554058,0.22637757028622185,0.32466748825941355,0.23753711485343207,0.17309492760333717,0.30288846566311756
wind_speed_ms,0,24,24,0.27223639873098826,0.22614065605175165,0.31268041165372273,0.20483300737455012,0.14344709353323348,0.2719723457850602
wind_speed_ms,0,27,27,0.21349568963733165,0.16346795704246825,0.24848112870372763,0.1587588550747067,0.10113112735962625,0.2228831116482391
wind_speed_ms,0,30,30,0.15140601750791582,0.10009742446630206,0.18349066713063372,0.11954798100875276,0.06748663056161759,0.17964556419524466
wind_speed_ms,0,33,33,0.10324176702139307,0.05621265326225414,0.13498193468170164,0.10025909749782871,0.05223659648253211,0.14981131211897586
wind_speed_ms,0,36,36,0.07589264235182056,0.03607567424448759,0.10614385880842551,0.08519751649238282,0.04191262876150732,0.12668996197948168
wind_speed_ms,0,39,39,0.07882272977506116,0.03934838793710062,0.09905935469895434,0.07134717506523401,0.03287853963541179,0.10775689070914557
wind_speed_ms,0,42,42,0.0926818916473495,0.059556476799955634,0.10823988328962651,0.06129457797961999,0.026671235294023866,0.0886131859187616
wind_speed_ms,0,45,45,0.10809605993232554,0.08329143712206627,0.1214230972269279,0.0493967964731763,0.017998621760124234,0.07273594099463992
wind_speed_ms,0,48,48,0.1113475134729432,0.09222790288831263,0.12801476552796587,0.034161383625143135,0.011574543221339316,0.05508606139576161
wind_speed_ms,0,51,51,0.07929848005243309,0.06111407189799913,0.09373507971605462,0.018508988754164422,0.0010124030384660995,0.037383429053339357
wind_speed_ms,0,54,54,0.03970484161863787,0.020711835885356484,0.05749873456670619,0.009817320185822,-0.0048203336487522685,0.02467525765134335
wind_speed_ms,0,57,57,0.009487799794701091,-0.01401065067831155,0.0338646194130576,0.0033074608829712126,-0.008486216843811015,0.019649951068352135
wind_speed_ms,0,60,60,-0.007540725590861838,-0.032889036734610314,0.018736745833655675,0.0001729873715301247,-0.013711384611906696,0.012443027321826467
wind_speed_ms,0,63,63,-0.0012273847177597622,-0.024785115257797197,0.025657171689518376,-0.002508886332860974,-0.0171099087404986,0.010272636772335586
wind_speed_ms,0,66,66,0.019575530399378226,5.0603243167860396e-05,0.048030129038689716,-0.005341412729899379,-0.01951521854139602,0.006479795213366773
wind_speed_ms,0,69,69,0.047895215658520784,0.02146088559871824,0.07853408938505524,-0.007557075752524503,-0.021931196178839478,0.003609378577680405
wind_speed_ms,0,72,72,0.06286649845714828,0.036635598997298055,0.10278592360661343,-0.012417506249818763,-0.025437938958529475,0.0038291490059208302
wind_u_ms,-69,3,72,0.05101658963809087,0.006709840815133068,0.10999980213902073,-0.027529437524864916,-0.04695602683590217,0.002086063619848941
wind_u_ms,-69,6,75,0.034431493166555416,-0.008445978054022701,0.0760506480892652,-0.029966582717616427,-0.048529686711098925,-0.0003538107317980232
wind_u_ms,-69,9,78,-0.00023806770153295988,-0.024946251454920288,0.02982827934245444,-0.03052403889405575,-0.053523737249907666,-0.005578148834105082
wind_u_ms,-69,12,81,-0.016222974661212378,-0.040889838989294956,0.01264169261792231,-0.0337226632722587,-0.054875398094356834,-0.006668807205838369
wind_u_ms,-69,15,84,-0.022309563938116634,-0.04252027891296453,0.007113661757804163,-0.031797589856726094,-0.055452574278770456,-0.004554232204100342
wind_u_ms,-69,18,87,-0.01971133263653688,-0.039540833856523225,0.01472304928633959,-0.03455990192405528,-0.0551120048576205,-0.004252231814847368
wind_u_ms,-69,21,90,0.0027714041923267733,-0.024328513666879045,0.035693934925194175,-0.032039856928799376,-0.054022386800233406,-0.0027962339379114668
wind_u_ms,-69,24,93,0.029952687683055246,-0.0035051605634824614,0.08178651837344547,-0.02703358299495577,-0.05233466466810944,0.00022552837088872337
wind_u_ms,-69,27,96,0.04637568728382464,0.008229943821780696,0.11314213459506121,-0.024406041807000546,-0.05036428976351852,0.00347102091076746
wind_u_ms,-69,30,99,0.037007636576286126,0.0015802212233455382,0.07812793013125474,-0.021770392006180132,-0.047817916749112316,0.002629434586875004
wind_u_ms,-69,33,102,0.01269281397574087,-0.012693234895456583,0.03820118992931915,-0.019582527558804297,-0.04305317238086686,0.003322488405188675
wind_u_ms,-69,36,105,-0.005070631627107407,-0.02739127819787261,0.022488886149812735,-0.0174067320289042,-0.03963456897754568,0.005991077841858414
wind_u_ms,-69,39,108,-0.005531714449500886,-0.02635178623385154,0.025152601808436904,-0.015365620319609802,-0.036219567669264305,0.008960085441296667
wind_u_ms,-69,42,111,-0.00017085960959082556,-0.019665779902804048,0.02977282883964704,-0.012267134120558016,-0.03138786017967384,0.011880569255554554
wind_u_ms,-69,45,114,0.020194387834987247,-0.003976976841926253,0.049301386416665476,-0.010394770848056296,-0.026686782643765262,0.014006761645957207
wind_u_ms,-69,48,117,0.05027524610883979,0.017664113544633285,0.09156903533232164,-0.009755436630630556,-0.023480348730713328,0.016682220147388543
wind_u_ms,-69,51,120,0.06283820608455129,0.030302115287792697,0.1180625234360896,-0.009135885435829997,-0.02091683629089517,0.014835535769627796
wind_u_ms,-69,54,123,0.05285356750904775,0.018943515568961004,0.08976693766703878,-0.008880556771202336,-0.01824183152676079,0.015279576141960502
wind_u_ms,-69,57,126,0.02413699220635028,0.0058094544865715005,0.049342579002973966,-0.008871531759003832,-0.01656987529869228,0.013000139105392241
wind_u_ms,-69,60,129,0.0076214921457360835,-0.006265492590831584,0.0342522076906704,-0.011220715028222613,-0.016477608656318022,0.012792989358602668
wind_u_ms,-69,63,132,0.0039209302011783305,-0.010773078419230489,0.02974032631269141,-0.010804922630870111,-0.019175117588035025,0.007629239225465803
wind_u_ms,-69,66,135,0.004086090550587768,-0.010795464103761426,0.028184020742919553,-0.01001626262632509,-0.021958566701973173,0.0018755652015319095
wind_u_ms,-69,69,138,0.017238498381913096,0.0034059255131654465,0.038374912513042536,-0.01034864226241997,-0.022717315036014187,0.001871393657947675
wind_u_ms,-69,72,141,0.04457779109434384,0.02638214006463284,0.07300922314253457,-0.008983564180187736,-0.022454465974929137,-0.0011441114001653667
wind_u_ms,-66,3,69,0.04076231340223466,-0.000336370947122764,0.07738782684239051,-0.02466657536697405,-0.04550987534206015,0.007052071020137359
wind_u_ms,-66,6,72,0.05101658963809087,0.006709840815133068,0.10999980213902073,-0.027529437524864916,-0.04695602683590217,0.002086063619848941
wind_u_ms,-66,9,75,0.034431493166555416,-0.008445978054022701,0.0760506480892652,-0.029966582717616427,-0.048529686711098925,-0.0003538107317980232
wind_u_ms,-66,12,78,-0.00023806770153295988,-0.024946251454920288,0.02982827934245444,-0.03052403889405575,-0.053523737249907666,-0.005578148834105082
wind_u_ms,-66,15,81,-0.016222974661212378,-0.040889838989294956,0.01264169261792231,-0.0337226632722587,-0.054875398094356834,-0.006668807205838369
wind_u_ms,-66,18,84,-0.022309563938116634,-0.04252027891296453,0.007113661757804163,-0.031797589856726094,-0.055452574278770456,-0.004554232204100342
wind_u_ms,-66,21,87,-0.01971133263653688,-0.039540833856523225,0.01472304928633959,-0.03455990192405528,-0.0551120048576205,-0.004252231814847368
wind_u_ms,-66,24,90,0.0027714041923267733,-0.024328513666879045,0.035693934925194175,-0.032039856928799376,-0.054022386800233406,-0.0027962339379114668
wind_u_ms,-66,27,93,0.029952687683055246,-0.0035051605634824614,0.08178651837344547,-0.02703358299495577,-0.05233466466810944,0.00022552837088872337
wind_u_ms,-66,30,96,0.04637568728382464,0.008229943821780696,0.11314213459506121,-0.024406041807000546,-0.05036428976351852,0.00347102091076746
wind_u_ms,-66,33,99,0.037007636576286126,0.0015802212233455382,0.07812793013125474,-0.021770392006180132,-0.047817916749112316,0.002629434586875004
wind_u_ms,-66,36,102,0.01269281397574087,-0.012693234895456583,0.03820118992931915,-0.019582527558804297,-0.04305317238086686,0.003322488405188675
wind_u_ms,-66,39,105,-0.005070631627107407,-0.02739127819787261,0.022488886149812735,-0.0174067320289042,-0.03963456897754568,0.005991077841858414
wind_u_ms,-66,42,108,-0.005531714449500886,-0.02635178623385154,0.025152601808436904,-0.015365620319609802,-0.036219567669264305,0.008960085441296667
wind_u_ms,-66,45,111,-0.00017085960959082556,-0.019665779902804048,0.02977282883964704,-0.012267134120558016,-0.03138786017967384,0.011880569255554554
wind_u_ms,-66,48,114,0.020194387834987247,-0.003976976841926253,0.049301386416665476,-0.010394770848056296,-0.026686782643765262,0.014006761645957207
wind_u_ms,-66,51,117,0.05027524610883979,0.017664113544633285,0.09156903533232164,-0.009755436630630556,-0.023480348730713328,0.016682220147388543
wind_u_ms,-66,54,120,0.06283820608455129,0.030302115287792697,0.1180625234360896,-0.009135885435829997,-0.02091683629089517,0.014835535769627796
wind_u_ms,-66,57,123,0.05285356750904775,0.018943515568961004,0.08976693766703878,-0.008880556771202336,-0.01824183152676079,0.015279576141960502
wind_u_ms,-66,60,126,0.02413699220635028,0.0058094544865715005,0.049342579002973966,-0.008871531759003832,-0.01656987529869228,0.013000139105392241
wind_u_ms,-66,63,129,0.0076214921457360835,-0.006265492590831584,0.0342522076906704,-0.011220715028222613,-0.016477608656318022,0.012792989358602668
wind_u_ms,-66,66,132,0.0039209302011783305,-0.010773078419230489,0.02974032631269141,-0.010804922630870111,-0.019175117588035025,0.007629239225465803
wind_u_ms,-66,69,135,0.004086090550587768,-0.010795464103761426,0.028184020742919553,-0.01001626262632509,-0.021958566701973173,0.0018755652015319095
wind_u_ms,-66,72,138,0.017238498381913096,0.0034059255131654465,0.038374912513042536,-0.01034864226241997,-0.022717315036014187,0.001871393657947675
wind_u_ms,-63,3,66,0.011112611909775385,-0.012961235968693852,0.04542899786139604,-0.022303103905831092,-0.04112799131405655,0.008428824075561312
wind_u_ms,-63,6,69,0.04076231340223466,-0.000336370947122764,0.07738782684239051,-0.02466657536697405,-0.04550987534206015,0.007052071020137359
wind_u_ms,-63,9,72,0.05101658963809087,0.006709840815133068,0.10999980213902073,-0.027529437524864916,-0.04695602683590217,0.002086063619848941
wind_u_ms,-63,12,75,0.034431493166555416,-0.008445978054022701,0.0760506480892652,-0.029966582717616427,-0.048529686711098925,-0.0003538107317980232
wind_u_ms,-63,15,78,-0.00023806770153295988,-0.024946251454920288,0.02982827934245444,-0.03052403889405575,-0.053523737249907666,-0.005578148834105082
wind_u_ms,-63,18,81,-0.016222974661212378,-0.040889838989294956,0.01264169261792231,-0.0337226632722587,-0.054875398094356834,-0.006668807205838369
wind_u_ms,-63,21,84,-0.022309563938116634,-0.04252027891296453,0.007113661757804163,-0.031797589856726094,-0.055452574278770456,-0.004554232204100342
wind_u_ms,-63,24,87,-0.01971133263653688,-0.039540833856523225,0.01472304928633959,-0.03455990192405528,-0.0551120048576205,-0.004252231814847368
wind_u_ms,-63,27,90,0.0027714041923267733,-0.024328513666879045,0.035693934925194175,-0.032039856928799376,-0.054022386800233406,-0.0027962339379114668
wind_u_ms,-63,30,93,0.029952687683055246,-0.0035051605634824614,0.08178651837344547,-0.02703358299495577,-0.05233466466810944,0.00022552837088872337
wind_u_ms,-63,33,96,0.04637568728382464,0.008229943821780696,0.11314213459506121,-0.024406041807000546,-0.05036428976351852,0.00347102091076746
wind_u_ms,-63,36,99,0.037007636576286126,0.0015802212233455382,0.07812793013125474,-0.021770392006180132,-0.047817916749112316,0.002629434586875004
wind_u_ms,-63,39,102,0.01269281397574087,-0.012693234895456583,0.03820118992931915,-0.019582527558804297,-0.04305317238086686,0.003322488405188675
wind_u_ms,-63,42,105,-0.005070631627107407,-0.02739127819787261,0.022488886149812735,-0.0174067320289042,-0.03963456897754568,0.005991077841858414
wind_u_ms,-63,45,108,-0.005531714449500886,-0.02635178623385154,0.025152601808436904,-0.015365620319609802,-0.036219567669264305,0.008960085441296667
wind_u_ms,-63,48,111,-0.00017085960959082556,-0.019665779902804048,0.02977282883964704,-0.012267134120558016,-0.03138786017967384,0.011880569255554554
wind_u_ms,-63,51,114,0.020194387834987247,-0.003976976841926253,0.049301386416665476,-0.010394770848056296,-0.026686782643765262,0.014006761645957207
wind_u_ms,-63,54,117,0.05027524610883979,0.017664113544633285,0.09156903533232164,-0.009755436630630556,-0.023480348730713328,0.016682220147388543
wind_u_ms,-63,57,120,0.06283820608455129,0.030302115287792697,0.1180625234360896,-0.009135885435829997,-0.02091683629089517,0.014835535769627796
wind_u_ms,-63,60,123,0.05285356750904775,0.018943515568961004,0.08976693766703878,-0.008880556771202336,-0.01824183152676079,0.015279576141960502
wind_u_ms,-63,63,126,0.02413699220635028,0.0058094544865715005,0.049342579002973966,-0.008871531759003832,-0.01656987529869228,0.013000139105392241
wind_u_ms,-63,66,129,0.0076214921457360835,-0.006265492590831584,0.0342522076906704,-0.011220715028222613,-0.016477608656318022,0.012792989358602668
wind_u_ms,-63,69,132,0.0039209302011783305,-0.010773078419230489,0.02974032631269141,-0.010804922630870111,-0.019175117588035025,0.007629239225465803
wind_u_ms,-63,72,135,0.004086090550587768,-0.010795464103761426,0.028184020742919553,-0.01001626262632509,-0.021958566701973173,0.0018755652015319095
wind_u_ms,-60,3,63,0.0006870400679645458,-0.020297443276659603,0.030034415776717643,-0.016400026101773837,-0.03516664093018737,0.011281864931951668
wind_u_ms,-60,6,66,0.011112611909775385,-0.012961235968693852,0.04542899786139604,-0.022303103905831092,-0.04112799131405655,0.008428824075561312
wind_u_ms,-60,9,69,0.04076231340223466,-0.000336370947122764,0.07738782684239051,-0.02466657536697405,-0.04550987534206015,0.007052071020137359
wind_u_ms,-60,12,72,0.05101658963809087,0.006709840815133068,0.10999980213902073,-0.027529437524864916,-0.04695602683590217,0.002086063619848941
wind_u_ms,-60,15,75,0.034431493166555416,-0.008445978054022701,0.0760506480892652,-0.029966582717616427,-0.048529686711098925,-0.0003538107317980232
wind_u_ms,-60,18,78,-0.00023806770153295988,-0.024946251454920288,0.02982827934245444,-0.03052403889405575,-0.053523737249907666,-0.005578148834105082
wind_u_ms,-60,21,81,-0.016222974661212378,-0.040889838989294956,0.01264169261792231,-0.0337226632722587,-0.054875398094356834,-0.006668807205838369
wind_u_ms,-60,24,84,-0.022309563938116634,-0.04252027891296453,0.007113661757804163,-0.031797589856726094,-0.055452574278770456,-0.004554232204100342
wind_u_ms,-60,27,87,-0.01971133263653688,-0.039540833856523225,0.01472304928633959,-0.03455990192405528,-0.0551120048576205,-0.004252231814847368
wind_u_ms,-60,30,90,0.0027714041923267733,-0.024328513666879045,0.035693934925194175,-0.032039856928799376,-0.054022386800233406,-0.0027962339379114668
wind_u_ms,-60,33,93,0.029952687683055246,-0.0035051605634824614,0.08178651837344547,-0.02703358299495577,-0.05233466466810944,0.00022552837088872337
wind_u_ms,-60,36,96,0.04637568728382464,0.008229943821780696,0.11314213459506121,-0.024406041807000546,-0.05036428976351852,0.00347102091076746
wind_u_ms,-60,39,99,0.037007636576286126,0.0015802212233455382,0.07812793013125474,-0.021770392006180132,-0.047817916749112316,0.002629434586875004
wind_u_ms,-60,42,102,0.01269281397574087,-0.012693234895456583,0.03820118992931915,-0.019582527558804297,-0.04305317238086686,0.003322488405188675
wind_u_ms,-60,45,105,-0.005070631627107407,-0.02739127819787261,0.022488886149812735,-0.0174067320289042,-0.03963456897754568,0.005991077841858414
wind_u_ms,-60,48,108,-0.005531714449500886,-0.02635178623385154,0.025152601808436904,-0.015365620319609802,-0.036219567669264305,0.008960085441296667
wind_u_ms,-60,51,111,-0.00017085960959082556,-0.019665779902804048,0.02977282883964704,-0.012267134120558016,-0.03138786017967384,0.011880569255554554
wind_u_ms,-60,54,114,0.020194387834987247,-0.003976976841926253,0.049301386416665476,-0.010394770848056296,-0.026686782643765262,0.014006761645957207
wind_u_ms,-60,57,117,0.05027524610883979,0.017664113544633285,0.09156903533232164,-0.009755436630630556,-0.023480348730713328,0.016682220147388543
wind_u_ms,-60,60,120,0.06283820608455129,0.030302115287792697,0.1180625234360896,-0.009135885435829997,-0.02091683629089517,0.014835535769627796
wind_u_ms,-60,63,123,0.05285356750904775,0.018943515568961004,0.08976693766703878,-0.008880556771202336,-0.01824183152676079,0.015279576141960502
wind_u_ms,-60,66,126,0.02413699220635028,0.0058094544865715005,0.049342579002973966,-0.008871531759003832,-0.01656987529869228,0.013000139105392241
wind_u_ms,-60,69,129,0.0076214921457360835,-0.006265492590831584,0.0342522076906704,-0.011220715028222613,-0.016477608656318022,0.012792989358602668
wind_u_ms,-60,72,132,0.0039209302011783305,-0.010773078419230489,0.02974032631269141,-0.010804922630870111,-0.019175117588035025,0.007629239225465803
wind_u_ms,-57,3,60,0.007193032853957146,-0.018025971050481468,0.030845352141726397,-0.008170087897643829,-0.02869423532118082,0.017347094169736236
wind_u_ms,-57,6,63,0.0006870400679645458,-0.020297443276659603,0.030034415776717643,-0.016400026101773837,-0.03516664093018737,0.011281864931951668
wind_u_ms,-57,9,66,0.011112611909775385,-0.012961235968693852,0.04542899786139604,-0.022303103905831092,-0.04112799131405655,0.008428824075561312
wind_u_ms,-57,12,69,0.04076231340223466,-0.000336370947122764,0.07738782684239051,-0.02466657536697405,-0.04550987534206015,0.007052071020137359
wind_u_ms,-57,15,72,0.05101658963809087,0.006709840815133068,0.10999980213902073,-0.027529437524864916,-0.04695602683590217,0.002086063619848941
wind_u_ms,-57,18,75,0.034431493166555416,-0.008445978054022701,0.0760506480892652,-0.029966582717616427,-0.048529686711098925,-0.0003538107317980232
wind_u_ms,-57,21,78,-0.00023806770153295988,-0.024946251454920288,0.02982827934245444,-0.03052403889405575,-0.053523737249907666,-0.005578148834105082
wind_u_ms,-57,24,81,-0.016222974661212378,-0.040889838989294956,0.01264169261792231,-0.0337226632722587,-0.054875398094356834,-0.006668807205838369
wind_u_ms,-57,27,84,-0.022309563938116634,-0.04252027891296453,0.007113661757804163,-0.031797589856726094,-0.055452574278770456,-0.004554232204100342
wind_u_ms,-57,30,87,-0.01971133263653688,-0.039540833856523225,0.01472304928633959,-0.03455990192405528,-0.0551120048576205,-0.004252231814847368
wind_u_ms,-57,33,90,0.0027714041923267733,-0.024328513666879045,0.035693934925194175,-0.032039856928799376,-0.054022386800233406,-0.0027962339379114668
wind_u_ms,-57,36,93,0.029952687683055246,-0.0035051605634824614,0.08178651837344547,-0.02703358299495577,-0.05233466466810944,0.00022552837088872337
wind_u_ms,-57,39,96,0.04637568728382464,0.008229943821780696,0.11314213459506121,-0.024406041807000546,-0.05036428976351852,0.00347102091076746
wind_u_ms,-57,42,99,0.037007636576286126,0.0015802212233455382,0.07812793013125474,-0.021770392006180132,-0.047817916749112316,0.002629434586875004
wind_u_ms,-57,45,102,0.01269281397574087,-0.012693234895456583,0.03820118992931915,-0.019582527558804297,-0.04305317238086686,0.003322488405188675
wind_u_ms,-57,48,105,-0.005070631627107407,-0.02739127819787261,0.022488886149812735,-0.0174067320289042,-0.03963456897754568,0.005991077841858414
wind_u_ms,-57,51,108,-0.005531714449500886,-0.02635178623385154,0.025152601808436904,-0.015365620319609802,-0.036219567669264305,0.008960085441296667
wind_u_ms,-57,54,111,-0.00017085960959082556,-0.019665779902804048,0.02977282883964704,-0.012267134120558016,-0.03138786017967384,0.011880569255554554
wind_u_ms,-57,57,114,0.020194387834987247,-0.003976976841926253,0.049301386416665476,-0.010394770848056296,-0.026686782643765262,0.014006761645957207
wind_u_ms,-57,60,117,0.05027524610883979,0.017664113544633285,0.09156903533232164,-0.009755436630630556,-0.023480348730713328,0.016682220147388543
wind_u_ms,-57,63,120,0.06283820608455129,0.030302115287792697,0.1180625234360896,-0.009135885435829997,-0.02091683629089517,0.014835535769627796
wind_u_ms,-57,66,123,0.05285356750904775,0.018943515568961004,0.08976693766703878,-0.008880556771202336,-0.01824183152676079,0.015279576141960502
wind_u_ms,-57,69,126,0.02413699220635028,0.0058094544865715005,0.049342579002973966,-0.008871531759003832,-0.01656987529869228,0.013000139105392241
wind_u_ms,-57,72,129,0.0076214921457360835,-0.006265492590831584,0.0342522076906704,-0.011220715028222613,-0.016477608656318022,0.012792989358602668
wind_u_ms,-54,3,57,0.019538136167725557,-0.006189214493435212,0.045979995509647605,-0.0016747327230843272,-0.014624261688041148,0.02486012916077446
wind_u_ms,-54,6,60,0.007193032853957146,-0.018025971050481468,0.030845352141726397,-0.008170087897643829,-0.02869423532118082,0.017347094169736236
wind_u_ms,-54,9,63,0.0006870400679645458,-0.020297443276659603,0.030034415776717643,-0.016400026101773837,-0.03516664093018737,0.011281864931951668
wind_u_ms,-54,12,66,0.011112611909775385,-0.012961235968693852,0.04542899786139604,-0.022303103905831092,-0.04112799131405655,0.008428824075561312
wind_u_ms,-54,15,69,0.04076231340223466,-0.000336370947122764,0.07738782684239051,-0.02466657536697405,-0.04550987534206015,0.007052071020137359
wind_u_ms,-54,18,72,0.05101658963809087,0.006709840815133068,0.10999980213902073,-0.027529437524864916,-0.04695602683590217,0.002086063619848941
wind_u_ms,-54,21,75,0.034431493166555416,-0.008445978054022701,0.0760506480892652,-0.029966582717616427,-0.048529686711098925,-0.0003538107317980232
wind_u_ms,-54,24,78,-0.00023806770153295988,-0.024946251454920288,0.02982827934245444,-0.03052403889405575,-0.053523737249907666,-0.005578148834105082
wind_u_ms,-54,27,81,-0.016222974661212378,-0.040889838989294956,0.01264169261792231,-0.0337226632722587,-0.054875398094356834,-0.006668807205838369
wind_u_ms,-54,30,84,-0.022309563938116634,-0.04252027891296453,0.007113661757804163,-0.031797589856726094,-0.055452574278770456,-0.004554232204100342
wind_u_ms,-54,33,87,-0.01971133263653688,-0.039540833856523225,0.01472304928633959,-0.03455990192405528,-0.0551120048576205,-0.004252231814847368
wind_u_ms,-54,36,90,0.0027714041923267733,-0.024328513666879045,0.035693934925194175,-0.032039856928799376,-0.054022386800233406,-0.0027962339379114668
wind_u_ms,-54,39,93,0.029952687683055246,-0.0035051605634824614,0.08178651837344547,-0.02703358299495577,-0.05233466466810944,0.00022552837088872337
wind_u_ms,-54,42,96,0.04637568728382464,0.008229943821780696,0.11314213459506121,-0.024406041807000546,-0.05036428976351852,0.00347102091076746
wind_u_ms,-54,45,99,0.037007636576286126,0.0015802212233455382,0.07812793013125474,-0.021770392006180132,-0.047817916749112316,0.002629434586875004
wind_u_ms,-54,48,102,0.01269281397574087,-0.012693234895456583,0.03820118992931915,-0.019582527558804297,-0.04305317238086686,0.003322488405188675
wind_u_ms,-54,51,105,-0.005070631627107407,-0.02739127819787261,0.022488886149812735,-0.0174067320289042,-0.03963456897754568,0.005991077841858414
wind_u_ms,-54,54,108,-0.005531714449500886,-0.02635178623385154,0.025152601808436904,-0.015365620319609802,-0.036219567669264305,0.008960085441296667
wind_u_ms,-54,57,111,-0.00017085960959082556,-0.019665779902804048,0.02977282883964704,-0.012267134120558016,-0.03138786017967384,0.011880569255554554
wind_u_ms,-54,60,114,0.020194387834987247,-0.003976976841926253,0.049301386416665476,-0.010394770848056296,-0.026686782643765262,0.014006761645957207
wind_u_ms,-54,63,117,0.05027524610883979,0.017664113544633285,0.09156903533232164,-0.009755436630630556,-0.023480348730713328,0.016682220147388543
wind_u_ms,-54,66,120,0.06283820608455129,0.030302115287792697,0.1180625234360896,-0.009135885435829997,-0.02091683629089517,0.014835535769627796
wind_u_ms,-54,69,123,0.05285356750904775,0.018943515568961004,0.08976693766703878,-0.008880556771202336,-0.01824183152676079,0.015279576141960502
wind_u_ms,-54,72,126,0.02413699220635028,0.0058094544865715005,0.049342579002973966,-0.008871531759003832,-0.01656987529869228,0.013000139105392241
wind_u_ms,-51,3,54,0.042536586953915004,0.021916944411054656,0.07214925868682787,0.010547385470564349,-0.003877506308842939,0.03542138091406909
wind_u_ms,-51,6,57,0.019538136167725557,-0.006189214493435212,0.045979995509647605,-0.0016747327230843272,-0.014624261688041148,0.02486012916077446
wind_u_ms,-51,9,60,0.007193032853957146,-0.018025971050481468,0.030845352141726397,-0.008170087897643829,-0.02869423532118082,0.017347094169736236
wind_u_ms,-51,12,63,0.0006870400679645458,-0.020297443276659603,0.030034415776717643,-0.016400026101773837,-0.03516664093018737,0.011281864931951668
wind_u_ms,-51,15,66,0.011112611909775385,-0.012961235968693852,0.04542899786139604,-0.022303103905831092,-0.04112799131405655,0.008428824075561312
wind_u_ms,-51,18,69,0.04076231340223466,-0.000336370947122764,0.07738782684239051,-0.02466657536697405,-0.04550987534206015,0.007052071020137359
wind_u_ms,-51,21,72,0.05101658963809087,0.006709840815133068,0.10999980213902073,-0.027529437524864916,-0.04695602683590217,0.002086063619848941
wind_u_ms,-51,24,75,0.034431493166555416,-0.008445978054022701,0.0760506480892652,-0.029966582717616427,-0.048529686711098925,-0.0003538107317980232
wind_u_ms,-51,27,78,-0.00023806770153295988,-0.024946251454920288,0.02982827934245444,-0.03052403889405575,-0.053523737249907666,-0.005578148834105082
wind_u_ms,-51,30,81,-0.016222974661212378,-0.040889838989294956,0.01264169261792231,-0.0337226632722587,-0.054875398094356834,-0.006668807205838369
wind_u_ms,-51,33,84,-0.022309563938116634,-0.04252027891296453,0.007113661757804163,-0.031797589856726094,-0.055452574278770456,-0.004554232204100342
wind_u_ms,-51,36,87,-0.01971133263653688,-0.039540833856523225,0.01472304928633959,-0.03455990192405528,-0.0551120048576205,-0.004252231814847368
wind_u_ms,-51,39,90,0.0027714041923267733,-0.024328513666879045,0.035693934925194175,-0.032039856928799376,-0.054022386800233406,-0.0027962339379114668
wind_u_ms,-51,42,93,0.029952687683055246,-0.0035051605634824614,0.08178651837344547,-0.02703358299495577,-0.05233466466810944,0.00022552837088872337
wind_u_ms,-51,45,96,0.04637568728382464,0.008229943821780696,0.11314213459506121,-0.024406041807000546,-0.05036428976351852,0.00347102091076746
wind_u_ms,-51,48,99,0.037007636576286126,0.0015802212233455382,0.07812793013125474,-0.021770392006180132,-0.047817916749112316,0.002629434586875004
wind_u_ms,-51,51,102,0.01269281397574087,-0.012693234895456583,0.03820118992931915,-0.019582527558804297,-0.04305317238086686,0.003322488405188675
wind_u_ms,-51,54,105,-0.005070631627107407,-0.02739127819787261,0.022488886149812735,-0.0174067320289042,-0.03963456897754568,0.005991077841858414
wind_u_ms,-51,57,108,-0.005531714449500886,-0.02635178623385154,0.025152601808436904,-0.015365620319609802,-0.036219567669264305,0.008960085441296667
wind_u_ms,-51,60,111,-0.00017085960959082556,-0.019665779902804048,0.02977282883964704,-0.012267134120558016,-0.03138786017967384,0.011880569255554554
wind_u_ms,-51,63,114,0.020194387834987247,-0.003976976841926253,0.049301386416665476,-0.010394770848056296,-0.026686782643765262,0.014006761645957207
wind_u_ms,-51,66,117,0.05027524610883979,0.017664113544633285,0.09156903533232164,-0.009755436630630556,-0.023480348730713328,0.016682220147388543
wind_u_ms,-51,69,120,0.06283820608455129,0.030302115287792697,0.1180625234360896,-0.009135885435829997,-0.02091683629089517,0.014835535769627796
wind_u_ms,-51,72,123,0.05285356750904775,0.018943515568961004,0.08976693766703878,-0.008880556771202336,-0.01824183152676079,0.015279576141960502
wind_u_ms,-48,3,51,0.08201267507929633,0.05454974731419911,0.11628050578665754,0.025744228635521817,0.006231897737229979,0.04809547410185061
wind_u_ms,-48,6,54,0.042536586953915004,0.021916944411054656,0.07214925868682787,0.010547385470564349,-0.003877506308842939,0.03542138091406909
wind_u_ms,-48,9,57,0.019538136167725557,-0.006189214493435212,0.045979995509647605,-0.0016747327230843272,-0.014624261688041148,0.02486012916077446
wind_u_ms,-48,12,60,0.007193032853957146,-0.018025971050481468,0.030845352141726397,-0.008170087897643829,-0.02869423532118082,0.017347094169736236
wind_u_ms,-48,15,63,0.0006870400679645458,-0.020297443276659603,0.030034415776717643,-0.016400026101773837,-0.03516664093018737,0.011281864931951668
wind_u_ms,-48,18,66,0.011112611909775385,-0.012961235968693852,0.04542899786139604,-0.022303103905831092,-0.04112799131405655,0.008428824075561312
wind_u_ms,-48,21,69,0.04076231340223466,-0.000336370947122764,0.07738782684239051,-0.02466657536697405,-0.04550987534206015,0.007052071020137359
wind_u_ms,-48,24,72,0.05101658963809087,0.006709840815133068,0.10999980213902073,-0.027529437524864916,-0.04695602683590217,0.002086063619848941
wind_u_ms,-48,27,75,0.034431493166555416,-0.008445978054022701,0.0760506480892652,-0.029966582717616427,-0.048529686711098925,-0.0003538107317980232
wind_u_ms,-48,30,78,-0.00023806770153295988,-0.024946251454920288,0.02982827934245444,-0.03052403889405575,-0.053523737249907666,-0.005578148834105082
wind_u_ms,-48,33,81,-0.016222974661212378,-0.040889838989294956,0.01264169261792231,-0.0337226632722587,-0.054875398094356834,-0.006668807205838369
wind_u_ms,-48,36,84,-0.022309563938116634,-0.04252027891296453,0.007113661757804163,-0.031797589856726094,-0.055452574278770456,-0.004554232204100342
wind_u_ms,-48,39,87,-0.01971133263653688,-0.039540833856523225,0.01472304928633959,-0.03455990192405528,-0.0551120048576205,-0.004252231814847368
wind_u_ms,-48,42,90,0.0027714041923267733,-0.024328513666879045,0.035693934925194175,-0.032039856928799376,-0.054022386800233406,-0.0027962339379114668
wind_u_ms,-48,45,93,0.029952687683055246,-0.0035051605634824614,0.08178651837344547,-0.02703358299495577,-0.05233466466810944,0.00022552837088872337
wind_u_ms,-48,48,96,0.04637568728382464,0.008229943821780696,0.11314213459506121,-0.024406041807000546,-0.05036428976351852,0.00347102091076746
wind_u_ms,-48,51,99,0.037007636576286126,0.0015802212233455382,0.07812793013125474,-0.021770392006180132,-0.047817916749112316,0.002629434586875004
wind_u_ms,-48,54,102,0.01269281397574087,-0.012693234895456583,0.03820118992931915,-0.019582527558804297,-0.04305317238086686,0.003322488405188675
wind_u_ms,-48,57,105,-0.005070631627107407,-0.02739127819787261,0.022488886149812735,-0.0174067320289042,-0.03963456897754568,0.005991077841858414
wind_u_ms,-48,60,108,-0.005531714449500886,-0.02635178623385154,0.025152601808436904,-0.015365620319609802,-0.036219567669264305,0.008960085441296667
wind_u_ms,-48,63,111,-0.00017085960959082556,-0.019665779902804048,0.02977282883964704,-0.012267134120558016,-0.03138786017967384,0.011880569255554554
wind_u_ms,-48,66,114,0.020194387834987247,-0.003976976841926253,0.049301386416665476,-0.010394770848056296,-0.026686782643765262,0.014006761645957207
wind_u_ms,-48,69,117,0.05027524610883979,0.017664113544633285,0.09156903533232164,-0.009755436630630556,-0.023480348730713328,0.016682220147388543
wind_u_ms,-48,72,120,0.06283820608455129,0.030302115287792697,0.1180625234360896,-0.009135885435829997,-0.02091683629089517,0.014835535769627796
wind_u_ms,-45,3,48,0.1124006015198933,0.08148174052855452,0.15701576721447572,0.041201794410087714,0.020279143640414984,0.06084280144156498
wind_u_ms,-45,6,51,0.08201267507929633,0.05454974731419911,0.11628050578665754,0.025744228635521817,0.006231897737229979,0.04809547410185061
wind_u_ms,-45,9,54,0.042536586953915004,0.021916944411054656,0.07214925868682787,0.010547385470564349,-0.003877506308842939,0.03542138091406909
wind_u_ms,-45,12,57,0.019538136167725557,-0.006189214493435212,0.045979995509647605,-0.0016747327230843272,-0.014624261688041148,0.02486012916077446
wind_u_ms,-45,15,60,0.007193032853957146,-0.018025971050481468,0.030845352141726397,-0.008170087897643829,-0.02869423532118082,0.017347094169736236
wind_u_ms,-45,18,63,0.0006870400679645458,-0.020297443276659603,0.030034415776717643,-0.016400026101773837,-0.03516664093018737,0.011281864931951668
wind_u_ms,-45,21,66,0.011112611909775385,-0.012961235968693852,0.04542899786139604,-0.022303103905831092,-0.04112799131405655,0.008428824075561312
wind_u_ms,-45,24,69,0.04076231340223466,-0.000336370947122764,0.07738782684239051,-0.02466657536697405,-0.04550987534206015,0.007052071020137359
wind_u_ms,-45,27,72,0.05101658963809087,0.006709840815133068,0.10999980213902073,-0.027529437524864916,-0.04695602683590217,0.002086063619848941
wind_u_ms,-45,30,75,0.034431493166555416,-0.008445978054022701,0.0760506480892652,-0.029966582717616427,-0.048529686711098925,-0.0003538107317980232
wind_u_ms,-45,33,78,-0.00023806770153295988,-0.024946251454920288,0.02982827934245444,-0.03052403889405575,-0.053523737249907666,-0.005578148834105082
wind_u_ms,-45,36,81,-0.016222974661212378,-0.040889838989294956,0.01264169261792231,-0.0337226632722587,-0.054875398094356834,-0.006668807205838369
wind_u_ms,-45,39,84,-0.022309563938116634,-0.04252027891296453,0.007113661757804163,-0.031797589856726094,-0.055452574278770456,-0.004554232204100342
wind_u_ms,-45,42,87,-0.01971133263653688,-0.039540833856523225,0.01472304928633959,-0.03455990192405528,-0.0551120048576205,-0.004252231814847368
wind_u_ms,-45,45,90,0.0027714041923267733,-0.024328513666879045,0.035693934925194175,-0.032039856928799376,-0.054022386800233406,-0.0027962339379114668
wind_u_ms,-45,48,93,0.029952687683055246,-0.0035051605634824614,0.08178651837344547,-0.02703358299495577,-0.05233466466810944,0.00022552837088872337
wind_u_ms,-45,51,96,0.04637568728382464,0.008229943821780696,0.11314213459506121,-0.024406041807000546,-0.05036428976351852,0.00347102091076746
wind_u_ms,-45,54,99,0.037007636576286126,0.0015802212233455382,0.07812793013125474,-0.021770392006180132,-0.047817916749112316,0.002629434586875004
wind_u_ms,-45,57,102,0.01269281397574087,-0.012693234895456583,0.03820118992931915,-0.019582527558804297,-0.04305317238086686,0.003322488405188675
wind_u_ms,-45,60,105,-0.005070631627107407,-0.02739127819787261,0.022488886149812735,-0.0174067320289042,-0.03963456897754568,0.005991077841858414
wind_u_ms,-45,63,108,-0.005531714449500886,-0.02635178623385154,0.025152601808436904,-0.015365620319609802,-0.036219567669264305,0.008960085441296667
wind_u_ms,-45,66,111,-0.00017085960959082556,-0.019665779902804048,0.02977282883964704,-0.012267134120558016,-0.03138786017967384,0.011880569255554554
wind_u_ms,-45,69,114,0.020194387834987247,-0.003976976841926253,0.049301386416665476,-0.010394770848056296,-0.026686782643765262,0.014006761645957207
wind_u_ms,-45,72,117,0.05027524610883979,0.017664113544633285,0.09156903533232164,-0.009755436630630556,-0.023480348730713328,0.016682220147388543
wind_u_ms,-42,3,45,0.10608362232501481,0.07863874723443666,0.14209541502875156,0.05465295509590494,0.031904516148520745,0.0754182504937321
wind_u_ms,-42,6,48,0.1124006015198933,0.08148174052855452,0.15701576721447572,0.041201794410087714,0.020279143640414984,0.06084280144156498
wind_u_ms,-42,9,51,0.08201267507929633,0.05454974731419911,0.11628050578665754,0.025744228635521817,0.006231897737229979,0.04809547410185061
wind_u_ms,-42,12,54,0.042536586953915004,0.021916944411054656,0.07214925868682787,0.010547385470564349,-0.003877506308842939,0.03542138091406909
wind_u_ms,-42,15,57,0.019538136167725557,-0.006189214493435212,0.045979995509647605,-0.0016747327230843272,-0.014624261688041148,0.02486012916077446
wind_u_ms,-42,18,60,0.007193032853957146,-0.018025971050481468,0.030845352141726397,-0.008170087897643829,-0.02869423532118082,0.017347094169736236
wind_u_ms,-42,21,63,0.0006870400679645458,-0.020297443276659603,0.030034415776717643,-0.016400026101773837,-0.03516664093018737,0.011281864931951668
wind_u_ms,-42,24,66,0.011112611909775385,-0.012961235968693852,0.04542899786139604,-0.022303103905831092,-0.04112799131405655,0.008428824075561312
wind_u_ms,-42,27,69,0.04076231340223466,-0.000336370947122764,0.07738782684239051,-0.02466657536697405,-0.04550987534206015,0.007052071020137359
wind_u_ms,-42,30,72,0.05101658963809087,0.006709840815133068,0.10999980213902073,-0.027529437524864916,-0.04695602683590217,0.002086063619848941
wind_u_ms,-42,33,75,0.034431493166555416,-0.008445978054022701,0.0760506480892652,-0.029966582717616427,-0.048529686711098925,-0.0003538107317980232
wind_u_ms,-42,36,78,-0.00023806770153295988,-0.024946251454920288,0.02982827934245444,-0.03052403889405575,-0.053523737249907666,-0.005578148834105082
wind_u_ms,-42,39,81,-0.016222974661212378,-0.040889838989294956,0.01264169261792231,-0.0337226632722587,-0.054875398094356834,-0.006668807205838369
wind_u_ms,-42,42,84,-0.022309563938116634,-0.04252027891296453,0.007113661757804163,-0.031797589856726094,-0.055452574278770456,-0.004554232204100342
wind_u_ms,-42,45,87,-0.01971133263653688,-0.039540833856523225,0.01472304928633959,-0.03455990192405528,-0.0551120048576205,-0.004252231814847368
wind_u_ms,-42,48,90,0.0027714041923267733,-0.024328513666879045,0.035693934925194175,-0.032039856928799376,-0.054022386800233406,-0.0027962339379114668
wind_u_ms,-42,51,93,0.029952687683055246,-0.0035051605634824614,0.08178651837344547,-0.02703358299495577,-0.05233466466810944,0.00022552837088872337
wind_u_ms,-42,54,96,0.04637568728382464,0.008229943821780696,0.11314213459506121,-0.024406041807000546,-0.05036428976351852,0.00347102091076746
wind_u_ms,-42,57,99,0.037007636576286126,0.0015802212233455382,0.07812793013125474,-0.021770392006180132,-0.047817916749112316,0.002629434586875004
wind_u_ms,-42,60,102,0.01269281397574087,-0.012693234895456583,0.03820118992931915,-0.019582527558804297,-0.04305317238086686,0.003322488405188675
wind_u_ms,-42,63,105,-0.005070631627107407,-0.02739127819787261,0.022488886149812735,-0.0174067320289042,-0.03963456897754568,0.005991077841858414
wind_u_ms,-42,66,108,-0.005531714449500886,-0.02635178623385154,0.025152601808436904,-0.015365620319609802,-0.036219567669264305,0.008960085441296667
wind_u_ms,-42,69,111,-0.00017085960959082556,-0.019665779902804048,0.02977282883964704,-0.012267134120558016,-0.03138786017967384,0.011880569255554554
wind_u_ms,-42,72,114,0.020194387834987247,-0.003976976841926253,0.049301386416665476,-0.010394770848056296,-0.026686782643765262,0.014006761645957207
wind_u_ms,-39,3,42,0.09551188948141255,0.05748125057219457,0.12665824717622665,0.06835090596427418,0.04151807930193269,0.08994374076817271
wind_u_ms,-39,6,45,0.10608362232501481,0.07863874723443666,0.14209541502875156,0.05465295509590494,0.031904516148520745,0.0754182504937321
wind_u_ms,-39,9,48,0.1124006015198933,0.08148174052855452,0.15701576721447572,0.041201794410087714,0.020279143640414984,0.06084280144156498
wind_u_ms,-39,12,51,0.08201267507929633,0.05454974731419911,0.11628050578665754,0.025744228635521817,0.006231897737229979,0.04809547410185061
wind_u_ms,-39,15,54,0.042536586953915004,0.021916944411054656,0.07214925868682787,0.010547385470564349,-0.003877506308842939,0.03542138091406909
wind_u_ms,-39,18,57,0.019538136167725557,-0.006189214493435212,0.045979995509647605,-0.0016747327230843272,-0.014624261688041148,0.02486012916077446
wind_u_ms,-39,21,60,0.007193032853957146,-0.018025971050481468,0.030845352141726397,-0.008170087897643829,-0.02869423532118082,0.017347094169736236
wind_u_ms,-39,24,63,0.0006870400679645458,-0.020297443276659603,0.030034415776717643,-0.016400026101773837,-0.03516664093018737,0.011281864931951668
wind_u_ms,-39,27,66,0.011112611909775385,-0.012961235968693852,0.04542899786139604,-0.022303103905831092,-0.04112799131405655,0.008428824075561312
wind_u_ms,-39,30,69,0.04076231340223466,-0.000336370947122764,0.07738782684239051,-0.02466657536697405,-0.04550987534206015,0.007052071020137359
wind_u_ms,-39,33,72,0.05101658963809087,0.006709840815133068,0.10999980213902073,-0.027529437524864916,-0.04695602683590217,0.002086063619848941
wind_u_ms,-39,36,75,0.034431493166555416,-0.008445978054022701,0.0760506480892652,-0.029966582717616427,-0.048529686711098925,-0.0003538107317980232
wind_u_ms,-39,39,78,-0.00023806770153295988,-0.024946251454920288,0.02982827934245444,-0.03052403889405575,-0.053523737249907666,-0.005578148834105082
wind_u_ms,-39,42,81,-0.016222974661212378,-0.040889838989294956,0.01264169261792231,-0.0337226632722587,-0.054875398094356834,-0.006668807205838369
wind_u_ms,-39,45,84,-0.022309563938116634,-0.04252027891296453,0.007113661757804163,-0.031797589856726094,-0.055452574278770456,-0.004554232204100342
wind_u_ms,-39,48,87,-0.01971133263653688,-0.039540833856523225,0.01472304928633959,-0.03455990192405528,-0.0551120048576205,-0.004252231814847368
wind_u_ms,-39,51,90,0.0027714041923267733,-0.024328513666879045,0.035693934925194175,-0.032039856928799376,-0.054022386800233406,-0.0027962339379114668
wind_u_ms,-39,54,93,0.029952687683055246,-0.0035051605634824614,0.08178651837344547,-0.02703358299495577,-0.05233466466810944,0.00022552837088872337
wind_u_ms,-39,57,96,0.04637568728382464,0.008229943821780696,0.11314213459506121,-0.024406041807000546,-0.05036428976351852,0.00347102091076746
wind_u_ms,-39,60,99,0.037007636576286126,0.0015802212233455382,0.07812793013125474,-0.021770392006180132,-0.047817916749112316,0.002629434586875004
wind_u_ms,-39,63,102,0.01269281397574087,-0.012693234895456583,0.03820118992931915,-0.019582527558804297,-0.04305317238086686,0.003322488405188675
wind_u_ms,-39,66,105,-0.005070631627107407,-0.02739127819787261,0.022488886149812735,-0.0174067320289042,-0.03963456897754568,0.005991077841858414
wind_u_ms,-39,69,108,-0.005531714449500886,-0.02635178623385154,0.025152601808436904,-0.015365620319609802,-0.036219567669264305,0.008960085441296667
wind_u_ms,-39,72,111,-0.00017085960959082556,-0.019665779902804048,0.02977282883964704,-0.012267134120558016,-0.03138786017967384,0.011880569255554554
wind_u_ms,-36,3,39,0.0983977483212766,0.05030462995070649,0.1340673613787661,0.08355897587794715,0.05384695363269858,0.11069474916211655
wind_u_ms,-36,6,42,0.09551188948141255,0.05748125057219457,0.12665824717622665,0.06835090596427418,0.04151807930193269,0.08994374076817271
wind_u_ms,-36,9,45,0.10608362232501481,0.07863874723443666,0.14209541502875156,0.05465295509590494,0.031904516148520745,0.0754182504937321
wind_u_ms,-36,12,48,0.1124006015198933,0.08148174052855452,0.15701576721447572,0.041201794410087714,0.020279143640414984,0.06084280144156498
wind_u_ms,-36,15,51,0.08201267507929633,0.05454974731419911,0.11628050578665754,0.025744228635521817,0.006231897737229979,0.04809547410185061
wind_u_ms,-36,18,54,0.042536586953915004,0.021916944411054656,0.07214925868682787,0.010547385470564349,-0.003877506308842939,0.03542138091406909
wind_u_ms,-36,21,57,0.019538136167725557,-0.006189214493435212,0.045979995509647605,-0.0016747327230843272,-0.014624261688041148,0.02486012916077446
wind_u_ms,-36,24,60,0.007193032853957146,-0.018025971050481468,0.030845352141726397,-0.008170087897643829,-0.02869423532118082,0.017347094169736236
wind_u_ms,-36,27,63,0.0006870400679645458,-0.020297443276659603,0.030034415776717643,-0.016400026101773837,-0.03516664093018737,0.011281864931951668
wind_u_ms,-36,30,66,0.011112611909775385,-0.012961235968693852,0.04542899786139604,-0.022303103905831092,-0.04112799131405655,0.008428824075561312
wind_u_ms,-36,33,69,0.04076231340223466,-0.000336370947122764,0.07738782684239051,-0.02466657536697405,-0.04550987534206015,0.007052071020137359
wind_u_ms,-36,36,72,0.05101658963809087,0.006709840815133068,0.10999980213902073,-0.027529437524864916,-0.04695602683590217,0.002086063619848941
wind_u_ms,-36,39,75,0.034431493166555416,-0.008445978054022701,0.0760506480892652,-0.029966582717616427,-0.048529686711098925,-0.0003538107317980232
wind_u_ms,-36,42,78,-0.00023806770153295988,-0.024946251454920288,0.02982827934245444,-0.03052403889405575,-0.053523737249907666,-0.005578148834105082
wind_u_ms,-36,45,81,-0.016222974661212378,-0.040889838989294956,0.01264169261792231,-0.0337226632722587,-0.054875398094356834,-0.006668807205838369
wind_u_ms,-36,48,84,-0.022309563938116634,-0.04252027891296453,0.007113661757804163,-0.031797589856726094,-0.055452574278770456,-0.004554232204100342
wind_u_ms,-36,51,87,-0.01971133263653688,-0.039540833856523225,0.01472304928633959,-0.03455990192405528,-0.0551120048576205,-0.004252231814847368
wind_u_ms,-36,54,90,0.0027714041923267733,-0.024328513666879045,0.035693934925194175,-0.032039856928799376,-0.054022386800233406,-0.0027962339379114668
wind_u_ms,-36,57,93,0.029952687683055246,-0.0035051605634824614,0.08178651837344547,-0.02703358299495577,-0.05233466466810944,0.00022552837088872337
wind_u_ms,-36,60,96,0.04637568728382464,0.008229943821780696,0.11314213459506121,-0.024406041807000546,-0.05036428976351852,0.00347102091076746
wind_u_ms,-36,63,99,0.037007636576286126,0.0015802212233455382,0.07812793013125474,-0.021770392006180132,-0.047817916749112316,0.002629434586875004
wind_u_ms,-36,66,102,0.01269281397574087,-0.012693234895456583,0.03820118992931915,-0.019582527558804297,-0.04305317238086686,0.003322488405188675
wind_u_ms,-36,69,105,-0.005070631627107407,-0.02739127819787261,0.022488886149812735,-0.0174067320289042,-0.03963456897754568,0.005991077841858414
wind_u_ms,-36,72,108,-0.005531714449500886,-0.02635178623385154,0.025152601808436904,-0.015365620319609802,-0.036219567669264305,0.008960085441296667
wind_u_ms,-33,3,36,0.11952837903251622,0.05811494403266578,0.16199400052925628,0.10614881745155519,0.06964949979383496,0.13707762745386054
wind_u_ms,-33,6,39,0.0983977483212766,0.05030462995070649,0.1340673613787661,0.08355897587794715,0.05384695363269858,0.11069474916211655
wind_u_ms,-33,9,42,0.09551188948141255,0.05748125057219457,0.12665824717622665,0.06835090596427418,0.04151807930193269,0.08994374076817271
wind_u_ms,-33,12,45,0.10608362232501481,0.07863874723443666,0.14209541502875156,0.05465295509590494,0.031904516148520745,0.0754182504937321
wind_u_ms,-33,15,48,0.1124006015198933,0.08148174052855452,0.15701576721447572,0.041201794410087714,0.020279143640414984,0.06084280144156498
wind_u_ms,-33,18,51,0.08201267507929633,0.05454974731419911,0.11628050578665754,0.025744228635521817,0.006231897737229979,0.04809547410185061
wind_u_ms,-33,21,54,0.042536586953915004,0.021916944411054656,0.07214925868682787,0.010547385470564349,-0.003877506308842939,0.03542138091406909
wind_u_ms,-33,24,57,0.019538136167725557,-0.006189214493435212,0.045979995509647605,-0.0016747327230843272,-0.014624261688041148,0.02486012916077446
wind_u_ms,-33,27,60,0.007193032853957146,-0.018025971050481468,0.030845352141726397,-0.008170087897643829,-0.02869423532118082,0.017347094169736236
wind_u_ms,-33,30,63,0.0006870400679645458,-0.020297443276659603,0.030034415776717643,-0.016400026101773837,-0.03516664093018737,0.011281864931951668
wind_u_ms,-33,33,66,0.011112611909775385,-0.012961235968693852,0.04542899786139604,-0.022303103905831092,-0.04112799131405655,0.008428824075561312
wind_u_ms,-33,36,69,0.04076231340223466,-0.000336370947122764,0.07738782684239051,-0.02466657536697405,-0.04550987534206015,0.007052071020137359
wind_u_ms,-33,39,72,0.05101658963809087,0.006709840815133068,0.10999980213902073,-0.027529437524864916,-0.04695602683590217,0.002086063619848941
wind_u_ms,-33,42,75,0.034431493166555416,-0.008445978054022701,0.0760506480892652,-0.029966582717616427,-0.048529686711098925,-0.0003538107317980232
wind_u_ms,-33,45,78,-0.00023806770153295988,-0.024946251454920288,0.02982827934245444,-0.03052403889405575,-0.053523737249907666,-0.005578148834105082
wind_u_ms,-33,48,81,-0.016222974661212378,-0.040889838989294956,0.01264169261792231,-0.0337226632722587,-0.054875398094356834,-0.006668807205838369
wind_u_ms,-33,51,84,-0.022309563938116634,-0.04252027891296453,0.007113661757804163,-0.031797589856726094,-0.055452574278770456,-0.004554232204100342
wind_u_ms,-33,54,87,-0.01971133263653688,-0.039540833856523225,0.01472304928633959,-0.03455990192405528,-0.0551120048576205,-0.004252231814847368
wind_u_ms,-33,57,90,0.0027714041923267733,-0.024328513666879045,0.035693934925194175,-0.032039856928799376,-0.054022386800233406,-0.0027962339379114668
wind_u_ms,-33,60,93,0.029952687683055246,-0.0035051605634824614,0.08178651837344547,-0.02703358299495577,-0.05233466466810944,0.00022552837088872337
wind_u_ms,-33,63,96,0.04637568728382464,0.008229943821780696,0.11314213459506121,-0.024406041807000546,-0.05036428976351852,0.00347102091076746
wind_u_ms,-33,66,99,0.037007636576286126,0.0015802212233455382,0.07812793013125474,-0.021770392006180132,-0.047817916749112316,0.002629434586875004
wind_u_ms,-33,69,102,0.01269281397574087,-0.012693234895456583,0.03820118992931915,-0.019582527558804297,-0.04305317238086686,0.003322488405188675
wind_u_ms,-33,72,105,-0.005070631627107407,-0.02739127819787261,0.022488886149812735,-0.0174067320289042,-0.03963456897754568,0.005991077841858414
wind_u_ms,-30,3,33,0.14889360528896511,0.0871428432060428,0.19303665786410718,0.1344759506551248,0.09171989787761059,0.1691898049348448
wind_u_ms,-30,6,36,0.11952837903251622,0.05811494403266578,0.16199400052925628,0.10614881745155519,0.06964949979383496,0.13707762745386054
wind_u_ms,-30,9,39,0.0983977483212766,0.05030462995070649,0.1340673613787661,0.08355897587794715,0.05384695363269858,0.11069474916211655
wind_u_ms,-30,12,42,0.09551188948141255,0.05748125057219457,0.12665824717622665,0.06835090596427418,0.04151807930193269,0.08994374076817271
wind_u_ms,-30,15,45,0.10608362232501481,0.07863874723443666,0.14209541502875156,0.05465295509590494,0.031904516148520745,0.0754182504937321
wind_u_ms,-30,18,48,0.1124006015198933,0.08148174052855452,0.15701576721447572,0.041201794410087714,0.020279143640414984,0.06084280144156498
wind_u_ms,-30,21,51,0.08201267507929633,0.05454974731419911,0.11628050578665754,0.025744228635521817,0.006231897737229979,0.04809547410185061
wind_u_ms,-30,24,54,0.042536586953915004,0.021916944411054656,0.07214925868682787,0.010547385470564349,-0.003877506308842939,0.03542138091406909
wind_u_ms,-30,27,57,0.019538136167725557,-0.006189214493435212,0.045979995509647605,-0.0016747327230843272,-0.014624261688041148,0.02486012916077446
wind_u_ms,-30,30,60,0.007193032853957146,-0.018025971050481468,0.030845352141726397,-0.008170087897643829,-0.02869423532118082,0.017347094169736236
wind_u_ms,-30,33,63,0.0006870400679645458,-0.020297443276659603,0.030034415776717643,-0.016400026101773837,-0.03516664093018737,0.011281864931951668
wind_u_ms,-30,36,66,0.011112611909775385,-0.012961235968693852,0.04542899786139604,-0.022303103905831092,-0.04112799131405655,0.008428824075561312
wind_u_ms,-30,39,69,0.04076231340223466,-0.000336370947122764,0.07738782684239051,-0.02466657536697405,-0.04550987534206015,0.007052071020137359
wind_u_ms,-30,42,72,0.05101658963809087,0.006709840815133068,0.10999980213902073,-0.027529437524864916,-0.04695602683590217,0.002086063619848941
wind_u_ms,-30,45,75,0.034431493166555416,-0.008445978054022701,0.0760506480892652,-0.029966582717616427,-0.048529686711098925,-0.0003538107317980232
wind_u_ms,-30,48,78,-0.00023806770153295988,-0.024946251454920288,0.02982827934245444,-0.03052403889405575,-0.053523737249907666,-0.005578148834105082
wind_u_ms,-30,51,81,-0.016222974661212378,-0.040889838989294956,0.01264169261792231,-0.0337226632722587,-0.054875398094356834,-0.006668807205838369
wind_u_ms,-30,54,84,-0.022309563938116634,-0.04252027891296453,0.007113661757804163,-0.031797589856726094,-0.055452574278770456,-0.004554232204100342
wind_u_ms,-30,57,87,-0.01971133263653688,-0.039540833856523225,0.01472304928633959,-0.03455990192405528,-0.0551120048576205,-0.004252231814847368
wind_u_ms,-30,60,90,0.0027714041923267733,-0.024328513666879045,0.035693934925194175,-0.032039856928799376,-0.054022386800233406,-0.0027962339379114668
wind_u_ms,-30,63,93,0.029952687683055246,-0.0035051605634824614,0.08178651837344547,-0.02703358299495577,-0.05233466466810944,0.00022552837088872337
wind_u_ms,-30,66,96,0.04637568728382464,0.008229943821780696,0.11314213459506121,-0.024406041807000546,-0.05036428976351852,0.00347102091076746
wind_u_ms,-30,69,99,0.037007636576286126,0.0015802212233455382,0.07812793013125474,-0.021770392006180132,-0.047817916749112316,0.002629434586875004
wind_u_ms,-30,72,102,0.01269281397574087,-0.012693234895456583,0.03820118992931915,-0.019582527558804297,-0.04305317238086686,0.003322488405188675
wind_u_ms,-27,3,30,0.2009563290271805,0.13451656234654397,0.23884598844409216,0.1745795159389837,0.12594185249792922,0.21163402781261526
wind_u_ms,-27,6,33,0.14889360528896511,0.0871428432060428,0.19303665786410718,0.1344759506551248,0.09171989787761059,0.1691898049348448
wind_u_ms,-27,9,36,0.11952837903251622,0.05811494403266578,0.16199400052925628,0.10614881745155519,0.06964949979383496,0.13707762745386054
wind_u_ms,-27,12,39,0.0983977483212766,0.05030462995070649,0.1340673613787661,0.08355897587794715,0.05384695363269858,0.11069474916211655
wind_u_ms,-27,15,42,0.09551188948141255,0.05748125057219457,0.12665824717622665,0.06835090596427418,0.04151807930193269,0.08994374076817271
wind_u_ms,-27,18,45,0.10608362232501481,0.07863874723443666,0.14209541502875156,0.05465295509590494,0.031904516148520745,0.0754182504937321
wind_u_ms,-27,21,48,0.1124006015198933,0.08148174052855452,0.15701576721447572,0.041201794410087714,0.020279143640414984,0.06084280144156498
wind_u_ms,-27,24,51,0.08201267507929633,0.05454974731419911,0.11628050578665754,0.025744228635521817,0.006231897737229979,0.04809547410185061
wind_u_ms,-27,27,54,0.042536586953915004,0.021916944411054656,0.07214925868682787,0.010547385470564349,-0.003877506308842939,0.03542138091406909
wind_u_ms,-27,30,57,0.019538136167725557,-0.006189214493435212,0.045979995509647605,-0.0016747327230843272,-0.014624261688041148,0.02486012916077446
wind_u_ms,-27,33,60,0.007193032853957146,-0.018025971050481468,0.030845352141726397,-0.008170087897643829,-0.02869423532118082,0.017347094169736236
wind_u_ms,-27,36,63,0.0006870400679645458,-0.020297443276659603,0.030034415776717643,-0.016400026101773837,-0.03516664093018737,0.011281864931951668
wind_u_ms,-27,39,66,0.011112611909775385,-0.012961235968693852,0.04542899786139604,-0.022303103905831092,-0.04112799131405655,0.008428824075561312
wind_u_ms,-27,42,69,0.04076231340223466,-0.000336370947122764,0.07738782684239051,-0.02466657536697405,-0.04550987534206015,0.007052071020137359
wind_u_ms,-27,45,72,0.05101658963809087,0.006709840815133068,0.10999980213902073,-0.027529437524864916,-0.04695602683590217,0.002086063619848941
wind_u_ms,-27,48,75,0.034431493166555416,-0.008445978054022701,0.0760506480892652,-0.029966582717616427,-0.048529686711098925,-0.0003538107317980232
wind_u_ms,-27,51,78,-0.00023806770153295988,-0.024946251454920288,0.02982827934245444,-0.03052403889405575,-0.053523737249907666,-0.005578148834105082
wind_u_ms,-27,54,81,-0.016222974661212378,-0.040889838989294956,0.01264169261792231,-0.0337226632722587,-0.054875398094356834,-0.006668807205838369
wind_u_ms,-27,57,84,-0.022309563938116634,-0.04252027891296453,0.007113661757804163,-0.031797589856726094,-0.055452574278770456,-0.004554232204100342
wind_u_ms,-27,60,87,-0.01971133263653688,-0.039540833856523225,0.01472304928633959,-0.03455990192405528,-0.0551120048576205,-0.004252231814847368
wind_u_ms,-27,63,90,0.0027714041923267733,-0.024328513666879045,0.035693934925194175,-0.032039856928799376,-0.054022386800233406,-0.0027962339379114668
wind_u_ms,-27,66,93,0.029952687683055246,-0.0035051605634824614,0.08178651837344547,-0.02703358299495577,-0.05233466466810944,0.00022552837088872337
wind_u_ms,-27,69,96,0.04637568728382464,0.008229943821780696,0.11314213459506121,-0.024406041807000546,-0.05036428976351852,0.00347102091076746
wind_u_ms,-27,72,99,0.037007636576286126,0.0015802212233455382,0.07812793013125474,-0.021770392006180132,-0.047817916749112316,0.002629434586875004
wind_u_ms,-24,3,27,0.27595160288244636,0.21843319980759526,0.31138169367379,0.2284557866264084,0.16944606347807775,0.26420063211255945
wind_u_ms,-24,6,30,0.2009563290271805,0.13451656234654397,0.23884598844409216,0.1745795159389837,0.12594185249792922,0.21163402781261526
wind_u_ms,-24,9,33,0.14889360528896511,0.0871428432060428,0.19303665786410718,0.1344759506551248,0.09171989787761059,0.1691898049348448
wind_u_ms,-24,12,36,0.11952837903251622,0.05811494403266578,0.16199400052925628,0.10614881745155519,0.06964949979383496,0.13707762745386054
wind_u_ms,-24,15,39,0.0983977483212766,0.05030462995070649,0.1340673613787661,0.08355897587794715,0.05384695363269858,0.11069474916211655
wind_u_ms,-24,18,42,0.09551188948141255,0.05748125057219457,0.12665824717622665,0.06835090596427418,0.04151807930193269,0.08994374076817271
wind_u_ms,-24,21,45,0.10608362232501481,0.07863874723443666,0.14209541502875156,0.05465295509590494,0.031904516148520745,0.0754182504937321
wind_u_ms,-24,24,48,0.1124006015198933,0.08148174052855452,0.15701576721447572,0.041201794410087714,0.020279143640414984,0.06084280144156498
wind_u_ms,-24,27,51,0.08201267507929633,0.05454974731419911,0.11628050578665754,0.025744228635521817,0.006231897737229979,0.04809547410185061
wind_u_ms,-24,30,54,0.042536586953915004,0.021916944411054656,0.07214925868682787,0.010547385470564349,-0.003877506308842939,0.03542138091406909
wind_u_ms,-24,33,57,0.019538136167725557,-0.006189214493435212,0.045979995509647605,-0.0016747327230843272,-0.014624261688041148,0.02486012916077446
wind_u_ms,-24,36,60,0.007193032853957146,-0.018025971050481468,0.030845352141726397,-0.008170087897643829,-0.02869423532118082,0.017347094169736236
wind_u_ms,-24,39,63,0.0006870400679645458,-0.020297443276659603,0.030034415776717643,-0.016400026101773837,-0.03516664093018737,0.011281864931951668
wind_u_ms,-24,42,66,0.011112611909775385,-0.012961235968693852,0.04542899786139604,-0.022303103905831092,-0.04112799131405655,0.008428824075561312
wind_u_ms,-24,45,69,0.04076231340223466,-0.000336370947122764,0.07738782684239051,-0.02466657536697405,-0.04550987534206015,0.007052071020137359
wind_u_ms,-24,48,72,0.05101658963809087,0.006709840815133068,0.10999980213902073,-0.027529437524864916,-0.04695602683590217,0.002086063619848941
wind_u_ms,-24,51,75,0.034431493166555416,-0.008445978054022701,0.0760506480892652,-0.029966582717616427,-0.048529686711098925,-0.0003538107317980232
wind_u_ms,-24,54,78,-0.00023806770153295988,-0.024946251454920288,0.02982827934245444,-0.03052403889405575,-0.053523737249907666,-0.005578148834105082
wind_u_ms,-24,57,81,-0.016222974661212378,-0.040889838989294956,0.01264169261792231,-0.0337226632722587,-0.054875398094356834,-0.006668807205838369
wind_u_ms,-24,60,84,-0.022309563938116634,-0.04252027891296453,0.007113661757804163,-0.031797589856726094,-0.055452574278770456,-0.004554232204100342
wind_u_ms,-24,63,87,-0.01971133263653688,-0.039540833856523225,0.01472304928633959,-0.03455990192405528,-0.0551120048576205,-0.004252231814847368
wind_u_ms,-24,66,90,0.0027714041923267733,-0.024328513666879045,0.035693934925194175,-0.032039856928799376,-0.054022386800233406,-0.0027962339379114668
wind_u_ms,-24,69,93,0.029952687683055246,-0.0035051605634824614,0.08178651837344547,-0.02703358299495577,-0.05233466466810944,0.00022552837088872337
wind_u_ms,-24,72,96,0.04637568728382464,0.008229943821780696,0.11314213459506121,-0.024406041807000546,-0.05036428976351852,0.00347102091076746
wind_u_ms,-21,3,24,0.3451355429033352,0.2983727922161983,0.3804282434620044,0.28796844408697564,0.2218546616016035,0.3295225474365326
wind_u_ms,-21,6,27,0.27595160288244636,0.21843319980759526,0.31138169367379,0.2284557866264084,0.16944606347807775,0.26420063211255945
wind_u_ms,-21,9,30,0.2009563290271805,0.13451656234654397,0.23884598844409216,0.1745795159389837,0.12594185249792922,0.21163402781261526
wind_u_ms,-21,12,33,0.14889360528896511,0.0871428432060428,0.19303665786410718,0.1344759506551248,0.09171989787761059,0.1691898049348448
wind_u_ms,-21,15,36,0.11952837903251622,0.05811494403266578,0.16199400052925628,0.10614881745155519,0.06964949979383496,0.13707762745386054
wind_u_ms,-21,18,39,0.0983977483212766,0.05030462995070649,0.1340673613787661,0.08355897587794715,0.05384695363269858,0.11069474916211655
wind_u_ms,-21,21,42,0.09551188948141255,0.05748125057219457,0.12665824717622665,0.06835090596427418,0.04151807930193269,0.08994374076817271
wind_u_ms,-21,24,45,0.10608362232501481,0.07863874723443666,0.14209541502875156,0.05465295509590494,0.031904516148520745,0.0754182504937321
wind_u_ms,-21,27,48,0.1124006015198933,0.08148174052855452,0.15701576721447572,0.041201794410087714,0.020279143640414984,0.06084280144156498
wind_u_ms,-21,30,51,0.08201267507929633,0.05454974731419911,0.11628050578665754,0.025744228635521817,0.006231897737229979,0.04809547410185061
wind_u_ms,-21,33,54,0.042536586953915004,0.021916944411054656,0.07214925868682787,0.010547385470564349,-0.003877506308842939,0.03542138091406909
wind_u_ms,-21,36,57,0.019538136167725557,-0.006189214493435212,0.045979995509647605,-0.0016747327230843272,-0.014624261688041148,0.02486012916077446
wind_u_ms,-21,39,60,0.007193032853957146,-0.018025971050481468,0.030845352141726397,-0.008170087897643829,-0.02869423532118082,0.017347094169736236
wind_u_ms,-21,42,63,0.0006870400679645458,-0.020297443276659603,0.030034415776717643,-0.016400026101773837,-0.03516664093018737,0.011281864931951668
wind_u_ms,-21,45,66,0.011112611909775385,-0.012961235968693852,0.04542899786139604,-0.022303103905831092,-0.04112799131405655,0.008428824075561312
wind_u_ms,-21,48,69,0.04076231340223466,-0.000336370947122764,0.07738782684239051,-0.02466657536697405,-0.04550987534206015,0.007052071020137359
wind_u_ms,-21,51,72,0.05101658963809087,0.006709840815133068,0.10999980213902073,-0.027529437524864916,-0.04695602683590217,0.002086063619848941
wind_u_ms,-21,54,75,0.034431493166555416,-0.008445978054022701,0.0760506480892652,-0.029966582717616427,-0.048529686711098925,-0.0003538107317980232
wind_u_ms,-21,57,78,-0.00023806770153295988,-0.024946251454920288,0.02982827934245444,-0.03052403889405575,-0.053523737249907666,-0.005578148834105082
wind_u_ms,-21,60,81,-0.016222974661212378,-0.040889838989294956,0.01264169261792231,-0.0337226632722587,-0.054875398094356834,-0.006668807205838369
wind_u_ms,-21,63,84,-0.022309563938116634,-0.04252027891296453,0.007113661757804163,-0.031797589856726094,-0.055452574278770456,-0.004554232204100342
wind_u_ms,-21,66,87,-0.01971133263653688,-0.039540833856523225,0.01472304928633959,-0.03455990192405528,-0.0551120048576205,-0.004252231814847368
wind_u_ms,-21,69,90,0.0027714041923267733,-0.024328513666879045,0.035693934925194175,-0.032039856928799376,-0.054022386800233406,-0.0027962339379114668
wind_u_ms,-21,72,93,0.029952687683055246,-0.0035051605634824614,0.08178651837344547,-0.02703358299495577,-0.05233466466810944,0.00022552837088872337
wind_u_ms,-18,3,21,0.38456454605330626,0.30551493567057053,0.4188359492547169,0.34231043918057813,0.27070838046069823,0.38625719578433626
wind_u_ms,-18,6,24,0.3451355429033352,0.2983727922161983,0.3804282434620044,0.28796844408697564,0.2218546616016035,0.3295225474365326
wind_u_ms,-18,9,27,0.27595160288244636,0.21843319980759526,0.31138169367379,0.2284557866264084,0.16944606347807775,0.26420063211255945
wind_u_ms,-18,12,30,0.2009563290271805,0.13451656234654397,0.23884598844409216,0.1745795159389837,0.12594185249792922,0.21163402781261526
wind_u_ms,-18,15,33,0.14889360528896511,0.0871428432060428,0.19303665786410718,0.1344759506551248,0.09171989787761059,0.1691898049348448
wind_u_ms,-18,18,36,0.11952837903251622,0.05811494403266578,0.16199400052925628,0.10614881745155519,0.06964949979383496,0.13707762745386054
wind_u_ms,-18,21,39,0.0983977483212766,0.05030462995070649,0.1340673613787661,0.08355897587794715,0.05384695363269858,0.11069474916211655
wind_u_ms,-18,24,42,0.09551188948141255,0.05748125057219457,0.12665824717622665,0.06835090596427418,0.04151807930193269,0.08994374076817271
wind_u_ms,-18,27,45,0.10608362232501481,0.07863874723443666,0.14209541502875156,0.05465295509590494,0.031904516148520745,0.0754182504937321
wind_u_ms,-18,30,48,0.1124006015198933,0.08148174052855452,0.15701576721447572,0.041201794410087714,0.020279143640414984,0.06084280144156498
wind_u_ms,-18,33,51,0.08201267507929633,0.05454974731419911,0.11628050578665754,0.025744228635521817,0.006231897737229979,0.04809547410185061
wind_u_ms,-18,36,54,0.042536586953915004,0.021916944411054656,0.07214925868682787,0.010547385470564349,-0.003877506308842939,0.03542138091406909
wind_u_ms,-18,39,57,0.019538136167725557,-0.006189214493435212,0.045979995509647605,-0.0016747327230843272,-0.014624261688041148,0.02486012916077446
wind_u_ms,-18,42,60,0.007193032853957146,-0.018025971050481468,0.030845352141726397,-0.008170087897643829,-0.02869423532118082,0.017347094169736236
wind_u_ms,-18,45,63,0.0006870400679645458,-0.020297443276659603,0.030034415776717643,-0.016400026101773837,-0.03516664093018737,0.011281864931951668
wind_u_ms,-18,48,66,0.011112611909775385,-0.012961235968693852,0.04542899786139604,-0.022303103905831092,-0.04112799131405655,0.008428824075561312
wind_u_ms,-18,51,69,0.04076231340223466,-0.000336370947122764,0.07738782684239051,-0.02466657536697405,-0.04550987534206015,0.007052071020137359
wind_u_ms,-18,54,72,0.05101658963809087,0.006709840815133068,0.10999980213902073,-0.027529437524864916,-0.04695602683590217,0.002086063619848941
wind_u_ms,-18,57,75,0.034431493166555416,-0.008445978054022701,0.0760506480892652,-0.029966582717616427,-0.048529686711098925,-0.0003538107317980232
wind_u_ms,-18,60,78,-0.00023806770153295988,-0.024946251454920288,0.02982827934245444,-0.03052403889405575,-0.053523737249907666,-0.005578148834105082
wind_u_ms,-18,63,81,-0.016222974661212378,-0.040889838989294956,0.01264169261792231,-0.0337226632722587,-0.054875398094356834,-0.006668807205838369
wind_u_ms,-18,66,84,-0.022309563938116634,-0.04252027891296453,0.007113661757804163,-0.031797589856726094,-0.055452574278770456,-0.004554232204100342
wind_u_ms,-18,69,87,-0.01971133263653688,-0.039540833856523225,0.01472304928633959,-0.03455990192405528,-0.0551120048576205,-0.004252231814847368
wind_u_ms,-18,72,90,0.0027714041923267733,-0.024328513666879045,0.035693934925194175,-0.032039856928799376,-0.054022386800233406,-0.0027962339379114668
wind_u_ms,-15,3,18,0.4084386153248531,0.33018553279671803,0.46231944856832646,0.3980385601738361,0.3212335418646454,0.44964135031011987
wind_u_ms,-15,6,21,0.38456454605330626,0.30551493567057053,0.4188359492547169,0.34231043918057813,0.27070838046069823,0.38625719578433626
wind_u_ms,-15,9,24,0.3451355429033352,0.2983727922161983,0.3804282434620044,0.28796844408697564,0.2218546616016035,0.3295225474365326
wind_u_ms,-15,12,27,0.27595160288244636,0.21843319980759526,0.31138169367379,0.2284557866264084,0.16944606347807775,0.26420063211255945
wind_u_ms,-15,15,30,0.2009563290271805,0.13451656234654397,0.23884598844409216,0.1745795159389837,0.12594185249792922,0.21163402781261526
wind_u_ms,-15,18,33,0.14889360528896511,0.0871428432060428,0.19303665786410718,0.1344759506551248,0.09171989787761059,0.1691898049348448
wind_u_ms,-15,21,36,0.11952837903251622,0.05811494403266578,0.16199400052925628,0.10614881745155519,0.06964949979383496,0.13707762745386054
wind_u_ms,-15,24,39,0.0983977483212766,0.05030462995070649,0.1340673613787661,0.08355897587794715,0.05384695363269858,0.11069474916211655
wind_u_ms,-15,27,42,0.09551188948141255,0.05748125057219457,0.12665824717622665,0.06835090596427418,0.04151807930193269,0.08994374076817271
wind_u_ms,-15,30,45,0.10608362232501481,0.07863874723443666,0.14209541502875156,0.05465295509590494,0.031904516148520745,0.0754182504937321
wind_u_ms,-15,33,48,0.1124006015198933,0.08148174052855452,0.15701576721447572,0.041201794410087714,0.020279143640414984,0.06084280144156498
wind_u_ms,-15,36,51,0.08201267507929633,0.05454974731419911,0.11628050578665754,0.025744228635521817,0.006231897737229979,0.04809547410185061
wind_u_ms,-15,39,54,0.042536586953915004,0.021916944411054656,0.07214925868682787,0.010547385470564349,-0.003877506308842939,0.03542138091406909
wind_u_ms,-15,42,57,0.019538136167725557,-0.006189214493435212,0.045979995509647605,-0.0016747327230843272,-0.014624261688041148,0.02486012916077446
wind_u_ms,-15,45,60,0.007193032853957146,-0.018025971050481468,0.030845352141726397,-0.008170087897643829,-0.02869423532118082,0.017347094169736236
wind_u_ms,-15,48,63,0.0006870400679645458,-0.020297443276659603,0.030034415776717643,-0.016400026101773837,-0.03516664093018737,0.011281864931951668
wind_u_ms,-15,51,66,0.011112611909775385,-0.012961235968693852,0.04542899786139604,-0.022303103905831092,-0.04112799131405655,0.008428824075561312
wind_u_ms,-15,54,69,0.04076231340223466,-0.000336370947122764,0.07738782684239051,-0.02466657536697405,-0.04550987534206015,0.007052071020137359
wind_u_ms,-15,57,72,0.05101658963809087,0.006709840815133068,0.10999980213902073,-0.027529437524864916,-0.04695602683590217,0.002086063619848941
wind_u_ms,-15,60,75,0.034431493166555416,-0.008445978054022701,0.0760506480892652,-0.029966582717616427,-0.048529686711098925,-0.0003538107317980232
wind_u_ms,-15,63,78,-0.00023806770153295988,-0.024946251454920288,0.02982827934245444,-0.03052403889405575,-0.053523737249907666,-0.005578148834105082
wind_u_ms,-15,66,81,-0.016222974661212378,-0.040889838989294956,0.01264169261792231,-0.0337226632722587,-0.054875398094356834,-0.006668807205838369
wind_u_ms,-15,69,84,-0.022309563938116634,-0.04252027891296453,0.007113661757804163,-0.031797589856726094,-0.055452574278770456,-0.004554232204100342
wind_u_ms,-15,72,87,-0.01971133263653688,-0.039540833856523225,0.01472304928633959,-0.03455990192405528,-0.0551120048576205,-0.004252231814847368
wind_u_ms,-12,3,15,0.44865053563775253,0.37604949585951447,0.5200554583115486,0.464045913490478,0.3840135421625267,0.5229943937622284
wind_u_ms,-12,6,18,0.4084386153248531,0.33018553279671803,0.46231944856832646,0.3980385601738361,0.3212335418646454,0.44964135031011987
wind_u_ms,-12,9,21,0.38456454605330626,0.30551493567057053,0.4188359492547169,0.34231043918057813,0.27070838046069823,0.38625719578433626
wind_u_ms,-12,12,24,0.3451355429033352,0.2983727922161983,0.3804282434620044,0.28796844408697564,0.2218546616016035,0.3295225474365326
wind_u_ms,-12,15,27,0.27595160288244636,0.21843319980759526,0.31138169367379,0.2284557866264084,0.16944606347807775,0.26420063211255945
wind_u_ms,-12,18,30,0.2009563290271805,0.13451656234654397,0.23884598844409216,0.1745795159389837,0.12594185249792922,0.21163402781261526
wind_u_ms,-12,21,33,0.14889360528896511,0.0871428432060428,0.19303665786410718,0.1344759506551248,0.09171989787761059,0.1691898049348448
wind_u_ms,-12,24,36,0.11952837903251622,0.05811494403266578,0.16199400052925628,0.10614881745155519,0.06964949979383496,0.13707762745386054
wind_u_ms,-12,27,39,0.0983977483212766,0.05030462995070649,0.1340673613787661,0.08355897587794715,0.05384695363269858,0.11069474916211655
wind_u_ms,-12,30,42,0.09551188948141255,0.05748125057219457,0.12665824717622665,0.06835090596427418,0.04151807930193269,0.08994374076817271
wind_u_ms,-12,33,45,0.10608362232501481,0.07863874723443666,0.14209541502875156,0.05465295509590494,0.031904516148520745,0.0754182504937321
wind_u_ms,-12,36,48,0.1124006015198933,0.08148174052855452,0.15701576721447572,0.041201794410087714,0.020279143640414984,0.06084280144156498
wind_u_ms,-12,39,51,0.08201267507929633,0.05454974731419911,0.11628050578665754,0.025744228635521817,0.006231897737229979,0.04809547410185061
wind_u_ms,-12,42,54,0.042536586953915004,0.021916944411054656,0.07214925868682787,0.010547385470564349,-0.003877506308842939,0.03542138091406909
wind_u_ms,-12,45,57,0.019538136167725557,-0.006189214493435212,0.045979995509647605,-0.0016747327230843272,-0.014624261688041148,0.02486012916077446
wind_u_ms,-12,48,60,0.007193032853957146,-0.018025971050481468,0.030845352141726397,-0.008170087897643829,-0.02869423532118082,0.017347094169736236
wind_u_ms,-12,51,63,0.0006870400679645458,-0.020297443276659603,0.030034415776717643,-0.016400026101773837,-0.03516664093018737,0.011281864931951668
wind_u_ms,-12,54,66,0.011112611909775385,-0.012961235968693852,0.04542899786139604,-0.022303103905831092,-0.04112799131405655,0.008428824075561312
wind_u_ms,-12,57,69,0.04076231340223466,-0.000336370947122764,0.07738782684239051,-0.02466657536697405,-0.04550987534206015,0.007052071020137359
wind_u_ms,-12,60,72,0.05101658963809087,0.006709840815133068,0.10999980213902073,-0.027529437524864916,-0.04695602683590217,0.002086063619848941
wind_u_ms,-12,63,75,0.034431493166555416,-0.008445978054022701,0.0760506480892652,-0.029966582717616427,-0.048529686711098925,-0.0003538107317980232
wind_u_ms,-12,66,78,-0.00023806770153295988,-0.024946251454920288,0.02982827934245444,-0.03052403889405575,-0.053523737249907666,-0.005578148834105082
wind_u_ms,-12,69,81,-0.016222974661212378,-0.040889838989294956,0.01264169261792231,-0.0337226632722587,-0.054875398094356834,-0.006668807205838369
wind_u_ms,-12,72,84,-0.022309563938116634,-0.04252027891296453,0.007113661757804163,-0.031797589856726094,-0.055452574278770456,-0.004554232204100342
wind_u_ms,-9,3,12,0.5260104555480439,0.43749392718569957,0.5961956510795889,0.5424015680233147,0.4643694475455646,0.6073481536313905
wind_u_ms,-9,6,15,0.44865053563775253,0.37604949585951447,0.5200554583115486,0.464045913490478,0.3840135421625267,0.5229943937622284
wind_u_ms,-9,9,18,0.4084386153248531,0.33018553279671803,0.46231944856832646,0.3980385601738361,0.3212335418646454,0.44964135031011987
wind_u_ms,-9,12,21,0.38456454605330626,0.30551493567057053,0.4188359492547169,0.34231043918057813,0.27070838046069823,0.38625719578433626
wind_u_ms,-9,15,24,0.3451355429033352,0.2983727922161983,0.3804282434620044,0.28796844408697564,0.2218546616016035,0.3295225474365326
wind_u_ms,-9,18,27,0.27595160288244636,0.21843319980759526,0.31138169367379,0.2284557866264084,0.16944606347807775,0.26420063211255945
wind_u_ms,-9,21,30,0.2009563290271805,0.13451656234654397,0.23884598844409216,0.1745795159389837,0.12594185249792922,0.21163402781261526
wind_u_ms,-9,24,33,0.14889360528896511,0.0871428432060428,0.19303665786410718,0.1344759506551248,0.09171989787761059,0.1691898049348448
wind_u_ms,-9,27,36,0.11952837903251622,0.05811494403266578,0.16199400052925628,0.10614881745155519,0.06964949979383496,0.13707762745386054
wind_u_ms,-9,30,39,0.0983977483212766,0.05030462995070649,0.1340673613787661,0.08355897587794715,0.05384695363269858,0.11069474916211655
wind_u_ms,-9,33,42,0.09551188948141255,0.05748125057219457,0.12665824717622665,0.06835090596427418,0.04151807930193269,0.08994374076817271
wind_u_ms,-9,36,45,0.10608362232501481,0.07863874723443666,0.14209541502875156,0.05465295509590494,0.031904516148520745,0.0754182504937321
wind_u_ms,-9,39,48,0.1124006015198933,0.08148174052855452,0.15701576721447572,0.041201794410087714,0.020279143640414984,0.06084280144156498
wind_u_ms,-9,42,51,0.08201267507929633,0.05454974731419911,0.11628050578665754,0.025744228635521817,0.006231897737229979,0.04809547410185061
wind_u_ms,-9,45,54,0.042536586953915004,0.021916944411054656,0.07214925868682787,0.010547385470564349,-0.003877506308842939,0.03542138091406909
wind_u_ms,-9,48,57,0.019538136167725557,-0.006189214493435212,0.045979995509647605,-0.0016747327230843272,-0.014624261688041148,0.02486012916077446
wind_u_ms,-9,51,60,0.007193032853957146,-0.018025971050481468,0.030845352141726397,-0.008170087897643829,-0.02869423532118082,0.017347094169736236
wind_u_ms,-9,54,63,0.0006870400679645458,-0.020297443276659603,0.030034415776717643,-0.016400026101773837,-0.03516664093018737,0.011281864931951668
wind_u_ms,-9,57,66,0.011112611909775385,-0.012961235968693852,0.04542899786139604,-0.022303103905831092,-0.04112799131405655,0.008428824075561312
wind_u_ms,-9,60,69,0.04076231340223466,-0.000336370947122764,0.07738782684239051,-0.02466657536697405,-0.04550987534206015,0.007052071020137359
wind_u_ms,-9,63,72,0.05101658963809087,0.006709840815133068,0.10999980213902073,-0.027529437524864916,-0.04695602683590217,0.002086063619848941
wind_u_ms,-9,66,75,0.034431493166555416,-0.008445978054022701,0.0760506480892652,-0.029966582717616427,-0.048529686711098925,-0.0003538107317980232
wind_u_ms,-9,69,78,-0.00023806770153295988,-0.024946251454920288,0.02982827934245444,-0.03052403889405575,-0.053523737249907666,-0.005578148834105082
wind_u_ms,-9,72,81,-0.016222974661212378,-0.040889838989294956,0.01264169261792231,-0.0337226632722587,-0.054875398094356834,-0.006668807205838369
wind_u_ms,-6,3,9,0.6137708145945644,0.5267447718532233,0.6839699569058453,0.635895989635624,0.5646230362359269,0.6957162210374471
wind_u_ms,-6,6,12,0.5260104555480439,0.43749392718569957,0.5961956510795889,0.5424015680233147,0.4643694475455646,0.6073481536313905
wind_u_ms,-6,9,15,0.44865053563775253,0.37604949585951447,0.5200554583115486,0.464045913490478,0.3840135421625267,0.5229943937622284
wind_u_ms,-6,12,18,0.4084386153248531,0.33018553279671803,0.46231944856832646,0.3980385601738361,0.3212335418646454,0.44964135031011987
wind_u_ms,-6,15,21,0.38456454605330626,0.30551493567057053,0.4188359492547169,0.34231043918057813,0.27070838046069823,0.38625719578433626
wind_u_ms,-6,18,24,0.3451355429033352,0.2983727922161983,0.3804282434620044,0.28796844408697564,0.2218546616016035,0.3295225474365326
wind_u_ms,-6,21,27,0.27595160288244636,0.21843319980759526,0.31138169367379,0.2284557866264084,0.16944606347807775,0.26420063211255945
wind_u_ms,-6,24,30,0.2009563290271805,0.13451656234654397,0.23884598844409216,0.1745795159389837,0.12594185249792922,0.21163402781261526
wind_u_ms,-6,27,33,0.14889360528896511,0.0871428432060428,0.19303665786410718,0.1344759506551248,0.09171989787761059,0.1691898049348448
wind_u_ms,-6,30,36,0.11952837903251622,0.05811494403266578,0.16199400052925628,0.10614881745155519,0.06964949979383496,0.13707762745386054
wind_u_ms,-6,33,39,0.0983977483212766,0.05030462995070649,0.1340673613787661,0.08355897587794715,0.05384695363269858,0.11069474916211655
wind_u_ms,-6,36,42,0.09551188948141255,0.05748125057219457,0.12665824717622665,0.06835090596427418,0.04151807930193269,0.08994374076817271
wind_u_ms,-6,39,45,0.10608362232501481,0.07863874723443666,0.14209541502875156,0.05465295509590494,0.031904516148520745,0.0754182504937321
wind_u_ms,-6,42,48,0.1124006015198933,0.08148174052855452,0.15701576721447572,0.041201794410087714,0.020279143640414984,0.06084280144156498
wind_u_ms,-6,45,51,0.08201267507929633,0.05454974731419911,0.11628050578665754,0.025744228635521817,0.006231897737229979,0.04809547410185061
wind_u_ms,-6,48,54,0.042536586953915004,0.021916944411054656,0.07214925868682787,0.010547385470564349,-0.003877506308842939,0.03542138091406909
wind_u_ms,-6,51,57,0.019538136167725557,-0.006189214493435212,0.045979995509647605,-0.0016747327230843272,-0.014624261688041148,0.02486012916077446
wind_u_ms,-6,54,60,0.007193032853957146,-0.018025971050481468,0.030845352141726397,-0.008170087897643829,-0.02869423532118082,0.017347094169736236
wind_u_ms,-6,57,63,0.0006870400679645458,-0.020297443276659603,0.030034415776717643,-0.016400026101773837,-0.03516664093018737,0.011281864931951668
wind_u_ms,-6,60,66,0.011112611909775385,-0.012961235968693852,0.04542899786139604,-0.022303103905831092,-0.04112799131405655,0.008428824075561312
wind_u_ms,-6,63,69,0.04076231340223466,-0.000336370947122764,0.07738782684239051,-0.02466657536697405,-0.04550987534206015,0.007052071020137359
wind_u_ms,-6,66,72,0.05101658963809087,0.006709840815133068,0.10999980213902073,-0.027529437524864916,-0.04695602683590217,0.002086063619848941
wind_u_ms,-6,69,75,0.034431493166555416,-0.008445978054022701,0.0760506480892652,-0.029966582717616427,-0.048529686711098925,-0.0003538107317980232
wind_u_ms,-6,72,78,-0.00023806770153295988,-0.024946251454920288,0.02982827934245444,-0.03052403889405575,-0.053523737249907666,-0.005578148834105082
wind_u_ms,-3,3,6,0.7348086065919073,0.660695244965912,0.7894998046594519,0.7475927704659863,0.689768339748128,0.8017953706489346
wind_u_ms,-3,6,9,0.6137708145945644,0.5267447718532233,0.6839699569058453,0.635895989635624,0.5646230362359269,0.6957162210374471
wind_u_ms,-3,9,12,0.5260104555480439,0.43749392718569957,0.5961956510795889,0.5424015680233147,0.4643694475455646,0.6073481536313905
wind_u_ms,-3,12,15,0.44865053563775253,0.37604949585951447,0.5200554583115486,0.464045913490478,0.3840135421625267,0.5229943937622284
wind_u_ms,-3,15,18,0.4084386153248531,0.33018553279671803,0.46231944856832646,0.3980385601738361,0.3212335418646454,0.44964135031011987
wind_u_ms,-3,18,21,0.38456454605330626,0.30551493567057053,0.4188359492547169,0.34231043918057813,0.27070838046069823,0.38625719578433626
wind_u_ms,-3,21,24,0.3451355429033352,0.2983727922161983,0.3804282434620044,0.28796844408697564,0.2218546616016035,0.3295225474365326
wind_u_ms,-3,24,27,0.27595160288244636,0.21843319980759526,0.31138169367379,0.2284557866264084,0.16944606347807775,0.26420063211255945
wind_u_ms,-3,27,30,0.2009563290271805,0.13451656234654397,0.23884598844409216,0.1745795159389837,0.12594185249792922,0.21163402781261526
wind_u_ms,-3,30,33,0.14889360528896511,0.0871428432060428,0.19303665786410718,0.1344759506551248,0.09171989787761059,0.1691898049348448
wind_u_ms,-3,33,36,0.11952837903251622,0.05811494403266578,0.16199400052925628,0.10614881745155519,0.06964949979383496,0.13707762745386054
wind_u_ms,-3,36,39,0.0983977483212766,0.05030462995070649,0.1340673613787661,0.08355897587794715,0.05384695363269858,0.11069474916211655
wind_u_ms,-3,39,42,0.09551188948141255,0.05748125057219457,0.12665824717622665,0.06835090596427418,0.04151807930193269,0.08994374076817271
wind_u_ms,-3,42,45,0.10608362232501481,0.07863874723443666,0.14209541502875156,0.05465295509590494,0.031904516148520745,0.0754182504937321
wind_u_ms,-3,45,48,0.1124006015198933,0.08148174052855452,0.15701576721447572,0.041201794410087714,0.020279143640414984,0.06084280144156498
wind_u_ms,-3,48,51,0.08201267507929633,0.05454974731419911,0.11628050578665754,0.025744228635521817,0.006231897737229979,0.04809547410185061
wind_u_ms,-3,51,54,0.042536586953915004,0.021916944411054656,0.07214925868682787,0.010547385470564349,-0.003877506308842939,0.03542138091406909
wind_u_ms,-3,54,57,0.019538136167725557,-0.006189214493435212,0.045979995509647605,-0.0016747327230843272,-0.014624261688041148,0.02486012916077446
wind_u_ms,-3,57,60,0.007193032853957146,-0.018025971050481468,0.030845352141726397,-0.008170087897643829,-0.02869423532118082,0.017347094169736236
wind_u_ms,-3,60,63,0.0006870400679645458,-0.020297443276659603,0.030034415776717643,-0.016400026101773837,-0.03516664093018737,0.011281864931951668
wind_u_ms,-3,63,66,0.011112611909775385,-0.012961235968693852,0.04542899786139604,-0.022303103905831092,-0.04112799131405655,0.008428824075561312
wind_u_ms,-3,66,69,0.04076231340223466,-0.000336370947122764,0.07738782684239051,-0.02466657536697405,-0.04550987534206015,0.007052071020137359
wind_u_ms,-3,69,72,0.05101658963809087,0.006709840815133068,0.10999980213902073,-0.027529437524864916,-0.04695602683590217,0.002086063619848941
wind_u_ms,-3,72,75,0.034431493166555416,-0.008445978054022701,0.0760506480892652,-0.029966582717616427,-0.048529686711098925,-0.0003538107317980232
wind_u_ms,0,3,3,0.8829268620195816,0.8371669888662305,0.9085028391601431,0.8866445923807562,0.8480495565786699,0.9119075688989124
wind_u_ms,0,6,6,0.7348086065919073,0.660695244965912,0.7894998046594519,0.7475927704659863,0.689768339748128,0.8017953706489346
wind_u_ms,0,9,9,0.6137708145945644,0.5267447718532233,0.6839699569058453,0.635895989635624,0.5646230362359269,0.6957162210374471
wind_u_ms,0,12,12,0.5260104555480439,0.43749392718569957,0.5961956510795889,0.5424015680233147,0.4643694475455646,0.6073481536313905
wind_u_ms,0,15,15,0.44865053563775253,0.37604949585951447,0.5200554583115486,0.464045913490478,0.3840135421625267,0.5229943937622284
wind_u_ms,0,18,18,0.4084386153248531,0.33018553279671803,0.46231944856832646,0.3980385601738361,0.3212335418646454,0.44964135031011987
wind_u_ms,0,21,21,0.38456454605330626,0.30551493567057053,0.4188359492547169,0.34231043918057813,0.27070838046069823,0.38625719578433626
wind_u_ms,0,24,24,0.3451355429033352,0.2983727922161983,0.3804282434620044,0.28796844408697564,0.2218546616016035,0.3295225474365326
wind_u_ms,0,27,27,0.27595160288244636,0.21843319980759526,0.31138169367379,0.2284557866264084,0.16944606347807775,0.26420063211255945
wind_u_ms,0,30,30,0.2009563290271805,0.13451656234654397,0.23884598844409216,0.1745795159389837,0.12594185249792922,0.21163402781261526
wind_u_ms,0,33,33,0.14889360528896511,0.0871428432060428,0.19303665786410718,0.1344759506551248,0.09171989787761059,0.1691898049348448
wind_u_ms,0,36,36,0.11952837903251622,0.05811494403266578,0.16199400052925628,0.10614881745155519,0.06964949979383496,0.13707762745386054
wind_u_ms,0,39,39,0.0983977483212766,0.05030462995070649,0.1340673613787661,0.08355897587794715,0.05384695363269858,0.11069474916211655
wind_u_ms,0,42,42,0.09551188948141255,0.05748125057219457,0.12665824717622665,0.06835090596427418,0.04151807930193269,0.08994374076817271
wind_u_ms,0,45,45,0.10608362232501481,0.07863874723443666,0.14209541502875156,0.05465295509590494,0.031904516148520745,0.0754182504937321
wind_u_ms,0,48,48,0.1124006015198933,0.08148174052855452,0.15701576721447572,0.041201794410087714,0.020279143640414984,0.06084280144156498
wind_u_ms,0,51,51,0.08201267507929633,0.05454974731419911,0.11628050578665754,0.025744228635521817,0.006231897737229979,0.04809547410185061
wind_u_ms,0,54,54,0.042536586953915004,0.021916944411054656,0.07214925868682787,0.010547385470564349,-0.003877506308842939,0.03542138091406909
wind_u_ms,0,57,57,0.019538136167725557,-0.006189214493435212,0.045979995509647605,-0.0016747327230843272,-0.014624261688041148,0.02486012916077446
wind_u_ms,0,60,60,0.007193032853957146,-0.018025971050481468,0.030845352141726397,-0.008170087897643829,-0.02869423532118082,0.017347094169736236
wind_u_ms,0,63,63,0.0006870400679645458,-0.020297443276659603,0.030034415776717643,-0.016400026101773837,-0.03516664093018737,0.011281864931951668
wind_u_ms,0,66,66,0.011112611909775385,-0.012961235968693852,0.04542899786139604,-0.022303103905831092,-0.04112799131405655,0.008428824075561312
wind_u_ms,0,69,69,0.04076231340223466,-0.000336370947122764,0.07738782684239051,-0.02466657536697405,-0.04550987534206015,0.007052071020137359
wind_u_ms,0,72,72,0.05101658963809087,0.006709840815133068,0.10999980213902073,-0.027529437524864916,-0.04695602683590217,0.002086063619848941
wind_v_ms,-69,3,72,0.09425419473457489,0.053506513486333084,0.13483737043744226,-0.009761279884009363,-0.03873521788443227,0.0010045170062954287
wind_v_ms,-69,6,75,0.0813216266322859,0.0427550374794828,0.11888750003662416,-0.016251381562938705,-0.03937215444360988,-0.0017549777618260222
wind_v_ms,-69,9,78,0.052168923969427454,0.012478281958220054,0.10585764344286634,-0.01527545354575325,-0.03965424035552337,-0.0033999870193175564
wind_v_ms,-69,12,81,0.036925493577966456,-0.011609460962051416,0.10067988023735515,-0.019495727749736878,-0.04073748557148299,-0.0038456596410414374
wind_v_ms,-69,15,84,0.03122328150861097,-0.019446388863451767,0.10103826645923945,-0.023122998181809882,-0.040193568000994835,-0.004057934188653107
wind_v_ms,-69,18,87,0.03281057892336904,-0.01371340848640716,0.10284576617232186,-0.02198411813569904,-0.03999482809171885,-0.005327913598676681
wind_v_ms,-69,21,90,0.04733049249151419,0.012081757745268887,0.10860575700120889,-0.025265955539178077,-0.04058551561107818,-0.005654032323286323
wind_v_ms,-69,24,93,0.07288760152896798,0.03080390163987586,0.11804419365924007,-0.027397674364723935,-0.04092404263745783,-0.008892439542615383
wind_v_ms,-69,27,96,0.08469093316706242,0.04183900928851299,0.12668311783382058,-0.029874506946005727,-0.043120751475784674,-0.01207765690298505
wind_v_ms,-69,30,99,0.06756717886211447,0.032293211120927666,0.11556987865152292,-0.029208630516354528,-0.043548215658699416,-0.01188237688282332
wind_v_ms,-69,33,102,0.03767100487107163,0.00926891414064028,0.10265843874997457,-0.02996943540626592,-0.04550900300263302,-0.011403903860944725
wind_v_ms,-69,36,105,0.022736462625763315,-0.01101791479608989,0.09883111386980153,-0.027424071135349552,-0.04392022235999712,-0.00943554952478037
wind_v_ms,-69,39,108,0.021662445146008815,-0.015009209985374278,0.09918098664632544,-0.024975324740723837,-0.04106912461142225,-0.006599267135147197
wind_v_ms,-69,42,111,0.03062087411183334,-0.004629251732462916,0.10292176206956409,-0.02360052305632432,-0.03723292802309343,-0.004119805112529714
wind_v_ms,-69,45,114,0.04760813694803136,0.022369007631775295,0.11161983317270655,-0.020595248933520598,-0.032687237217142374,-0.0016782563804145097
wind_v_ms,-69,48,117,0.08239036032701533,0.04982925857268814,0.1223355009955179,-0.01656857440467601,-0.02876538796952302,4.6223820728976034e-05
wind_v_ms,-69,51,120,0.09835899610478291,0.06623677436009706,0.1311734929382694,-0.012332206139845685,-0.027373798022405253,0.0003524514063917021
wind_v_ms,-69,54,123,0.08476695090918554,0.05340057695682156,0.12239142284183,-0.010086575595470958,-0.023524393277139462,-0.000450614130874567
wind_v_ms,-69,57,126,0.060949017950019384,0.030531186904795893,0.1048330572615617,-0.011787523437323009,-0.022137522923255167,0.0014176843702634718
wind_v_ms,-69,60,129,0.04658989382314503,0.009494618369374905,0.09751489955410071,-0.015419334771720805,-0.02443180099295491,-0.0001414122334561245
wind_v_ms,-69,63,132,0.04282716759532209,6.361969146834374e-05,0.09320117533709597,-0.016833766778999705,-0.027463234250947183,-0.00037558364360745956
wind_v_ms,-69,66,135,0.044478530592535925,0.0071516906080064755,0.08864291652512835,-0.02143926837467387,-0.03079115502213309,-0.0013408430302766082
wind_v_ms,-69,69,138,0.05761766869073322,0.0271258470700767,0.08904526808743801,-0.023492325283758338,-0.03584420302769004,-0.003780091589477024
wind_v_ms,-69,72,141,0.08157326350917168,0.05466837797361032,0.10700689357308896,-0.025954177276546586,-0.03716880066487428,-0.0046834826738923465
wind_v_ms,-66,3,69,0.0789092415309863,0.04310080458012343,0.11874758562574943,-0.010185150161432056,-0.03843680534177433,0.005069413436356251
wind_v_ms,-66,6,72,0.09425419473457489,0.053506513486333084,0.13483737043744226,-0.009761279884009363,-0.03873521788443227,0.0010045170062954287
wind_v_ms,-66,9,75,0.0813216266322859,0.0427550374794828,0.11888750003662416,-0.016251381562938705,-0.03937215444360988,-0.0017549777618260222
wind_v_ms,-66,12,78,0.052168923969427454,0.012478281958220054,0.10585764344286634,-0.01527545354575325,-0.03965424035552337,-0.0033999870193175564
wind_v_ms,-66,15,81,0.036925493577966456,-0.011609460962051416,0.10067988023735515,-0.019495727749736878,-0.04073748557148299,-0.0038456596410414374
wind_v_ms,-66,18,84,0.03122328150861097,-0.019446388863451767,0.10103826645923945,-0.023122998181809882,-0.040193568000994835,-0.004057934188653107
wind_v_ms,-66,21,87,0.03281057892336904,-0.01371340848640716,0.10284576617232186,-0.02198411813569904,-0.03999482809171885,-0.005327913598676681
wind_v_ms,-66,24,90,0.04733049249151419,0.012081757745268887,0.10860575700120889,-0.025265955539178077,-0.04058551561107818,-0.005654032323286323
wind_v_ms,-66,27,93,0.07288760152896798,0.03080390163987586,0.11804419365924007,-0.027397674364723935,-0.04092404263745783,-0.008892439542615383
wind_v_ms,-66,30,96,0.08469093316706242,0.04183900928851299,0.12668311783382058,-0.029874506946005727,-0.043120751475784674,-0.01207765690298505
wind_v_ms,-66,33,99,0.06756717886211447,0.032293211120927666,0.11556987865152292,-0.029208630516354528,-0.043548215658699416,-0.01188237688282332
wind_v_ms,-66,36,102,0.03767100487107163,0.00926891414064028,0.10265843874997457,-0.02996943540626592,-0.04550900300263302,-0.011403903860944725
wind_v_ms,-66,39,105,0.022736462625763315,-0.01101791479608989,0.09883111386980153,-0.027424071135349552,-0.04392022235999712,-0.00943554952478037
wind_v_ms,-66,42,108,0.021662445146008815,-0.015009209985374278,0.09918098664632544,-0.024975324740723837,-0.04106912461142225,-0.006599267135147197
wind_v_ms,-66,45,111,0.03062087411183334,-0.004629251732462916,0.10292176206956409,-0.02360052305632432,-0.03723292802309343,-0.004119805112529714
wind_v_ms,-66,48,114,0.04760813694803136,0.022369007631775295,0.11161983317270655,-0.020595248933520598,-0.032687237217142374,-0.0016782563804145097
wind_v_ms,-66,51,117,0.08239036032701533,0.04982925857268814,0.1223355009955179,-0.01656857440467601,-0.02876538796952302,4.6223820728976034e-05
wind_v_ms,-66,54,120,0.09835899610478291,0.06623677436009706,0.1311734929382694,-0.012332206139845685,-0.027373798022405253,0.0003524514063917021
wind_v_ms,-66,57,123,0.08476695090918554,0.05340057695682156,0.12239142284183,-0.010086575595470958,-0.023524393277139462,-0.000450614130874567
wind_v_ms,-66,60,126,0.060949017950019384,0.030531186904795893,0.1048330572615617,-0.011787523437323009,-0.022137522923255167,0.0014176843702634718
wind_v_ms,-66,63,129,0.04658989382314503,0.009494618369374905,0.09751489955410071,-0.015419334771720805,-0.02443180099295491,-0.0001414122334561245
wind_v_ms,-66,66,132,0.04282716759532209,6.361969146834374e-05,0.09320117533709597,-0.016833766778999705,-0.027463234250947183,-0.00037558364360745956
wind_v_ms,-66,69,135,0.044478530592535925,0.0071516906080064755,0.08864291652512835,-0.02143926837467387,-0.03079115502213309,-0.0013408430302766082
wind_v_ms,-66,72,138,0.05761766869073322,0.0271258470700767,0.08904526808743801,-0.023492325283758338,-0.03584420302769004,-0.003780091589477024
wind_v_ms,-63,3,66,0.05500353838749132,0.0220992285173859,0.10364976864164441,-0.012900217348606186,-0.037720236213165975,0.0053297246331714555
wind_v_ms,-63,6,69,0.0789092415309863,0.04310080458012343,0.11874758562574943,-0.010185150161432056,-0.03843680534177433,0.005069413436356251
wind_v_ms,-63,9,72,0.09425419473457489,0.053506513486333084,0.13483737043744226,-0.009761279884009363,-0.03873521788443227,0.0010045170062954287
wind_v_ms,-63,12,75,0.0813216266322859,0.0427550374794828,0.11888750003662416,-0.016251381562938705,-0.03937215444360988,-0.0017549777618260222
wind_v_ms,-63,15,78,0.052168923969427454,0.012478281958220054,0.10585764344286634,-0.01527545354575325,-0.03965424035552337,-0.0033999870193175564
wind_v_ms,-63,18,81,0.036925493577966456,-0.011609460962051416,0.10067988023735515,-0.019495727749736878,-0.04073748557148299,-0.0038456596410414374
wind_v_ms,-63,21,84,0.03122328150861097,-0.019446388863451767,0.10103826645923945,-0.023122998181809882,-0.040193568000994835,-0.004057934188653107
wind_v_ms,-63,24,87,0.03281057892336904,-0.01371340848640716,0.10284576617232186,-0.02198411813569904,-0.03999482809171885,-0.005327913598676681
wind_v_ms,-63,27,90,0.04733049249151419,0.012081757745268887,0.10860575700120889,-0.025265955539178077,-0.04058551561107818,-0.005654032323286323
wind_v_ms,-63,30,93,0.07288760152896798,0.03080390163987586,0.11804419365924007,-0.027397674364723935,-0.04092404263745783,-0.008892439542615383
wind_v_ms,-63,33,96,0.08469093316706242,0.04183900928851299,0.12668311783382058,-0.029874506946005727,-0.043120751475784674,-0.01207765690298505
wind_v_ms,-63,36,99,0.06756717886211447,0.032293211120927666,0.11556987865152292,-0.029208630516354528,-0.043548215658699416,-0.01188237688282332
wind_v_ms,-63,39,102,0.03767100487107163,0.00926891414064028,0.10265843874997457,-0.02996943540626592,-0.04550900300263302,-0.011403903860944725
wind_v_ms,-63,42,105,0.022736462625763315,-0.01101791479608989,0.09883111386980153,-0.027424071135349552,-0.04392022235999712,-0.00943554952478037
wind_v_ms,-63,45,108,0.021662445146008815,-0.015009209985374278,0.09918098664632544,-0.024975324740723837,-0.04106912461142225,-0.006599267135147197
wind_v_ms,-63,48,111,0.03062087411183334,-0.004629251732462916,0.10292176206956409,-0.02360052305632432,-0.03723292802309343,-0.004119805112529714
wind_v_ms,-63,51,114,0.04760813694803136,0.022369007631775295,0.11161983317270655,-0.020595248933520598,-0.032687237217142374,-0.0016782563804145097
wind_v_ms,-63,54,117,0.08239036032701533,0.04982925857268814,0.1223355009955179,-0.01656857440467601,-0.02876538796952302,4.6223820728976034e-05
wind_v_ms,-63,57,120,0.09835899610478291,0.06623677436009706,0.1311734929382694,-0.012332206139845685,-0.027373798022405253,0.0003524514063917021
wind_v_ms,-63,60,123,0.08476695090918554,0.05340057695682156,0.12239142284183,-0.010086575595470958,-0.023524393277139462,-0.000450614130874567
wind_v_ms,-63,63,126,0.060949017950019384,0.030531186904795893,0.1048330572615617,-0.011787523437323009,-0.022137522923255167,0.0014176843702634718
wind_v_ms,-63,66,129,0.04658989382314503,0.009494618369374905,0.09751489955410071,-0.015419334771720805,-0.02443180099295491,-0.0001414122334561245
wind_v_ms,-63,69,132,0.04282716759532209,6.361969146834374e-05,0.09320117533709597,-0.016833766778999705,-0.027463234250947183,-0.00037558364360745956
wind_v_ms,-63,72,135,0.044478530592535925,0.0071516906080064755,0.08864291652512835,-0.02143926837467387,-0.03079115502213309,-0.0013408430302766082
wind_v_ms,-60,3,63,0.03496733504964739,-0.006421101036168233,0.10358898142796287,-0.014990867282241594,-0.03757342646963588,0.00446214600446003
wind_v_ms,-60,6,66,0.05500353838749132,0.0220992285173859,0.10364976864164441,-0.012900217348606186,-0.037720236213165975,0.0053297246331714555
wind_v_ms,-60,9,69,0.0789092415309863,0.04310080458012343,0.11874758562574943,-0.010185150161432056,-0.03843680534177433,0.005069413436356251
wind_v_ms,-60,12,72,0.09425419473457489,0.053506513486333084,0.13483737043744226,-0.009761279884009363,-0.03873521788443227,0.0010045170062954287
wind_v_ms,-60,15,75,0.0813216266322859,0.0427550374794828,0.11888750003662416,-0.016251381562938705,-0.03937215444360988,-0.0017549777618260222
wind_v_ms,-60,18,78,0.052168923969427454,0.012478281958220054,0.10585764344286634,-0.01527545354575325,-0.03965424035552337,-0.0033999870193175564
wind_v_ms,-60,21,81,0.036925493577966456,-0.011609460962051416,0.10067988023735515,-0.019495727749736878,-0.04073748557148299,-0.0038456596410414374
wind_v_ms,-60,24,84,0.03122328150861097,-0.019446388863451767,0.10103826645923945,-0.023122998181809882,-0.040193568000994835,-0.004057934188653107
wind_v_ms,-60,27,87,0.03281057892336904,-0.01371340848640716,0.10284576617232186,-0.02198411813569904,-0.03999482809171885,-0.005327913598676681
wind_v_ms,-60,30,90,0.04733049249151419,0.012081757745268887,0.10860575700120889,-0.025265955539178077,-0.04058551561107818,-0.005654032323286323
wind_v_ms,-60,33,93,0.07288760152896798,0.03080390163987586,0.11804419365924007,-0.027397674364723935,-0.04092404263745783,-0.008892439542615383
wind_v_ms,-60,36,96,0.08469093316706242,0.04183900928851299,0.12668311783382058,-0.029874506946005727,-0.043120751475784674,-0.01207765690298505
wind_v_ms,-60,39,99,0.06756717886211447,0.032293211120927666,0.11556987865152292,-0.029208630516354528,-0.043548215658699416,-0.01188237688282332
wind_v_ms,-60,42,102,0.03767100487107163,0.00926891414064028,0.10265843874997457,-0.02996943540626592,-0.04550900300263302,-0.011403903860944725
wind_v_ms,-60,45,105,0.022736462625763315,-0.01101791479608989,0.09883111386980153,-0.027424071135349552,-0.04392022235999712,-0.00943554952478037
wind_v_ms,-60,48,108,0.021662445146008815,-0.015009209985374278,0.09918098664632544,-0.024975324740723837,-0.04106912461142225,-0.006599267135147197
wind_v_ms,-60,51,111,0.03062087411183334,-0.004629251732462916,0.10292176206956409,-0.02360052305632432,-0.03723292802309343,-0.004119805112529714
wind_v_ms,-60,54,114,0.04760813694803136,0.022369007631775295,0.11161983317270655,-0.020595248933520598,-0.032687237217142374,-0.0016782563804145097
wind_v_ms,-60,57,117,0.08239036032701533,0.04982925857268814,0.1223355009955179,-0.01656857440467601,-0.02876538796952302,4.6223820728976034e-05
wind_v_ms,-60,60,120,0.09835899610478291,0.06623677436009706,0.1311734929382694,-0.012332206139845685,-0.027373798022405253,0.0003524514063917021
wind_v_ms,-60,63,123,0.08476695090918554,0.05340057695682156,0.12239142284183,-0.010086575595470958,-0.023524393277139462,-0.000450614130874567
wind_v_ms,-60,66,126,0.060949017950019384,0.030531186904795893,0.1048330572615617,-0.011787523437323009,-0.022137522923255167,0.0014176843702634718
wind_v_ms,-60,69,129,0.04658989382314503,0.009494618369374905,0.09751489955410071,-0.015419334771720805,-0.02443180099295491,-0.0001414122334561245
wind_v_ms,-60,72,132,0.04282716759532209,6.361969146834374e-05,0.09320117533709597,-0.016833766778999705,-0.027463234250947183,-0.00037558364360745956
wind_v_ms,-57,3,60,0.030260742763472195,-0.02056985737459504,0.10398533878322322,-0.01850652580825928,-0.03721952851852863,0.003055761131409687
wind_v_ms,-57,6,63,0.03496733504964739,-0.006421101036168233,0.10358898142796287,-0.014990867282241594,-0.03757342646963588,0.00446214600446003
wind_v_ms,-57,9,66,0.05500353838749132,0.0220992285173859,0.10364976864164441,-0.012900217348606186,-0.037720236213165975,0.0053297246331714555
wind_v_ms,-57,12,69,0.0789092415309863,0.04310080458012343,0.11874758562574943,-0.010185150161432056,-0.03843680534177433,0.005069413436356251
wind_v_ms,-57,15,72,0.09425419473457489,0.053506513486333084,0.13483737043744226,-0.009761279884009363,-0.03873521788443227,0.0010045170062954287
wind_v_ms,-57,18,75,0.0813216266322859,0.0427550374794828,0.11888750003662416,-0.016251381562938705,-0.03937215444360988,-0.0017549777618260222
wind_v_ms,-57,21,78,0.052168923969427454,0.012478281958220054,0.10585764344286634,-0.01527545354575325,-0.03965424035552337,-0.0033999870193175564
wind_v_ms,-57,24,81,0.036925493577966456,-0.011609460962051416,0.10067988023735515,-0.019495727749736878,-0.04073748557148299,-0.0038456596410414374
wind_v_ms,-57,27,84,0.03122328150861097,-0.019446388863451767,0.10103826645923945,-0.023122998181809882,-0.040193568000994835,-0.004057934188653107
wind_v_ms,-57,30,87,0.03281057892336904,-0.01371340848640716,0.10284576617232186,-0.02198411813569904,-0.03999482809171885,-0.005327913598676681
wind_v_ms,-57,33,90,0.04733049249151419,0.012081757745268887,0.10860575700120889,-0.025265955539178077,-0.04058551561107818,-0.005654032323286323
wind_v_ms,-57,36,93,0.07288760152896798,0.03080390163987586,0.11804419365924007,-0.027397674364723935,-0.04092404263745783,-0.008892439542615383
wind_v_ms,-57,39,96,0.08469093316706242,0.04183900928851299,0.12668311783382058,-0.029874506946005727,-0.043120751475784674,-0.01207765690298505
wind_v_ms,-57,42,99,0.06756717886211447,0.032293211120927666,0.11556987865152292,-0.029208630516354528,-0.043548215658699416,-0.01188237688282332
wind_v_ms,-57,45,102,0.03767100487107163,0.00926891414064028,0.10265843874997457,-0.02996943540626592,-0.04550900300263302,-0.011403903860944725
wind_v_ms,-57,48,105,0.022736462625763315,-0.01101791479608989,0.09883111386980153,-0.027424071135349552,-0.04392022235999712,-0.00943554952478037
wind_v_ms,-57,51,108,0.021662445146008815,-0.015009209985374278,0.09918098664632544,-0.024975324740723837,-0.04106912461142225,-0.006599267135147197
wind_v_ms,-57,54,111,0.03062087411183334,-0.004629251732462916,0.10292176206956409,-0.02360052305632432,-0.03723292802309343,-0.004119805112529714
wind_v_ms,-57,57,114,0.04760813694803136,0.022369007631775295,0.11161983317270655,-0.020595248933520598,-0.032687237217142374,-0.0016782563804145097
wind_v_ms,-57,60,117,0.08239036032701533,0.04982925857268814,0.1223355009955179,-0.01656857440467601,-0.02876538796952302,4.6223820728976034e-05
wind_v_ms,-57,63,120,0.09835899610478291,0.06623677436009706,0.1311734929382694,-0.012332206139845685,-0.027373798022405253,0.0003524514063917021
wind_v_ms,-57,66,123,0.08476695090918554,0.05340057695682156,0.12239142284183,-0.010086575595470958,-0.023524393277139462,-0.000450614130874567
wind_v_ms,-57,69,126,0.060949017950019384,0.030531186904795893,0.1048330572615617,-0.011787523437323009,-0.022137522923255167,0.0014176843702634718
wind_v_ms,-57,72,129,0.04658989382314503,0.009494618369374905,0.09751489955410071,-0.015419334771720805,-0.02443180099295491,-0.0001414122334561245
wind_v_ms,-54,3,57,0.03796519840641229,-0.015572272424492092,0.10464252796306757,-0.018713777642266054,-0.03858960736079209,0.0027676192999759007
wind_v_ms,-54,6,60,0.030260742763472195,-0.02056985737459504,0.10398533878322322,-0.01850652580825928,-0.03721952851852863,0.003055761131409687
wind_v_ms,-54,9,63,0.03496733504964739,-0.006421101036168233,0.10358898142796287,-0.014990867282241594,-0.03757342646963588,0.00446214600446003
wind_v_ms,-54,12,66,0.05500353838749132,0.0220992285173859,0.10364976864164441,-0.012900217348606186,-0.037720236213165975,0.0053297246331714555
wind_v_ms,-54,15,69,0.0789092415309863,0.04310080458012343,0.11874758562574943,-0.010185150161432056,-0.03843680534177433,0.005069413436356251
wind_v_ms,-54,18,72,0.09425419473457489,0.053506513486333084,0.13483737043744226,-0.009761279884009363,-0.03873521788443227,0.0010045170062954287
wind_v_ms,-54,21,75,0.0813216266322859,0.0427550374794828,0.11888750003662416,-0.016251381562938705,-0.03937215444360988,-0.0017549777618260222
wind_v_ms,-54,24,78,0.052168923969427454,0.012478281958220054,0.10585764344286634,-0.01527545354575325,-0.03965424035552337,-0.0033999870193175564
wind_v_ms,-54,27,81,0.036925493577966456,-0.011609460962051416,0.10067988023735515,-0.019495727749736878,-0.04073748557148299,-0.0038456596410414374
wind_v_ms,-54,30,84,0.03122328150861097,-0.019446388863451767,0.10103826645923945,-0.023122998181809882,-0.040193568000994835,-0.004057934188653107
wind_v_ms,-54,33,87,0.03281057892336904,-0.01371340848640716,0.10284576617232186,-0.02198411813569904,-0.03999482809171885,-0.005327913598676681
wind_v_ms,-54,36,90,0.04733049249151419,0.012081757745268887,0.10860575700120889,-0.025265955539178077,-0.04058551561107818,-0.005654032323286323
wind_v_ms,-54,39,93,0.07288760152896798,0.03080390163987586,0.11804419365924007,-0.027397674364723935,-0.04092404263745783,-0.008892439542615383
wind_v_ms,-54,42,96,0.08469093316706242,0.04183900928851299,0.12668311783382058,-0.029874506946005727,-0.043120751475784674,-0.01207765690298505
wind_v_ms,-54,45,99,0.06756717886211447,0.032293211120927666,0.11556987865152292,-0.029208630516354528,-0.043548215658699416,-0.01188237688282332
wind_v_ms,-54,48,102,0.03767100487107163,0.00926891414064028,0.10265843874997457,-0.02996943540626592,-0.04550900300263302,-0.011403903860944725
wind_v_ms,-54,51,105,0.022736462625763315,-0.01101791479608989,0.09883111386980153,-0.027424071135349552,-0.04392022235999712,-0.00943554952478037
wind_v_ms,-54,54,108,0.021662445146008815,-0.015009209985374278,0.09918098664632544,-0.024975324740723837,-0.04106912461142225,-0.006599267135147197
wind_v_ms,-54,57,111,0.03062087411183334,-0.004629251732462916,0.10292176206956409,-0.02360052305632432,-0.03723292802309343,-0.004119805112529714
wind_v_ms,-54,60,114,0.04760813694803136,0.022369007631775295,0.11161983317270655,-0.020595248933520598,-0.032687237217142374,-0.0016782563804145097
wind_v_ms,-54,63,117,0.08239036032701533,0.04982925857268814,0.1223355009955179,-0.01656857440467601,-0.02876538796952302,4.6223820728976034e-05
wind_v_ms,-54,66,120,0.09835899610478291,0.06623677436009706,0.1311734929382694,-0.012332206139845685,-0.027373798022405253,0.0003524514063917021
wind_v_ms,-54,69,123,0.08476695090918554,0.05340057695682156,0.12239142284183,-0.010086575595470958,-0.023524393277139462,-0.000450614130874567
wind_v_ms,-54,72,126,0.060949017950019384,0.030531186904795893,0.1048330572615617,-0.011787523437323009,-0.022137522923255167,0.0014176843702634718
wind_v_ms,-51,3,54,0.05722523947860167,0.00788331047211648,0.11522054944601895,-0.013688874909040218,-0.03935840279046508,0.005519586457187994
wind_v_ms,-51,6,57,0.03796519840641229,-0.015572272424492092,0.10464252796306757,-0.018713777642266054,-0.03858960736079209,0.0027676192999759007
wind_v_ms,-51,9,60,0.030260742763472195,-0.02056985737459504,0.10398533878322322,-0.01850652580825928,-0.03721952851852863,0.003055761131409687
wind_v_ms,-51,12,63,0.03496733504964739,-0.006421101036168233,0.10358898142796287,-0.014990867282241594,-0.03757342646963588,0.00446214600446003
wind_v_ms,-51,15,66,0.05500353838749132,0.0220992285173859,0.10364976864164441,-0.012900217348606186,-0.037720236213165975,0.0053297246331714555
wind_v_ms,-51,18,69,0.0789092415309863,0.04310080458012343,0.11874758562574943,-0.010185150161432056,-0.03843680534177433,0.005069413436356251
wind_v_ms,-51,21,72,0.09425419473457489,0.053506513486333084,0.13483737043744226,-0.009761279884009363,-0.03873521788443227,0.0010045170062954287
wind_v_ms,-51,24,75,0.0813216266322859,0.0427550374794828,0.11888750003662416,-0.016251381562938705,-0.03937215444360988,-0.0017549777618260222
wind_v_ms,-51,27,78,0.052168923969427454,0.012478281958220054,0.10585764344286634,-0.01527545354575325,-0.03965424035552337,-0.0033999870193175564
wind_v_ms,-51,30,81,0.036925493577966456,-0.011609460962051416,0.10067988023735515,-0.019495727749736878,-0.04073748557148299,-0.0038456596410414374
wind_v_ms,-51,33,84,0.03122328150861097,-0.019446388863451767,0.10103826645923945,-0.023122998181809882,-0.040193568000994835,-0.004057934188653107
wind_v_ms,-51,36,87,0.03281057892336904,-0.01371340848640716,0.10284576617232186,-0.02198411813569904,-0.03999482809171885,-0.005327913598676681
wind_v_ms,-51,39,90,0.04733049249151419,0.012081757745268887,0.10860575700120889,-0.025265955539178077,-0.04058551561107818,-0.005654032323286323
wind_v_ms,-51,42,93,0.07288760152896798,0.03080390163987586,0.11804419365924007,-0.027397674364723935,-0.04092404263745783,-0.008892439542615383
wind_v_ms,-51,45,96,0.08469093316706242,0.04183900928851299,0.12668311783382058,-0.029874506946005727,-0.043120751475784674,-0.01207765690298505
wind_v_ms,-51,48,99,0.06756717886211447,0.032293211120927666,0.11556987865152292,-0.029208630516354528,-0.043548215658699416,-0.01188237688282332
wind_v_ms,-51,51,102,0.03767100487107163,0.00926891414064028,0.10265843874997457,-0.02996943540626592,-0.04550900300263302,-0.011403903860944725
wind_v_ms,-51,54,105,0.022736462625763315,-0.01101791479608989,0.09883111386980153,-0.027424071135349552,-0.04392022235999712,-0.00943554952478037
wind_v_ms,-51,57,108,0.021662445146008815,-0.015009209985374278,0.09918098664632544,-0.024975324740723837,-0.04106912461142225,-0.006599267135147197
wind_v_ms,-51,60,111,0.03062087411183334,-0.004629251732462916,0.10292176206956409,-0.02360052305632432,-0.03723292802309343,-0.004119805112529714
wind_v_ms,-51,63,114,0.04760813694803136,0.022369007631775295,0.11161983317270655,-0.020595248933520598,-0.032687237217142374,-0.0016782563804145097
wind_v_ms,-51,66,117,0.08239036032701533,0.04982925857268814,0.1223355009955179,-0.01656857440467601,-0.02876538796952302,4.6223820728976034e-05
wind_v_ms,-51,69,120,0.09835899610478291,0.06623677436009706,0.1311734929382694,-0.012332206139845685,-0.027373798022405253,0.0003524514063917021
wind_v_ms,-51,72,123,0.08476695090918554,0.05340057695682156,0.12239142284183,-0.010086575595470958,-0.023524393277139462,-0.000450614130874567
wind_v_ms,-48,3,51,0.08759528876765818,0.0389509748129411,0.14199420617586572,-0.007810617279231414,-0.03571432628679024,0.016950240394691604
wind_v_ms,-48,6,54,0.05722523947860167,0.00788331047211648,0.11522054944601895,-0.013688874909040218,-0.03935840279046508,0.005519586457187994
wind_v_ms,-48,9,57,0.03796519840641229,-0.015572272424492092,0.10464252796306757,-0.018713777642266054,-0.03858960736079209,0.0027676192999759007
wind_v_ms,-48,12,60,0.030260742763472195,-0.02056985737459504,0.10398533878322322,-0.01850652580825928,-0.03721952851852863,0.003055761131409687
wind_v_ms,-48,15,63,0.03496733504964739,-0.006421101036168233,0.10358898142796287,-0.014990867282241594,-0.03757342646963588,0.00446214600446003
wind_v_ms,-48,18,66,0.05500353838749132,0.0220992285173859,0.10364976864164441,-0.012900217348606186,-0.037720236213165975,0.0053297246331714555
wind_v_ms,-48,21,69,0.0789092415309863,0.04310080458012343,0.11874758562574943,-0.010185150161432056,-0.03843680534177433,0.005069413436356251
wind_v_ms,-48,24,72,0.09425419473457489,0.053506513486333084,0.13483737043744226,-0.009761279884009363,-0.03873521788443227,0.0010045170062954287
wind_v_ms,-48,27,75,0.0813216266322859,0.0427550374794828,0.11888750003662416,-0.016251381562938705,-0.03937215444360988,-0.0017549777618260222
wind_v_ms,-48,30,78,0.052168923969427454,0.012478281958220054,0.10585764344286634,-0.01527545354575325,-0.03965424035552337,-0.0033999870193175564
wind_v_ms,-48,33,81,0.036925493577966456,-0.011609460962051416,0.10067988023735515,-0.019495727749736878,-0.04073748557148299,-0.0038456596410414374
wind_v_ms,-48,36,84,0.03122328150861097,-0.019446388863451767,0.10103826645923945,-0.023122998181809882,-0.040193568000994835,-0.004057934188653107
wind_v_ms,-48,39,87,0.03281057892336904,-0.01371340848640716,0.10284576617232186,-0.02198411813569904,-0.03999482809171885,-0.005327913598676681
wind_v_ms,-48,42,90,0.04733049249151419,0.012081757745268887,0.10860575700120889,-0.025265955539178077,-0.04058551561107818,-0.005654032323286323
wind_v_ms,-48,45,93,0.07288760152896798,0.03080390163987586,0.11804419365924007,-0.027397674364723935,-0.04092404263745783,-0.008892439542615383
wind_v_ms,-48,48,96,0.08469093316706242,0.04183900928851299,0.12668311783382058,-0.029874506946005727,-0.043120751475784674,-0.01207765690298505
wind_v_ms,-48,51,99,0.06756717886211447,0.032293211120927666,0.11556987865152292,-0.029208630516354528,-0.043548215658699416,-0.01188237688282332
wind_v_ms,-48,54,102,0.03767100487107163,0.00926891414064028,0.10265843874997457,-0.02996943540626592,-0.04550900300263302,-0.011403903860944725
wind_v_ms,-48,57,105,0.022736462625763315,-0.01101791479608989,0.09883111386980153,-0.027424071135349552,-0.04392022235999712,-0.00943554952478037
wind_v_ms,-48,60,108,0.021662445146008815,-0.015009209985374278,0.09918098664632544,-0.024975324740723837,-0.04106912461142225,-0.006599267135147197
wind_v_ms,-48,63,111,0.03062087411183334,-0.004629251732462916,0.10292176206956409,-0.02360052305632432,-0.03723292802309343,-0.004119805112529714
wind_v_ms,-48,66,114,0.04760813694803136,0.022369007631775295,0.11161983317270655,-0.020595248933520598,-0.032687237217142374,-0.0016782563804145097
wind_v_ms,-48,69,117,0.08239036032701533,0.04982925857268814,0.1223355009955179,-0.01656857440467601,-0.02876538796952302,4.6223820728976034e-05
wind_v_ms,-48,72,120,0.09835899610478291,0.06623677436009706,0.1311734929382694,-0.012332206139845685,-0.027373798022405253,0.0003524514063917021
wind_v_ms,-45,3,48,0.11306213845475843,0.06041683028020523,0.16290431727753257,0.0020897666118441264,-0.03075497659520305,0.029697043598548883
wind_v_ms,-45,6,51,0.08759528876765818,0.0389509748129411,0.14199420617586572,-0.007810617279231414,-0.03571432628679024,0.016950240394691604
wind_v_ms,-45,9,54,0.05722523947860167,0.00788331047211648,0.11522054944601895,-0.013688874909040218,-0.03935840279046508,0.005519586457187994
wind_v_ms,-45,12,57,0.03796519840641229,-0.015572272424492092,0.10464252796306757,-0.018713777642266054,-0.03858960736079209,0.0027676192999759007
wind_v_ms,-45,15,60,0.030260742763472195,-0.02056985737459504,0.10398533878322322,-0.01850652580825928,-0.03721952851852863,0.003055761131409687
wind_v_ms,-45,18,63,0.03496733504964739,-0.006421101036168233,0.10358898142796287,-0.014990867282241594,-0.03757342646963588,0.00446214600446003
wind_v_ms,-45,21,66,0.05500353838749132,0.0220992285173859,0.10364976864164441,-0.012900217348606186,-0.037720236213165975,0.0053297246331714555
wind_v_ms,-45,24,69,0.0789092415309863,0.04310080458012343,0.11874758562574943,-0.010185150161432056,-0.03843680534177433,0.005069413436356251
wind_v_ms,-45,27,72,0.09425419473457489,0.053506513486333084,0.13483737043744226,-0.009761279884009363,-0.03873521788443227,0.0010045170062954287
wind_v_ms,-45,30,75,0.0813216266322859,0.0427550374794828,0.11888750003662416,-0.016251381562938705,-0.03937215444360988,-0.0017549777618260222
wind_v_ms,-45,33,78,0.052168923969427454,0.012478281958220054,0.10585764344286634,-0.01527545354575325,-0.03965424035552337,-0.0033999870193175564
wind_v_ms,-45,36,81,0.036925493577966456,-0.011609460962051416,0.10067988023735515,-0.019495727749736878,-0.04073748557148299,-0.0038456596410414374
wind_v_ms,-45,39,84,0.03122328150861097,-0.019446388863451767,0.10103826645923945,-0.023122998181809882,-0.040193568000994835,-0.004057934188653107
wind_v_ms,-45,42,87,0.03281057892336904,-0.01371340848640716,0.10284576617232186,-0.02198411813569904,-0.03999482809171885,-0.005327913598676681
wind_v_ms,-45,45,90,0.04733049249151419,0.012081757745268887,0.10860575700120889,-0.025265955539178077,-0.04058551561107818,-0.005654032323286323
wind_v_ms,-45,48,93,0.07288760152896798,0.03080390163987586,0.11804419365924007,-0.027397674364723935,-0.04092404263745783,-0.008892439542615383
wind_v_ms,-45,51,96,0.08469093316706242,0.04183900928851299,0.12668311783382058,-0.029874506946005727,-0.043120751475784674,-0.01207765690298505
wind_v_ms,-45,54,99,0.06756717886211447,0.032293211120927666,0.11556987865152292,-0.029208630516354528,-0.043548215658699416,-0.01188237688282332
wind_v_ms,-45,57,102,0.03767100487107163,0.00926891414064028,0.10265843874997457,-0.02996943540626592,-0.04550900300263302,-0.011403903860944725
wind_v_ms,-45,60,105,0.022736462625763315,-0.01101791479608989,0.09883111386980153,-0.027424071135349552,-0.04392022235999712,-0.00943554952478037
wind_v_ms,-45,63,108,0.021662445146008815,-0.015009209985374278,0.09918098664632544,-0.024975324740723837,-0.04106912461142225,-0.006599267135147197
wind_v_ms,-45,66,111,0.03062087411183334,-0.004629251732462916,0.10292176206956409,-0.02360052305632432,-0.03723292802309343,-0.004119805112529714
wind_v_ms,-45,69,114,0.04760813694803136,0.022369007631775295,0.11161983317270655,-0.020595248933520598,-0.032687237217142374,-0.0016782563804145097
wind_v_ms,-45,72,117,0.08239036032701533,0.04982925857268814,0.1223355009955179,-0.01656857440467601,-0.02876538796952302,4.6223820728976034e-05
wind_v_ms,-42,3,45,0.10387327342745611,0.05122886161410155,0.16348373431585594,0.011563911064525322,-0.024562700630464895,0.04024166123641758
wind_v_ms,-42,6,48,0.11306213845475843,0.06041683028020523,0.16290431727753257,0.0020897666118441264,-0.03075497659520305,0.029697043598548883
wind_v_ms,-42,9,51,0.08759528876765818,0.0389509748129411,0.14199420617586572,-0.007810617279231414,-0.03571432628679024,0.016950240394691604
wind_v_ms,-42,12,54,0.05722523947860167,0.00788331047211648,0.11522054944601895,-0.013688874909040218,-0.03935840279046508,0.005519586457187994
wind_v_ms,-42,15,57,0.03796519840641229,-0.015572272424492092,0.10464252796306757,-0.018713777642266054,-0.03858960736079209,0.0027676192999759007
wind_v_ms,-42,18,60,0.030260742763472195,-0.02056985737459504,0.10398533878322322,-0.01850652580825928,-0.03721952851852863,0.003055761131409687
wind_v_ms,-42,21,63,0.03496733504964739,-0.006421101036168233,0.10358898142796287,-0.014990867282241594,-0.03757342646963588,0.00446214600446003
wind_v_ms,-42,24,66,0.05500353838749132,0.0220992285173859,0.10364976864164441,-0.012900217348606186,-0.037720236213165975,0.0053297246331714555
wind_v_ms,-42,27,69,0.0789092415309863,0.04310080458012343,0.11874758562574943,-0.010185150161432056,-0.03843680534177433,0.005069413436356251
wind_v_ms,-42,30,72,0.09425419473457489,0.053506513486333084,0.13483737043744226,-0.009761279884009363,-0.03873521788443227,0.0010045170062954287
wind_v_ms,-42,33,75,0.0813216266322859,0.0427550374794828,0.11888750003662416,-0.016251381562938705,-0.03937215444360988,-0.0017549777618260222
wind_v_ms,-42,36,78,0.052168923969427454,0.012478281958220054,0.10585764344286634,-0.01527545354575325,-0.03965424035552337,-0.0033999870193175564
wind_v_ms,-42,39,81,0.036925493577966456,-0.011609460962051416,0.10067988023735515,-0.019495727749736878,-0.04073748557148299,-0.0038456596410414374
wind_v_ms,-42,42,84,0.03122328150861097,-0.019446388863451767,0.10103826645923945,-0.023122998181809882,-0.040193568000994835,-0.004057934188653107
wind_v_ms,-42,45,87,0.03281057892336904,-0.01371340848640716,0.10284576617232186,-0.02198411813569904,-0.03999482809171885,-0.005327913598676681
wind_v_ms,-42,48,90,0.04733049249151419,0.012081757745268887,0.10860575700120889,-0.025265955539178077,-0.04058551561107818,-0.005654032323286323
wind_v_ms,-42,51,93,0.07288760152896798,0.03080390163987586,0.11804419365924007,-0.027397674364723935,-0.04092404263745783,-0.008892439542615383
wind_v_ms,-42,54,96,0.08469093316706242,0.04183900928851299,0.12668311783382058,-0.029874506946005727,-0.043120751475784674,-0.01207765690298505
wind_v_ms,-42,57,99,0.06756717886211447,0.032293211120927666,0.11556987865152292,-0.029208630516354528,-0.043548215658699416,-0.01188237688282332
wind_v_ms,-42,60,102,0.03767100487107163,0.00926891414064028,0.10265843874997457,-0.02996943540626592,-0.04550900300263302,-0.011403903860944725
wind_v_ms,-42,63,105,0.022736462625763315,-0.01101791479608989,0.09883111386980153,-0.027424071135349552,-0.04392022235999712,-0.00943554952478037
wind_v_ms,-42,66,108,0.021662445146008815,-0.015009209985374278,0.09918098664632544,-0.024975324740723837,-0.04106912461142225,-0.006599267135147197
wind_v_ms,-42,69,111,0.03062087411183334,-0.004629251732462916,0.10292176206956409,-0.02360052305632432,-0.03723292802309343,-0.004119805112529714
wind_v_ms,-42,72,114,0.04760813694803136,0.022369007631775295,0.11161983317270655,-0.020595248933520598,-0.032687237217142374,-0.0016782563804145097
wind_v_ms,-39,3,42,0.0923951927411153,0.024692850968251415,0.15683865515439105,0.015475105694641798,-0.014323134624267236,0.053040397634335296
wind_v_ms,-39,6,45,0.10387327342745611,0.05122886161410155,0.16348373431585594,0.011563911064525322,-0.024562700630464895,0.04024166123641758
wind_v_ms,-39,9,48,0.11306213845475843,0.06041683028020523,0.16290431727753257,0.0020897666118441264,-0.03075497659520305,0.029697043598548883
wind_v_ms,-39,12,51,0.08759528876765818,0.0389509748129411,0.14199420617586572,-0.007810617279231414,-0.03571432628679024,0.016950240394691604
wind_v_ms,-39,15,54,0.05722523947860167,0.00788331047211648,0.11522054944601895,-0.013688874909040218,-0.03935840279046508,0.005519586457187994
wind_v_ms,-39,18,57,0.03796519840641229,-0.015572272424492092,0.10464252796306757,-0.018713777642266054,-0.03858960736079209,0.0027676192999759007
wind_v_ms,-39,21,60,0.030260742763472195,-0.02056985737459504,0.10398533878322322,-0.01850652580825928,-0.03721952851852863,0.003055761131409687
wind_v_ms,-39,24,63,0.03496733504964739,-0.006421101036168233,0.10358898142796287,-0.014990867282241594,-0.03757342646963588,0.00446214600446003
wind_v_ms,-39,27,66,0.05500353838749132,0.0220992285173859,0.10364976864164441,-0.012900217348606186,-0.037720236213165975,0.0053297246331714555
wind_v_ms,-39,30,69,0.0789092415309863,0.04310080458012343,0.11874758562574943,-0.010185150161432056,-0.03843680534177433,0.005069413436356251
wind_v_ms,-39,33,72,0.09425419473457489,0.053506513486333084,0.13483737043744226,-0.009761279884009363,-0.03873521788443227,0.0010045170062954287
wind_v_ms,-39,36,75,0.0813216266322859,0.0427550374794828,0.11888750003662416,-0.016251381562938705,-0.03937215444360988,-0.0017549777618260222
wind_v_ms,-39,39,78,0.052168923969427454,0.012478281958220054,0.10585764344286634,-0.01527545354575325,-0.03965424035552337,-0.0033999870193175564
wind_v_ms,-39,42,81,0.036925493577966456,-0.011609460962051416,0.10067988023735515,-0.019495727749736878,-0.04073748557148299,-0.0038456596410414374
wind_v_ms,-39,45,84,0.03122328150861097,-0.019446388863451767,0.10103826645923945,-0.023122998181809882,-0.040193568000994835,-0.004057934188653107
wind_v_ms,-39,48,87,0.03281057892336904,-0.01371340848640716,0.10284576617232186,-0.02198411813569904,-0.03999482809171885,-0.005327913598676681
wind_v_ms,-39,51,90,0.04733049249151419,0.012081757745268887,0.10860575700120889,-0.025265955539178077,-0.04058551561107818,-0.005654032323286323
wind_v_ms,-39,54,93,0.07288760152896798,0.03080390163987586,0.11804419365924007,-0.027397674364723935,-0.04092404263745783,-0.008892439542615383
wind_v_ms,-39,57,96,0.08469093316706242,0.04183900928851299,0.12668311783382058,-0.029874506946005727,-0.043120751475784674,-0.01207765690298505
wind_v_ms,-39,60,99,0.06756717886211447,0.032293211120927666,0.11556987865152292,-0.029208630516354528,-0.043548215658699416,-0.01188237688282332
wind_v_ms,-39,63,102,0.03767100487107163,0.00926891414064028,0.10265843874997457,-0.02996943540626592,-0.04550900300263302,-0.011403903860944725
wind_v_ms,-39,66,105,0.022736462625763315,-0.01101791479608989,0.09883111386980153,-0.027424071135349552,-0.04392022235999712,-0.00943554952478037
wind_v_ms,-39,69,108,0.021662445146008815,-0.015009209985374278,0.09918098664632544,-0.024975324740723837,-0.04106912461142225,-0.006599267135147197
wind_v_ms,-39,72,111,0.03062087411183334,-0.004629251732462916,0.10292176206956409,-0.02360052305632432,-0.03723292802309343,-0.004119805112529714
wind_v_ms,-36,3,39,0.08553776161964266,0.009419095287328389,0.16769840125524912,0.023270800045417823,-0.005307357662657335,0.06667709628745128
wind_v_ms,-36,6,42,0.0923951927411153,0.024692850968251415,0.15683865515439105,0.015475105694641798,-0.014323134624267236,0.053040397634335296
wind_v_ms,-36,9,45,0.10387327342745611,0.05122886161410155,0.16348373431585594,0.011563911064525322,-0.024562700630464895,0.04024166123641758
wind_v_ms,-36,12,48,0.11306213845475843,0.06041683028020523,0.16290431727753257,0.0020897666118441264,-0.03075497659520305,0.029697043598548883
wind_v_ms,-36,15,51,0.08759528876765818,0.0389509748129411,0.14199420617586572,-0.007810617279231414,-0.03571432628679024,0.016950240394691604
wind_v_ms,-36,18,54,0.05722523947860167,0.00788331047211648,0.11522054944601895,-0.013688874909040218,-0.03935840279046508,0.005519586457187994
wind_v_ms,-36,21,57,0.03796519840641229,-0.015572272424492092,0.10464252796306757,-0.018713777642266054,-0.03858960736079209,0.0027676192999759007
wind_v_ms,-36,24,60,0.030260742763472195,-0.02056985737459504,0.10398533878322322,-0.01850652580825928,-0.03721952851852863,0.003055761131409687
wind_v_ms,-36,27,63,0.03496733504964739,-0.006421101036168233,0.10358898142796287,-0.014990867282241594,-0.03757342646963588,0.00446214600446003
wind_v_ms,-36,30,66,0.05500353838749132,0.0220992285173859,0.10364976864164441,-0.012900217348606186,-0.037720236213165975,0.0053297246331714555
wind_v_ms,-36,33,69,0.0789092415309863,0.04310080458012343,0.11874758562574943,-0.010185150161432056,-0.03843680534177433,0.005069413436356251
wind_v_ms,-36,36,72,0.09425419473457489,0.053506513486333084,0.13483737043744226,-0.009761279884009363,-0.03873521788443227,0.0010045170062954287
wind_v_ms,-36,39,75,0.0813216266322859,0.0427550374794828,0.11888750003662416,-0.016251381562938705,-0.03937215444360988,-0.0017549777618260222
wind_v_ms,-36,42,78,0.052168923969427454,0.012478281958220054,0.10585764344286634,-0.01527545354575325,-0.03965424035552337,-0.0033999870193175564
wind_v_ms,-36,45,81,0.036925493577966456,-0.011609460962051416,0.10067988023735515,-0.019495727749736878,-0.04073748557148299,-0.0038456596410414374
wind_v_ms,-36,48,84,0.03122328150861097,-0.019446388863451767,0.10103826645923945,-0.023122998181809882,-0.040193568000994835,-0.004057934188653107
wind_v_ms,-36,51,87,0.03281057892336904,-0.01371340848640716,0.10284576617232186,-0.02198411813569904,-0.03999482809171885,-0.005327913598676681
wind_v_ms,-36,54,90,0.04733049249151419,0.012081757745268887,0.10860575700120889,-0.025265955539178077,-0.04058551561107818,-0.005654032323286323
wind_v_ms,-36,57,93,0.07288760152896798,0.03080390163987586,0.11804419365924007,-0.027397674364723935,-0.04092404263745783,-0.008892439542615383
wind_v_ms,-36,60,96,0.08469093316706242,0.04183900928851299,0.12668311783382058,-0.029874506946005727,-0.043120751475784674,-0.01207765690298505
wind_v_ms,-36,63,99,0.06756717886211447,0.032293211120927666,0.11556987865152292,-0.029208630516354528,-0.043548215658699416,-0.01188237688282332
wind_v_ms,-36,66,102,0.03767100487107163,0.00926891414064028,0.10265843874997457,-0.02996943540626592,-0.04550900300263302,-0.011403903860944725
wind_v_ms,-36,69,105,0.022736462625763315,-0.01101791479608989,0.09883111386980153,-0.027424071135349552,-0.04392022235999712,-0.00943554952478037
wind_v_ms,-36,72,108,0.021662445146008815,-0.015009209985374278,0.09918098664632544,-0.024975324740723837,-0.04106912461142225,-0.006599267135147197
wind_v_ms,-33,3,36,0.09740837308519557,0.011705802166262241,0.18643996078874853,0.03655225523014131,0.0026731342691188563,0.08675469323329298
wind_v_ms,-33,6,39,0.08553776161964266,0.009419095287328389,0.16769840125524912,0.023270800045417823,-0.005307357662657335,0.06667709628745128
wind_v_ms,-33,9,42,0.0923951927411153,0.024692850968251415,0.15683865515439105,0.015475105694641798,-0.014323134624267236,0.053040397634335296
wind_v_ms,-33,12,45,0.10387327342745611,0.05122886161410155,0.16348373431585594,0.011563911064525322,-0.024562700630464895,0.04024166123641758
wind_v_ms,-33,15,48,0.11306213845475843,0.06041683028020523,0.16290431727753257,0.0020897666118441264,-0.03075497659520305,0.029697043598548883
wind_v_ms,-33,18,51,0.08759528876765818,0.0389509748129411,0.14199420617586572,-0.007810617279231414,-0.03571432628679024,0.016950240394691604
wind_v_ms,-33,21,54,0.05722523947860167,0.00788331047211648,0.11522054944601895,-0.013688874909040218,-0.03935840279046508,0.005519586457187994
wind_v_ms,-33,24,57,0.03796519840641229,-0.015572272424492092,0.10464252796306757,-0.018713777642266054,-0.03858960736079209,0.0027676192999759007
wind_v_ms,-33,27,60,0.030260742763472195,-0.02056985737459504,0.10398533878322322,-0.01850652580825928,-0.03721952851852863,0.003055761131409687
wind_v_ms,-33,30,63,0.03496733504964739,-0.006421101036168233,0.10358898142796287,-0.014990867282241594,-0.03757342646963588,0.00446214600446003
wind_v_ms,-33,33,66,0.05500353838749132,0.0220992285173859,0.10364976864164441,-0.012900217348606186,-0.037720236213165975,0.0053297246331714555
wind_v_ms,-33,36,69,0.0789092415309863,0.04310080458012343,0.11874758562574943,-0.010185150161432056,-0.03843680534177433,0.005069413436356251
wind_v_ms,-33,39,72,0.09425419473457489,0.053506513486333084,0.13483737043744226,-0.009761279884009363,-0.03873521788443227,0.0010045170062954287
wind_v_ms,-33,42,75,0.0813216266322859,0.0427550374794828,0.11888750003662416,-0.016251381562938705,-0.03937215444360988,-0.0017549777618260222
wind_v_ms,-33,45,78,0.052168923969427454,0.012478281958220054,0.10585764344286634,-0.01527545354575325,-0.03965424035552337,-0.0033999870193175564
wind_v_ms,-33,48,81,0.036925493577966456,-0.011609460962051416,0.10067988023735515,-0.019495727749736878,-0.04073748557148299,-0.0038456596410414374
wind_v_ms,-33,51,84,0.03122328150861097,-0.019446388863451767,0.10103826645923945,-0.023122998181809882,-0.040193568000994835,-0.004057934188653107
wind_v_ms,-33,54,87,0.03281057892336904,-0.01371340848640716,0.10284576617232186,-0.02198411813569904,-0.03999482809171885,-0.005327913598676681
wind_v_ms,-33,57,90,0.04733049249151419,0.012081757745268887,0.10860575700120889,-0.025265955539178077,-0.04058551561107818,-0.005654032323286323
wind_v_ms,-33,60,93,0.07288760152896798,0.03080390163987586,0.11804419365924007,-0.027397674364723935,-0.04092404263745783,-0.008892439542615383
wind_v_ms,-33,63,96,0.08469093316706242,0.04183900928851299,0.12668311783382058,-0.029874506946005727,-0.043120751475784674,-0.01207765690298505
wind_v_ms,-33,66,99,0.06756717886211447,0.032293211120927666,0.11556987865152292,-0.029208630516354528,-0.043548215658699416,-0.01188237688282332
wind_v_ms,-33,69,102,0.03767100487107163,0.00926891414064028,0.10265843874997457,-0.02996943540626592,-0.04550900300263302,-0.011403903860944725
wind_v_ms,-33,72,105,0.022736462625763315,-0.01101791479608989,0.09883111386980153,-0.027424071135349552,-0.04392022235999712,-0.00943554952478037
wind_v_ms,-30,3,33,0.12264333899632253,0.03695510085918124,0.21449186423260963,0.06077542420707496,0.02415011168925023,0.11877256452633012
wind_v_ms,-30,6,36,0.09740837308519557,0.011705802166262241,0.18643996078874853,0.03655225523014131,0.0026731342691188563,0.08675469323329298
wind_v_ms,-30,9,39,0.08553776161964266,0.009419095287328389,0.16769840125524912,0.023270800045417823,-0.005307357662657335,0.06667709628745128
wind_v_ms,-30,12,42,0.0923951927411153,0.024692850968251415,0.15683865515439105,0.015475105694641798,-0.014323134624267236,0.053040397634335296
wind_v_ms,-30,15,45,0.10387327342745611,0.05122886161410155,0.16348373431585594,0.011563911064525322,-0.024562700630464895,0.04024166123641758
wind_v_ms,-30,18,48,0.11306213845475843,0.06041683028020523,0.16290431727753257,0.0020897666118441264,-0.03075497659520305,0.029697043598548883
wind_v_ms,-30,21,51,0.08759528876765818,0.0389509748129411,0.14199420617586572,-0.007810617279231414,-0.03571432628679024,0.016950240394691604
wind_v_ms,-30,24,54,0.05722523947860167,0.00788331047211648,0.11522054944601895,-0.013688874909040218,-0.03935840279046508,0.005519586457187994
wind_v_ms,-30,27,57,0.03796519840641229,-0.015572272424492092,0.10464252796306757,-0.018713777642266054,-0.03858960736079209,0.0027676192999759007
wind_v_ms,-30,30,60,0.030260742763472195,-0.02056985737459504,0.10398533878322322,-0.01850652580825928,-0.03721952851852863,0.003055761131409687
wind_v_ms,-30,33,63,0.03496733504964739,-0.006421101036168233,0.10358898142796287,-0.014990867282241594,-0.03757342646963588,0.00446214600446003
wind_v_ms,-30,36,66,0.05500353838749132,0.0220992285173859,0.10364976864164441,-0.012900217348606186,-0.037720236213165975,0.0053297246331714555
wind_v_ms,-30,39,69,0.0789092415309863,0.04310080458012343,0.11874758562574943,-0.010185150161432056,-0.03843680534177433,0.005069413436356251
wind_v_ms,-30,42,72,0.09425419473457489,0.053506513486333084,0.13483737043744226,-0.009761279884009363,-0.03873521788443227,0.0010045170062954287
wind_v_ms,-30,45,75,0.0813216266322859,0.0427550374794828,0.11888750003662416,-0.016251381562938705,-0.03937215444360988,-0.0017549777618260222
wind_v_ms,-30,48,78,0.052168923969427454,0.012478281958220054,0.10585764344286634,-0.01527545354575325,-0.03965424035552337,-0.0033999870193175564
wind_v_ms,-30,51,81,0.036925493577966456,-0.011609460962051416,0.10067988023735515,-0.019495727749736878,-0.04073748557148299,-0.0038456596410414374
wind_v_ms,-30,54,84,0.03122328150861097,-0.019446388863451767,0.10103826645923945,-0.023122998181809882,-0.040193568000994835,-0.004057934188653107
wind_v_ms,-30,57,87,0.03281057892336904,-0.01371340848640716,0.10284576617232186,-0.02198411813569904,-0.03999482809171885,-0.005327913598676681
wind_v_ms,-30,60,90,0.04733049249151419,0.012081757745268887,0.10860575700120889,-0.025265955539178077,-0.04058551561107818,-0.005654032323286323
wind_v_ms,-30,63,93,0.07288760152896798,0.03080390163987586,0.11804419365924007,-0.027397674364723935,-0.04092404263745783,-0.008892439542615383
wind_v_ms,-30,66,96,0.08469093316706242,0.04183900928851299,0.12668311783382058,-0.029874506946005727,-0.043120751475784674,-0.01207765690298505
wind_v_ms,-30,69,99,0.06756717886211447,0.032293211120927666,0.11556987865152292,-0.029208630516354528,-0.043548215658699416,-0.01188237688282332
wind_v_ms,-30,72,102,0.03767100487107163,0.00926891414064028,0.10265843874997457,-0.02996943540626592,-0.04550900300263302,-0.011403903860944725
wind_v_ms,-27,3,30,0.1668794525094739,0.08920501905800152,0.256451515526151,0.09742400843154587,0.052184434003766336,0.16394265513832568
wind_v_ms,-27,6,33,0.12264333899632253,0.03695510085918124,0.21449186423260963,0.06077542420707496,0.02415011168925023,0.11877256452633012
wind_v_ms,-27,9,36,0.09740837308519557,0.011705802166262241,0.18643996078874853,0.03655225523014131,0.0026731342691188563,0.08675469323329298
wind_v_ms,-27,12,39,0.08553776161964266,0.009419095287328389,0.16769840125524912,0.023270800045417823,-0.005307357662657335,0.06667709628745128
wind_v_ms,-27,15,42,0.0923951927411153,0.024692850968251415,0.15683865515439105,0.015475105694641798,-0.014323134624267236,0.053040397634335296
wind_v_ms,-27,18,45,0.10387327342745611,0.05122886161410155,0.16348373431585594,0.011563911064525322,-0.024562700630464895,0.04024166123641758
wind_v_ms,-27,21,48,0.11306213845475843,0.06041683028020523,0.16290431727753257,0.0020897666118441264,-0.03075497659520305,0.029697043598548883
wind_v_ms,-27,24,51,0.08759528876765818,0.0389509748129411,0.14199420617586572,-0.007810617279231414,-0.03571432628679024,0.016950240394691604
wind_v_ms,-27,27,54,0.05722523947860167,0.00788331047211648,0.11522054944601895,-0.013688874909040218,-0.03935840279046508,0.005519586457187994
wind_v_ms,-27,30,57,0.03796519840641229,-0.015572272424492092,0.10464252796306757,-0.018713777642266054,-0.03858960736079209,0.0027676192999759007
wind_v_ms,-27,33,60,0.030260742763472195,-0.02056985737459504,0.10398533878322322,-0.01850652580825928,-0.03721952851852863,0.003055761131409687
wind_v_ms,-27,36,63,0.03496733504964739,-0.006421101036168233,0.10358898142796287,-0.014990867282241594,-0.03757342646963588,0.00446214600446003
wind_v_ms,-27,39,66,0.05500353838749132,0.0220992285173859,0.10364976864164441,-0.012900217348606186,-0.037720236213165975,0.0053297246331714555
wind_v_ms,-27,42,69,0.0789092415309863,0.04310080458012343,0.11874758562574943,-0.010185150161432056,-0.03843680534177433,0.005069413436356251
wind_v_ms,-27,45,72,0.09425419473457489,0.053506513486333084,0.13483737043744226,-0.009761279884009363,-0.03873521788443227,0.0010045170062954287
wind_v_ms,-27,48,75,0.0813216266322859,0.0427550374794828,0.11888750003662416,-0.016251381562938705,-0.03937215444360988,-0.0017549777618260222
wind_v_ms,-27,51,78,0.052168923969427454,0.012478281958220054,0.10585764344286634,-0.01527545354575325,-0.03965424035552337,-0.0033999870193175564
wind_v_ms,-27,54,81,0.036925493577966456,-0.011609460962051416,0.10067988023735515,-0.019495727749736878,-0.04073748557148299,-0.0038456596410414374
wind_v_ms,-27,57,84,0.03122328150861097,-0.019446388863451767,0.10103826645923945,-0.023122998181809882,-0.040193568000994835,-0.004057934188653107
wind_v_ms,-27,60,87,0.03281057892336904,-0.01371340848640716,0.10284576617232186,-0.02198411813569904,-0.03999482809171885,-0.005327913598676681
wind_v_ms,-27,63,90,0.04733049249151419,0.012081757745268887,0.10860575700120889,-0.025265955539178077,-0.04058551561107818,-0.005654032323286323
wind_v_ms,-27,66,93,0.07288760152896798,0.03080390163987586,0.11804419365924007,-0.027397674364723935,-0.04092404263745783,-0.008892439542615383
wind_v_ms,-27,69,96,0.08469093316706242,0.04183900928851299,0.12668311783382058,-0.029874506946005727,-0.043120751475784674,-0.01207765690298505
wind_v_ms,-27,72,99,0.06756717886211447,0.032293211120927666,0.11556987865152292,-0.029208630516354528,-0.043548215658699416,-0.01188237688282332
wind_v_ms,-24,3,27,0.2421983544235611,0.15972044637018146,0.3207484031385639,0.14759802440469905,0.096606495509756,0.22137765358644743
wind_v_ms,-24,6,30,0.1668794525094739,0.08920501905800152,0.256451515526151,0.09742400843154587,0.052184434003766336,0.16394265513832568
wind_v_ms,-24,9,33,0.12264333899632253,0.03695510085918124,0.21449186423260963,0.06077542420707496,0.02415011168925023,0.11877256452633012
wind_v_ms,-24,12,36,0.09740837308519557,0.011705802166262241,0.18643996078874853,0.03655225523014131,0.0026731342691188563,0.08675469323329298
wind_v_ms,-24,15,39,0.08553776161964266,0.009419095287328389,0.16769840125524912,0.023270800045417823,-0.005307357662657335,0.06667709628745128
wind_v_ms,-24,18,42,0.0923951927411153,0.024692850968251415,0.15683865515439105,0.015475105694641798,-0.014323134624267236,0.053040397634335296
wind_v_ms,-24,21,45,0.10387327342745611,0.05122886161410155,0.16348373431585594,0.011563911064525322,-0.024562700630464895,0.04024166123641758
wind_v_ms,-24,24,48,0.11306213845475843,0.06041683028020523,0.16290431727753257,0.0020897666118441264,-0.03075497659520305,0.029697043598548883
wind_v_ms,-24,27,51,0.08759528876765818,0.0389509748129411,0.14199420617586572,-0.007810617279231414,-0.03571432628679024,0.016950240394691604
wind_v_ms,-24,30,54,0.05722523947860167,0.00788331047211648,0.11522054944601895,-0.013688874909040218,-0.03935840279046508,0.005519586457187994
wind_v_ms,-24,33,57,0.03796519840641229,-0.015572272424492092,0.10464252796306757,-0.018713777642266054,-0.03858960736079209,0.0027676192999759007
wind_v_ms,-24,36,60,0.030260742763472195,-0.02056985737459504,0.10398533878322322,-0.01850652580825928,-0.03721952851852863,0.003055761131409687
wind_v_ms,-24,39,63,0.03496733504964739,-0.006421101036168233,0.10358898142796287,-0.014990867282241594,-0.03757342646963588,0.00446214600446003
wind_v_ms,-24,42,66,0.05500353838749132,0.0220992285173859,0.10364976864164441,-0.012900217348606186,-0.037720236213165975,0.0053297246331714555
wind_v_ms,-24,45,69,0.0789092415309863,0.04310080458012343,0.11874758562574943,-0.010185150161432056,-0.03843680534177433,0.005069413436356251
wind_v_ms,-24,48,72,0.09425419473457489,0.053506513486333084,0.13483737043744226,-0.009761279884009363,-0.03873521788443227,0.0010045170062954287
wind_v_ms,-24,51,75,0.0813216266322859,0.0427550374794828,0.11888750003662416,-0.016251381562938705,-0.03937215444360988,-0.0017549777618260222
wind_v_ms,-24,54,78,0.052168923969427454,0.012478281958220054,0.10585764344286634,-0.01527545354575325,-0.03965424035552337,-0.0033999870193175564
wind_v_ms,-24,57,81,0.036925493577966456,-0.011609460962051416,0.10067988023735515,-0.019495727749736878,-0.04073748557148299,-0.0038456596410414374
wind_v_ms,-24,60,84,0.03122328150861097,-0.019446388863451767,0.10103826645923945,-0.023122998181809882,-0.040193568000994835,-0.004057934188653107
wind_v_ms,-24,63,87,0.03281057892336904,-0.01371340848640716,0.10284576617232186,-0.02198411813569904,-0.03999482809171885,-0.005327913598676681
wind_v_ms,-24,66,90,0.04733049249151419,0.012081757745268887,0.10860575700120889,-0.025265955539178077,-0.04058551561107818,-0.005654032323286323
wind_v_ms,-24,69,93,0.07288760152896798,0.03080390163987586,0.11804419365924007,-0.027397674364723935,-0.04092404263745783,-0.008892439542615383
wind_v_ms,-24,72,96,0.08469093316706242,0.04183900928851299,0.12668311783382058,-0.029874506946005727,-0.043120751475784674,-0.01207765690298505
wind_v_ms,-21,3,24,0.30431487627509946,0.22906873451251195,0.3850409803369045,0.2081421774991727,0.15486938911448722,0.28869537287839364
wind_v_ms,-21,6,27,0.2421983544235611,0.15972044637018146,0.3207484031385639,0.14759802440469905,0.096606495509756,0.22137765358644743
wind_v_ms,-21,9,30,0.1668794525094739,0.08920501905800152,0.256451515526151,0.09742400843154587,0.052184434003766336,0.16394265513832568
wind_v_ms,-21,12,33,0.12264333899632253,0.03695510085918124,0.21449186423260963,0.06077542420707496,0.02415011168925023,0.11877256452633012
wind_v_ms,-21,15,36,0.09740837308519557,0.011705802166262241,0.18643996078874853,0.03655225523014131,0.0026731342691188563,0.08675469323329298
wind_v_ms,-21,18,39,0.08553776161964266,0.009419095287328389,0.16769840125524912,0.023270800045417823,-0.005307357662657335,0.06667709628745128
wind_v_ms,-21,21,42,0.0923951927411153,0.024692850968251415,0.15683865515439105,0.015475105694641798,-0.014323134624267236,0.053040397634335296
wind_v_ms,-21,24,45,0.10387327342745611,0.05122886161410155,0.16348373431585594,0.011563911064525322,-0.024562700630464895,0.04024166123641758
wind_v_ms,-21,27,48,0.11306213845475843,0.06041683028020523,0.16290431727753257,0.0020897666118441264,-0.03075497659520305,0.029697043598548883
wind_v_ms,-21,30,51,0.08759528876765818,0.0389509748129411,0.14199420617586572,-0.007810617279231414,-0.03571432628679024,0.016950240394691604
wind_v_ms,-21,33,54,0.05722523947860167,0.00788331047211648,0.11522054944601895,-0.013688874909040218,-0.03935840279046508,0.005519586457187994
wind_v_ms,-21,36,57,0.03796519840641229,-0.015572272424492092,0.10464252796306757,-0.018713777642266054,-0.03858960736079209,0.0027676192999759007
wind_v_ms,-21,39,60,0.030260742763472195,-0.02056985737459504,0.10398533878322322,-0.01850652580825928,-0.03721952851852863,0.003055761131409687
wind_v_ms,-21,42,63,0.03496733504964739,-0.006421101036168233,0.10358898142796287,-0.014990867282241594,-0.03757342646963588,0.00446214600446003
wind_v_ms,-21,45,66,0.05500353838749132,0.0220992285173859,0.10364976864164441,-0.012900217348606186,-0.037720236213165975,0.0053297246331714555
wind_v_ms,-21,48,69,0.0789092415309863,0.04310080458012343,0.11874758562574943,-0.010185150161432056,-0.03843680534177433,0.005069413436356251
wind_v_ms,-21,51,72,0.09425419473457489,0.053506513486333084,0.13483737043744226,-0.009761279884009363,-0.03873521788443227,0.0010045170062954287
wind_v_ms,-21,54,75,0.0813216266322859,0.0427550374794828,0.11888750003662416,-0.016251381562938705,-0.03937215444360988,-0.0017549777618260222
wind_v_ms,-21,57,78,0.052168923969427454,0.012478281958220054,0.10585764344286634,-0.01527545354575325,-0.03965424035552337,-0.0033999870193175564
wind_v_ms,-21,60,81,0.036925493577966456,-0.011609460962051416,0.10067988023735515,-0.019495727749736878,-0.04073748557148299,-0.0038456596410414374
wind_v_ms,-21,63,84,0.03122328150861097,-0.019446388863451767,0.10103826645923945,-0.023122998181809882,-0.040193568000994835,-0.004057934188653107
wind_v_ms,-21,66,87,0.03281057892336904,-0.01371340848640716,0.10284576617232186,-0.02198411813569904,-0.03999482809171885,-0.005327913598676681
wind_v_ms,-21,69,90,0.04733049249151419,0.012081757745268887,0.10860575700120889,-0.025265955539178077,-0.04058551561107818,-0.005654032323286323
wind_v_ms,-21,72,93,0.07288760152896798,0.03080390163987586,0.11804419365924007,-0.027397674364723935,-0.04092404263745783,-0.008892439542615383
wind_v_ms,-18,3,21,0.3413189692010371,0.26435889347976715,0.4351205677402847,0.2749505408352284,0.21137745237327504,0.3552315446192349
wind_v_ms,-18,6,24,0.30431487627509946,0.22906873451251195,0.3850409803369045,0.2081421774991727,0.15486938911448722,0.28869537287839364
wind_v_ms,-18,9,27,0.2421983544235611,0.15972044637018146,0.3207484031385639,0.14759802440469905,0.096606495509756,0.22137765358644743
wind_v_ms,-18,12,30,0.1668794525094739,0.08920501905800152,0.256451515526151,0.09742400843154587,0.052184434003766336,0.16394265513832568
wind_v_ms,-18,15,33,0.12264333899632253,0.03695510085918124,0.21449186423260963,0.06077542420707496,0.02415011168925023,0.11877256452633012
wind_v_ms,-18,18,36,0.09740837308519557,0.011705802166262241,0.18643996078874853,0.03655225523014131,0.0026731342691188563,0.08675469323329298
wind_v_ms,-18,21,39,0.08553776161964266,0.009419095287328389,0.16769840125524912,0.023270800045417823,-0.005307357662657335,0.06667709628745128
wind_v_ms,-18,24,42,0.0923951927411153,0.024692850968251415,0.15683865515439105,0.015475105694641798,-0.014323134624267236,0.053040397634335296
wind_v_ms,-18,27,45,0.10387327342745611,0.05122886161410155,0.16348373431585594,0.011563911064525322,-0.024562700630464895,0.04024166123641758
wind_v_ms,-18,30,48,0.11306213845475843,0.06041683028020523,0.16290431727753257,0.0020897666118441264,-0.03075497659520305,0.029697043598548883
wind_v_ms,-18,33,51,0.08759528876765818,0.0389509748129411,0.14199420617586572,-0.007810617279231414,-0.03571432628679024,0.016950240394691604
wind_v_ms,-18,36,54,0.05722523947860167,0.00788331047211648,0.11522054944601895,-0.013688874909040218,-0.03935840279046508,0.005519586457187994
wind_v_ms,-18,39,57,0.03796519840641229,-0.015572272424492092,0.10464252796306757,-0.018713777642266054,-0.03858960736079209,0.0027676192999759007
wind_v_ms,-18,42,60,0.030260742763472195,-0.02056985737459504,0.10398533878322322,-0.01850652580825928,-0.03721952851852863,0.003055761131409687
wind_v_ms,-18,45,63,0.03496733504964739,-0.006421101036168233,0.10358898142796287,-0.014990867282241594,-0.03757342646963588,0.00446214600446003
wind_v_ms,-18,48,66,0.05500353838749132,0.0220992285173859,0.10364976864164441,-0.012900217348606186,-0.037720236213165975,0.0053297246331714555
wind_v_ms,-18,51,69,0.0789092415309863,0.04310080458012343,0.11874758562574943,-0.010185150161432056,-0.03843680534177433,0.005069413436356251
wind_v_ms,-18,54,72,0.09425419473457489,0.053506513486333084,0.13483737043744226,-0.009761279884009363,-0.03873521788443227,0.0010045170062954287
wind_v_ms,-18,57,75,0.0813216266322859,0.0427550374794828,0.11888750003662416,-0.016251381562938705,-0.03937215444360988,-0.0017549777618260222
wind_v_ms,-18,60,78,0.052168923969427454,0.012478281958220054,0.10585764344286634,-0.01527545354575325,-0.03965424035552337,-0.0033999870193175564
wind_v_ms,-18,63,81,0.036925493577966456,-0.011609460962051416,0.10067988023735515,-0.019495727749736878,-0.04073748557148299,-0.0038456596410414374
wind_v_ms,-18,66,84,0.03122328150861097,-0.019446388863451767,0.10103826645923945,-0.023122998181809882,-0.040193568000994835,-0.004057934188653107
wind_v_ms,-18,69,87,0.03281057892336904,-0.01371340848640716,0.10284576617232186,-0.02198411813569904,-0.03999482809171885,-0.005327913598676681
wind_v_ms,-18,72,90,0.04733049249151419,0.012081757745268887,0.10860575700120889,-0.025265955539178077,-0.04058551561107818,-0.005654032323286323
wind_v_ms,-15,3,18,0.38724449090265545,0.274019979586822,0.48991904064776604,0.3504444528699533,0.25705295523592575,0.43032429165751807
wind_v_ms,-15,6,21,0.3413189692010371,0.26435889347976715,0.4351205677402847,0.2749505408352284,0.21137745237327504,0.3552315446192349
wind_v_ms,-15,9,24,0.30431487627509946,0.22906873451251195,0.3850409803369045,0.2081421774991727,0.15486938911448722,0.28869537287839364
wind_v_ms,-15,12,27,0.2421983544235611,0.15972044637018146,0.3207484031385639,0.14759802440469905,0.096606495509756,0.22137765358644743
wind_v_ms,-15,15,30,0.1668794525094739,0.08920501905800152,0.256451515526151,0.09742400843154587,0.052184434003766336,0.16394265513832568
wind_v_ms,-15,18,33,0.12264333899632253,0.03695510085918124,0.21449186423260963,0.06077542420707496,0.02415011168925023,0.11877256452633012
wind_v_ms,-15,21,36,0.09740837308519557,0.011705802166262241,0.18643996078874853,0.03655225523014131,0.0026731342691188563,0.08675469323329298
wind_v_ms,-15,24,39,0.08553776161964266,0.009419095287328389,0.16769840125524912,0.023270800045417823,-0.005307357662657335,0.06667709628745128
wind_v_ms,-15,27,42,0.0923951927411153,0.024692850968251415,0.15683865515439105,0.015475105694641798,-0.014323134624267236,0.053040397634335296
wind_v_ms,-15,30,45,0.10387327342745611,0.05122886161410155,0.16348373431585594,0.011563911064525322,-0.024562700630464895,0.04024166123641758
wind_v_ms,-15,33,48,0.11306213845475843,0.06041683028020523,0.16290431727753257,0.0020897666118441264,-0.03075497659520305,0.029697043598548883
wind_v_ms,-15,36,51,0.08759528876765818,0.0389509748129411,0.14199420617586572,-0.007810617279231414,-0.03571432628679024,0.016950240394691604
wind_v_ms,-15,39,54,0.05722523947860167,0.00788331047211648,0.11522054944601895,-0.013688874909040218,-0.03935840279046508,0.005519586457187994
wind_v_ms,-15,42,57,0.03796519840641229,-0.015572272424492092,0.10464252796306757,-0.018713777642266054,-0.03858960736079209,0.0027676192999759007
wind_v_ms,-15,45,60,0.030260742763472195,-0.02056985737459504,0.10398533878322322,-0.01850652580825928,-0.03721952851852863,0.003055761131409687
wind_v_ms,-15,48,63,0.03496733504964739,-0.006421101036168233,0.10358898142796287,-0.014990867282241594,-0.03757342646963588,0.00446214600446003
wind_v_ms,-15,51,66,0.05500353838749132,0.0220992285173859,0.10364976864164441,-0.012900217348606186,-0.037720236213165975,0.0053297246331714555
wind_v_ms,-15,54,69,0.0789092415309863,0.04310080458012343,0.11874758562574943,-0.010185150161432056,-0.03843680534177433,0.005069413436356251
wind_v_ms,-15,57,72,0.09425419473457489,0.053506513486333084,0.13483737043744226,-0.009761279884009363,-0.03873521788443227,0.0010045170062954287
wind_v_ms,-15,60,75,0.0813216266322859,0.0427550374794828,0.11888750003662416,-0.016251381562938705,-0.03937215444360988,-0.0017549777618260222
wind_v_ms,-15,63,78,0.052168923969427454,0.012478281958220054,0.10585764344286634,-0.01527545354575325,-0.03965424035552337,-0.0033999870193175564
wind_v_ms,-15,66,81,0.036925493577966456,-0.011609460962051416,0.10067988023735515,-0.019495727749736878,-0.04073748557148299,-0.0038456596410414374
wind_v_ms,-15,69,84,0.03122328150861097,-0.019446388863451767,0.10103826645923945,-0.023122998181809882,-0.040193568000994835,-0.004057934188653107
wind_v_ms,-15,72,87,0.03281057892336904,-0.01371340848640716,0.10284576617232186,-0.02198411813569904,-0.03999482809171885,-0.005327913598676681
wind_v_ms,-12,3,15,0.4554657547755431,0.3163257671260038,0.5580731132587217,0.44376115864538235,0.32971778968021087,0.5115693361025216
wind_v_ms,-12,6,18,0.38724449090265545,0.274019979586822,0.48991904064776604,0.3504444528699533,0.25705295523592575,0.43032429165751807
wind_v_ms,-12,9,21,0.3413189692010371,0.26435889347976715,0.4351205677402847,0.2749505408352284,0.21137745237327504,0.3552315446192349
wind_v_ms,-12,12,24,0.30431487627509946,0.22906873451251195,0.3850409803369045,0.2081421774991727,0.15486938911448722,0.28869537287839364
wind_v_ms,-12,15,27,0.2421983544235611,0.15972044637018146,0.3207484031385639,0.14759802440469905,0.096606495509756,0.22137765358644743
wind_v_ms,-12,18,30,0.1668794525094739,0.08920501905800152,0.256451515526151,0.09742400843154587,0.052184434003766336,0.16394265513832568
wind_v_ms,-12,21,33,0.12264333899632253,0.03695510085918124,0.21449186423260963,0.06077542420707496,0.02415011168925023,0.11877256452633012
wind_v_ms,-12,24,36,0.09740837308519557,0.011705802166262241,0.18643996078874853,0.03655225523014131,0.0026731342691188563,0.08675469323329298
wind_v_ms,-12,27,39,0.08553776161964266,0.009419095287328389,0.16769840125524912,0.023270800045417823,-0.005307357662657335,0.06667709628745128
wind_v_ms,-12,30,42,0.0923951927411153,0.024692850968251415,0.15683865515439105,0.015475105694641798,-0.014323134624267236,0.053040397634335296
wind_v_ms,-12,33,45,0.10387327342745611,0.05122886161410155,0.16348373431585594,0.011563911064525322,-0.024562700630464895,0.04024166123641758
wind_v_ms,-12,36,48,0.11306213845475843,0.06041683028020523,0.16290431727753257,0.0020897666118441264,-0.03075497659520305,0.029697043598548883
wind_v_ms,-12,39,51,0.08759528876765818,0.0389509748129411,0.14199420617586572,-0.007810617279231414,-0.03571432628679024,0.016950240394691604
wind_v_ms,-12,42,54,0.05722523947860167,0.00788331047211648,0.11522054944601895,-0.013688874909040218,-0.03935840279046508,0.005519586457187994
wind_v_ms,-12,45,57,0.03796519840641229,-0.015572272424492092,0.10464252796306757,-0.018713777642266054,-0.03858960736079209,0.0027676192999759007
wind_v_ms,-12,48,60,0.030260742763472195,-0.02056985737459504,0.10398533878322322,-0.01850652580825928,-0.03721952851852863,0.003055761131409687
wind_v_ms,-12,51,63,0.03496733504964739,-0.006421101036168233,0.10358898142796287,-0.014990867282241594,-0.03757342646963588,0.00446214600446003
wind_v_ms,-12,54,66,0.05500353838749132,0.0220992285173859,0.10364976864164441,-0.012900217348606186,-0.037720236213165975,0.0053297246331714555
wind_v_ms,-12,57,69,0.0789092415309863,0.04310080458012343,0.11874758562574943,-0.010185150161432056,-0.03843680534177433,0.005069413436356251
wind_v_ms,-12,60,72,0.09425419473457489,0.053506513486333084,0.13483737043744226,-0.009761279884009363,-0.03873521788443227,0.0010045170062954287
wind_v_ms,-12,63,75,0.0813216266322859,0.0427550374794828,0.11888750003662416,-0.016251381562938705,-0.03937215444360988,-0.0017549777618260222
wind_v_ms,-12,66,78,0.052168923969427454,0.012478281958220054,0.10585764344286634,-0.01527545354575325,-0.03965424035552337,-0.0033999870193175564
wind_v_ms,-12,69,81,0.036925493577966456,-0.011609460962051416,0.10067988023735515,-0.019495727749736878,-0.04073748557148299,-0.0038456596410414374
wind_v_ms,-12,72,84,0.03122328150861097,-0.019446388863451767,0.10103826645923945,-0.023122998181809882,-0.040193568000994835,-0.004057934188653107
wind_v_ms,-9,3,12,0.5394776596509888,0.39622188606168895,0.6345671282141588,0.5459243863629673,0.4175454291376712,0.5999340109018678
wind_v_ms,-9,6,15,0.4554657547755431,0.3163257671260038,0.5580731132587217,0.44376115864538235,0.32971778968021087,0.5115693361025216
wind_v_ms,-9,9,18,0.38724449090265545,0.274019979586822,0.48991904064776604,0.3504444528699533,0.25705295523592575,0.43032429165751807
wind_v_ms,-9,12,21,0.3413189692010371,0.26435889347976715,0.4351205677402847,0.2749505408352284,0.21137745237327504,0.3552315446192349
wind_v_ms,-9,15,24,0.30431487627509946,0.22906873451251195,0.3850409803369045,0.2081421774991727,0.15486938911448722,0.28869537287839364
wind_v_ms,-9,18,27,0.2421983544235611,0.15972044637018146,0.3207484031385639,0.14759802440469905,0.096606495509756,0.22137765358644743
wind_v_ms,-9,21,30,0.1668794525094739,0.08920501905800152,0.256451515526151,0.09742400843154587,0.052184434003766336,0.16394265513832568
wind_v_ms,-9,24,33,0.12264333899632253,0.03695510085918124,0.21449186423260963,0.06077542420707496,0.02415011168925023,0.11877256452633012
wind_v_ms,-9,27,36,0.09740837308519557,0.011705802166262241,0.18643996078874853,0.03655225523014131,0.0026731342691188563,0.08675469323329298
wind_v_ms,-9,30,39,0.08553776161964266,0.009419095287328389,0.16769840125524912,0.023270800045417823,-0.005307357662657335,0.06667709628745128
wind_v_ms,-9,33,42,0.0923951927411153,0.024692850968251415,0.15683865515439105,0.015475105694641798,-0.014323134624267236,0.053040397634335296
wind_v_ms,-9,36,45,0.10387327342745611,0.05122886161410155,0.16348373431585594,0.011563911064525322,-0.024562700630464895,0.04024166123641758
wind_v_ms,-9,39,48,0.11306213845475843,0.06041683028020523,0.16290431727753257,0.0020897666118441264,-0.03075497659520305,0.029697043598548883
wind_v_ms,-9,42,51,0.08759528876765818,0.0389509748129411,0.14199420617586572,-0.007810617279231414,-0.03571432628679024,0.016950240394691604
wind_v_ms,-9,45,54,0.05722523947860167,0.00788331047211648,0.11522054944601895,-0.013688874909040218,-0.03935840279046508,0.005519586457187994
wind_v_ms,-9,48,57,0.03796519840641229,-0.015572272424492092,0.10464252796306757,-0.018713777642266054,-0.03858960736079209,0.0027676192999759007
wind_v_ms,-9,51,60,0.030260742763472195,-0.02056985737459504,0.10398533878322322,-0.01850652580825928,-0.03721952851852863,0.003055761131409687
wind_v_ms,-9,54,63,0.03496733504964739,-0.006421101036168233,0.10358898142796287,-0.014990867282241594,-0.03757342646963588,0.00446214600446003
wind_v_ms,-9,57,66,0.05500353838749132,0.0220992285173859,0.10364976864164441,-0.012900217348606186,-0.037720236213165975,0.0053297246331714555
wind_v_ms,-9,60,69,0.0789092415309863,0.04310080458012343,0.11874758562574943,-0.010185150161432056,-0.03843680534177433,0.005069413436356251
wind_v_ms,-9,63,72,0.09425419473457489,0.053506513486333084,0.13483737043744226,-0.009761279884009363,-0.03873521788443227,0.0010045170062954287
wind_v_ms,-9,66,75,0.0813216266322859,0.0427550374794828,0.11888750003662416,-0.016251381562938705,-0.03937215444360988,-0.0017549777618260222
wind_v_ms,-9,69,78,0.052168923969427454,0.012478281958220054,0.10585764344286634,-0.01527545354575325,-0.03965424035552337,-0.0033999870193175564
wind_v_ms,-9,72,81,0.036925493577966456,-0.011609460962051416,0.10067988023735515,-0.019495727749736878,-0.04073748557148299,-0.0038456596410414374
wind_v_ms,-6,3,9,0.6478056503567917,0.5127956673814068,0.7175011193292422,0.6569262640701532,0.5347294102730344,0.6945191366493425
wind_v_ms,-6,6,12,0.5394776596509888,0.39622188606168895,0.6345671282141588,0.5459243863629673,0.4175454291376712,0.5999340109018678
wind_v_ms,-6,9,15,0.4554657547755431,0.3163257671260038,0.5580731132587217,0.44376115864538235,0.32971778968021087,0.5115693361025216
wind_v_ms,-6,12,18,0.38724449090265545,0.274019979586822,0.48991904064776604,0.3504444528699533,0.25705295523592575,0.43032429165751807
wind_v_ms,-6,15,21,0.3413189692010371,0.26435889347976715,0.4351205677402847,0.2749505408352284,0.21137745237327504,0.3552315446192349
wind_v_ms,-6,18,24,0.30431487627509946,0.22906873451251195,0.3850409803369045,0.2081421774991727,0.15486938911448722,0.28869537287839364
wind_v_ms,-6,21,27,0.2421983544235611,0.15972044637018146,0.3207484031385639,0.14759802440469905,0.096606495509756,0.22137765358644743
wind_v_ms,-6,24,30,0.1668794525094739,0.08920501905800152,0.256451515526151,0.09742400843154587,0.052184434003766336,0.16394265513832568
wind_v_ms,-6,27,33,0.12264333899632253,0.03695510085918124,0.21449186423260963,0.06077542420707496,0.02415011168925023,0.11877256452633012
wind_v_ms,-6,30,36,0.09740837308519557,0.011705802166262241,0.18643996078874853,0.03655225523014131,0.0026731342691188563,0.08675469323329298
wind_v_ms,-6,33,39,0.08553776161964266,0.009419095287328389,0.16769840125524912,0.023270800045417823,-0.005307357662657335,0.06667709628745128
wind_v_ms,-6,36,42,0.0923951927411153,0.024692850968251415,0.15683865515439105,0.015475105694641798,-0.014323134624267236,0.053040397634335296
wind_v_ms,-6,39,45,0.10387327342745611,0.05122886161410155,0.16348373431585594,0.011563911064525322,-0.024562700630464895,0.04024166123641758
wind_v_ms,-6,42,48,0.11306213845475843,0.06041683028020523,0.16290431727753257,0.0020897666118441264,-0.03075497659520305,0.029697043598548883
wind_v_ms,-6,45,51,0.08759528876765818,0.0389509748129411,0.14199420617586572,-0.007810617279231414,-0.03571432628679024,0.016950240394691604
wind_v_ms,-6,48,54,0.05722523947860167,0.00788331047211648,0.11522054944601895,-0.013688874909040218,-0.03935840279046508,0.005519586457187994
wind_v_ms,-6,51,57,0.03796519840641229,-0.015572272424492092,0.10464252796306757,-0.018713777642266054,-0.03858960736079209,0.0027676192999759007
wind_v_ms,-6,54,60,0.030260742763472195,-0.02056985737459504,0.10398533878322322,-0.01850652580825928,-0.03721952851852863,0.003055761131409687
wind_v_ms,-6,57,63,0.03496733504964739,-0.006421101036168233,0.10358898142796287,-0.014990867282241594,-0.03757342646963588,0.00446214600446003
wind_v_ms,-6,60,66,0.05500353838749132,0.0220992285173859,0.10364976864164441,-0.012900217348606186,-0.037720236213165975,0.0053297246331714555
wind_v_ms,-6,63,69,0.0789092415309863,0.04310080458012343,0.11874758562574943,-0.010185150161432056,-0.03843680534177433,0.005069413436356251
wind_v_ms,-6,66,72,0.09425419473457489,0.053506513486333084,0.13483737043744226,-0.009761279884009363,-0.03873521788443227,0.0010045170062954287
wind_v_ms,-6,69,75,0.0813216266322859,0.0427550374794828,0.11888750003662416,-0.016251381562938705,-0.03937215444360988,-0.0017549777618260222
wind_v_ms,-6,72,78,0.052168923969427454,0.012478281958220054,0.10585764344286634,-0.01527545354575325,-0.03965424035552337,-0.0033999870193175564
wind_v_ms,-3,3,6,0.7720693800183519,0.6655003217426398,0.8108179960778182,0.7798725795732859,0.6779388892881895,0.8005591372330585
wind_v_ms,-3,6,9,0.6478056503567917,0.5127956673814068,0.7175011193292422,0.6569262640701532,0.5347294102730344,0.6945191366493425
wind_v_ms,-3,9,12,0.5394776596509888,0.39622188606168895,0.6345671282141588,0.5459243863629673,0.4175454291376712,0.5999340109018678
wind_v_ms,-3,12,15,0.4554657547755431,0.3163257671260038,0.5580731132587217,0.44376115864538235,0.32971778968021087,0.5115693361025216
wind_v_ms,-3,15,18,0.38724449090265545,0.274019979586822,0.48991904064776604,0.3504444528699533,0.25705295523592575,0.43032429165751807
wind_v_ms,-3,18,21,0.3413189692010371,0.26435889347976715,0.4351205677402847,0.2749505408352284,0.21137745237327504,0.3552315446192349
wind_v_ms,-3,21,24,0.30431487627509946,0.22906873451251195,0.3850409803369045,0.2081421774991727,0.15486938911448722,0.28869537287839364
wind_v_ms,-3,24,27,0.2421983544235611,0.15972044637018146,0.3207484031385639,0.14759802440469905,0.096606495509756,0.22137765358644743
wind_v_ms,-3,27,30,0.1668794525094739,0.08920501905800152,0.256451515526151,0.09742400843154587,0.052184434003766336,0.16394265513832568
wind_v_ms,-3,30,33,0.12264333899632253,0.03695510085918124,0.21449186423260963,0.06077542420707496,0.02415011168925023,0.11877256452633012
wind_v_ms,-3,33,36,0.09740837308519557,0.011705802166262241,0.18643996078874853,0.03655225523014131,0.0026731342691188563,0.08675469323329298
wind_v_ms,-3,36,39,0.08553776161964266,0.009419095287328389,0.16769840125524912,0.023270800045417823,-0.005307357662657335,0.06667709628745128
wind_v_ms,-3,39,42,0.0923951927411153,0.024692850968251415,0.15683865515439105,0.015475105694641798,-0.014323134624267236,0.053040397634335296
wind_v_ms,-3,42,45,0.10387327342745611,0.05122886161410155,0.16348373431585594,0.011563911064525322,-0.024562700630464895,0.04024166123641758
wind_v_ms,-3,45,48,0.11306213845475843,0.06041683028020523,0.16290431727753257,0.0020897666118441264,-0.03075497659520305,0.029697043598548883
wind_v_ms,-3,48,51,0.08759528876765818,0.0389509748129411,0.14199420617586572,-0.007810617279231414,-0.03571432628679024,0.016950240394691604
wind_v_ms,-3,51,54,0.05722523947860167,0.00788331047211648,0.11522054944601895,-0.013688874909040218,-0.03935840279046508,0.005519586457187994
wind_v_ms,-3,54,57,0.03796519840641229,-0.015572272424492092,0.10464252796306757,-0.018713777642266054,-0.03858960736079209,0.0027676192999759007
wind_v_ms,-3,57,60,0.030260742763472195,-0.02056985737459504,0.10398533878322322,-0.01850652580825928,-0.03721952851852863,0.003055761131409687
wind_v_ms,-3,60,63,0.03496733504964739,-0.006421101036168233,0.10358898142796287,-0.014990867282241594,-0.03757342646963588,0.00446214600446003
wind_v_ms,-3,63,66,0.05500353838749132,0.0220992285173859,0.10364976864164441,-0.012900217348606186,-0.037720236213165975,0.0053297246331714555
wind_v_ms,-3,66,69,0.0789092415309863,0.04310080458012343,0.11874758562574943,-0.010185150161432056,-0.03843680534177433,0.005069413436356251
wind_v_ms,-3,69,72,0.09425419473457489,0.053506513486333084,0.13483737043744226,-0.009761279884009363,-0.03873521788443227,0.0010045170062954287
wind_v_ms,-3,72,75,0.0813216266322859,0.0427550374794828,0.11888750003662416,-0.016251381562938705,-0.03937215444360988,-0.0017549777618260222
wind_v_ms,0,3,3,0.9061145256085685,0.8587338063608336,0.9214187640958007,0.9030107385008361,0.8575154317368772,0.917702767129619
wind_v_ms,0,6,6,0.7720693800183519,0.6655003217426398,0.8108179960778182,0.7798725795732859,0.6779388892881895,0.8005591372330585
wind_v_ms,0,9,9,0.6478056503567917,0.5127956673814068,0.7175011193292422,0.6569262640701532,0.5347294102730344,0.6945191366493425
wind_v_ms,0,12,12,0.5394776596509888,0.39622188606168895,0.6345671282141588,0.5459243863629673,0.4175454291376712,0.5999340109018678
wind_v_ms,0,15,15,0.4554657547755431,0.3163257671260038,0.5580731132587217,0.44376115864538235,0.32971778968021087,0.5115693361025216
wind_v_ms,0,18,18,0.38724449090265545,0.274019979586822,0.48991904064776604,0.3504444528699533,0.25705295523592575,0.43032429165751807
wind_v_ms,0,21,21,0.3413189692010371,0.26435889347976715,0.4351205677402847,0.2749505408352284,0.21137745237327504,0.3552315446192349
wind_v_ms,0,24,24,0.30431487627509946,0.22906873451251195,0.3850409803369045,0.2081421774991727,0.15486938911448722,0.28869537287839364
wind_v_ms,0,27,27,0.2421983544235611,0.15972044637018146,0.3207484031385639,0.14759802440469905,0.096606495509756,0.22137765358644743
wind_v_ms,0,30,30,0.1668794525094739,0.08920501905800152,0.256451515526151,0.09742400843154587,0.052184434003766336,0.16394265513832568
wind_v_ms,0,33,33,0.12264333899632253,0.03695510085918124,0.21449186423260963,0.06077542420707496,0.02415011168925023,0.11877256452633012
wind_v_ms,0,36,36,0.09740837308519557,0.011705802166262241,0.18643996078874853,0.03655225523014131,0.0026731342691188563,0.08675469323329298
wind_v_ms,0,39,39,0.08553776161964266,0.009419095287328389,0.16769840125524912,0.023270800045417823,-0.005307357662657335,0.06667709628745128
wind_v_ms,0,42,42,0.0923951927411153,0.024692850968251415,0.15683865515439105,0.015475105694641798,-0.014323134624267236,0.053040397634335296
wind_v_ms,0,45,45,0.10387327342745611,0.05122886161410155,0.16348373431585594,0.011563911064525322,-0.024562700630464895,0.04024166123641758
wind_v_ms,0,48,48,0.11306213845475843,0.06041683028020523,0.16290431727753257,0.0020897666118441264,-0.03075497659520305,0.029697043598548883
wind_v_ms,0,51,51,0.08759528876765818,0.0389509748129411,0.14199420617586572,-0.007810617279231414,-0.03571432628679024,0.016950240394691604
wind_v_ms,0,54,54,0.05722523947860167,0.00788331047211648,0.11522054944601895,-0.013688874909040218,-0.03935840279046508,0.005519586457187994
wind_v_ms,0,57,57,0.03796519840641229,-0.015572272424492092,0.10464252796306757,-0.018713777642266054,-0.03858960736079209,0.0027676192999759007
wind_v_ms,0,60,60,0.030260742763472195,-0.02056985737459504,0.10398533878322322,-0.01850652580825928,-0.03721952851852863,0.003055761131409687
wind_v_ms,0,63,63,0.03496733504964739,-0.006421101036168233,0.10358898142796287,-0.014990867282241594,-0.03757342646963588,0.00446214600446003
wind_v_ms,0,66,66,0.05500353838749132,0.0220992285173859,0.10364976864164441,-0.012900217348606186,-0.037720236213165975,0.0053297246331714555
wind_v_ms,0,69,69,0.0789092415309863,0.04310080458012343,0.11874758562574943,-0.010185150161432056,-0.03843680534177433,0.005069413436356251
wind_v_ms,0,72,72,0.09425419473457489,0.053506513486333084,0.13483737043744226,-0.009761279884009363,-0.03873521788443227,0.0010045170062954287
